date,Usage_kWh,Lagging_Current_Power_Factor,Leading_Current_Power_Factor,Lagging_Current_Reactive.Power_kVarh,Leading_Current_Reactive_Power_kVarh,WeekStatus,Day_of_week,Load_Type
29/04/2018 07:15,2.88,60.20,100.00,3.82,0.00,Weekend,Sunday,Light_Load
04/10/2018 12:00,60.77,78.46,100.00,48.02,0.00,Weekday,Thursday,Maximum_Load
26/01/2018 11:30,120.42,89.61,100.00,59.65,0.00,Weekday,Friday,Maximum_Load
02/06/2018 14:30,3.13,100.00,18.53,0.00,16.60,Weekend,Saturday,Light_Load
07/12/2018 15:00,58.86,94.19,100.00,20.99,0.00,Weekday,Friday,Medium_Load
26/03/2018 06:00,3.10,66.41,100.00,3.49,0.00,Weekday,Monday,Light_Load
18/12/2018 13:00,9.40,100.00,41.65,0.00,20.52,Weekday,Tuesday,Medium_Load
18/04/2018 00:45,3.60,73.21,100.00,3.35,0.00,Weekday,Wednesday,Light_Load
23/11/2018 23:30,4.61,90.25,99.99,2.20,0.07,Weekday,Friday,Light_Load
08/12/2018 00:00,3.78,77.02,99.96,3.13,0.11,Weekend,Saturday,Light_Load
15/07/2018 04:30,2.84,47.51,100.00,5.26,0.00,Weekend,Sunday,Light_Load
23/05/2018 06:00,3.02,49.79,100.00,5.26,0.00,Weekday,Wednesday,Light_Load
26/07/2018 23:15,2.84,46.82,100.00,5.36,0.00,Weekday,Thursday,Light_Load
08/11/2018 17:15,64.84,78.38,100.00,51.37,0.00,Weekday,Thursday,Maximum_Load
28/10/2018 01:30,2.81,47.68,100.00,5.18,0.00,Weekend,Sunday,Light_Load
05/01/2018 14:30,87.05,92.16,100.00,36.65,0.00,Weekday,Friday,Medium_Load
24/11/2018 04:30,3.64,75.10,100.00,3.20,0.00,Weekend,Saturday,Light_Load
15/10/2018 16:15,111.20,90.43,100.00,52.49,0.00,Weekday,Monday,Maximum_Load
14/08/2018 12:00,72.86,78.77,100.00,56.99,0.00,Weekday,Tuesday,Maximum_Load
25/05/2018 19:45,37.80,99.83,99.99,2.20,0.40,Weekday,Friday,Medium_Load
19/01/2018 01:00,53.93,85.67,100.00,32.47,0.00,Weekday,Friday,Light_Load
18/05/2018 15:45,58.93,88.88,100.00,30.38,0.00,Weekday,Friday,Maximum_Load
26/09/2018 04:45,2.59,43.51,100.00,5.36,0.00,Weekday,Wednesday,Light_Load
19/05/2018 19:45,3.71,100.00,18.10,0.00,20.16,Weekend,Saturday,Medium_Load
13/06/2018 16:45,3.42,100.00,17.29,0.00,19.48,Weekday,Wednesday,Maximum_Load
14/06/2018 03:00,2.88,57.11,100.00,4.14,0.00,Weekday,Thursday,Light_Load
28/12/2018 11:30,64.94,91.01,100.00,29.56,0.00,Weekday,Friday,Maximum_Load
18/01/2018 09:15,97.13,91.12,100.00,43.92,0.00,Weekday,Thursday,Medium_Load
24/12/2018 16:30,69.55,91.93,100.00,29.77,0.00,Weekday,Monday,Medium_Load
24/06/2018 03:15,2.59,60.82,100.00,3.38,0.00,Weekend,Sunday,Light_Load
25/02/2018 11:30,4.68,100.00,59.39,0.00,6.34,Weekend,Sunday,Light_Load
03/01/2018 20:30,37.30,99.70,99.95,2.88,1.22,Weekday,Wednesday,Medium_Load
12/10/2018 23:45,3.49,48.69,100.00,6.26,0.00,Weekday,Friday,Light_Load
14/09/2018 01:30,3.53,58.22,100.00,4.93,0.00,Weekday,Friday,Light_Load
05/04/2018 03:45,3.10,64.12,100.00,3.71,0.00,Weekday,Thursday,Light_Load
03/07/2018 07:30,3.53,55.72,100.00,5.26,0.00,Weekday,Tuesday,Light_Load
17/09/2018 09:00,56.34,87.45,100.00,31.25,0.00,Weekday,Monday,Light_Load
06/12/2018 04:15,3.31,76.69,100.00,2.77,0.00,Weekday,Thursday,Light_Load
15/03/2018 06:30,3.38,50.61,100.00,5.76,0.00,Weekday,Thursday,Light_Load
01/08/2018 06:30,2.66,48.55,100.00,4.79,0.00,Weekday,Wednesday,Light_Load
12/07/2018 01:00,2.99,52.71,100.00,4.82,0.00,Weekday,Thursday,Light_Load
24/05/2018 21:45,8.39,100.00,34.55,0.00,22.79,Weekday,Thursday,Medium_Load
08/05/2018 23:30,3.60,73.61,100.00,3.31,0.00,Weekday,Tuesday,Light_Load
15/07/2018 22:15,4.72,100.00,20.89,0.00,22.10,Weekend,Sunday,Medium_Load
21/05/2018 14:45,76.18,84.90,100.00,47.41,0.00,Weekday,Monday,Maximum_Load
01/01/2018 17:45,3.60,100.00,20.27,0.00,17.39,Weekday,Monday,Light_Load
16/07/2018 21:15,4.90,100.00,20.00,0.00,24.01,Weekday,Monday,Medium_Load
28/09/2018 10:00,47.20,88.77,100.00,24.48,0.00,Weekday,Friday,Medium_Load
16/11/2018 19:30,59.04,91.36,100.00,26.28,0.00,Weekday,Friday,Maximum_Load
31/07/2018 02:30,2.84,54.58,100.00,4.36,0.00,Weekday,Tuesday,Light_Load
05/09/2018 11:30,64.26,85.62,100.00,38.77,0.00,Weekday,Wednesday,Maximum_Load
04/12/2018 21:15,5.69,100.00,27.11,0.00,20.20,Weekday,Tuesday,Medium_Load
27/09/2018 01:15,2.74,41.48,100.00,6.01,0.00,Weekday,Thursday,Light_Load
06/09/2018 17:00,57.89,89.11,100.00,29.48,0.00,Weekday,Thursday,Maximum_Load
17/06/2018 14:15,3.02,100.00,17.64,0.00,16.85,Weekend,Sunday,Light_Load
06/11/2018 08:15,35.03,75.16,100.00,30.74,0.00,Weekday,Tuesday,Light_Load
06/12/2018 22:00,5.54,100.00,26.72,0.00,19.98,Weekday,Thursday,Medium_Load
13/01/2018 01:30,4.64,76.63,100.00,3.89,0.00,Weekend,Saturday,Light_Load
12/07/2018 01:45,2.95,51.89,100.00,4.86,0.00,Weekday,Thursday,Light_Load
26/03/2018 15:15,59.76,97.31,100.00,14.15,0.00,Weekday,Monday,Maximum_Load
22/11/2018 12:15,5.22,100.00,24.45,0.00,20.70,Weekday,Thursday,Medium_Load
16/11/2018 10:15,67.68,85.71,100.00,40.68,0.00,Weekday,Friday,Maximum_Load
08/02/2018 14:30,118.22,90.95,100.00,54.04,0.00,Weekday,Thursday,Medium_Load
07/02/2018 03:45,5.90,74.45,100.00,5.29,0.00,Weekday,Wednesday,Light_Load
07/04/2018 06:15,3.17,51.12,100.00,5.33,0.00,Weekend,Saturday,Light_Load
03/06/2018 23:45,3.17,55.19,100.00,4.79,0.00,Weekend,Sunday,Light_Load
21/11/2018 08:30,50.08,84.29,100.00,31.97,0.00,Weekday,Wednesday,Light_Load
22/12/2018 03:15,3.82,80.25,99.98,2.84,0.07,Weekend,Saturday,Light_Load
05/07/2018 19:30,57.85,93.20,100.00,22.50,0.00,Weekday,Thursday,Medium_Load
05/12/2018 08:15,27.65,84.95,100.00,17.17,0.11,Weekday,Wednesday,Light_Load
08/05/2018 03:45,3.02,62.82,100.00,3.74,0.00,Weekday,Tuesday,Light_Load
25/12/2018 03:45,3.28,80.59,99.98,2.41,0.07,Weekday,Tuesday,Light_Load
06/07/2018 18:15,60.44,87.32,99.99,33.73,0.61,Weekday,Friday,Medium_Load
02/01/2018 00:15,3.20,71.82,100.00,3.10,0.00,Weekday,Tuesday,Light_Load
16/04/2018 18:15,37.87,93.21,99.99,14.72,0.65,Weekday,Monday,Medium_Load
23/08/2018 14:30,40.07,98.02,100.00,8.10,0.00,Weekday,Thursday,Maximum_Load
28/08/2018 23:00,3.13,53.83,100.00,4.90,0.00,Weekday,Tuesday,Medium_Load
26/02/2018 00:30,3.82,75.58,100.00,3.31,0.00,Weekday,Monday,Light_Load
21/12/2018 11:45,57.85,92.38,100.00,23.98,0.00,Weekday,Friday,Maximum_Load
18/10/2018 17:30,47.41,85.21,100.00,29.12,0.00,Weekday,Thursday,Medium_Load
22/11/2018 04:45,3.20,71.04,100.00,3.17,0.00,Weekday,Thursday,Light_Load
28/08/2018 07:15,2.52,50.04,100.00,4.36,0.00,Weekday,Tuesday,Light_Load
28/07/2018 10:00,47.23,96.30,100.00,13.21,0.00,Weekend,Saturday,Medium_Load
16/07/2018 06:00,2.81,48.70,100.00,5.04,0.00,Weekday,Monday,Light_Load
16/05/2018 02:00,3.82,61.80,100.00,4.86,0.00,Weekday,Wednesday,Light_Load
22/12/2018 15:30,3.53,100.00,24.21,0.00,14.15,Weekend,Saturday,Light_Load
21/07/2018 09:45,43.49,87.66,100.00,23.87,0.00,Weekend,Saturday,Medium_Load
02/09/2018 05:15,3.17,45.99,100.00,6.12,0.00,Weekend,Sunday,Light_Load
02/09/2018 01:15,2.74,48.81,100.00,4.90,0.00,Weekend,Sunday,Light_Load
12/02/2018 07:30,5.33,72.66,100.00,5.04,0.00,Weekday,Monday,Light_Load
13/03/2018 13:15,53.75,95.73,99.88,16.24,2.66,Weekday,Tuesday,Maximum_Load
24/01/2018 17:30,65.16,96.53,100.00,17.64,0.00,Weekday,Wednesday,Maximum_Load
27/01/2018 11:30,30.85,97.18,100.00,7.49,0.00,Weekend,Saturday,Maximum_Load
03/05/2018 04:00,3.13,61.63,100.00,4.00,0.00,Weekday,Thursday,Light_Load
08/05/2018 11:00,80.14,91.30,100.00,35.82,0.00,Weekday,Tuesday,Maximum_Load
28/08/2018 04:45,2.63,54.27,100.00,4.07,0.00,Weekday,Tuesday,Light_Load
06/11/2018 22:00,3.85,100.00,21.70,0.00,17.32,Weekday,Tuesday,Medium_Load
12/06/2018 16:00,63.61,96.08,100.00,18.36,0.00,Weekday,Tuesday,Maximum_Load
05/04/2018 12:00,48.38,86.54,100.00,28.01,0.00,Weekday,Thursday,Maximum_Load
25/08/2018 20:00,2.88,100.00,20.80,0.00,13.54,Weekend,Saturday,Light_Load
29/01/2018 16:45,129.13,94.07,100.00,46.58,0.00,Weekday,Monday,Medium_Load
12/09/2018 09:30,41.69,89.16,100.00,21.17,0.00,Weekday,Wednesday,Medium_Load
11/09/2018 17:30,75.82,86.71,100.00,43.56,0.00,Weekday,Tuesday,Medium_Load
05/05/2018 05:30,3.53,61.38,100.00,4.54,0.00,Weekend,Saturday,Light_Load
07/11/2018 11:15,49.00,87.04,100.00,27.72,0.00,Weekday,Wednesday,Maximum_Load
01/06/2018 19:30,4.97,100.00,19.09,0.00,25.56,Weekday,Friday,Medium_Load
28/11/2018 09:45,58.97,91.59,100.00,25.85,0.00,Weekday,Wednesday,Medium_Load
23/05/2018 00:15,3.20,52.26,100.00,5.22,0.00,Weekday,Wednesday,Light_Load
29/01/2018 14:00,117.07,92.95,100.00,46.44,0.00,Weekday,Monday,Medium_Load
24/03/2018 06:45,3.49,58.33,100.00,4.86,0.00,Weekend,Saturday,Light_Load
09/09/2018 13:30,21.10,99.29,99.06,2.52,2.92,Weekend,Sunday,Maximum_Load
19/08/2018 02:15,2.74,50.52,100.00,4.68,0.00,Weekend,Sunday,Light_Load
06/12/2018 07:30,3.46,80.39,99.99,2.56,0.04,Weekday,Thursday,Light_Load
25/03/2018 20:00,5.00,100.00,18.57,0.00,26.46,Weekend,Sunday,Medium_Load
25/06/2018 04:00,2.84,51.88,100.00,4.68,0.00,Weekday,Monday,Light_Load
27/01/2018 20:45,4.39,100.00,24.77,0.00,17.17,Weekend,Saturday,Medium_Load
21/12/2018 22:30,5.26,84.64,100.00,3.31,0.00,Weekday,Friday,Maximum_Load
14/05/2018 08:45,58.10,73.90,100.00,52.96,0.00,Weekday,Monday,Light_Load
14/08/2018 01:00,2.81,47.12,100.00,5.26,0.00,Weekday,Tuesday,Light_Load
25/10/2018 11:00,67.43,83.46,100.00,44.50,0.00,Weekday,Thursday,Maximum_Load
23/02/2018 17:00,60.30,93.89,100.00,22.10,0.00,Weekday,Friday,Medium_Load
22/02/2018 06:45,5.00,71.99,100.00,4.82,0.00,Weekday,Thursday,Light_Load
24/05/2018 09:45,99.58,93.12,100.00,38.99,0.00,Weekday,Thursday,Medium_Load
19/04/2018 23:45,3.53,74.09,100.00,3.20,0.00,Weekday,Thursday,Light_Load
18/01/2018 09:45,70.06,93.10,100.00,27.47,0.00,Weekday,Thursday,Medium_Load
14/01/2018 07:00,3.96,73.62,100.00,3.64,0.00,Weekend,Sunday,Light_Load
29/11/2018 22:30,4.14,60.35,100.00,5.47,0.00,Weekday,Thursday,Maximum_Load
09/12/2018 21:45,3.38,100.00,22.52,0.00,14.62,Weekend,Sunday,Light_Load
01/07/2018 08:00,3.06,64.04,100.00,3.67,0.00,Weekend,Sunday,Light_Load
29/10/2018 16:45,101.27,90.50,100.00,47.59,0.00,Weekday,Monday,Maximum_Load
14/01/2018 11:00,14.00,100.00,54.00,0.00,21.82,Weekend,Sunday,Maximum_Load
02/06/2018 11:15,6.26,100.00,67.89,0.00,6.77,Weekend,Saturday,Light_Load
23/04/2018 07:30,3.89,70.71,100.00,3.89,0.00,Weekday,Monday,Light_Load
17/12/2018 21:15,4.43,100.00,20.52,0.00,21.13,Weekday,Monday,Medium_Load
11/12/2018 02:15,4.28,75.91,100.00,3.67,0.04,Weekday,Tuesday,Light_Load
05/11/2018 04:45,2.92,56.00,100.00,4.32,0.00,Weekday,Monday,Light_Load
12/07/2018 16:00,51.73,94.71,100.00,17.53,0.00,Weekday,Thursday,Maximum_Load
28/05/2018 14:45,54.11,89.33,100.00,27.22,0.00,Weekday,Monday,Maximum_Load
03/10/2018 06:30,3.49,40.62,100.00,7.85,0.00,Weekday,Wednesday,Light_Load
17/04/2018 14:00,94.00,93.22,100.00,36.50,0.00,Weekday,Tuesday,Maximum_Load
18/06/2018 21:30,3.85,100.00,16.48,0.00,23.04,Weekday,Monday,Medium_Load
01/02/2018 19:30,92.84,91.55,100.00,40.79,0.00,Weekday,Thursday,Maximum_Load
09/02/2018 08:15,57.56,85.21,100.00,35.35,0.00,Weekday,Friday,Light_Load
17/11/2018 05:30,3.17,59.16,100.00,4.32,0.00,Weekend,Saturday,Light_Load
09/09/2018 08:30,5.76,49.10,100.00,10.22,0.00,Weekend,Sunday,Light_Load
17/01/2018 10:00,67.18,95.87,100.00,19.94,0.00,Weekday,Wednesday,Medium_Load
31/12/2018 05:15,3.56,79.25,99.92,2.74,0.14,Weekday,Monday,Light_Load
10/04/2018 19:00,48.17,95.18,100.00,15.52,0.00,Weekday,Tuesday,Medium_Load
25/12/2018 21:30,4.03,100.00,19.33,0.00,20.45,Weekday,Tuesday,Light_Load
07/08/2018 22:45,3.06,49.30,100.00,5.40,0.00,Weekday,Tuesday,Medium_Load
05/10/2018 04:30,3.38,46.64,100.00,6.41,0.00,Weekday,Friday,Light_Load
15/12/2018 10:30,3.35,100.00,21.73,0.00,15.05,Weekend,Saturday,Light_Load
21/11/2018 03:30,2.88,82.94,99.63,1.94,0.25,Weekday,Wednesday,Light_Load
21/02/2018 09:15,60.59,97.08,100.00,14.98,0.00,Weekday,Wednesday,Medium_Load
09/06/2018 08:15,3.13,49.67,100.00,5.47,0.00,Weekend,Saturday,Light_Load
26/11/2018 08:30,88.92,80.35,100.00,65.88,0.00,Weekday,Monday,Light_Load
25/12/2018 16:30,3.42,100.00,23.73,0.00,14.00,Weekday,Tuesday,Light_Load
27/12/2018 19:30,47.99,98.83,100.00,7.42,0.25,Weekday,Thursday,Maximum_Load
30/05/2018 20:45,68.80,93.37,100.00,26.39,0.00,Weekday,Wednesday,Medium_Load
22/11/2018 10:15,139.57,92.13,100.00,58.90,0.00,Weekday,Thursday,Maximum_Load
03/01/2018 18:00,73.62,98.42,99.97,13.25,1.69,Weekday,Wednesday,Maximum_Load
15/08/2018 04:30,2.66,52.43,100.00,4.32,0.00,Weekday,Wednesday,Light_Load
08/10/2018 02:30,2.66,45.68,100.00,5.18,0.00,Weekday,Monday,Light_Load
23/03/2018 06:30,3.24,63.32,100.00,3.96,0.00,Weekday,Friday,Light_Load
14/01/2018 10:15,15.01,100.00,74.35,0.04,13.50,Weekend,Sunday,Maximum_Load
19/08/2018 23:15,2.63,50.13,100.00,4.54,0.00,Weekend,Sunday,Light_Load
09/06/2018 17:45,3.13,100.00,18.72,0.00,16.42,Weekend,Saturday,Light_Load
19/08/2018 18:45,2.66,100.00,25.85,0.00,9.94,Weekend,Sunday,Light_Load
26/09/2018 05:45,2.63,44.05,100.00,5.36,0.00,Weekday,Wednesday,Light_Load
15/04/2018 08:15,3.17,57.25,100.00,4.54,0.00,Weekend,Sunday,Light_Load
20/11/2018 01:00,3.60,69.35,100.00,3.74,0.00,Weekday,Tuesday,Light_Load
27/06/2018 19:00,3.71,100.00,14.07,0.00,26.10,Weekday,Wednesday,Medium_Load
02/03/2018 21:15,40.68,98.39,100.00,7.38,0.36,Weekday,Friday,Medium_Load
25/08/2018 13:00,3.38,100.00,24.91,0.00,13.14,Weekend,Saturday,Light_Load
19/02/2018 13:15,61.67,93.98,99.96,22.43,1.73,Weekday,Monday,Medium_Load
08/02/2018 06:30,4.93,61.87,100.00,6.26,0.00,Weekday,Thursday,Light_Load
02/05/2018 01:45,4.00,59.03,100.00,5.47,0.00,Weekday,Wednesday,Light_Load
08/11/2018 22:30,3.78,48.59,100.00,6.80,0.00,Weekday,Thursday,Maximum_Load
18/06/2018 12:15,12.49,97.20,69.50,3.02,12.92,Weekday,Monday,Medium_Load
04/08/2018 22:15,3.06,94.30,50.57,1.08,5.22,Weekend,Saturday,Light_Load
05/10/2018 06:00,3.02,47.14,100.00,5.65,0.00,Weekday,Friday,Light_Load
16/06/2018 00:00,2.99,49.70,100.00,5.22,0.00,Weekend,Saturday,Light_Load
24/09/2018 07:15,2.66,42.35,100.00,5.69,0.00,Weekday,Monday,Light_Load
08/01/2018 21:45,5.18,100.00,19.55,0.00,25.99,Weekday,Monday,Medium_Load
03/12/2018 01:30,3.35,80.37,100.00,2.48,0.00,Weekday,Monday,Light_Load
02/02/2018 22:15,42.05,95.45,99.99,13.14,0.43,Weekday,Friday,Maximum_Load
06/12/2018 11:15,60.88,88.77,100.00,31.57,0.00,Weekday,Thursday,Maximum_Load
29/12/2018 22:45,3.13,74.89,100.00,2.77,0.00,Weekend,Saturday,Light_Load
01/10/2018 09:30,55.01,86.61,100.00,31.75,0.00,Weekday,Monday,Medium_Load
01/10/2018 11:00,55.84,87.26,100.00,31.25,0.00,Weekday,Monday,Maximum_Load
14/12/2018 11:45,88.85,92.40,100.00,36.76,0.00,Weekday,Friday,Maximum_Load
30/04/2018 19:00,3.78,100.00,14.45,0.00,25.88,Weekday,Monday,Medium_Load
02/02/2018 12:45,9.68,100.00,35.69,0.00,25.34,Weekday,Friday,Medium_Load
24/03/2018 10:15,33.52,99.99,99.54,0.58,3.24,Weekend,Saturday,Maximum_Load
07/01/2018 10:45,3.56,100.00,20.18,0.00,17.28,Weekend,Sunday,Light_Load
01/06/2018 08:30,51.19,72.30,100.00,48.92,0.00,Weekday,Friday,Light_Load
07/05/2018 02:30,2.99,56.56,100.00,4.36,0.00,Weekday,Monday,Light_Load
22/10/2018 03:45,2.92,45.47,100.00,5.72,0.00,Weekday,Monday,Light_Load
12/04/2018 09:30,104.54,90.89,100.00,47.95,0.00,Weekday,Thursday,Medium_Load
25/11/2018 09:15,4.93,100.00,23.71,0.00,20.20,Weekend,Sunday,Light_Load
20/05/2018 05:30,3.06,46.92,100.00,5.76,0.00,Weekend,Sunday,Light_Load
06/11/2018 18:45,52.81,88.20,100.00,28.22,0.00,Weekday,Tuesday,Maximum_Load
02/09/2018 20:00,2.88,100.00,22.90,0.00,12.24,Weekend,Sunday,Medium_Load
16/12/2018 15:45,48.42,94.79,100.00,16.27,0.00,Weekend,Sunday,Medium_Load
17/07/2018 09:15,58.64,79.69,100.00,44.46,0.00,Weekday,Tuesday,Medium_Load
02/08/2018 19:15,2.95,100.00,17.65,0.00,16.45,Weekday,Thursday,Light_Load
22/11/2018 03:45,3.20,71.49,100.00,3.13,0.00,Weekday,Thursday,Light_Load
29/03/2018 22:45,3.60,58.12,100.00,5.04,0.00,Weekday,Thursday,Medium_Load
15/03/2018 10:30,125.10,92.80,100.00,50.22,0.00,Weekday,Thursday,Maximum_Load
25/06/2018 01:00,2.95,53.32,100.00,4.68,0.00,Weekday,Monday,Light_Load
25/09/2018 08:45,2.48,77.08,73.76,2.05,2.27,Weekday,Tuesday,Light_Load
13/07/2018 21:45,3.82,100.00,22.76,0.00,16.34,Weekday,Friday,Medium_Load
04/05/2018 14:30,58.25,90.58,100.00,27.25,0.00,Weekday,Friday,Maximum_Load
24/05/2018 12:15,5.00,100.00,26.52,0.00,18.18,Weekday,Thursday,Medium_Load
18/10/2018 20:45,42.77,92.28,100.00,17.86,0.00,Weekday,Thursday,Medium_Load
05/11/2018 14:30,68.47,83.97,100.00,44.28,0.00,Weekday,Monday,Medium_Load
25/11/2018 20:00,3.10,100.00,19.08,0.00,15.95,Weekend,Sunday,Light_Load
05/02/2018 04:45,4.43,69.29,100.00,4.61,0.00,Weekday,Monday,Light_Load
12/04/2018 23:45,4.07,56.98,100.00,5.87,0.00,Weekday,Thursday,Light_Load
09/11/2018 18:30,58.79,86.81,100.00,33.62,0.00,Weekday,Friday,Maximum_Load
21/01/2018 15:30,5.15,100.00,19.65,0.00,25.70,Weekend,Sunday,Light_Load
14/06/2018 09:15,59.76,96.20,100.00,16.96,0.00,Weekday,Thursday,Medium_Load
18/10/2018 22:30,4.97,47.45,100.00,9.22,0.00,Weekday,Thursday,Medium_Load
19/05/2018 10:45,56.74,91.74,100.00,24.62,0.00,Weekend,Saturday,Maximum_Load
24/03/2018 12:15,6.34,99.09,41.87,0.86,13.75,Weekend,Saturday,Medium_Load
20/02/2018 05:45,5.80,74.07,100.00,5.26,0.00,Weekday,Tuesday,Light_Load
17/02/2018 17:15,3.92,100.00,18.57,0.00,20.74,Weekend,Saturday,Light_Load
22/08/2018 09:15,48.28,89.22,100.00,24.44,0.00,Weekday,Wednesday,Medium_Load
01/12/2018 17:30,4.75,100.00,21.96,0.00,21.10,Weekend,Saturday,Maximum_Load
19/04/2018 13:45,64.87,89.96,100.00,31.50,0.00,Weekday,Thursday,Maximum_Load
15/09/2018 03:15,2.70,47.51,100.00,5.00,0.00,Weekend,Saturday,Light_Load
11/04/2018 05:15,3.28,57.39,100.00,4.68,0.00,Weekday,Wednesday,Light_Load
29/03/2018 09:15,51.08,94.50,100.00,17.68,0.00,Weekday,Thursday,Medium_Load
20/04/2018 10:15,57.28,90.96,100.00,26.17,0.00,Weekday,Friday,Maximum_Load
24/11/2018 11:45,3.28,100.00,23.38,0.00,13.64,Weekend,Saturday,Light_Load
01/01/2018 03:30,3.31,66.27,100.00,3.74,0.00,Weekday,Monday,Light_Load
01/03/2018 00:30,5.33,67.66,100.00,5.80,0.00,Weekday,Thursday,Light_Load
28/09/2018 15:45,56.66,86.66,100.00,32.62,0.00,Weekday,Friday,Maximum_Load
03/07/2018 08:00,5.22,64.89,100.00,6.12,0.00,Weekday,Tuesday,Light_Load
23/06/2018 12:15,9.83,94.65,70.96,3.35,9.76,Weekend,Saturday,Medium_Load
19/04/2018 19:30,40.10,99.70,100.00,3.13,0.40,Weekday,Thursday,Medium_Load
19/11/2018 14:00,58.79,89.28,100.00,29.66,0.00,Weekday,Monday,Medium_Load
03/04/2018 16:00,67.36,89.28,100.00,33.98,0.00,Weekday,Tuesday,Maximum_Load
11/03/2018 16:30,30.35,99.98,99.78,0.54,2.02,Weekend,Sunday,Maximum_Load
19/04/2018 11:30,59.36,78.50,100.00,46.84,0.00,Weekday,Thursday,Maximum_Load
08/04/2018 09:30,90.58,97.68,100.00,19.87,0.50,Weekend,Sunday,Medium_Load
07/03/2018 23:45,3.06,78.94,100.00,2.38,0.00,Weekday,Wednesday,Light_Load
12/02/2018 22:15,32.69,96.36,99.11,9.07,4.39,Weekday,Monday,Maximum_Load
22/07/2018 02:30,3.31,100.00,59.25,0.00,4.50,Weekend,Sunday,Light_Load
01/12/2018 05:30,3.28,82.23,99.94,2.27,0.11,Weekend,Saturday,Light_Load
26/09/2018 07:30,2.56,42.14,100.00,5.51,0.00,Weekday,Wednesday,Light_Load
20/04/2018 08:30,48.92,72.66,100.00,46.26,0.00,Weekday,Friday,Light_Load
30/01/2018 21:00,71.42,98.51,100.00,12.49,0.00,Weekday,Tuesday,Medium_Load
17/01/2018 14:45,52.42,94.44,100.00,18.25,0.00,Weekday,Wednesday,Medium_Load
05/08/2018 20:15,3.13,100.00,18.53,0.00,16.60,Weekend,Sunday,Light_Load
23/11/2018 17:15,86.98,88.41,100.00,45.97,0.00,Weekday,Friday,Maximum_Load
22/09/2018 13:00,2.95,100.00,25.03,0.00,11.41,Weekend,Saturday,Light_Load
25/01/2018 20:00,69.16,95.54,100.00,21.38,0.00,Weekday,Thursday,Maximum_Load
03/10/2018 22:45,2.77,45.18,100.00,5.47,0.00,Weekday,Wednesday,Medium_Load
03/01/2018 22:00,5.18,100.00,18.99,0.00,26.78,Weekday,Wednesday,Medium_Load
12/08/2018 15:00,3.02,100.00,20.10,0.00,14.72,Weekend,Sunday,Light_Load
14/10/2018 20:15,3.06,100.00,23.53,0.00,12.64,Weekend,Sunday,Light_Load
09/09/2018 09:15,10.22,99.99,88.17,0.11,5.47,Weekend,Sunday,Medium_Load
27/11/2018 15:15,81.58,95.01,100.00,26.78,0.00,Weekday,Tuesday,Medium_Load
20/03/2018 09:30,68.51,91.34,100.00,30.53,0.00,Weekday,Tuesday,Medium_Load
08/03/2018 22:30,5.08,72.54,100.00,4.82,0.00,Weekday,Thursday,Medium_Load
27/05/2018 01:00,2.77,52.08,100.00,4.54,0.00,Weekend,Sunday,Light_Load
31/10/2018 23:45,3.92,59.54,100.00,5.29,0.00,Weekday,Wednesday,Light_Load
12/04/2018 02:15,3.53,61.13,100.00,4.57,0.00,Weekday,Thursday,Light_Load
06/06/2018 13:00,4.79,100.00,24.13,0.00,19.26,Weekday,Wednesday,Medium_Load
06/10/2018 09:45,41.69,88.20,100.00,22.28,0.00,Weekend,Saturday,Medium_Load
22/12/2018 12:00,3.60,100.00,25.45,0.00,13.68,Weekend,Saturday,Light_Load
02/01/2018 12:15,19.22,96.09,71.30,5.54,18.90,Weekday,Tuesday,Medium_Load
21/04/2018 04:00,3.10,64.84,100.00,3.64,0.00,Weekend,Saturday,Light_Load
09/09/2018 01:30,2.77,46.87,100.00,5.22,0.00,Weekend,Sunday,Light_Load
22/10/2018 14:45,92.56,87.12,100.00,52.16,0.00,Weekday,Monday,Maximum_Load
26/03/2018 17:30,55.87,90.11,100.00,26.89,0.00,Weekday,Monday,Medium_Load
06/05/2018 21:00,3.28,100.00,18.99,0.00,16.96,Weekend,Sunday,Light_Load
02/03/2018 13:45,90.86,98.57,100.00,15.52,0.14,Weekday,Friday,Maximum_Load
20/12/2018 11:00,77.51,87.11,100.00,43.70,0.00,Weekday,Thursday,Maximum_Load
26/09/2018 05:30,2.56,43.56,100.00,5.29,0.00,Weekday,Wednesday,Light_Load
25/04/2018 17:45,62.93,88.52,100.00,33.08,0.00,Weekday,Wednesday,Medium_Load
15/10/2018 03:30,2.74,47.26,100.00,5.11,0.00,Weekday,Monday,Light_Load
05/02/2018 09:30,71.39,94.30,100.00,25.20,0.00,Weekday,Monday,Medium_Load
25/11/2018 18:45,3.02,100.00,20.38,0.00,14.51,Weekend,Sunday,Light_Load
16/10/2018 09:30,110.52,91.36,100.00,49.18,0.00,Weekday,Tuesday,Medium_Load
16/09/2018 05:45,2.66,44.92,100.00,5.29,0.00,Weekend,Sunday,Light_Load
07/06/2018 23:30,3.35,60.32,100.00,4.43,0.00,Weekday,Thursday,Light_Load
25/05/2018 03:30,3.49,65.74,100.00,4.00,0.00,Weekday,Friday,Light_Load
19/04/2018 06:30,2.99,63.16,100.00,3.67,0.00,Weekday,Thursday,Light_Load
12/11/2018 22:30,4.97,49.69,100.00,8.68,0.00,Weekday,Monday,Maximum_Load
15/01/2018 08:30,84.92,77.30,100.00,69.70,0.00,Weekday,Monday,Light_Load
19/01/2018 16:45,95.26,94.75,100.00,32.15,0.00,Weekday,Friday,Medium_Load
07/05/2018 02:15,3.10,57.95,100.00,4.36,0.00,Weekday,Monday,Light_Load
29/07/2018 04:45,2.70,49.42,100.00,4.75,0.00,Weekend,Sunday,Light_Load
05/01/2018 11:15,129.85,89.74,100.00,63.86,0.00,Weekday,Friday,Maximum_Load
30/10/2018 05:00,2.95,59.07,100.00,4.03,0.00,Weekday,Tuesday,Light_Load
09/01/2018 19:00,114.80,94.37,100.00,40.25,0.00,Weekday,Tuesday,Maximum_Load
26/12/2018 13:00,6.41,100.00,29.07,0.00,21.10,Weekday,Wednesday,Medium_Load
06/07/2018 09:30,106.52,92.74,100.00,42.95,0.00,Weekday,Friday,Medium_Load
02/03/2018 01:00,3.28,78.48,100.00,2.59,0.00,Weekday,Friday,Light_Load
27/09/2018 05:00,3.17,43.94,100.00,6.48,0.00,Weekday,Thursday,Light_Load
15/09/2018 09:45,35.14,97.27,100.00,8.39,0.00,Weekend,Saturday,Medium_Load
27/03/2018 09:30,65.92,92.45,100.00,27.18,0.00,Weekday,Tuesday,Medium_Load
11/02/2018 12:45,4.21,100.00,23.04,0.00,17.78,Weekend,Sunday,Light_Load
12/12/2018 03:00,4.21,75.65,100.00,3.64,0.04,Weekday,Wednesday,Light_Load
04/08/2018 17:30,2.74,100.00,15.63,0.00,17.32,Weekend,Saturday,Light_Load
13/01/2018 11:30,95.33,89.59,100.00,47.27,0.00,Weekend,Saturday,Maximum_Load
12/06/2018 17:30,82.62,96.98,100.00,20.77,0.58,Weekday,Tuesday,Medium_Load
15/06/2018 23:30,3.42,62.69,100.00,4.25,0.00,Weekday,Friday,Light_Load
31/01/2018 18:15,59.69,94.83,100.00,19.98,0.00,Weekday,Wednesday,Maximum_Load
23/09/2018 22:00,2.81,99.99,25.42,0.04,10.69,Weekend,Sunday,Light_Load
23/08/2018 23:00,3.38,50.61,100.00,5.76,0.00,Weekday,Thursday,Medium_Load
19/03/2018 03:00,3.10,64.12,100.00,3.71,0.00,Weekday,Monday,Light_Load
22/01/2018 10:00,82.48,92.39,100.00,34.16,0.00,Weekday,Monday,Medium_Load
18/02/2018 23:00,3.24,57.25,100.00,4.64,0.00,Weekend,Sunday,Light_Load
25/04/2018 01:45,3.60,73.61,100.00,3.31,0.00,Weekday,Wednesday,Light_Load
24/02/2018 10:45,88.60,99.00,100.00,12.64,0.00,Weekend,Saturday,Maximum_Load
02/07/2018 22:00,3.82,100.00,16.64,0.00,22.64,Weekday,Monday,Medium_Load
12/11/2018 20:30,111.35,93.50,100.00,42.23,0.00,Weekday,Monday,Medium_Load
08/11/2018 05:45,3.13,50.92,100.00,5.29,0.00,Weekday,Thursday,Light_Load
22/01/2018 14:00,67.75,90.36,100.00,32.11,0.00,Weekday,Monday,Medium_Load
18/08/2018 22:30,2.59,49.31,100.00,4.57,0.00,Weekend,Saturday,Medium_Load
16/08/2018 13:00,4.61,100.00,31.48,0.00,13.90,Weekday,Thursday,Medium_Load
19/12/2018 23:45,3.96,86.09,98.94,2.34,0.58,Weekday,Wednesday,Light_Load
28/09/2018 22:15,3.24,46.37,99.85,6.19,0.18,Weekday,Friday,Medium_Load
29/06/2018 08:30,49.28,69.53,100.00,50.94,0.00,Weekday,Friday,Light_Load
08/03/2018 16:00,69.88,89.91,100.00,34.02,0.00,Weekday,Thursday,Maximum_Load
08/12/2018 01:00,4.00,72.68,100.00,3.78,0.00,Weekend,Saturday,Light_Load
03/11/2018 10:15,92.41,94.72,100.00,31.28,0.00,Weekend,Saturday,Maximum_Load
04/10/2018 05:15,3.02,42.46,100.00,6.44,0.00,Weekday,Thursday,Light_Load
01/01/2018 15:30,4.10,100.00,18.86,0.00,21.35,Weekday,Monday,Light_Load
16/12/2018 03:45,3.38,77.34,100.00,2.77,0.00,Weekend,Sunday,Light_Load
03/08/2018 07:00,2.81,41.12,100.00,6.23,0.00,Weekday,Friday,Light_Load
13/01/2018 09:15,100.58,95.86,100.00,29.88,0.00,Weekend,Saturday,Medium_Load
29/05/2018 21:30,3.82,100.00,18.24,0.00,20.59,Weekday,Tuesday,Medium_Load
19/02/2018 09:15,62.10,95.65,100.00,18.94,0.00,Weekday,Monday,Medium_Load
16/11/2018 23:15,3.92,53.50,100.00,6.19,0.00,Weekday,Friday,Light_Load
26/08/2018 04:30,2.63,50.79,100.00,4.46,0.00,Weekend,Sunday,Light_Load
22/03/2018 11:30,64.91,84.80,100.00,40.57,0.00,Weekday,Thursday,Maximum_Load
09/07/2018 18:15,32.87,93.61,99.79,12.35,2.12,Weekday,Monday,Medium_Load
25/05/2018 23:00,3.64,60.50,100.00,4.79,0.00,Weekday,Friday,Medium_Load
08/05/2018 10:45,140.04,91.14,100.00,63.25,0.00,Weekday,Tuesday,Maximum_Load
02/09/2018 08:30,50.18,73.29,100.00,46.58,0.00,Weekend,Sunday,Light_Load
21/04/2018 08:15,28.98,78.28,100.00,23.04,0.00,Weekend,Saturday,Light_Load
21/03/2018 17:30,59.76,95.67,100.00,18.18,0.00,Weekday,Wednesday,Medium_Load
15/11/2018 01:30,3.56,59.97,100.00,4.75,0.00,Weekday,Thursday,Light_Load
09/07/2018 12:45,5.44,100.00,27.42,0.00,19.08,Weekday,Monday,Medium_Load
23/10/2018 08:15,37.33,78.95,100.00,29.02,0.00,Weekday,Tuesday,Light_Load
27/02/2018 08:00,6.88,86.07,100.00,4.07,0.00,Weekday,Tuesday,Light_Load
24/04/2018 04:30,3.60,70.32,100.00,3.64,0.00,Weekday,Tuesday,Light_Load
23/04/2018 15:15,59.72,95.73,100.00,18.04,0.00,Weekday,Monday,Maximum_Load
26/09/2018 20:15,2.66,100.00,22.10,0.00,11.74,Weekday,Wednesday,Light_Load
18/08/2018 00:15,2.92,56.63,100.00,4.25,0.00,Weekend,Saturday,Light_Load
20/08/2018 02:45,2.74,48.28,100.00,4.97,0.00,Weekday,Monday,Light_Load
20/02/2018 11:15,106.45,92.28,100.00,44.46,0.00,Weekday,Tuesday,Maximum_Load
18/12/2018 13:15,52.45,91.56,99.74,23.04,3.82,Weekday,Tuesday,Medium_Load
19/09/2018 05:45,2.70,45.67,100.00,5.26,0.00,Weekday,Wednesday,Light_Load
15/08/2018 13:00,7.13,100.00,31.77,0.00,21.28,Weekday,Wednesday,Medium_Load
12/11/2018 18:30,96.34,92.41,100.00,39.85,0.00,Weekday,Monday,Maximum_Load
26/12/2018 10:45,62.21,90.65,100.00,28.98,0.00,Weekday,Wednesday,Maximum_Load
18/12/2018 18:00,15.95,100.00,86.15,0.00,9.40,Weekday,Tuesday,Maximum_Load
21/11/2018 23:45,3.71,75.72,99.99,3.20,0.04,Weekday,Wednesday,Light_Load
08/07/2018 11:45,78.26,89.98,100.00,37.94,0.00,Weekend,Sunday,Maximum_Load
01/08/2018 07:00,2.70,48.87,100.00,4.82,0.00,Weekday,Wednesday,Light_Load
30/11/2018 04:00,3.42,68.47,100.00,3.64,0.00,Weekday,Friday,Light_Load
16/08/2018 03:00,3.31,58.66,100.00,4.57,0.00,Weekday,Thursday,Light_Load
23/10/2018 08:30,81.86,78.07,100.00,65.52,0.00,Weekday,Tuesday,Light_Load
13/07/2018 08:30,39.06,71.69,100.00,37.98,0.00,Weekday,Friday,Light_Load
09/07/2018 11:45,50.69,80.98,100.00,36.72,0.00,Weekday,Monday,Maximum_Load
29/11/2018 18:15,43.99,90.63,100.00,20.52,0.00,Weekday,Thursday,Maximum_Load
22/12/2018 19:00,3.71,100.00,25.93,0.00,13.82,Weekend,Saturday,Light_Load
02/08/2018 10:30,3.74,100.00,16.53,0.00,22.32,Weekday,Thursday,Light_Load
05/06/2018 14:15,102.20,90.96,100.00,46.69,0.00,Weekday,Tuesday,Maximum_Load
26/10/2018 11:45,65.20,88.48,100.00,34.34,0.00,Weekday,Friday,Maximum_Load
05/06/2018 18:45,88.56,88.40,100.00,46.84,0.00,Weekday,Tuesday,Medium_Load
18/01/2018 12:45,7.74,100.00,29.55,0.00,25.02,Weekday,Thursday,Medium_Load
04/11/2018 23:00,3.42,51.78,100.00,5.65,0.00,Weekend,Sunday,Maximum_Load
14/06/2018 12:45,6.77,100.00,32.51,0.00,19.69,Weekday,Thursday,Medium_Load
02/10/2018 08:15,19.30,67.01,100.00,21.38,0.00,Weekday,Tuesday,Light_Load
28/01/2018 14:30,30.13,99.96,99.58,0.83,2.77,Weekend,Sunday,Medium_Load
17/06/2018 16:45,3.06,100.00,17.94,0.00,16.78,Weekend,Sunday,Light_Load
11/10/2018 11:45,99.47,89.11,100.00,50.65,0.00,Weekday,Thursday,Maximum_Load
05/01/2018 03:15,4.61,67.20,100.00,5.08,0.00,Weekday,Friday,Light_Load
18/12/2018 19:15,4.50,100.00,20.46,0.00,21.53,Weekday,Tuesday,Maximum_Load
22/01/2018 20:00,74.48,89.86,100.00,36.36,0.00,Weekday,Monday,Maximum_Load
14/01/2018 07:45,4.21,70.38,100.00,4.25,0.00,Weekend,Sunday,Light_Load
25/10/2018 21:15,8.89,99.96,49.20,0.25,15.73,Weekday,Thursday,Medium_Load
05/05/2018 21:15,3.28,100.00,18.84,0.00,17.10,Weekend,Saturday,Light_Load
25/08/2018 04:15,2.77,47.87,100.00,5.08,0.00,Weekend,Saturday,Light_Load
01/12/2018 23:00,3.42,76.05,100.00,2.92,0.00,Weekend,Saturday,Maximum_Load
18/04/2018 17:30,71.14,87.69,100.00,38.99,0.00,Weekday,Wednesday,Medium_Load
04/10/2018 20:45,53.14,86.45,100.00,30.89,0.00,Weekday,Thursday,Medium_Load
24/01/2018 17:00,72.97,93.22,100.00,28.33,0.00,Weekday,Wednesday,Medium_Load
26/10/2018 22:45,3.67,45.06,100.00,7.27,0.00,Weekday,Friday,Medium_Load
19/01/2018 07:45,82.48,90.02,100.00,39.89,0.00,Weekday,Friday,Light_Load
28/07/2018 13:15,35.93,90.95,97.78,16.42,7.70,Weekend,Saturday,Maximum_Load
03/05/2018 13:45,59.87,87.44,100.00,33.23,0.00,Weekday,Thursday,Maximum_Load
21/11/2018 11:30,96.26,92.07,100.00,40.79,0.00,Weekday,Wednesday,Maximum_Load
11/09/2018 13:45,122.94,87.13,100.00,69.26,0.00,Weekday,Tuesday,Maximum_Load
04/05/2018 04:00,3.35,68.84,100.00,3.53,0.00,Weekday,Friday,Light_Load
05/01/2018 18:30,68.54,83.21,100.00,45.68,0.00,Weekday,Friday,Maximum_Load
07/04/2018 09:15,69.05,99.02,99.99,9.72,0.79,Weekend,Saturday,Medium_Load
14/04/2018 15:15,38.59,99.92,99.99,1.55,0.40,Weekend,Saturday,Maximum_Load
03/12/2018 20:15,46.22,91.43,100.00,20.48,0.00,Weekday,Monday,Medium_Load
23/02/2018 08:30,62.53,77.14,100.00,51.59,0.00,Weekday,Friday,Light_Load
01/10/2018 07:15,2.81,54.53,100.00,4.32,0.00,Weekday,Monday,Light_Load
16/09/2018 06:30,2.77,46.60,100.00,5.26,0.00,Weekend,Sunday,Light_Load
22/09/2018 06:45,2.59,46.21,100.00,4.97,0.00,Weekend,Saturday,Light_Load
21/11/2018 14:30,85.14,95.68,100.00,25.88,0.00,Weekday,Wednesday,Medium_Load
12/09/2018 16:15,53.75,87.40,100.00,29.88,0.00,Weekday,Wednesday,Maximum_Load
17/04/2018 13:15,64.19,95.41,99.71,20.16,4.90,Weekday,Tuesday,Maximum_Load
27/03/2018 16:00,42.55,98.61,100.00,7.16,0.29,Weekday,Tuesday,Maximum_Load
24/09/2018 16:45,2.88,100.00,26.69,0.00,10.40,Weekday,Monday,Light_Load
07/11/2018 10:45,70.52,86.94,100.00,40.07,0.00,Weekday,Wednesday,Maximum_Load
18/03/2018 07:15,3.53,64.52,100.00,4.18,0.00,Weekend,Sunday,Light_Load
01/09/2018 06:30,3.06,46.23,100.00,5.87,0.00,Weekend,Saturday,Light_Load
07/01/2018 18:00,3.49,100.00,19.72,0.00,17.35,Weekend,Sunday,Light_Load
12/10/2018 18:15,50.94,79.27,100.00,39.17,0.00,Weekday,Friday,Medium_Load
24/03/2018 23:15,4.00,67.35,100.00,4.39,0.00,Weekend,Saturday,Light_Load
12/08/2018 00:30,2.74,47.26,100.00,5.11,0.00,Weekend,Sunday,Light_Load
15/09/2018 06:15,2.70,45.46,100.00,5.29,0.00,Weekend,Saturday,Light_Load
13/06/2018 20:00,3.20,100.00,17.61,0.00,17.89,Weekday,Wednesday,Medium_Load
16/11/2018 00:15,4.79,58.62,100.00,6.62,0.00,Weekday,Friday,Light_Load
05/09/2018 05:15,2.52,45.51,100.00,4.93,0.00,Weekday,Wednesday,Light_Load
10/12/2018 11:45,62.42,94.62,100.00,21.35,0.00,Weekday,Monday,Maximum_Load
30/09/2018 23:30,2.52,49.78,100.00,4.39,0.00,Weekend,Sunday,Light_Load
14/09/2018 20:15,3.67,100.00,27.25,0.00,12.96,Weekday,Friday,Medium_Load
25/10/2018 08:15,36.58,74.72,100.00,32.54,0.00,Weekday,Thursday,Light_Load
23/01/2018 05:30,39.96,80.22,100.00,29.74,0.00,Weekday,Tuesday,Light_Load
16/01/2018 20:15,100.98,87.75,100.00,55.19,0.00,Weekday,Tuesday,Medium_Load
08/08/2018 04:30,3.17,46.84,100.00,5.98,0.00,Weekday,Wednesday,Light_Load
03/06/2018 04:00,2.95,44.48,100.00,5.94,0.00,Weekend,Sunday,Light_Load
27/09/2018 23:15,3.31,44.72,100.00,6.62,0.00,Weekday,Thursday,Light_Load
16/03/2018 02:30,3.20,55.31,100.00,4.82,0.00,Weekday,Friday,Light_Load
13/02/2018 10:45,59.80,97.33,100.00,14.11,0.00,Weekday,Tuesday,Maximum_Load
16/01/2018 11:00,83.38,91.55,100.00,36.65,0.00,Weekday,Tuesday,Maximum_Load
25/02/2018 00:45,34.74,77.92,100.00,27.94,0.00,Weekend,Sunday,Light_Load
07/10/2018 06:00,2.56,46.08,100.00,4.93,0.00,Weekend,Sunday,Light_Load
21/01/2018 10:00,5.18,100.00,19.65,0.00,25.85,Weekend,Sunday,Light_Load
14/08/2018 21:30,4.00,100.00,25.75,0.00,15.01,Weekday,Tuesday,Medium_Load
03/06/2018 09:15,2.95,100.00,17.07,0.00,17.03,Weekend,Sunday,Light_Load
04/03/2018 12:15,3.28,100.00,23.38,0.00,13.64,Weekend,Sunday,Light_Load
27/06/2018 08:00,3.85,68.72,100.00,4.07,0.00,Weekday,Wednesday,Light_Load
03/11/2018 16:00,30.20,99.99,99.90,0.50,1.33,Weekend,Saturday,Medium_Load
07/11/2018 19:15,61.85,85.44,100.00,37.62,0.00,Weekday,Wednesday,Maximum_Load
25/06/2018 23:30,3.13,67.51,100.00,3.42,0.00,Weekday,Monday,Light_Load
27/02/2018 10:45,68.11,92.24,100.00,28.51,0.00,Weekday,Tuesday,Maximum_Load
22/03/2018 12:30,7.31,100.00,26.40,0.00,26.71,Weekday,Thursday,Medium_Load
07/03/2018 05:45,3.17,70.71,100.00,3.17,0.00,Weekday,Wednesday,Light_Load
16/09/2018 19:00,2.84,100.00,23.80,0.00,11.59,Weekend,Sunday,Light_Load
07/11/2018 02:30,2.95,54.83,100.00,4.50,0.00,Weekday,Wednesday,Light_Load
21/02/2018 22:15,51.77,96.51,100.00,14.04,0.50,Weekday,Wednesday,Maximum_Load
15/04/2018 05:15,3.46,62.87,100.00,4.28,0.00,Weekend,Sunday,Light_Load
02/03/2018 04:30,3.92,70.98,100.00,3.89,0.00,Weekday,Friday,Light_Load
23/02/2018 17:30,60.19,94.51,100.00,20.81,0.00,Weekday,Friday,Maximum_Load
10/04/2018 13:15,40.00,94.04,99.45,14.47,4.21,Weekday,Tuesday,Maximum_Load
26/04/2018 21:30,5.47,100.00,20.24,0.00,26.46,Weekday,Thursday,Medium_Load
30/04/2018 17:00,53.50,88.35,100.00,28.37,0.00,Weekday,Monday,Maximum_Load
10/05/2018 05:00,3.06,64.35,100.00,3.64,0.00,Weekday,Thursday,Light_Load
16/09/2018 19:15,3.06,100.00,23.10,0.00,12.89,Weekend,Sunday,Light_Load
19/03/2018 20:45,33.70,99.93,98.90,1.26,5.04,Weekday,Monday,Medium_Load
21/02/2018 23:45,75.46,89.22,100.00,38.20,0.00,Weekday,Wednesday,Light_Load
11/12/2018 04:45,3.56,80.11,100.00,2.66,0.00,Weekday,Tuesday,Light_Load
22/06/2018 03:30,3.02,47.34,100.00,5.62,0.00,Weekday,Friday,Light_Load
23/01/2018 06:00,40.14,80.63,100.00,29.45,0.00,Weekday,Tuesday,Light_Load
18/09/2018 11:15,60.55,88.10,100.00,32.51,0.00,Weekday,Tuesday,Maximum_Load
12/05/2018 06:15,2.95,56.75,100.00,4.28,0.00,Weekend,Saturday,Light_Load
23/10/2018 03:30,3.06,46.04,100.00,5.90,0.00,Weekday,Tuesday,Light_Load
10/08/2018 13:45,105.70,90.46,100.00,49.82,0.00,Weekday,Friday,Maximum_Load
26/08/2018 08:00,4.61,51.37,100.00,7.70,0.00,Weekend,Sunday,Light_Load
26/08/2018 00:15,2.56,52.23,100.00,4.18,0.00,Weekend,Sunday,Light_Load
14/11/2018 12:15,6.19,100.00,34.29,0.00,16.96,Weekday,Wednesday,Medium_Load
28/03/2018 05:45,3.02,68.64,100.00,3.20,0.00,Weekday,Wednesday,Light_Load
16/11/2018 17:00,57.24,88.83,100.00,29.59,0.00,Weekday,Friday,Medium_Load
15/07/2018 19:45,44.50,97.18,100.00,10.80,0.32,Weekend,Sunday,Medium_Load
01/10/2018 19:45,39.20,92.00,100.00,16.70,0.00,Weekday,Monday,Medium_Load
19/09/2018 18:15,4.00,100.00,51.09,0.00,6.73,Weekday,Wednesday,Medium_Load
03/04/2018 16:30,84.20,91.26,100.00,37.73,0.00,Weekday,Tuesday,Maximum_Load
07/04/2018 14:30,53.53,99.48,99.96,5.47,1.48,Weekend,Saturday,Maximum_Load
05/02/2018 23:00,42.19,80.89,100.00,30.67,0.00,Weekday,Monday,Maximum_Load
10/01/2018 16:15,105.12,95.70,100.00,31.86,0.00,Weekday,Wednesday,Medium_Load
27/05/2018 14:30,3.02,100.00,18.01,0.00,16.49,Weekend,Sunday,Light_Load
07/02/2018 09:30,61.02,96.42,100.00,16.78,0.00,Weekday,Wednesday,Medium_Load
29/06/2018 06:45,3.17,56.41,100.00,4.64,0.00,Weekday,Friday,Light_Load
17/10/2018 04:15,3.17,45.58,100.00,6.19,0.00,Weekday,Wednesday,Light_Load
06/06/2018 00:00,2.99,47.23,100.00,5.58,0.00,Weekday,Wednesday,Light_Load
27/02/2018 20:30,94.97,93.81,100.00,35.06,0.00,Weekday,Tuesday,Medium_Load
26/10/2018 23:15,3.64,47.96,100.00,6.66,0.00,Weekday,Friday,Light_Load
27/05/2018 10:45,3.42,100.00,19.42,0.00,17.28,Weekend,Sunday,Light_Load
10/08/2018 17:30,99.83,90.08,100.00,48.13,0.00,Weekday,Friday,Medium_Load
06/02/2018 00:15,70.31,87.83,100.00,38.27,0.00,Weekday,Tuesday,Light_Load
25/12/2018 09:15,3.49,100.00,24.01,0.00,14.11,Weekday,Tuesday,Light_Load
17/08/2018 19:15,67.61,86.17,100.00,39.82,0.00,Weekday,Friday,Medium_Load
22/07/2018 11:30,2.70,53.98,100.00,4.21,0.00,Weekend,Sunday,Light_Load
01/09/2018 16:45,26.32,99.98,99.76,0.58,1.84,Weekend,Saturday,Maximum_Load
09/06/2018 06:30,2.92,44.54,100.00,5.87,0.00,Weekend,Saturday,Light_Load
03/03/2018 07:45,3.85,70.34,100.00,3.89,0.00,Weekend,Saturday,Light_Load
02/05/2018 11:15,61.24,76.02,100.00,52.34,0.00,Weekday,Wednesday,Maximum_Load
26/11/2018 13:45,82.58,87.21,100.00,46.33,0.00,Weekday,Monday,Medium_Load
08/07/2018 15:45,44.14,96.89,100.00,11.27,0.00,Weekend,Sunday,Maximum_Load
13/12/2018 12:15,11.38,99.95,52.46,0.36,18.47,Weekday,Thursday,Medium_Load
07/08/2018 14:00,58.54,90.68,100.00,27.22,0.00,Weekday,Tuesday,Maximum_Load
10/03/2018 12:15,5.94,100.00,27.98,0.00,20.38,Weekend,Saturday,Medium_Load
16/07/2018 09:00,89.21,90.75,100.00,41.29,0.00,Weekday,Monday,Light_Load
25/02/2018 12:00,4.14,100.00,70.37,0.00,4.18,Weekend,Sunday,Light_Load
09/12/2018 18:30,3.31,100.00,33.69,0.00,9.25,Weekend,Sunday,Light_Load
27/07/2018 23:45,2.84,51.56,100.00,4.72,0.00,Weekday,Friday,Light_Load
18/03/2018 10:15,3.49,100.00,15.60,0.00,22.10,Weekend,Sunday,Light_Load
13/03/2018 05:00,3.67,62.87,100.00,4.54,0.00,Weekday,Tuesday,Light_Load
15/01/2018 14:45,70.09,93.49,100.00,26.60,0.00,Weekday,Monday,Medium_Load
25/06/2018 13:30,82.26,91.30,100.00,36.76,0.00,Weekday,Monday,Maximum_Load
11/09/2018 11:15,109.58,88.98,100.00,56.20,0.00,Weekday,Tuesday,Maximum_Load
22/05/2018 01:00,3.02,58.29,100.00,4.21,0.00,Weekday,Tuesday,Light_Load
19/04/2018 09:30,58.32,91.51,100.00,25.70,0.00,Weekday,Thursday,Medium_Load
22/11/2018 03:30,3.17,73.55,100.00,2.92,0.00,Weekday,Thursday,Light_Load
04/04/2018 13:00,5.44,100.00,20.06,0.00,26.57,Weekday,Wednesday,Medium_Load
09/11/2018 03:30,2.99,56.29,100.00,4.39,0.00,Weekday,Friday,Light_Load
19/04/2018 03:30,3.02,63.54,100.00,3.67,0.00,Weekday,Thursday,Light_Load
02/02/2018 05:00,6.37,76.52,100.00,5.36,0.00,Weekday,Friday,Light_Load
11/03/2018 02:30,3.13,68.27,100.00,3.35,0.00,Weekend,Sunday,Light_Load
26/12/2018 08:00,5.00,90.08,98.77,2.41,0.79,Weekday,Wednesday,Light_Load
30/03/2018 08:15,44.35,80.69,100.00,32.47,0.00,Weekday,Friday,Light_Load
22/05/2018 00:30,3.06,57.45,100.00,4.36,0.00,Weekday,Tuesday,Light_Load
27/10/2018 19:00,3.64,100.00,20.29,0.00,17.57,Weekend,Saturday,Medium_Load
29/07/2018 15:00,33.30,99.71,99.97,2.52,0.86,Weekend,Sunday,Maximum_Load
26/09/2018 11:00,2.59,100.00,21.06,0.00,12.02,Weekday,Wednesday,Light_Load
30/10/2018 17:00,46.30,93.13,100.00,18.11,0.00,Weekday,Tuesday,Maximum_Load
30/08/2018 22:45,2.88,45.16,100.00,5.69,0.00,Weekday,Thursday,Medium_Load
19/02/2018 01:00,3.28,54.85,100.00,5.00,0.00,Weekday,Monday,Light_Load
08/02/2018 01:30,5.04,63.32,100.00,6.16,0.00,Weekday,Thursday,Light_Load
05/03/2018 16:00,146.88,90.16,100.00,70.49,0.00,Weekday,Monday,Maximum_Load
25/07/2018 00:45,3.24,57.50,100.00,4.61,0.00,Weekday,Wednesday,Light_Load
12/08/2018 08:00,2.63,46.55,100.00,5.00,0.00,Weekend,Sunday,Light_Load
04/07/2018 12:15,8.10,97.96,46.20,1.66,15.55,Weekday,Wednesday,Medium_Load
03/11/2018 22:00,3.67,100.00,19.49,0.00,18.47,Weekend,Saturday,Medium_Load
08/10/2018 05:45,2.88,44.29,100.00,5.83,0.00,Weekday,Monday,Light_Load
16/10/2018 00:45,4.57,49.14,100.00,8.10,0.00,Weekday,Tuesday,Light_Load
14/06/2018 08:15,80.24,83.43,100.00,53.03,0.00,Weekday,Thursday,Light_Load
29/06/2018 15:45,45.11,94.35,100.00,15.84,0.00,Weekday,Friday,Maximum_Load
21/01/2018 18:00,4.97,100.00,18.17,0.00,26.89,Weekend,Sunday,Light_Load
08/09/2018 04:15,3.17,52.20,100.00,5.18,0.00,Weekend,Saturday,Light_Load
01/03/2018 11:00,86.62,97.47,100.00,19.87,0.83,Weekday,Thursday,Maximum_Load
27/08/2018 08:00,3.92,49.13,100.00,6.95,0.00,Weekday,Monday,Light_Load
04/07/2018 00:45,3.24,59.38,100.00,4.39,0.00,Weekday,Wednesday,Light_Load
19/03/2018 10:00,130.21,91.88,100.00,55.94,0.00,Weekday,Monday,Medium_Load
16/07/2018 13:30,71.35,78.94,100.00,55.48,0.00,Weekday,Monday,Maximum_Load
24/11/2018 02:15,3.60,74.33,99.99,3.24,0.04,Weekend,Saturday,Light_Load
16/08/2018 22:45,3.49,56.10,100.00,5.15,0.00,Weekday,Thursday,Medium_Load
30/12/2018 12:15,3.46,100.00,26.21,0.00,12.74,Weekend,Sunday,Light_Load
25/08/2018 10:15,4.61,100.00,24.81,0.00,18.00,Weekend,Saturday,Light_Load
16/07/2018 07:45,3.60,67.64,100.00,3.92,0.00,Weekday,Monday,Light_Load
13/06/2018 23:45,2.84,56.20,100.00,4.18,0.00,Weekday,Wednesday,Light_Load
09/07/2018 16:45,59.11,89.55,100.00,29.38,0.00,Weekday,Monday,Maximum_Load
03/02/2018 13:00,6.41,100.00,24.29,0.00,25.60,Weekend,Saturday,Medium_Load
17/05/2018 11:00,86.54,91.50,100.00,38.16,0.00,Weekday,Thursday,Maximum_Load
30/08/2018 03:30,2.66,47.71,100.00,4.90,0.00,Weekday,Thursday,Light_Load
26/09/2018 06:00,2.56,42.39,100.00,5.47,0.00,Weekday,Wednesday,Light_Load
03/01/2018 01:15,4.64,72.10,100.00,4.46,0.00,Weekday,Wednesday,Light_Load
12/11/2018 19:30,90.25,94.14,100.00,32.33,0.00,Weekday,Monday,Maximum_Load
28/10/2018 08:15,2.77,45.64,100.00,5.40,0.00,Weekend,Sunday,Light_Load
18/06/2018 09:15,86.11,91.34,100.00,38.38,0.00,Weekday,Monday,Medium_Load
30/04/2018 19:45,3.74,100.00,14.89,0.00,24.84,Weekday,Monday,Medium_Load
10/02/2018 09:15,5.58,100.00,20.77,0.00,26.28,Weekend,Saturday,Light_Load
08/06/2018 06:00,2.88,41.80,100.00,6.26,0.00,Weekday,Friday,Light_Load
01/02/2018 20:45,69.80,98.75,100.00,11.16,0.68,Weekday,Thursday,Medium_Load
28/09/2018 11:15,50.26,86.26,100.00,29.48,0.00,Weekday,Friday,Maximum_Load
25/07/2018 06:45,3.06,58.43,100.00,4.25,0.00,Weekday,Wednesday,Light_Load
06/05/2018 09:15,3.20,100.00,18.35,0.00,17.14,Weekend,Sunday,Light_Load
02/06/2018 20:15,3.67,100.00,20.65,0.00,17.39,Weekend,Saturday,Light_Load
06/10/2018 01:45,3.49,41.60,100.00,7.63,0.00,Weekend,Saturday,Light_Load
31/03/2018 18:45,3.38,100.00,17.35,0.00,19.19,Weekend,Saturday,Light_Load
16/10/2018 14:15,70.45,82.67,100.00,47.95,0.00,Weekday,Tuesday,Maximum_Load
10/11/2018 13:45,60.77,91.11,100.00,27.50,0.00,Weekend,Saturday,Medium_Load
25/03/2018 14:00,31.00,100.00,98.58,0.18,5.29,Weekend,Sunday,Maximum_Load
10/04/2018 13:00,5.44,100.00,20.40,0.00,26.10,Weekday,Tuesday,Medium_Load
01/05/2018 02:00,2.92,55.38,100.00,4.39,0.00,Weekday,Tuesday,Light_Load
13/04/2018 00:00,3.56,67.23,100.00,3.92,0.00,Weekday,Friday,Light_Load
17/09/2018 21:30,4.07,100.00,23.30,0.00,16.99,Weekday,Monday,Medium_Load
20/04/2018 03:30,3.06,64.76,100.00,3.60,0.00,Weekday,Friday,Light_Load
23/07/2018 22:00,3.89,100.00,23.40,0.00,16.16,Weekday,Monday,Medium_Load
07/10/2018 19:00,3.46,100.00,29.61,0.00,11.16,Weekend,Sunday,Light_Load
21/05/2018 23:30,3.56,71.41,100.00,3.49,0.00,Weekday,Monday,Light_Load
02/09/2018 06:15,2.56,50.37,100.00,4.39,0.00,Weekend,Sunday,Light_Load
17/10/2018 23:15,3.53,55.00,100.00,5.36,0.00,Weekday,Wednesday,Light_Load
07/02/2018 06:45,4.32,70.14,100.00,4.39,0.00,Weekday,Wednesday,Light_Load
24/09/2018 07:30,2.59,41.67,100.00,5.65,0.00,Weekday,Monday,Light_Load
16/02/2018 01:00,3.35,68.12,100.00,3.60,0.00,Weekday,Friday,Light_Load
20/05/2018 20:15,4.00,100.00,23.82,0.00,16.31,Weekend,Sunday,Medium_Load
15/03/2018 00:45,3.42,52.74,100.00,5.51,0.00,Weekday,Thursday,Light_Load
17/09/2018 03:15,2.77,44.21,100.00,5.62,0.00,Weekday,Monday,Light_Load
19/04/2018 02:45,3.02,64.27,100.00,3.60,0.00,Weekday,Thursday,Light_Load
08/08/2018 16:30,60.73,90.95,100.00,27.76,0.00,Weekday,Wednesday,Maximum_Load
15/01/2018 18:15,62.50,85.22,100.00,38.38,0.32,Weekday,Monday,Maximum_Load
20/12/2018 09:00,63.14,92.56,100.00,25.81,0.00,Weekday,Thursday,Light_Load
21/08/2018 09:15,58.43,84.98,100.00,36.25,0.00,Weekday,Tuesday,Medium_Load
03/02/2018 13:15,20.63,99.99,82.00,0.22,14.40,Weekend,Saturday,Medium_Load
04/04/2018 01:00,3.64,63.83,100.00,4.39,0.00,Weekday,Wednesday,Light_Load
14/08/2018 13:00,5.76,100.00,24.66,0.00,22.64,Weekday,Tuesday,Medium_Load
25/04/2018 11:45,43.70,82.27,100.00,30.20,0.00,Weekday,Wednesday,Maximum_Load
25/06/2018 03:15,2.88,52.41,100.00,4.68,0.00,Weekday,Monday,Light_Load
29/08/2018 03:30,2.74,52.01,100.00,4.50,0.00,Weekday,Wednesday,Light_Load
10/03/2018 07:15,3.10,69.92,100.00,3.17,0.00,Weekend,Saturday,Light_Load
09/04/2018 04:45,3.06,62.22,100.00,3.85,0.00,Weekday,Monday,Light_Load
10/12/2018 08:30,61.06,83.54,100.00,40.18,0.00,Weekday,Monday,Light_Load
29/10/2018 16:30,134.60,89.72,100.00,66.24,0.00,Weekday,Monday,Maximum_Load
04/04/2018 23:15,3.60,62.81,100.00,4.46,0.00,Weekday,Wednesday,Light_Load
03/10/2018 00:00,2.70,46.22,100.00,5.18,0.00,Weekday,Wednesday,Light_Load
17/09/2018 02:30,2.77,44.21,100.00,5.62,0.00,Weekday,Monday,Light_Load
22/06/2018 15:30,41.83,93.52,100.00,15.84,0.00,Weekday,Friday,Maximum_Load
01/09/2018 03:00,3.49,49.11,100.00,6.19,0.00,Weekend,Saturday,Light_Load
07/05/2018 13:00,4.72,100.00,26.81,0.00,16.96,Weekday,Monday,Medium_Load
28/08/2018 02:15,2.59,51.77,100.00,4.28,0.00,Weekday,Tuesday,Light_Load
30/04/2018 03:45,2.84,54.32,100.00,4.39,0.00,Weekday,Monday,Light_Load
23/07/2018 07:45,3.74,63.00,100.00,4.61,0.00,Weekday,Monday,Light_Load
12/10/2018 11:15,53.75,86.70,100.00,30.89,0.00,Weekday,Friday,Maximum_Load
01/11/2018 01:45,3.92,57.00,100.00,5.65,0.00,Weekday,Thursday,Light_Load
13/06/2018 06:15,2.88,49.10,100.00,5.11,0.00,Weekday,Wednesday,Light_Load
23/02/2018 21:15,37.51,100.00,99.33,0.04,4.36,Weekday,Friday,Medium_Load
26/06/2018 02:15,2.66,57.55,100.00,3.78,0.00,Weekday,Tuesday,Light_Load
25/10/2018 10:30,58.72,86.23,100.00,34.49,0.00,Weekday,Thursday,Maximum_Load
17/06/2018 02:30,2.74,56.90,100.00,3.96,0.00,Weekend,Sunday,Light_Load
16/03/2018 09:45,104.72,92.98,100.00,41.44,0.00,Weekday,Friday,Medium_Load
07/05/2018 17:45,42.88,98.78,98.95,6.77,6.26,Weekday,Monday,Medium_Load
06/05/2018 16:00,3.49,100.00,18.39,0.00,18.65,Weekend,Sunday,Light_Load
22/10/2018 12:45,4.61,100.00,27.72,0.00,15.98,Weekday,Monday,Medium_Load
27/02/2018 00:15,5.76,77.35,100.00,4.72,0.00,Weekday,Tuesday,Light_Load
23/01/2018 06:45,39.71,80.15,100.00,29.63,0.00,Weekday,Tuesday,Light_Load
26/09/2018 00:15,2.56,43.10,100.00,5.36,0.00,Weekday,Wednesday,Light_Load
22/08/2018 22:45,2.81,45.89,100.00,5.44,0.00,Weekday,Wednesday,Medium_Load
27/01/2018 00:15,77.72,89.10,100.00,39.60,0.00,Weekend,Saturday,Light_Load
31/08/2018 01:30,2.70,46.93,100.00,5.08,0.00,Weekday,Friday,Light_Load
24/05/2018 23:15,3.56,65.84,100.00,4.07,0.00,Weekday,Thursday,Light_Load
28/06/2018 00:30,2.92,51.19,100.00,4.90,0.00,Weekday,Thursday,Light_Load
23/02/2018 11:30,109.04,84.26,100.00,69.70,0.00,Weekday,Friday,Maximum_Load
22/03/2018 16:00,68.54,98.92,99.99,10.15,1.08,Weekday,Thursday,Maximum_Load
25/07/2018 14:15,57.53,91.21,100.00,25.85,0.00,Weekday,Wednesday,Maximum_Load
22/06/2018 12:30,4.36,100.00,25.66,0.00,16.42,Weekday,Friday,Medium_Load
05/02/2018 22:15,84.35,95.53,100.00,26.10,0.00,Weekday,Monday,Maximum_Load
20/03/2018 18:15,36.50,94.29,99.98,12.89,0.72,Weekday,Tuesday,Medium_Load
08/11/2018 10:30,67.07,88.03,100.00,36.14,0.00,Weekday,Thursday,Maximum_Load
12/09/2018 13:30,64.22,81.92,100.00,44.96,0.00,Weekday,Wednesday,Maximum_Load
01/06/2018 15:00,55.94,90.24,100.00,26.71,0.00,Weekday,Friday,Maximum_Load
08/03/2018 01:30,3.71,69.67,100.00,3.82,0.00,Weekday,Thursday,Light_Load
29/06/2018 09:00,56.81,84.92,100.00,35.32,0.00,Weekday,Friday,Light_Load
13/05/2018 05:45,3.46,63.76,100.00,4.18,0.00,Weekend,Sunday,Light_Load
27/03/2018 08:45,66.38,76.12,100.00,56.56,0.00,Weekday,Tuesday,Light_Load
10/11/2018 01:45,4.90,54.04,100.00,7.63,0.00,Weekend,Saturday,Light_Load
07/11/2018 03:45,2.99,53.51,100.00,4.72,0.00,Weekday,Wednesday,Light_Load
21/09/2018 07:30,2.99,53.84,100.00,4.68,0.00,Weekday,Friday,Light_Load
17/08/2018 17:45,30.06,99.46,99.98,3.13,0.61,Weekday,Friday,Medium_Load
05/12/2018 00:15,3.89,72.09,100.00,3.74,0.00,Weekday,Wednesday,Light_Load
30/09/2018 06:00,2.52,47.73,100.00,4.64,0.00,Weekend,Sunday,Light_Load
24/11/2018 16:00,5.44,100.00,25.17,0.00,20.92,Weekend,Saturday,Light_Load
18/10/2018 19:00,75.20,80.55,100.00,55.33,0.00,Weekday,Thursday,Medium_Load
14/11/2018 05:15,3.02,56.33,100.00,4.43,0.00,Weekday,Wednesday,Light_Load
04/01/2018 14:15,117.97,94.28,100.00,41.72,0.00,Weekday,Thursday,Medium_Load
16/03/2018 08:15,60.55,81.49,100.00,43.06,0.00,Weekday,Friday,Light_Load
21/07/2018 14:15,37.01,97.45,99.99,8.53,0.47,Weekend,Saturday,Maximum_Load
21/01/2018 20:30,5.00,100.00,18.57,0.00,26.46,Weekend,Sunday,Light_Load
03/05/2018 08:00,6.37,68.90,100.00,6.70,0.00,Weekday,Thursday,Light_Load
19/07/2018 17:15,70.20,96.67,100.00,18.58,0.00,Weekday,Thursday,Medium_Load
17/08/2018 12:15,4.07,100.00,42.33,0.00,8.71,Weekday,Friday,Medium_Load
20/08/2018 17:45,34.31,97.21,99.78,8.28,2.30,Weekday,Monday,Medium_Load
25/06/2018 10:30,57.38,91.24,100.00,25.74,0.00,Weekday,Monday,Maximum_Load
02/01/2018 11:00,77.58,95.00,100.00,25.49,0.00,Weekday,Tuesday,Maximum_Load
03/07/2018 01:45,2.70,55.28,100.00,4.07,0.00,Weekday,Tuesday,Light_Load
08/11/2018 06:30,3.02,52.24,100.00,4.93,0.00,Weekday,Thursday,Light_Load
31/01/2018 13:15,76.46,95.29,99.85,24.34,4.25,Weekday,Wednesday,Medium_Load
16/02/2018 22:45,3.13,66.03,100.00,3.56,0.00,Weekday,Friday,Light_Load
08/05/2018 02:15,3.53,68.93,100.00,3.71,0.00,Weekday,Tuesday,Light_Load
14/01/2018 12:45,4.43,100.00,24.93,0.00,17.21,Weekend,Sunday,Medium_Load
19/07/2018 11:45,100.30,79.10,100.00,77.58,0.00,Weekday,Thursday,Maximum_Load
02/07/2018 06:00,2.84,54.32,100.00,4.39,0.00,Weekday,Monday,Light_Load
18/08/2018 01:30,2.63,52.00,100.00,4.32,0.00,Weekend,Saturday,Light_Load
31/10/2018 14:00,96.37,88.76,100.00,50.00,0.00,Weekday,Wednesday,Maximum_Load
25/05/2018 01:00,3.67,65.98,100.00,4.18,0.00,Weekday,Friday,Light_Load
04/04/2018 10:45,53.71,93.48,100.00,20.41,0.00,Weekday,Wednesday,Maximum_Load
19/04/2018 10:15,58.03,93.91,100.00,21.24,0.00,Weekday,Thursday,Maximum_Load
28/10/2018 13:15,3.38,100.00,24.47,0.00,13.39,Weekend,Sunday,Light_Load
28/12/2018 21:30,5.26,100.00,23.96,0.00,21.31,Weekday,Friday,Medium_Load
24/01/2018 05:30,38.95,80.62,100.00,28.58,0.00,Weekday,Wednesday,Light_Load
15/01/2018 20:45,59.69,93.55,100.00,22.54,0.00,Weekday,Monday,Medium_Load
25/07/2018 10:00,47.74,96.95,100.00,12.06,0.07,Weekday,Wednesday,Medium_Load
18/07/2018 17:30,60.30,93.87,100.00,22.14,0.00,Weekday,Wednesday,Medium_Load
15/06/2018 03:15,2.92,47.84,100.00,5.36,0.00,Weekday,Friday,Light_Load
03/03/2018 22:45,2.92,73.93,100.00,2.66,0.00,Weekend,Saturday,Medium_Load
14/01/2018 23:00,4.57,75.25,100.00,4.00,0.00,Weekend,Sunday,Maximum_Load
19/10/2018 02:15,3.64,44.04,100.00,7.42,0.00,Weekday,Friday,Light_Load
20/08/2018 23:30,2.59,57.66,100.00,3.67,0.00,Weekday,Monday,Light_Load
05/06/2018 23:00,3.60,57.82,100.00,5.08,0.00,Weekday,Tuesday,Medium_Load
08/04/2018 00:30,3.56,59.97,100.00,4.75,0.00,Weekend,Sunday,Light_Load
11/01/2018 10:15,73.51,93.23,100.00,28.51,0.00,Weekday,Thursday,Maximum_Load
13/09/2018 14:15,59.80,83.61,100.00,39.24,0.00,Weekday,Thursday,Maximum_Load
09/09/2018 11:30,25.78,99.69,99.88,2.05,1.26,Weekend,Sunday,Maximum_Load
21/10/2018 14:15,3.02,100.00,25.73,0.00,11.34,Weekend,Sunday,Light_Load
06/10/2018 02:30,2.92,43.29,100.00,6.08,0.00,Weekend,Saturday,Light_Load
06/01/2018 21:45,4.10,100.00,16.56,0.00,24.41,Weekend,Saturday,Light_Load
10/06/2018 16:30,3.38,100.00,19.67,0.00,16.85,Weekend,Sunday,Light_Load
15/12/2018 07:30,4.10,72.54,100.00,3.89,0.00,Weekend,Saturday,Light_Load
22/06/2018 18:45,52.31,84.12,100.00,33.62,0.00,Weekday,Friday,Medium_Load
03/03/2018 01:15,3.38,74.13,100.00,3.06,0.00,Weekend,Saturday,Light_Load
07/07/2018 14:45,94.18,96.69,100.00,24.84,0.00,Weekend,Saturday,Maximum_Load
17/05/2018 15:45,119.66,91.13,100.00,54.07,0.00,Weekday,Thursday,Maximum_Load
06/05/2018 05:45,2.95,56.39,100.00,4.32,0.00,Weekend,Sunday,Light_Load
08/12/2018 14:45,37.73,98.36,100.00,6.91,0.00,Weekend,Saturday,Medium_Load
03/06/2018 06:00,2.99,41.90,100.00,6.48,0.00,Weekend,Sunday,Light_Load
22/01/2018 00:00,39.49,79.92,100.00,29.70,0.00,Weekday,Monday,Light_Load
05/05/2018 15:30,3.13,100.00,17.96,0.00,17.14,Weekend,Saturday,Light_Load
27/02/2018 20:00,53.68,95.88,100.00,15.91,0.00,Weekday,Tuesday,Maximum_Load
28/02/2018 22:45,5.36,65.46,100.00,6.19,0.00,Weekday,Wednesday,Maximum_Load
25/10/2018 00:15,3.10,48.10,100.00,5.65,0.00,Weekday,Thursday,Light_Load
03/02/2018 14:45,38.12,99.95,99.97,1.26,0.97,Weekend,Saturday,Medium_Load
07/10/2018 18:30,2.59,100.00,34.31,0.00,7.09,Weekend,Sunday,Light_Load
19/01/2018 14:45,100.26,94.86,100.00,33.44,0.00,Weekday,Friday,Medium_Load
19/08/2018 21:30,2.81,100.00,19.97,0.00,13.79,Weekend,Sunday,Light_Load
13/11/2018 15:30,77.29,93.89,100.00,28.33,0.00,Weekday,Tuesday,Medium_Load
17/11/2018 22:45,3.89,49.66,100.00,6.80,0.00,Weekend,Saturday,Maximum_Load
30/10/2018 07:45,4.50,63.53,100.00,5.47,0.00,Weekday,Tuesday,Light_Load
28/06/2018 23:30,3.56,67.51,100.00,3.89,0.00,Weekday,Thursday,Light_Load
12/04/2018 21:00,20.66,99.95,83.30,0.65,13.72,Weekday,Thursday,Medium_Load
24/06/2018 05:45,2.59,57.66,100.00,3.67,0.00,Weekend,Sunday,Light_Load
01/09/2018 12:15,25.60,91.81,100.00,11.05,0.00,Weekend,Saturday,Medium_Load
02/02/2018 07:15,4.18,66.30,100.00,4.72,0.00,Weekday,Friday,Light_Load
02/08/2018 22:00,3.42,100.00,22.22,0.00,15.01,Weekday,Thursday,Light_Load
08/01/2018 15:45,126.43,91.21,100.00,56.84,0.00,Weekday,Monday,Medium_Load
27/06/2018 16:15,46.19,92.22,100.00,19.37,0.00,Weekday,Wednesday,Maximum_Load
22/01/2018 04:45,3.89,77.23,100.00,3.20,0.00,Weekday,Monday,Light_Load
14/06/2018 20:15,54.50,84.75,100.00,34.13,0.00,Weekday,Thursday,Medium_Load
11/01/2018 21:30,5.18,100.00,19.09,0.00,26.64,Weekday,Thursday,Medium_Load
06/12/2018 14:30,68.22,87.98,100.00,36.86,0.00,Weekday,Thursday,Medium_Load
12/12/2018 13:15,58.86,95.36,99.97,18.58,1.37,Weekday,Wednesday,Medium_Load
20/01/2018 22:15,40.14,95.89,99.97,11.88,0.94,Weekend,Saturday,Maximum_Load
31/12/2018 10:45,3.67,100.00,20.73,0.00,17.32,Weekday,Monday,Light_Load
18/12/2018 00:00,4.14,79.12,99.86,3.20,0.22,Weekday,Tuesday,Light_Load
29/09/2018 17:30,3.46,100.00,19.02,0.00,17.86,Weekend,Saturday,Medium_Load
06/05/2018 16:45,3.17,100.00,18.37,0.00,16.96,Weekend,Sunday,Light_Load
20/03/2018 13:00,5.58,100.00,20.69,0.00,26.39,Weekday,Tuesday,Medium_Load
18/07/2018 22:45,2.84,100.00,51.32,0.00,4.75,Weekday,Wednesday,Medium_Load
11/06/2018 23:00,3.71,55.64,100.00,5.54,0.00,Weekday,Monday,Medium_Load
13/12/2018 20:00,61.16,93.73,100.00,22.75,0.00,Weekday,Thursday,Maximum_Load
27/06/2018 21:00,3.74,100.00,16.43,0.00,22.46,Weekday,Wednesday,Medium_Load
19/08/2018 07:15,2.66,48.01,100.00,4.86,0.00,Weekend,Sunday,Light_Load
25/09/2018 01:45,2.59,41.25,100.00,5.72,0.00,Weekday,Tuesday,Light_Load
15/01/2018 13:45,153.14,90.85,100.00,70.45,0.00,Weekday,Monday,Medium_Load
30/05/2018 04:15,3.35,57.63,100.00,4.75,0.00,Weekday,Wednesday,Light_Load
14/01/2018 14:30,28.12,100.00,93.94,0.00,10.26,Weekend,Sunday,Medium_Load
19/11/2018 03:15,2.95,53.00,100.00,4.72,0.00,Weekday,Monday,Light_Load
15/04/2018 06:00,3.10,64.53,100.00,3.67,0.00,Weekend,Sunday,Light_Load
12/07/2018 07:00,2.99,51.32,100.00,5.00,0.00,Weekday,Thursday,Light_Load
06/03/2018 22:45,4.86,72.03,100.00,4.68,0.00,Weekday,Tuesday,Medium_Load
09/05/2018 16:30,76.68,88.36,100.00,40.64,0.00,Weekday,Wednesday,Maximum_Load
13/07/2018 00:00,2.59,56.93,100.00,3.74,0.00,Weekday,Friday,Light_Load
08/08/2018 14:30,79.56,87.38,100.00,44.28,0.00,Weekday,Wednesday,Maximum_Load
28/12/2018 15:00,48.02,96.42,100.00,13.21,0.00,Weekday,Friday,Medium_Load
10/05/2018 02:45,3.02,65.01,100.00,3.53,0.00,Weekday,Thursday,Light_Load
03/07/2018 00:00,3.42,64.70,100.00,4.03,0.00,Weekday,Tuesday,Light_Load
24/10/2018 10:15,80.78,90.60,100.00,37.73,0.00,Weekday,Wednesday,Maximum_Load
03/06/2018 12:30,3.02,100.00,17.75,0.00,16.74,Weekend,Sunday,Light_Load
26/11/2018 09:00,90.61,88.18,100.00,48.46,0.00,Weekday,Monday,Light_Load
31/07/2018 13:45,57.67,91.74,100.00,25.02,0.00,Weekday,Tuesday,Maximum_Load
18/08/2018 13:15,26.89,97.10,98.21,6.62,5.15,Weekend,Saturday,Maximum_Load
13/01/2018 23:00,4.61,72.42,100.00,4.39,0.00,Weekend,Saturday,Maximum_Load
16/09/2018 10:15,2.84,100.00,23.80,0.00,11.59,Weekend,Sunday,Light_Load
13/05/2018 10:00,3.71,100.00,16.71,0.00,21.89,Weekend,Sunday,Light_Load
08/10/2018 01:30,2.56,46.08,100.00,4.93,0.00,Weekday,Monday,Light_Load
10/04/2018 15:15,48.17,94.04,100.00,17.42,0.00,Weekday,Tuesday,Maximum_Load
06/01/2018 09:30,4.43,100.00,16.56,0.00,26.39,Weekend,Saturday,Light_Load
09/08/2018 04:00,2.77,46.87,100.00,5.22,0.00,Weekday,Thursday,Light_Load
29/11/2018 14:45,59.51,90.16,100.00,28.55,0.00,Weekday,Thursday,Medium_Load
31/01/2018 23:45,95.00,89.88,100.00,46.33,0.00,Weekday,Wednesday,Light_Load
17/11/2018 15:45,132.30,88.37,100.00,70.06,0.00,Weekend,Saturday,Medium_Load
17/01/2018 20:15,39.78,99.98,99.91,0.79,1.73,Weekday,Wednesday,Medium_Load
06/04/2018 18:45,53.06,97.50,100.00,12.10,0.11,Weekday,Friday,Medium_Load
26/07/2018 22:15,3.71,92.62,56.13,1.51,5.47,Weekday,Thursday,Medium_Load
28/02/2018 19:45,47.88,98.66,100.00,7.92,0.04,Weekday,Wednesday,Maximum_Load
20/08/2018 14:15,45.32,92.43,100.00,18.72,0.00,Weekday,Monday,Maximum_Load
04/07/2018 03:45,2.84,58.97,100.00,3.89,0.00,Weekday,Wednesday,Light_Load
27/04/2018 14:15,98.35,92.95,100.00,39.02,0.00,Weekday,Friday,Maximum_Load
17/03/2018 22:30,3.06,65.50,100.00,3.53,0.00,Weekend,Saturday,Medium_Load
23/06/2018 10:00,27.68,99.99,99.63,0.40,2.38,Weekend,Saturday,Medium_Load
06/10/2018 01:15,2.84,43.13,100.00,5.94,0.00,Weekend,Saturday,Light_Load
02/11/2018 01:15,3.10,48.83,100.00,5.54,0.00,Weekday,Friday,Light_Load
13/09/2018 23:00,4.28,52.82,100.00,6.88,0.00,Weekday,Thursday,Medium_Load
01/03/2018 22:00,3.49,100.00,18.71,0.00,18.32,Weekday,Thursday,Medium_Load
14/12/2018 05:00,4.46,78.75,100.00,3.49,0.04,Weekday,Friday,Light_Load
03/01/2018 15:00,55.80,95.93,100.00,16.42,0.00,Weekday,Wednesday,Medium_Load
06/06/2018 02:00,3.64,58.86,100.00,5.00,0.00,Weekday,Wednesday,Light_Load
08/08/2018 04:00,3.17,46.84,100.00,5.98,0.00,Weekday,Wednesday,Light_Load
11/05/2018 06:30,3.06,56.57,100.00,4.46,0.00,Weekday,Friday,Light_Load
20/05/2018 06:00,3.06,46.23,100.00,5.87,0.00,Weekend,Sunday,Light_Load
04/06/2018 20:30,62.53,87.31,100.00,34.92,0.00,Weekday,Monday,Medium_Load
16/01/2018 03:30,4.64,62.27,100.00,5.83,0.00,Weekday,Tuesday,Light_Load
25/03/2018 02:45,3.06,65.50,100.00,3.53,0.00,Weekend,Sunday,Light_Load
26/05/2018 23:45,2.70,52.65,100.00,4.36,0.00,Weekend,Saturday,Light_Load
28/04/2018 06:15,3.38,63.61,100.00,4.10,0.00,Weekend,Saturday,Light_Load
31/05/2018 19:45,3.96,100.00,16.56,0.00,23.58,Weekday,Thursday,Medium_Load
18/04/2018 10:45,79.02,92.26,100.00,33.05,0.00,Weekday,Wednesday,Maximum_Load
20/04/2018 20:30,16.24,100.00,65.45,0.00,18.76,Weekday,Friday,Medium_Load
04/01/2018 22:30,4.82,60.34,100.00,6.37,0.00,Weekday,Thursday,Maximum_Load
04/05/2018 00:00,3.56,69.63,100.00,3.67,0.00,Weekday,Friday,Light_Load
21/07/2018 15:45,36.65,98.21,99.97,7.02,0.90,Weekend,Saturday,Maximum_Load
09/07/2018 18:30,42.66,84.50,100.00,27.00,0.00,Weekday,Monday,Medium_Load
03/04/2018 22:00,4.18,100.00,16.34,0.00,25.24,Weekday,Tuesday,Medium_Load
02/11/2018 05:45,3.06,49.58,100.00,5.36,0.00,Weekday,Friday,Light_Load
20/08/2018 04:30,2.63,47.90,100.00,4.82,0.00,Weekday,Monday,Light_Load
26/07/2018 14:15,42.55,98.21,100.00,8.17,0.00,Weekday,Thursday,Maximum_Load
10/05/2018 07:45,3.67,70.33,100.00,3.71,0.00,Weekday,Thursday,Light_Load
19/11/2018 09:00,58.86,91.83,100.00,25.38,0.00,Weekday,Monday,Light_Load
07/06/2018 16:30,58.54,89.47,100.00,29.23,0.00,Weekday,Thursday,Maximum_Load
09/10/2018 00:00,3.46,46.49,100.00,6.59,0.00,Weekday,Tuesday,Light_Load
06/09/2018 23:15,4.64,45.99,100.00,8.96,0.00,Weekday,Thursday,Light_Load
21/09/2018 06:00,2.88,48.59,100.00,5.18,0.00,Weekday,Friday,Light_Load
15/02/2018 05:30,3.60,56.26,100.00,5.29,0.00,Weekday,Thursday,Light_Load
07/01/2018 16:15,4.21,100.00,17.42,0.00,23.80,Weekend,Sunday,Light_Load
19/03/2018 12:00,60.12,79.64,100.00,45.65,0.00,Weekday,Monday,Maximum_Load
21/01/2018 02:45,40.03,79.79,100.00,30.24,0.00,Weekend,Sunday,Light_Load
02/01/2018 06:00,3.67,67.97,100.00,3.96,0.00,Weekday,Tuesday,Light_Load
01/05/2018 10:45,3.10,100.00,18.02,0.00,16.92,Weekday,Tuesday,Light_Load
07/03/2018 08:15,54.72,78.66,100.00,42.95,0.00,Weekday,Wednesday,Light_Load
15/10/2018 17:15,87.52,92.31,100.00,36.47,0.00,Weekday,Monday,Medium_Load
30/08/2018 00:00,2.74,49.11,100.00,4.86,0.00,Weekday,Thursday,Light_Load
30/03/2018 03:00,3.13,60.31,100.00,4.14,0.00,Weekday,Friday,Light_Load
01/09/2018 20:45,2.99,100.00,25.79,0.00,11.20,Weekend,Saturday,Medium_Load
01/10/2018 16:45,51.37,87.70,100.00,28.15,0.00,Weekday,Monday,Maximum_Load
18/01/2018 19:45,141.66,92.08,100.00,60.01,0.00,Weekday,Thursday,Maximum_Load
17/06/2018 19:45,2.99,100.00,17.19,0.00,17.14,Weekend,Sunday,Light_Load
04/03/2018 02:15,3.06,61.14,100.00,3.96,0.00,Weekend,Sunday,Light_Load
29/06/2018 18:45,51.34,88.41,100.00,27.14,0.00,Weekday,Friday,Medium_Load
23/10/2018 00:30,3.60,49.20,100.00,6.37,0.00,Weekday,Tuesday,Light_Load
05/06/2018 19:30,124.27,90.30,100.00,59.11,0.00,Weekday,Tuesday,Medium_Load
28/10/2018 10:00,3.17,100.00,28.70,0.00,10.58,Weekend,Sunday,Light_Load
05/07/2018 07:15,3.06,55.30,100.00,4.61,0.00,Weekday,Thursday,Light_Load
30/09/2018 13:45,2.74,100.00,22.47,0.00,11.88,Weekend,Sunday,Light_Load
06/03/2018 15:45,73.69,94.31,100.00,25.99,0.00,Weekday,Tuesday,Maximum_Load
05/11/2018 07:15,3.31,62.82,100.00,4.10,0.00,Weekday,Monday,Light_Load
29/09/2018 18:15,3.35,100.00,46.15,0.00,6.44,Weekend,Saturday,Medium_Load
11/09/2018 20:00,32.15,94.99,100.00,10.58,0.00,Weekday,Tuesday,Medium_Load
27/11/2018 20:30,49.21,96.47,100.00,13.43,0.00,Weekday,Tuesday,Medium_Load
18/06/2018 08:45,92.41,81.52,100.00,65.66,0.00,Weekday,Monday,Light_Load
23/05/2018 11:15,110.09,83.24,100.00,73.30,0.00,Weekday,Wednesday,Maximum_Load
10/01/2018 08:15,94.61,84.89,100.00,58.90,0.00,Weekday,Wednesday,Light_Load
12/03/2018 08:30,87.30,82.63,100.00,59.51,0.00,Weekday,Monday,Light_Load
13/02/2018 04:45,5.94,72.46,100.00,5.65,0.00,Weekday,Tuesday,Light_Load
08/07/2018 08:00,18.76,74.48,100.00,16.81,0.00,Weekend,Sunday,Light_Load
03/01/2018 12:30,8.21,100.00,29.89,0.00,26.21,Weekday,Wednesday,Medium_Load
02/10/2018 00:45,2.63,51.05,100.00,4.43,0.00,Weekday,Tuesday,Light_Load
05/03/2018 19:45,71.64,96.11,100.00,20.59,0.00,Weekday,Monday,Medium_Load
05/11/2018 13:30,68.87,84.79,100.00,43.06,0.00,Weekday,Monday,Medium_Load
26/12/2018 10:15,52.06,93.81,100.00,19.22,0.00,Weekday,Wednesday,Maximum_Load
26/05/2018 01:30,3.10,51.35,100.00,5.18,0.00,Weekend,Saturday,Light_Load
30/01/2018 18:45,63.50,93.00,100.00,25.09,0.00,Weekday,Tuesday,Maximum_Load
17/02/2018 07:15,3.78,58.14,100.00,5.29,0.00,Weekend,Saturday,Light_Load
20/06/2018 16:30,52.16,90.88,100.00,23.94,0.00,Weekday,Wednesday,Maximum_Load
22/09/2018 01:15,2.52,48.86,100.00,4.50,0.00,Weekend,Saturday,Light_Load
10/10/2018 05:30,2.92,52.61,100.00,4.72,0.00,Weekday,Wednesday,Light_Load
20/07/2018 07:00,2.74,46.76,100.00,5.18,0.00,Weekday,Friday,Light_Load
15/03/2018 21:45,4.28,100.00,18.07,0.00,23.29,Weekday,Thursday,Medium_Load
30/04/2018 03:15,2.88,54.85,100.00,4.39,0.00,Weekday,Monday,Light_Load
12/05/2018 21:15,3.82,100.00,14.68,0.00,25.74,Weekend,Saturday,Medium_Load
27/04/2018 13:30,62.35,95.10,100.00,20.27,0.00,Weekday,Friday,Maximum_Load
07/10/2018 19:45,2.84,100.00,23.51,0.00,11.74,Weekend,Sunday,Light_Load
22/08/2018 21:30,3.02,100.00,22.11,0.00,13.32,Weekday,Wednesday,Medium_Load
19/01/2018 20:00,106.74,92.80,100.00,42.84,0.00,Weekday,Friday,Maximum_Load
27/04/2018 17:15,40.03,97.75,100.00,8.64,0.00,Weekday,Friday,Medium_Load
06/11/2018 12:30,5.90,100.00,31.37,0.00,17.86,Weekday,Tuesday,Medium_Load
15/05/2018 00:00,3.82,62.91,100.00,4.72,0.00,Weekday,Tuesday,Light_Load
01/11/2018 08:30,106.49,83.73,100.00,69.55,0.00,Weekday,Thursday,Light_Load
08/12/2018 23:30,3.71,76.74,99.93,3.10,0.14,Weekend,Saturday,Light_Load
04/08/2018 14:30,3.35,100.00,15.13,0.00,21.89,Weekend,Saturday,Light_Load
20/07/2018 22:45,3.60,100.00,67.92,0.00,3.89,Weekday,Friday,Medium_Load
24/12/2018 02:00,3.49,81.07,100.00,2.52,0.00,Weekday,Monday,Light_Load
24/12/2018 08:15,21.89,85.67,99.99,13.18,0.32,Weekday,Monday,Light_Load
20/08/2018 22:45,2.77,52.42,100.00,4.50,0.00,Weekday,Monday,Medium_Load
01/08/2018 11:15,2.59,100.00,30.22,0.00,8.17,Weekday,Wednesday,Light_Load
21/10/2018 15:45,10.37,99.98,65.76,0.22,11.88,Weekend,Sunday,Light_Load
11/06/2018 12:30,3.71,100.00,21.59,0.00,16.78,Weekday,Monday,Medium_Load
19/01/2018 15:15,77.87,95.93,100.00,22.93,0.00,Weekday,Friday,Medium_Load
29/07/2018 22:30,2.77,47.87,100.00,5.08,0.00,Weekend,Sunday,Medium_Load
26/09/2018 00:30,2.66,43.73,100.00,5.47,0.00,Weekday,Wednesday,Light_Load
04/09/2018 14:15,90.79,88.93,100.00,46.69,0.00,Weekday,Tuesday,Maximum_Load
30/11/2018 15:00,44.71,95.97,100.00,13.10,0.00,Weekday,Friday,Medium_Load
08/06/2018 10:30,45.18,89.48,100.00,22.54,0.00,Weekday,Friday,Maximum_Load
19/06/2018 04:15,2.77,51.83,100.00,4.57,0.00,Weekday,Tuesday,Light_Load
16/08/2018 10:00,80.21,90.80,100.00,37.01,0.00,Weekday,Thursday,Medium_Load
18/08/2018 16:30,89.71,91.93,100.00,38.41,0.00,Weekend,Saturday,Maximum_Load
03/06/2018 17:30,2.99,100.00,17.40,0.00,16.92,Weekend,Sunday,Light_Load
18/03/2018 05:30,3.02,70.24,100.00,3.06,0.00,Weekend,Sunday,Light_Load
08/04/2018 13:00,4.03,100.00,22.94,0.00,17.10,Weekend,Sunday,Medium_Load
20/04/2018 00:30,3.56,72.11,100.00,3.42,0.00,Weekday,Friday,Light_Load
07/02/2018 21:00,41.26,99.95,99.97,1.33,1.08,Weekday,Wednesday,Medium_Load
12/03/2018 20:45,49.79,97.03,100.00,12.42,0.00,Weekday,Monday,Medium_Load
31/05/2018 16:15,52.99,92.95,100.00,21.02,0.00,Weekday,Thursday,Maximum_Load
20/02/2018 21:15,41.11,99.99,99.89,0.43,1.94,Weekday,Tuesday,Medium_Load
04/10/2018 23:45,3.60,48.17,100.00,6.55,0.00,Weekday,Thursday,Light_Load
19/10/2018 12:30,5.18,100.00,28.93,0.00,17.14,Weekday,Friday,Medium_Load
28/12/2018 02:15,3.82,83.07,99.46,2.56,0.40,Weekday,Friday,Light_Load
14/10/2018 23:15,2.74,48.81,100.00,4.90,0.00,Weekend,Sunday,Light_Load
11/07/2018 09:30,53.35,88.86,100.00,27.54,0.00,Weekday,Wednesday,Medium_Load
14/08/2018 17:45,29.92,99.98,98.65,0.54,4.97,Weekday,Tuesday,Medium_Load
24/08/2018 17:30,45.54,93.57,100.00,17.17,0.04,Weekday,Friday,Medium_Load
19/11/2018 01:00,2.95,54.49,100.00,4.54,0.00,Weekday,Monday,Light_Load
08/09/2018 00:45,3.10,51.06,100.00,5.22,0.00,Weekend,Saturday,Light_Load
07/05/2018 17:00,103.79,92.38,100.00,43.02,0.00,Weekday,Monday,Maximum_Load
10/12/2018 00:30,3.02,81.34,99.93,2.16,0.11,Weekday,Monday,Light_Load
15/10/2018 23:15,3.64,47.19,100.00,6.80,0.00,Weekday,Monday,Light_Load
16/12/2018 06:15,3.31,80.84,100.00,2.41,0.00,Weekend,Sunday,Light_Load
19/09/2018 04:30,2.70,47.22,100.00,5.04,0.00,Weekday,Wednesday,Light_Load
25/07/2018 02:15,3.02,55.13,100.00,4.57,0.00,Weekday,Wednesday,Light_Load
15/04/2018 06:30,3.06,63.63,100.00,3.71,0.00,Weekend,Sunday,Light_Load
28/07/2018 14:15,71.53,88.43,100.00,37.76,0.00,Weekend,Saturday,Maximum_Load
29/05/2018 17:30,47.23,96.89,100.00,12.06,0.04,Weekday,Tuesday,Medium_Load
28/10/2018 00:00,2.74,48.06,100.00,5.00,0.00,Weekend,Sunday,Light_Load
20/04/2018 23:00,3.46,71.53,100.00,3.38,0.00,Weekday,Friday,Medium_Load
11/10/2018 23:30,3.82,51.61,100.00,6.34,0.00,Weekday,Thursday,Light_Load
03/08/2018 08:15,2.84,41.87,100.00,6.16,0.00,Weekday,Friday,Light_Load
22/03/2018 00:00,5.08,66.86,100.00,5.65,0.00,Weekday,Thursday,Light_Load
03/01/2018 02:15,4.61,72.42,100.00,4.39,0.00,Weekday,Wednesday,Light_Load
07/04/2018 06:45,3.20,51.26,100.00,5.36,0.00,Weekend,Saturday,Light_Load
16/05/2018 02:30,3.92,60.05,100.00,5.22,0.00,Weekday,Wednesday,Light_Load
30/04/2018 22:30,3.46,64.77,100.00,4.07,0.00,Weekday,Monday,Medium_Load
10/07/2018 08:30,49.54,69.52,100.00,51.23,0.00,Weekday,Tuesday,Light_Load
02/06/2018 22:30,2.95,47.00,100.00,5.54,0.00,Weekend,Saturday,Light_Load
21/04/2018 03:15,2.92,66.49,100.00,3.28,0.00,Weekend,Saturday,Light_Load
21/03/2018 06:30,3.28,65.54,100.00,3.78,0.00,Weekday,Wednesday,Light_Load
05/08/2018 14:00,3.06,100.00,18.52,0.00,16.24,Weekend,Sunday,Light_Load
17/12/2018 08:30,53.35,79.18,100.00,41.15,0.00,Weekday,Monday,Light_Load
29/10/2018 15:00,83.48,90.23,100.00,39.89,0.00,Weekday,Monday,Maximum_Load
01/09/2018 06:45,3.53,50.21,100.00,6.08,0.00,Weekend,Saturday,Light_Load
09/11/2018 11:30,64.19,87.35,100.00,35.78,0.00,Weekday,Friday,Maximum_Load
07/10/2018 20:00,3.06,100.00,20.79,0.00,14.40,Weekend,Sunday,Light_Load
11/11/2018 16:45,4.03,100.00,21.00,0.00,18.76,Weekend,Sunday,Light_Load
02/12/2018 13:30,3.64,100.00,25.16,0.00,14.00,Weekend,Sunday,Light_Load
21/03/2018 02:15,3.60,65.26,100.00,4.18,0.00,Weekday,Wednesday,Light_Load
26/08/2018 22:15,2.99,94.05,68.62,1.08,3.17,Weekend,Sunday,Medium_Load
16/08/2018 09:45,116.60,89.99,100.00,56.52,0.00,Weekday,Thursday,Medium_Load
28/09/2018 06:15,3.85,45.72,100.00,7.49,0.00,Weekday,Friday,Light_Load
04/06/2018 01:45,2.84,47.79,100.00,5.22,0.00,Weekday,Monday,Light_Load
17/07/2018 00:45,2.95,100.00,60.13,0.00,3.92,Weekday,Tuesday,Light_Load
28/12/2018 05:15,3.89,82.15,99.72,2.70,0.29,Weekday,Friday,Light_Load
10/05/2018 10:30,71.24,85.85,100.00,42.55,0.00,Weekday,Thursday,Maximum_Load
29/09/2018 15:30,50.62,91.93,100.00,21.67,0.00,Weekend,Saturday,Maximum_Load
03/02/2018 15:45,38.23,99.97,99.80,0.90,2.41,Weekend,Saturday,Medium_Load
30/03/2018 01:00,3.53,64.88,100.00,4.14,0.00,Weekday,Friday,Light_Load
03/05/2018 05:45,3.67,66.97,100.00,4.07,0.00,Weekday,Thursday,Light_Load
05/06/2018 04:45,3.53,51.34,100.00,5.90,0.00,Weekday,Tuesday,Light_Load
23/11/2018 00:30,4.64,88.74,99.99,2.41,0.07,Weekday,Friday,Light_Load
06/03/2018 15:15,74.63,90.04,100.00,36.07,0.00,Weekday,Tuesday,Maximum_Load
12/05/2018 21:00,3.74,100.00,14.72,0.00,25.13,Weekend,Saturday,Medium_Load
06/04/2018 01:15,3.89,59.24,100.00,5.29,0.00,Weekday,Friday,Light_Load
07/10/2018 04:30,2.66,48.32,100.00,4.82,0.00,Weekend,Sunday,Light_Load
22/09/2018 02:30,3.02,45.75,100.00,5.87,0.00,Weekend,Saturday,Light_Load
24/04/2018 10:15,48.35,98.30,100.00,9.04,0.00,Weekday,Tuesday,Maximum_Load
29/06/2018 17:15,51.88,91.95,100.00,22.18,0.00,Weekday,Friday,Medium_Load
10/01/2018 22:15,4.90,92.72,30.90,1.98,15.08,Weekday,Wednesday,Maximum_Load
04/03/2018 15:45,3.24,100.00,18.00,0.00,17.71,Weekend,Sunday,Light_Load
17/08/2018 11:45,45.07,80.00,100.00,33.80,0.00,Weekday,Friday,Maximum_Load
22/04/2018 00:30,3.17,60.43,100.00,4.18,0.00,Weekend,Sunday,Light_Load
02/06/2018 03:00,2.95,48.92,100.00,5.26,0.00,Weekend,Saturday,Light_Load
10/11/2018 12:30,4.57,100.00,37.07,0.00,11.45,Weekend,Saturday,Medium_Load
01/05/2018 12:45,3.24,100.00,19.53,0.00,16.27,Weekday,Tuesday,Light_Load
01/03/2018 06:00,4.10,60.19,100.00,5.44,0.00,Weekday,Thursday,Light_Load
04/06/2018 07:15,2.95,47.67,100.00,5.44,0.00,Weekday,Monday,Light_Load
01/03/2018 04:00,3.67,60.82,100.00,4.79,0.00,Weekday,Thursday,Light_Load
04/06/2018 03:45,3.31,54.37,100.00,5.11,0.00,Weekday,Monday,Light_Load
20/08/2018 10:45,101.20,84.81,100.00,63.22,0.00,Weekday,Monday,Maximum_Load
12/02/2018 06:45,4.46,71.27,100.00,4.39,0.00,Weekday,Monday,Light_Load
17/04/2018 02:00,3.42,60.85,100.00,4.46,0.00,Weekday,Tuesday,Light_Load
08/06/2018 06:15,2.95,42.63,100.00,6.26,0.00,Weekday,Friday,Light_Load
08/10/2018 02:15,2.56,45.29,100.00,5.04,0.00,Weekday,Monday,Light_Load
26/11/2018 23:30,4.64,78.68,100.00,3.64,0.04,Weekday,Monday,Light_Load
26/04/2018 19:30,119.34,91.45,100.00,52.81,0.00,Weekday,Thursday,Medium_Load
30/04/2018 06:30,3.06,59.07,100.00,4.18,0.00,Weekday,Monday,Light_Load
27/05/2018 15:15,3.28,100.00,19.18,0.00,16.78,Weekend,Sunday,Light_Load
11/11/2018 05:15,2.84,53.37,100.00,4.50,0.00,Weekend,Sunday,Light_Load
23/06/2018 07:00,3.20,57.36,100.00,4.57,0.00,Weekend,Saturday,Light_Load
16/05/2018 04:15,3.24,53.25,100.00,5.15,0.00,Weekday,Wednesday,Light_Load
16/03/2018 08:30,118.66,86.36,100.00,69.26,0.00,Weekday,Friday,Light_Load
05/09/2018 10:30,55.40,82.51,100.00,37.94,0.00,Weekday,Wednesday,Maximum_Load
28/01/2018 11:00,27.86,100.00,93.24,0.00,10.80,Weekend,Sunday,Maximum_Load
18/06/2018 12:45,4.93,100.00,20.52,0.00,23.51,Weekday,Monday,Medium_Load
06/10/2018 13:00,24.23,99.95,99.63,0.76,2.09,Weekend,Saturday,Medium_Load
05/02/2018 05:45,4.50,69.62,100.00,4.64,0.00,Weekday,Monday,Light_Load
16/01/2018 02:15,4.61,63.96,100.00,5.54,0.00,Weekday,Tuesday,Light_Load
27/04/2018 10:30,50.87,97.46,100.00,11.70,0.18,Weekday,Friday,Maximum_Load
09/05/2018 20:15,45.22,94.47,100.00,15.70,0.00,Weekday,Wednesday,Medium_Load
02/10/2018 12:15,3.67,100.00,28.25,0.00,12.46,Weekday,Tuesday,Medium_Load
28/04/2018 13:30,76.28,99.86,100.00,4.10,0.61,Weekend,Saturday,Maximum_Load
14/03/2018 00:45,3.82,64.72,100.00,4.50,0.00,Weekday,Wednesday,Light_Load
22/04/2018 08:15,21.13,73.84,100.00,19.30,0.00,Weekend,Sunday,Light_Load
25/12/2018 00:15,3.85,81.47,99.57,2.74,0.36,Weekday,Tuesday,Light_Load
06/09/2018 03:15,2.95,45.58,100.00,5.76,0.00,Weekday,Thursday,Light_Load
13/05/2018 13:15,3.13,100.00,18.19,0.00,16.92,Weekend,Sunday,Light_Load
04/12/2018 03:15,3.64,66.39,100.00,4.10,0.00,Weekday,Tuesday,Light_Load
26/11/2018 21:30,6.23,100.00,28.64,0.00,20.84,Weekday,Monday,Medium_Load
14/02/2018 07:30,4.18,62.00,100.00,5.29,0.00,Weekday,Wednesday,Light_Load
07/10/2018 14:15,3.13,100.00,19.68,0.00,15.59,Weekend,Sunday,Light_Load
03/09/2018 11:30,39.13,94.90,100.00,13.00,0.00,Weekday,Monday,Maximum_Load
10/04/2018 03:30,3.56,65.56,100.00,4.10,0.00,Weekday,Tuesday,Light_Load
02/07/2018 16:45,49.75,92.18,100.00,20.92,0.00,Weekday,Monday,Maximum_Load
05/05/2018 03:00,3.02,61.32,100.00,3.89,0.00,Weekend,Saturday,Light_Load
26/03/2018 05:30,3.10,67.16,100.00,3.42,0.00,Weekday,Monday,Light_Load
08/04/2018 00:00,2.99,64.63,100.00,3.53,0.00,Weekend,Sunday,Light_Load
21/05/2018 15:00,52.88,88.29,100.00,28.12,0.00,Weekday,Monday,Maximum_Load
07/06/2018 16:00,40.46,96.29,100.00,11.34,0.00,Weekday,Thursday,Maximum_Load
27/01/2018 09:15,32.47,100.00,94.83,0.00,10.87,Weekend,Saturday,Medium_Load
09/08/2018 22:00,3.89,100.00,23.60,0.00,16.02,Weekday,Thursday,Medium_Load
14/05/2018 16:00,60.62,91.08,100.00,27.47,0.00,Weekday,Monday,Maximum_Load
13/06/2018 02:00,3.46,55.54,100.00,5.18,0.00,Weekday,Wednesday,Light_Load
28/08/2018 23:45,2.92,52.93,100.00,4.68,0.00,Weekday,Tuesday,Light_Load
19/02/2018 08:30,59.00,78.95,100.00,45.86,0.00,Weekday,Monday,Light_Load
01/11/2018 12:30,6.44,100.00,34.68,0.00,17.42,Weekday,Thursday,Medium_Load
09/03/2018 02:45,4.93,78.81,100.00,3.85,0.00,Weekday,Friday,Light_Load
10/04/2018 09:00,117.47,90.22,100.00,56.16,0.00,Weekday,Tuesday,Light_Load
11/09/2018 11:30,90.25,87.58,100.00,49.75,0.00,Weekday,Tuesday,Maximum_Load
06/07/2018 06:45,3.20,48.12,100.00,5.83,0.00,Weekday,Friday,Light_Load
13/01/2018 22:15,4.86,94.02,30.02,1.76,15.44,Weekend,Saturday,Maximum_Load
20/07/2018 18:00,31.21,100.00,97.73,0.00,6.77,Weekday,Friday,Medium_Load
24/07/2018 03:45,3.02,50.08,100.00,5.22,0.00,Weekday,Tuesday,Light_Load
14/02/2018 01:30,13.03,80.89,100.00,9.47,0.00,Weekday,Wednesday,Light_Load
04/11/2018 13:30,92.05,96.20,100.00,26.14,0.00,Weekend,Sunday,Medium_Load
24/05/2018 03:30,3.53,63.89,100.00,4.25,0.00,Weekday,Thursday,Light_Load
11/12/2018 22:45,4.97,76.53,100.00,4.18,0.00,Weekday,Tuesday,Maximum_Load
23/03/2018 01:15,3.89,62.18,100.00,4.90,0.00,Weekday,Friday,Light_Load
27/02/2018 13:30,50.62,95.70,100.00,15.34,0.00,Weekday,Tuesday,Medium_Load
25/03/2018 17:45,4.10,100.00,15.62,0.00,25.92,Weekend,Sunday,Medium_Load
27/06/2018 12:30,4.39,100.00,24.92,0.00,17.06,Weekday,Wednesday,Medium_Load
11/11/2018 10:45,2.95,100.00,23.84,0.00,12.02,Weekend,Sunday,Light_Load
18/08/2018 12:45,4.25,100.00,21.24,0.00,19.55,Weekend,Saturday,Medium_Load
28/09/2018 00:30,2.81,45.24,100.00,5.54,0.00,Weekday,Friday,Light_Load
20/10/2018 19:00,4.93,100.00,26.32,0.00,18.07,Weekend,Saturday,Medium_Load
08/12/2018 22:15,3.82,69.79,99.71,3.92,0.29,Weekend,Saturday,Maximum_Load
11/05/2018 08:30,63.58,71.36,100.00,62.42,0.00,Weekday,Friday,Light_Load
27/04/2018 23:30,3.20,71.04,100.00,3.17,0.00,Weekday,Friday,Light_Load
29/06/2018 16:00,61.85,89.88,100.00,30.17,0.00,Weekday,Friday,Maximum_Load
07/08/2018 15:00,42.84,95.12,100.00,13.90,0.00,Weekday,Tuesday,Maximum_Load
16/02/2018 13:30,3.49,100.00,20.33,0.00,16.81,Weekday,Friday,Light_Load
20/04/2018 22:15,4.90,94.95,31.09,1.62,14.98,Weekday,Friday,Medium_Load
21/02/2018 05:45,3.96,72.70,100.00,3.74,0.00,Weekday,Wednesday,Light_Load
24/05/2018 22:00,4.28,100.00,16.60,0.00,25.42,Weekday,Thursday,Medium_Load
10/11/2018 05:00,3.74,45.40,100.00,7.34,0.00,Weekend,Saturday,Light_Load
11/09/2018 15:00,53.64,85.39,100.00,32.69,0.00,Weekday,Tuesday,Maximum_Load
11/01/2018 21:00,71.71,97.98,99.94,14.65,2.56,Weekday,Thursday,Medium_Load
09/06/2018 23:15,2.81,52.63,100.00,4.54,0.00,Weekend,Saturday,Light_Load
25/08/2018 00:00,2.56,53.91,100.00,4.00,0.00,Weekend,Saturday,Light_Load
11/07/2018 15:30,38.84,99.64,99.99,3.31,0.40,Weekday,Wednesday,Maximum_Load
13/07/2018 07:45,3.38,59.72,100.00,4.54,0.00,Weekday,Friday,Light_Load
26/08/2018 17:45,4.25,100.00,22.89,0.00,18.07,Weekend,Sunday,Medium_Load
20/02/2018 12:45,7.38,100.00,27.96,0.00,25.34,Weekday,Tuesday,Medium_Load
10/09/2018 02:00,3.28,51.91,100.00,5.40,0.00,Weekday,Monday,Light_Load
19/06/2018 17:30,41.33,95.70,100.00,12.53,0.11,Weekday,Tuesday,Medium_Load
18/05/2018 13:30,52.88,87.57,100.00,29.16,0.00,Weekday,Friday,Maximum_Load
31/03/2018 15:00,2.99,100.00,16.98,0.00,17.35,Weekend,Saturday,Light_Load
18/06/2018 01:30,2.81,56.53,100.00,4.10,0.00,Weekday,Monday,Light_Load
21/04/2018 11:30,72.36,92.64,100.00,29.41,0.00,Weekend,Saturday,Maximum_Load
03/03/2018 03:30,3.38,71.76,100.00,3.28,0.00,Weekend,Saturday,Light_Load
26/04/2018 08:15,93.53,81.66,100.00,66.10,0.00,Weekday,Thursday,Light_Load
25/06/2018 04:30,2.84,52.78,100.00,4.57,0.00,Weekday,Monday,Light_Load
09/10/2018 16:30,117.40,88.32,100.00,62.35,0.00,Weekday,Tuesday,Maximum_Load
26/04/2018 05:15,3.13,58.32,100.00,4.36,0.00,Weekday,Thursday,Light_Load
30/11/2018 22:00,5.44,100.00,24.89,0.00,21.17,Weekday,Friday,Medium_Load
11/07/2018 06:15,2.74,54.55,100.00,4.21,0.00,Weekday,Wednesday,Light_Load
28/05/2018 17:15,66.71,90.69,100.00,31.00,0.00,Weekday,Monday,Medium_Load
15/04/2018 14:45,3.28,100.00,18.50,0.00,17.42,Weekend,Sunday,Light_Load
30/12/2018 22:15,3.20,82.04,98.61,2.23,0.54,Weekend,Sunday,Light_Load
02/02/2018 21:00,41.11,99.99,99.92,0.65,1.66,Weekday,Friday,Medium_Load
13/10/2018 12:15,3.67,100.00,29.77,0.00,11.77,Weekend,Saturday,Medium_Load
15/06/2018 20:30,97.52,94.72,100.00,33.01,0.00,Weekday,Friday,Medium_Load
05/05/2018 04:45,2.88,61.01,100.00,3.74,0.00,Weekend,Saturday,Light_Load
02/07/2018 11:45,70.70,75.51,100.00,61.38,0.00,Weekday,Monday,Maximum_Load
26/06/2018 10:45,44.78,93.52,100.00,16.96,0.00,Weekday,Tuesday,Maximum_Load
12/08/2018 08:45,2.70,53.62,98.92,4.25,0.40,Weekend,Sunday,Light_Load
24/08/2018 09:15,55.76,86.05,100.00,33.01,0.00,Weekday,Friday,Medium_Load
07/01/2018 08:15,3.82,61.80,100.00,4.86,0.00,Weekend,Sunday,Light_Load
29/09/2018 16:45,24.12,97.64,97.55,5.33,5.44,Weekend,Saturday,Maximum_Load
22/07/2018 19:45,3.46,100.00,19.83,0.00,17.10,Weekend,Sunday,Light_Load
15/03/2018 08:15,63.18,80.90,100.00,45.90,0.00,Weekday,Thursday,Light_Load
10/06/2018 02:45,2.81,50.60,100.00,4.79,0.00,Weekend,Sunday,Light_Load
30/04/2018 06:15,2.84,54.32,100.00,4.39,0.00,Weekday,Monday,Light_Load
03/12/2018 08:30,56.84,78.84,100.00,44.35,0.00,Weekday,Monday,Light_Load
27/12/2018 21:30,5.26,100.00,22.94,0.00,22.32,Weekday,Thursday,Medium_Load
19/08/2018 06:00,2.63,46.77,100.00,4.97,0.00,Weekend,Sunday,Light_Load
08/10/2018 08:30,95.83,81.71,100.00,67.61,0.00,Weekday,Monday,Light_Load
21/12/2018 23:00,5.15,86.26,100.00,3.02,0.00,Weekday,Friday,Maximum_Load
27/09/2018 15:45,115.24,88.50,100.00,60.62,0.00,Weekday,Thursday,Maximum_Load
21/12/2018 01:45,3.89,76.84,99.94,3.24,0.14,Weekday,Friday,Light_Load
18/09/2018 02:45,2.95,47.00,100.00,5.54,0.00,Weekday,Tuesday,Light_Load
04/11/2018 14:30,89.46,96.39,100.00,24.73,0.00,Weekend,Sunday,Medium_Load
15/08/2018 06:45,3.06,57.80,100.00,4.32,0.00,Weekday,Wednesday,Light_Load
18/07/2018 23:45,2.77,100.00,48.17,0.00,5.04,Weekday,Wednesday,Light_Load
10/01/2018 12:00,122.76,89.41,100.00,61.49,0.00,Weekday,Wednesday,Maximum_Load
19/02/2018 06:45,3.38,59.72,100.00,4.54,0.00,Weekday,Monday,Light_Load
23/11/2018 18:45,56.02,93.24,100.00,21.71,0.00,Weekday,Friday,Maximum_Load
25/01/2018 10:15,57.20,98.58,100.00,9.76,0.00,Weekday,Thursday,Maximum_Load
04/12/2018 13:15,32.51,92.46,97.90,13.39,6.77,Weekday,Tuesday,Medium_Load
13/04/2018 15:00,68.76,92.27,100.00,28.73,0.00,Weekday,Friday,Maximum_Load
24/12/2018 19:45,4.10,100.00,18.59,0.00,21.67,Weekday,Monday,Maximum_Load
18/02/2018 08:00,3.06,62.52,100.00,3.82,0.00,Weekend,Sunday,Light_Load
07/05/2018 01:30,2.95,55.78,100.00,4.39,0.00,Weekday,Monday,Light_Load
19/02/2018 17:00,91.73,93.63,100.00,34.42,0.00,Weekday,Monday,Medium_Load
20/12/2018 21:30,4.14,100.00,18.67,0.00,21.78,Weekday,Thursday,Medium_Load
27/11/2018 21:15,25.96,100.00,95.69,0.04,7.88,Weekday,Tuesday,Medium_Load
21/05/2018 08:00,3.20,61.81,100.00,4.07,0.00,Weekday,Monday,Light_Load
11/01/2018 08:00,7.38,90.21,100.00,3.53,0.04,Weekday,Thursday,Light_Load
13/03/2018 16:00,57.74,92.80,100.00,23.18,0.00,Weekday,Tuesday,Maximum_Load
09/10/2018 05:30,3.35,51.95,100.00,5.51,0.00,Weekday,Tuesday,Light_Load
14/06/2018 15:00,56.70,91.19,100.00,25.52,0.00,Weekday,Thursday,Maximum_Load
28/05/2018 16:15,48.67,94.84,100.00,16.27,0.00,Weekday,Monday,Maximum_Load
25/12/2018 12:00,4.18,100.00,20.26,0.00,20.20,Weekday,Tuesday,Light_Load
20/08/2018 17:00,101.48,86.61,100.00,58.57,0.00,Weekday,Monday,Maximum_Load
15/01/2018 01:00,4.61,71.87,100.00,4.46,0.00,Weekday,Monday,Light_Load
25/12/2018 08:00,3.89,74.43,99.99,3.49,0.04,Weekday,Tuesday,Light_Load
22/06/2018 19:15,43.20,90.59,100.00,20.20,0.00,Weekday,Friday,Medium_Load
20/01/2018 20:30,38.41,100.00,99.63,0.18,3.31,Weekend,Saturday,Medium_Load
20/07/2018 02:45,2.88,100.00,53.57,0.00,4.54,Weekday,Friday,Light_Load
23/02/2018 16:15,58.79,94.11,100.00,21.13,0.00,Weekday,Friday,Medium_Load
02/02/2018 08:15,39.28,85.39,100.00,23.94,0.00,Weekday,Friday,Light_Load
29/07/2018 03:45,2.74,50.52,100.00,4.68,0.00,Weekend,Sunday,Light_Load
23/05/2018 11:30,108.68,86.39,100.00,63.36,0.00,Weekday,Wednesday,Maximum_Load
03/10/2018 12:30,5.87,100.00,33.94,0.00,16.27,Weekday,Wednesday,Medium_Load
04/10/2018 17:45,29.74,99.86,99.87,1.58,1.51,Weekday,Thursday,Medium_Load
23/06/2018 17:00,15.52,100.00,67.36,0.14,17.03,Weekend,Saturday,Maximum_Load
24/01/2018 01:30,32.00,83.36,100.00,21.20,0.00,Weekday,Wednesday,Light_Load
02/03/2018 07:00,3.92,71.62,100.00,3.82,0.00,Weekday,Friday,Light_Load
23/03/2018 04:15,3.31,60.82,100.00,4.32,0.00,Weekday,Friday,Light_Load
24/12/2018 12:30,6.91,100.00,30.38,0.00,21.67,Weekday,Monday,Medium_Load
08/06/2018 03:15,2.92,46.37,100.00,5.58,0.00,Weekday,Friday,Light_Load
13/02/2018 07:15,4.68,66.26,100.00,5.29,0.00,Weekday,Tuesday,Light_Load
11/09/2018 14:00,125.89,88.01,100.00,67.93,0.00,Weekday,Tuesday,Maximum_Load
05/04/2018 20:00,39.67,100.00,99.81,0.32,2.48,Weekday,Thursday,Medium_Load
05/12/2018 00:45,3.89,69.45,100.00,4.03,0.00,Weekday,Wednesday,Light_Load
24/05/2018 02:15,2.92,54.78,100.00,4.46,0.00,Weekday,Thursday,Light_Load
10/08/2018 08:30,49.90,72.94,100.00,46.80,0.00,Weekday,Friday,Light_Load
16/05/2018 05:15,3.24,51.94,100.00,5.33,0.00,Weekday,Wednesday,Light_Load
17/12/2018 18:15,16.09,99.54,90.59,1.55,7.52,Weekday,Monday,Maximum_Load
16/06/2018 02:15,2.92,50.43,100.00,5.00,0.00,Weekend,Saturday,Light_Load
03/02/2018 02:30,6.12,77.44,100.00,5.00,0.00,Weekend,Saturday,Light_Load
17/03/2018 21:15,4.00,100.00,14.83,0.00,26.68,Weekend,Saturday,Medium_Load
16/01/2018 14:15,75.64,92.27,100.00,31.61,0.00,Weekday,Tuesday,Medium_Load
12/11/2018 08:30,50.58,77.76,100.00,40.90,0.00,Weekday,Monday,Light_Load
18/03/2018 17:15,3.46,100.00,16.11,0.00,21.20,Weekend,Sunday,Light_Load
20/02/2018 04:30,5.83,74.50,100.00,5.22,0.00,Weekday,Tuesday,Light_Load
16/05/2018 08:45,50.40,68.06,100.00,54.25,0.00,Weekday,Wednesday,Light_Load
12/11/2018 17:00,96.26,91.39,100.00,42.77,0.00,Weekday,Monday,Medium_Load
02/02/2018 08:30,57.78,85.28,100.00,35.39,0.00,Weekday,Friday,Light_Load
18/06/2018 03:30,2.77,56.64,100.00,4.03,0.00,Weekday,Monday,Light_Load
31/12/2018 11:45,4.00,100.00,18.78,0.00,20.92,Weekday,Monday,Light_Load
07/05/2018 18:00,35.60,99.87,99.57,1.80,3.31,Weekday,Monday,Medium_Load
15/04/2018 03:45,3.13,61.63,100.00,4.00,0.00,Weekend,Sunday,Light_Load
23/01/2018 14:15,65.59,95.44,100.00,20.52,0.00,Weekday,Tuesday,Medium_Load
21/03/2018 04:15,3.31,67.68,100.00,3.60,0.00,Weekday,Wednesday,Light_Load
17/09/2018 19:15,54.22,85.97,100.00,32.22,0.00,Weekday,Monday,Medium_Load
24/12/2018 11:00,54.18,92.29,100.00,22.61,0.00,Weekday,Monday,Maximum_Load
20/07/2018 08:45,51.52,69.91,100.00,52.70,0.00,Weekday,Friday,Light_Load
07/09/2018 02:45,2.92,51.81,100.00,4.82,0.00,Weekday,Friday,Light_Load
26/05/2018 14:45,37.22,98.60,100.00,6.30,0.32,Weekend,Saturday,Maximum_Load
08/10/2018 06:00,2.56,44.51,100.00,5.15,0.00,Weekday,Monday,Light_Load
10/06/2018 13:30,3.10,100.00,18.75,0.00,16.24,Weekend,Sunday,Light_Load
20/11/2018 20:15,5.00,100.00,21.66,0.00,22.54,Weekday,Tuesday,Medium_Load
10/02/2018 20:45,3.92,100.00,21.69,0.00,17.64,Weekend,Saturday,Light_Load
15/12/2018 18:00,4.10,100.00,23.60,0.00,16.88,Weekend,Saturday,Light_Load
31/03/2018 08:00,2.74,56.23,100.00,4.03,0.00,Weekend,Saturday,Light_Load
20/06/2018 09:45,65.92,94.59,100.00,22.61,0.00,Weekday,Wednesday,Medium_Load
13/12/2018 08:30,72.86,80.32,100.00,54.04,0.00,Weekday,Thursday,Light_Load
20/03/2018 16:30,49.43,93.45,100.00,18.83,0.00,Weekday,Tuesday,Maximum_Load
12/09/2018 12:15,4.43,100.00,28.87,0.00,14.69,Weekday,Wednesday,Medium_Load
16/05/2018 07:45,3.42,61.11,100.00,4.43,0.00,Weekday,Wednesday,Light_Load
11/05/2018 21:15,5.29,100.00,19.95,0.00,25.99,Weekday,Friday,Medium_Load
21/03/2018 13:45,71.14,89.88,100.00,34.70,0.00,Weekday,Wednesday,Maximum_Load
27/04/2018 03:00,3.02,67.73,100.00,3.28,0.00,Weekday,Friday,Light_Load
15/10/2018 11:30,125.21,89.34,100.00,62.96,0.00,Weekday,Monday,Maximum_Load
13/09/2018 00:00,4.28,56.87,100.00,6.19,0.00,Weekday,Thursday,Light_Load
13/02/2018 07:30,6.55,79.25,100.00,5.04,0.00,Weekday,Tuesday,Light_Load
07/02/2018 07:15,4.50,71.26,100.00,4.43,0.00,Weekday,Wednesday,Light_Load
21/06/2018 17:45,29.56,100.00,96.35,0.00,8.21,Weekday,Thursday,Medium_Load
21/10/2018 05:45,2.81,51.15,100.00,4.72,0.00,Weekend,Sunday,Light_Load
13/03/2018 01:30,4.57,54.94,100.00,6.95,0.00,Weekday,Tuesday,Light_Load
15/05/2018 11:30,74.99,80.11,100.00,56.02,0.00,Weekday,Tuesday,Maximum_Load
26/11/2018 19:00,58.43,91.22,100.00,26.24,0.00,Weekday,Monday,Maximum_Load
26/11/2018 21:15,16.09,100.00,74.10,0.00,14.58,Weekday,Monday,Medium_Load
26/06/2018 23:45,4.39,65.68,100.00,5.04,0.00,Weekday,Tuesday,Light_Load
02/06/2018 05:30,3.53,50.83,100.00,5.98,0.00,Weekend,Saturday,Light_Load
28/12/2018 01:30,4.14,87.42,99.62,2.30,0.36,Weekday,Friday,Light_Load
22/08/2018 15:30,47.59,92.89,100.00,18.97,0.00,Weekday,Wednesday,Maximum_Load
14/01/2018 05:45,4.03,74.95,100.00,3.56,0.00,Weekend,Sunday,Light_Load
05/04/2018 15:30,54.86,93.07,100.00,21.56,0.00,Weekday,Thursday,Maximum_Load
28/10/2018 05:45,2.74,48.81,100.00,4.90,0.00,Weekend,Sunday,Light_Load
17/11/2018 21:30,5.26,100.00,29.18,0.00,17.24,Weekend,Saturday,Medium_Load
14/09/2018 18:30,29.05,89.99,100.00,14.08,0.00,Weekday,Friday,Medium_Load
28/12/2018 09:00,66.46,92.08,100.00,28.15,0.00,Weekday,Friday,Light_Load
10/04/2018 01:30,3.56,64.84,100.00,4.18,0.00,Weekday,Tuesday,Light_Load
17/11/2018 20:45,4.07,100.00,23.10,0.00,17.14,Weekend,Saturday,Medium_Load
12/01/2018 09:15,130.18,93.33,100.00,50.08,0.00,Weekday,Friday,Medium_Load
05/12/2018 18:00,27.32,99.56,99.29,2.56,3.28,Weekday,Wednesday,Maximum_Load
16/04/2018 11:45,58.64,80.18,100.00,43.70,0.00,Weekday,Monday,Maximum_Load
31/03/2018 21:15,3.06,100.00,17.33,0.00,17.39,Weekend,Saturday,Light_Load
20/10/2018 21:15,3.67,100.00,19.90,0.00,18.07,Weekend,Saturday,Medium_Load
30/01/2018 11:45,81.90,82.91,100.00,55.22,0.00,Weekday,Tuesday,Maximum_Load
20/03/2018 17:00,64.15,90.81,100.00,29.59,0.00,Weekday,Tuesday,Maximum_Load
19/05/2018 15:45,36.25,99.96,99.76,0.97,2.52,Weekend,Saturday,Maximum_Load
26/07/2018 15:15,48.96,97.15,100.00,11.95,0.00,Weekday,Thursday,Maximum_Load
18/08/2018 15:30,52.02,88.96,100.00,26.71,0.00,Weekend,Saturday,Maximum_Load
23/08/2018 07:15,3.06,46.92,100.00,5.76,0.00,Weekday,Thursday,Light_Load
21/02/2018 21:45,93.35,98.68,100.00,15.34,0.00,Weekday,Wednesday,Medium_Load
01/10/2018 06:00,2.52,47.10,100.00,4.72,0.00,Weekday,Monday,Light_Load
12/01/2018 05:45,4.75,67.30,100.00,5.22,0.00,Weekday,Friday,Light_Load
29/09/2018 06:30,2.56,49.12,100.00,4.54,0.00,Weekend,Saturday,Light_Load
19/11/2018 23:30,3.64,77.69,99.95,2.95,0.11,Weekday,Monday,Light_Load
07/10/2018 21:30,3.42,100.00,18.89,0.00,17.78,Weekend,Sunday,Light_Load
21/11/2018 12:30,6.66,100.00,29.51,0.00,21.56,Weekday,Wednesday,Medium_Load
14/06/2018 14:15,22.14,99.66,91.50,1.84,9.76,Weekday,Thursday,Maximum_Load
17/07/2018 03:00,3.49,100.00,67.16,0.00,3.85,Weekday,Tuesday,Light_Load
12/04/2018 01:30,3.67,55.44,100.00,5.51,0.00,Weekday,Thursday,Light_Load
22/02/2018 08:45,103.39,81.41,100.00,73.76,0.00,Weekday,Thursday,Light_Load
23/04/2018 09:15,71.68,89.81,100.00,35.10,0.00,Weekday,Monday,Medium_Load
30/10/2018 06:00,2.88,61.32,100.00,3.71,0.00,Weekday,Tuesday,Light_Load
11/05/2018 15:15,46.76,96.46,100.00,12.78,0.00,Weekday,Friday,Maximum_Load
01/05/2018 04:30,3.35,62.54,100.00,4.18,0.00,Weekday,Tuesday,Light_Load
03/02/2018 20:15,40.90,99.99,99.91,0.43,1.73,Weekend,Saturday,Medium_Load
30/06/2018 11:15,31.46,91.56,100.00,13.82,0.22,Weekend,Saturday,Maximum_Load
21/02/2018 18:45,63.79,98.41,99.96,11.52,1.69,Weekday,Wednesday,Maximum_Load
30/03/2018 16:30,67.93,89.89,100.00,33.12,0.00,Weekday,Friday,Maximum_Load
05/02/2018 19:45,62.14,99.51,99.99,6.16,0.83,Weekday,Monday,Maximum_Load
07/05/2018 21:30,3.96,100.00,15.00,0.00,26.10,Weekday,Monday,Medium_Load
19/01/2018 22:00,89.68,99.02,100.00,12.64,0.00,Weekday,Friday,Medium_Load
31/07/2018 23:15,3.31,52.76,100.00,5.33,0.00,Weekday,Tuesday,Light_Load
05/09/2018 15:45,66.71,84.52,100.00,42.19,0.00,Weekday,Wednesday,Maximum_Load
29/08/2018 01:45,2.70,53.00,100.00,4.32,0.00,Weekday,Wednesday,Light_Load
15/06/2018 13:00,8.17,100.00,35.64,0.00,21.42,Weekday,Friday,Medium_Load
28/03/2018 06:45,2.99,67.03,100.00,3.31,0.00,Weekday,Wednesday,Light_Load
16/12/2018 02:30,3.42,79.27,100.00,2.63,0.00,Weekend,Sunday,Light_Load
10/05/2018 04:45,3.10,64.53,100.00,3.67,0.00,Weekday,Thursday,Light_Load
21/06/2018 20:00,34.24,97.65,100.00,7.56,0.07,Weekday,Thursday,Medium_Load
20/06/2018 03:45,3.10,46.02,100.00,5.98,0.00,Weekday,Wednesday,Light_Load
25/06/2018 08:45,62.03,69.69,100.00,63.83,0.00,Weekday,Monday,Light_Load
03/03/2018 05:00,3.89,65.40,100.00,4.50,0.00,Weekend,Saturday,Light_Load
21/03/2018 08:15,41.65,79.06,100.00,32.26,0.00,Weekday,Wednesday,Light_Load
09/07/2018 00:00,3.31,66.27,100.00,3.74,0.00,Weekday,Monday,Light_Load
09/05/2018 12:45,6.73,100.00,25.46,0.00,25.56,Weekday,Wednesday,Medium_Load
30/05/2018 12:00,47.45,79.96,100.00,35.64,0.00,Weekday,Wednesday,Maximum_Load
22/08/2018 19:30,3.42,100.00,21.39,0.00,15.62,Weekday,Wednesday,Medium_Load
25/02/2018 16:00,4.18,100.00,24.17,0.00,16.78,Weekend,Sunday,Light_Load
15/09/2018 11:30,32.58,96.56,100.00,8.78,0.00,Weekend,Saturday,Maximum_Load
20/02/2018 17:00,104.36,96.83,100.00,26.93,0.00,Weekday,Tuesday,Medium_Load
03/05/2018 07:15,3.42,59.92,100.00,4.57,0.00,Weekday,Thursday,Light_Load
20/03/2018 10:45,56.34,95.55,100.00,17.39,0.00,Weekday,Tuesday,Maximum_Load
19/12/2018 07:45,5.76,89.19,99.85,2.92,0.32,Weekday,Wednesday,Light_Load
21/05/2018 08:45,67.72,72.25,100.00,64.80,0.00,Weekday,Monday,Light_Load
08/09/2018 19:15,3.56,100.00,19.66,0.00,17.75,Weekend,Saturday,Medium_Load
02/11/2018 11:15,63.58,90.84,100.00,29.27,0.00,Weekday,Friday,Maximum_Load
24/12/2018 17:45,6.73,100.00,29.39,0.00,21.89,Weekday,Monday,Maximum_Load
12/09/2018 14:15,91.51,86.83,100.00,52.27,0.00,Weekday,Wednesday,Maximum_Load
25/10/2018 07:15,2.84,50.15,100.00,4.90,0.00,Weekday,Thursday,Light_Load
20/07/2018 01:15,2.88,100.00,52.41,0.00,4.68,Weekday,Friday,Light_Load
23/01/2018 15:45,67.28,94.48,100.00,23.33,0.00,Weekday,Tuesday,Medium_Load
05/09/2018 14:00,56.05,83.77,100.00,36.54,0.00,Weekday,Wednesday,Maximum_Load
28/12/2018 04:00,3.82,82.06,99.56,2.66,0.36,Weekday,Friday,Light_Load
04/08/2018 19:00,2.88,100.00,16.99,0.00,16.70,Weekend,Saturday,Light_Load
18/11/2018 16:15,38.41,98.10,100.00,7.60,0.00,Weekend,Sunday,Medium_Load
11/08/2018 12:30,4.21,100.00,25.25,0.00,16.13,Weekend,Saturday,Medium_Load
19/02/2018 14:00,70.56,92.53,100.00,28.91,0.00,Weekday,Monday,Medium_Load
15/09/2018 11:45,40.39,93.38,100.00,15.48,0.00,Weekend,Saturday,Maximum_Load
12/06/2018 12:30,4.79,100.00,18.47,0.00,25.49,Weekday,Tuesday,Medium_Load
09/10/2018 11:15,47.66,88.76,100.00,24.73,0.00,Weekday,Tuesday,Maximum_Load
21/08/2018 12:30,5.47,100.00,26.36,0.00,20.02,Weekday,Tuesday,Medium_Load
16/07/2018 22:30,3.64,100.00,64.44,0.00,4.32,Weekday,Monday,Medium_Load
24/09/2018 08:30,2.59,39.36,100.00,6.05,0.00,Weekday,Monday,Light_Load
06/10/2018 23:00,3.24,43.17,100.00,6.77,0.00,Weekend,Saturday,Medium_Load
15/04/2018 13:45,3.31,100.00,18.58,0.00,17.50,Weekend,Sunday,Light_Load
23/10/2018 03:45,3.10,45.42,100.00,6.08,0.00,Weekday,Tuesday,Light_Load
22/04/2018 02:30,3.56,67.23,100.00,3.92,0.00,Weekend,Sunday,Light_Load
05/02/2018 21:30,54.29,99.84,99.98,3.10,1.19,Weekday,Monday,Medium_Load
22/05/2018 22:15,3.20,85.87,32.92,1.91,9.18,Weekday,Tuesday,Medium_Load
13/08/2018 17:15,95.36,89.26,100.00,48.17,0.00,Weekday,Monday,Medium_Load
12/01/2018 08:45,114.19,85.89,100.00,68.08,0.00,Weekday,Friday,Light_Load
03/10/2018 23:30,3.31,43.35,100.00,6.88,0.00,Weekday,Wednesday,Light_Load
30/12/2018 07:00,3.82,68.79,100.00,4.03,0.00,Weekend,Sunday,Light_Load
15/03/2018 05:45,3.42,52.26,100.00,5.58,0.00,Weekday,Thursday,Light_Load
14/08/2018 14:45,81.22,93.89,100.00,29.77,0.00,Weekday,Tuesday,Maximum_Load
19/10/2018 10:15,51.77,88.38,100.00,27.40,0.00,Weekday,Friday,Maximum_Load
17/04/2018 01:45,3.28,60.47,100.00,4.32,0.00,Weekday,Tuesday,Light_Load
14/04/2018 03:15,3.06,61.14,100.00,3.96,0.00,Weekend,Saturday,Light_Load
15/07/2018 23:30,2.84,100.00,47.51,0.00,5.26,Weekend,Sunday,Light_Load
14/03/2018 02:30,3.89,63.92,100.00,4.68,0.00,Weekday,Wednesday,Light_Load
05/01/2018 16:00,146.34,90.94,100.00,66.92,0.00,Weekday,Friday,Medium_Load
19/01/2018 16:00,114.59,94.28,100.00,40.50,0.00,Weekday,Friday,Medium_Load
22/07/2018 16:45,2.95,100.00,17.11,0.00,16.99,Weekend,Sunday,Light_Load
14/03/2018 20:45,4.43,100.00,18.01,0.00,24.19,Weekday,Wednesday,Medium_Load
10/01/2018 15:45,100.48,95.97,100.00,29.41,0.00,Weekday,Wednesday,Medium_Load
29/08/2018 11:00,44.82,90.51,100.00,21.06,0.00,Weekday,Wednesday,Maximum_Load
05/03/2018 08:30,78.23,83.91,100.00,50.72,0.00,Weekday,Monday,Light_Load
30/10/2018 01:30,3.67,47.07,100.00,6.88,0.00,Weekday,Tuesday,Light_Load
09/03/2018 06:00,4.93,80.21,100.00,3.67,0.00,Weekday,Friday,Light_Load
18/10/2018 09:45,46.94,91.45,100.00,20.77,0.00,Weekday,Thursday,Medium_Load
12/08/2018 18:30,2.74,100.00,49.42,0.00,4.82,Weekend,Sunday,Light_Load
01/10/2018 16:00,45.54,86.50,100.00,26.42,0.00,Weekday,Monday,Maximum_Load
23/03/2018 13:00,5.44,100.00,27.61,0.00,18.94,Weekday,Friday,Medium_Load
18/10/2018 15:15,66.89,80.20,100.00,49.82,0.00,Weekday,Thursday,Maximum_Load
30/08/2018 20:45,32.22,98.10,100.00,6.37,0.14,Weekday,Thursday,Medium_Load
15/04/2018 23:00,3.10,63.01,100.00,3.82,0.00,Weekend,Sunday,Light_Load
11/11/2018 17:45,2.92,100.00,22.89,0.00,12.42,Weekend,Sunday,Light_Load
03/07/2018 11:15,71.14,83.10,100.00,47.63,0.00,Weekday,Tuesday,Maximum_Load
20/07/2018 06:00,2.81,44.98,100.00,5.58,0.00,Weekday,Friday,Light_Load
05/08/2018 22:30,2.84,49.39,100.00,5.00,0.00,Weekend,Sunday,Light_Load
01/02/2018 15:45,75.35,89.38,100.00,37.80,0.00,Weekday,Thursday,Medium_Load
11/11/2018 13:45,3.28,100.00,19.72,0.00,16.31,Weekend,Sunday,Light_Load
26/01/2018 12:15,31.32,93.78,85.84,11.59,18.72,Weekday,Friday,Medium_Load
16/02/2018 03:45,3.92,63.65,100.00,4.75,0.00,Weekday,Friday,Light_Load
20/05/2018 22:30,3.13,46.62,100.00,5.94,0.00,Weekend,Sunday,Medium_Load
27/02/2018 22:30,6.16,70.14,100.00,6.26,0.00,Weekday,Tuesday,Maximum_Load
02/09/2018 06:00,2.63,50.79,100.00,4.46,0.00,Weekend,Sunday,Light_Load
12/01/2018 15:45,112.36,91.42,100.00,49.82,0.00,Weekday,Friday,Medium_Load
16/07/2018 22:00,3.82,100.00,22.90,0.00,16.24,Weekday,Monday,Medium_Load
05/07/2018 02:00,3.06,53.84,100.00,4.79,0.00,Weekday,Thursday,Light_Load
16/03/2018 15:30,122.94,91.26,100.00,55.08,0.00,Weekday,Friday,Maximum_Load
01/11/2018 22:45,3.71,44.06,100.00,7.56,0.00,Weekday,Thursday,Maximum_Load
30/09/2018 09:15,3.02,100.00,20.14,0.00,14.69,Weekend,Sunday,Light_Load
24/12/2018 08:45,64.58,85.78,100.00,38.70,0.00,Weekday,Monday,Light_Load
30/03/2018 16:00,56.38,89.51,100.00,28.08,0.00,Weekday,Friday,Maximum_Load
07/01/2018 20:00,4.07,100.00,17.53,0.00,22.86,Weekend,Sunday,Light_Load
06/03/2018 09:30,104.40,93.56,100.00,39.38,0.00,Weekday,Tuesday,Medium_Load
29/04/2018 08:30,2.77,60.24,100.00,3.67,0.00,Weekend,Sunday,Light_Load
15/02/2018 17:00,3.42,100.00,19.49,0.00,17.21,Weekday,Thursday,Light_Load
28/10/2018 18:30,3.28,100.00,36.83,0.00,8.28,Weekend,Sunday,Light_Load
19/12/2018 15:30,130.46,90.79,100.00,60.23,0.00,Weekday,Wednesday,Medium_Load
21/03/2018 17:00,66.78,92.24,100.00,27.97,0.00,Weekday,Wednesday,Maximum_Load
09/12/2018 05:15,3.74,76.99,99.93,3.10,0.14,Weekend,Sunday,Light_Load
17/10/2018 18:00,28.87,97.78,99.96,6.19,0.79,Weekday,Wednesday,Medium_Load
19/07/2018 20:45,63.22,88.08,100.00,33.98,0.00,Weekday,Thursday,Medium_Load
23/02/2018 03:15,5.94,63.43,100.00,7.24,0.00,Weekday,Friday,Light_Load
24/08/2018 21:15,6.70,100.00,41.43,0.00,14.72,Weekday,Friday,Medium_Load
25/10/2018 14:30,60.16,90.24,100.00,28.73,0.00,Weekday,Thursday,Maximum_Load
19/08/2018 04:45,2.74,49.42,100.00,4.82,0.00,Weekend,Sunday,Light_Load
20/03/2018 05:45,3.06,66.25,100.00,3.46,0.00,Weekday,Tuesday,Light_Load
03/08/2018 22:00,3.02,100.00,19.02,0.00,15.59,Weekday,Friday,Light_Load
11/04/2018 18:45,85.03,92.41,100.00,35.17,0.00,Weekday,Wednesday,Medium_Load
01/03/2018 05:00,3.67,61.14,100.00,4.75,0.00,Weekday,Thursday,Light_Load
24/07/2018 06:30,2.92,48.33,100.00,5.29,0.00,Weekday,Tuesday,Light_Load
10/02/2018 17:45,3.85,100.00,21.45,0.00,17.53,Weekend,Saturday,Light_Load
23/08/2018 06:30,3.17,46.84,100.00,5.98,0.00,Weekday,Thursday,Light_Load
20/04/2018 10:45,50.11,91.88,100.00,21.53,0.00,Weekday,Friday,Maximum_Load
26/10/2018 03:45,2.84,53.71,100.00,4.46,0.00,Weekday,Friday,Light_Load
16/02/2018 16:15,3.49,100.00,20.28,0.00,16.85,Weekday,Friday,Light_Load
03/02/2018 08:45,38.09,79.73,100.00,28.84,0.00,Weekend,Saturday,Light_Load
07/03/2018 01:30,3.13,71.96,100.00,3.02,0.00,Weekday,Wednesday,Light_Load
07/11/2018 22:30,3.74,47.60,100.00,6.91,0.00,Weekday,Wednesday,Maximum_Load
02/06/2018 06:00,2.95,44.90,100.00,5.87,0.00,Weekend,Saturday,Light_Load
23/01/2018 01:30,30.56,79.35,100.00,23.44,0.00,Weekday,Tuesday,Light_Load
02/08/2018 08:00,2.63,49.31,100.00,4.64,0.00,Weekday,Thursday,Light_Load
16/04/2018 11:00,61.20,89.59,100.00,30.35,0.00,Weekday,Monday,Maximum_Load
18/01/2018 07:45,42.37,81.03,100.00,30.64,0.00,Weekday,Thursday,Light_Load
02/09/2018 22:15,2.70,53.35,99.92,4.28,0.11,Weekend,Sunday,Medium_Load
20/05/2018 19:15,4.00,100.00,24.28,0.00,15.98,Weekend,Sunday,Medium_Load
24/02/2018 04:00,5.87,77.48,100.00,4.79,0.00,Weekend,Saturday,Light_Load
14/10/2018 01:00,2.99,49.70,100.00,5.22,0.00,Weekend,Sunday,Light_Load
24/03/2018 15:15,35.86,99.93,99.91,1.37,1.51,Weekend,Saturday,Maximum_Load
04/01/2018 20:30,69.30,86.65,100.00,39.92,0.00,Weekday,Thursday,Medium_Load
12/10/2018 22:45,3.53,50.21,100.00,6.08,0.00,Weekday,Friday,Medium_Load
12/08/2018 18:15,2.77,100.00,36.52,0.00,7.06,Weekend,Sunday,Light_Load
28/02/2018 23:45,5.29,68.80,100.00,5.58,0.00,Weekday,Wednesday,Light_Load
09/08/2018 08:45,109.98,78.19,100.00,87.70,0.00,Weekday,Thursday,Light_Load
28/05/2018 04:15,2.84,47.79,100.00,5.22,0.00,Weekday,Monday,Light_Load
25/01/2018 09:45,80.68,91.80,100.00,34.85,0.00,Weekday,Thursday,Medium_Load
28/12/2018 02:45,3.82,82.77,99.56,2.59,0.36,Weekday,Friday,Light_Load
13/02/2018 12:45,9.61,100.00,35.06,0.00,25.67,Weekday,Tuesday,Medium_Load
09/03/2018 22:30,3.85,66.19,100.00,4.36,0.00,Weekday,Friday,Medium_Load
28/07/2018 04:45,3.46,47.73,100.00,6.37,0.00,Weekend,Saturday,Light_Load
14/02/2018 17:15,4.21,100.00,16.36,0.00,25.38,Weekday,Wednesday,Light_Load
04/05/2018 05:15,2.99,62.44,100.00,3.74,0.00,Weekday,Friday,Light_Load
04/04/2018 12:45,5.36,100.00,19.77,0.00,26.57,Weekday,Wednesday,Medium_Load
04/08/2018 04:15,2.84,42.90,100.00,5.98,0.00,Weekend,Saturday,Light_Load
09/05/2018 23:30,3.60,75.05,100.00,3.17,0.00,Weekday,Wednesday,Light_Load
29/10/2018 05:00,2.77,47.37,100.00,5.15,0.00,Weekday,Monday,Light_Load
14/11/2018 10:45,58.10,89.11,100.00,29.59,0.00,Weekday,Wednesday,Maximum_Load
13/07/2018 06:00,2.84,45.81,100.00,5.51,0.00,Weekday,Friday,Light_Load
08/12/2018 14:00,50.51,95.10,100.00,16.42,0.00,Weekend,Saturday,Medium_Load
04/07/2018 08:30,87.37,83.44,100.00,57.71,0.00,Weekday,Wednesday,Light_Load
10/06/2018 05:45,2.84,47.30,100.00,5.29,0.00,Weekend,Sunday,Light_Load
10/07/2018 07:00,2.88,49.32,100.00,5.08,0.00,Weekday,Tuesday,Light_Load
10/11/2018 17:45,3.71,100.00,20.26,0.00,17.93,Weekend,Saturday,Maximum_Load
04/09/2018 20:30,88.09,96.36,100.00,24.44,0.00,Weekday,Tuesday,Medium_Load
11/03/2018 10:00,34.34,99.78,99.94,2.30,1.22,Weekend,Sunday,Medium_Load
24/01/2018 07:15,37.33,80.84,100.00,27.18,0.00,Weekday,Wednesday,Light_Load
27/05/2018 15:30,2.99,100.00,17.77,0.00,16.56,Weekend,Sunday,Light_Load
23/10/2018 10:45,44.32,89.17,100.00,22.50,0.00,Weekday,Tuesday,Maximum_Load
20/06/2018 13:15,34.56,95.34,97.84,10.94,7.31,Weekday,Wednesday,Maximum_Load
25/01/2018 01:45,35.10,82.22,100.00,24.30,0.00,Weekday,Thursday,Light_Load
09/02/2018 12:15,14.94,98.36,61.79,2.74,19.01,Weekday,Friday,Medium_Load
01/11/2018 10:30,56.52,90.70,100.00,26.24,0.00,Weekday,Thursday,Maximum_Load
15/12/2018 03:15,4.82,75.55,100.00,4.18,0.00,Weekend,Saturday,Light_Load
14/07/2018 02:30,2.74,52.35,100.00,4.46,0.00,Weekend,Saturday,Light_Load
04/02/2018 18:30,4.25,100.00,53.39,0.00,6.73,Weekend,Sunday,Light_Load
20/12/2018 00:30,4.03,82.41,99.60,2.77,0.36,Weekday,Thursday,Light_Load
29/04/2018 22:15,3.35,88.85,23.97,1.73,13.57,Weekend,Sunday,Light_Load
20/02/2018 05:00,5.83,74.76,100.00,5.18,0.00,Weekday,Tuesday,Light_Load
09/11/2018 00:00,4.90,57.84,100.00,6.91,0.00,Weekday,Friday,Light_Load
21/12/2018 23:45,4.00,83.56,99.23,2.63,0.50,Weekday,Friday,Light_Load
17/03/2018 16:45,92.99,98.48,100.00,16.38,0.00,Weekend,Saturday,Maximum_Load
18/05/2018 04:15,3.17,51.40,100.00,5.29,0.00,Weekday,Friday,Light_Load
16/03/2018 17:45,31.07,100.00,95.08,0.18,10.12,Weekday,Friday,Medium_Load
26/10/2018 22:00,3.96,100.00,24.46,0.00,15.70,Weekday,Friday,Medium_Load
30/04/2018 05:15,2.84,55.29,100.00,4.28,0.00,Weekday,Monday,Light_Load
21/11/2018 09:45,67.43,90.75,100.00,31.21,0.00,Weekday,Wednesday,Medium_Load
09/05/2018 18:45,55.33,87.27,100.00,30.96,0.00,Weekday,Wednesday,Medium_Load
10/08/2018 12:45,4.68,100.00,27.53,0.00,16.34,Weekday,Friday,Medium_Load
20/10/2018 18:45,5.29,100.00,28.14,0.00,18.04,Weekend,Saturday,Medium_Load
31/12/2018 14:30,3.56,100.00,22.61,0.00,15.34,Weekday,Monday,Light_Load
20/10/2018 10:30,59.18,88.21,100.00,31.61,0.00,Weekend,Saturday,Maximum_Load
09/08/2018 23:45,2.63,52.00,100.00,4.32,0.00,Weekday,Thursday,Light_Load
19/08/2018 01:15,2.59,52.40,100.00,4.21,0.00,Weekend,Sunday,Light_Load
02/07/2018 17:30,57.46,87.89,100.00,31.18,0.00,Weekday,Monday,Medium_Load
17/10/2018 17:30,42.52,91.18,100.00,19.15,0.22,Weekday,Wednesday,Medium_Load
22/12/2018 20:45,3.67,100.00,25.48,0.00,13.93,Weekend,Saturday,Light_Load
28/03/2018 21:15,8.96,100.00,35.81,0.00,23.36,Weekday,Wednesday,Medium_Load
12/06/2018 14:45,93.74,96.19,100.00,26.64,0.00,Weekday,Tuesday,Maximum_Load
15/01/2018 17:15,55.62,95.14,100.00,18.00,0.00,Weekday,Monday,Maximum_Load
14/01/2018 19:00,4.93,100.00,17.94,0.00,27.04,Weekend,Sunday,Maximum_Load
09/11/2018 08:00,6.05,76.83,100.00,5.04,0.00,Weekday,Friday,Light_Load
01/01/2018 23:15,3.53,71.82,100.00,3.42,0.00,Weekday,Monday,Light_Load
09/11/2018 12:15,5.15,100.00,27.45,0.00,18.04,Weekday,Friday,Medium_Load
03/04/2018 09:00,104.44,92.50,100.00,42.91,0.00,Weekday,Tuesday,Light_Load
23/08/2018 11:30,71.68,77.80,100.00,57.89,0.00,Weekday,Thursday,Maximum_Load
09/10/2018 00:15,3.20,45.69,100.00,6.23,0.00,Weekday,Tuesday,Light_Load
07/10/2018 05:30,2.56,49.12,100.00,4.54,0.00,Weekend,Sunday,Light_Load
25/02/2018 15:45,4.18,100.00,24.23,0.00,16.74,Weekend,Sunday,Light_Load
23/02/2018 11:15,68.08,80.31,100.00,50.51,0.00,Weekday,Friday,Maximum_Load
11/08/2018 02:30,2.70,47.22,100.00,5.04,0.00,Weekend,Saturday,Light_Load
13/03/2018 12:30,6.59,100.00,25.30,0.00,25.20,Weekday,Tuesday,Medium_Load
17/03/2018 08:00,3.49,69.61,100.00,3.60,0.00,Weekend,Saturday,Light_Load
19/03/2018 22:30,3.74,62.43,100.00,4.68,0.00,Weekday,Monday,Medium_Load
20/05/2018 17:30,4.03,100.00,24.50,0.00,15.95,Weekend,Sunday,Medium_Load
01/07/2018 07:45,3.28,71.91,100.00,3.17,0.00,Weekend,Sunday,Light_Load
31/01/2018 12:30,8.32,100.00,30.61,0.00,25.88,Weekday,Wednesday,Medium_Load
08/05/2018 10:15,83.70,93.67,100.00,31.28,0.00,Weekday,Tuesday,Maximum_Load
03/05/2018 01:30,3.71,71.77,100.00,3.60,0.00,Weekday,Thursday,Light_Load
16/11/2018 09:15,65.30,87.75,100.00,35.68,0.00,Weekday,Friday,Medium_Load
15/04/2018 08:45,3.42,63.05,99.92,4.21,0.14,Weekend,Sunday,Light_Load
27/11/2018 00:00,23.65,85.19,100.00,14.54,0.00,Weekday,Tuesday,Light_Load
02/02/2018 12:00,61.70,90.33,100.00,29.30,0.00,Weekday,Friday,Maximum_Load
18/03/2018 11:00,3.13,100.00,17.07,0.00,18.07,Weekend,Sunday,Light_Load
03/04/2018 00:15,3.67,62.04,100.00,4.64,0.00,Weekday,Tuesday,Light_Load
31/01/2018 18:45,74.12,98.46,99.98,13.18,1.44,Weekday,Wednesday,Maximum_Load
10/11/2018 05:45,3.74,45.75,100.00,7.27,0.00,Weekend,Saturday,Light_Load
20/01/2018 03:30,87.55,90.01,100.00,42.37,0.00,Weekend,Saturday,Light_Load
23/08/2018 16:30,49.46,89.18,100.00,25.09,0.00,Weekday,Thursday,Maximum_Load
24/11/2018 23:45,2.77,81.35,99.79,1.98,0.18,Weekend,Saturday,Light_Load
04/06/2018 23:15,4.21,53.84,100.00,6.59,0.00,Weekday,Monday,Light_Load
03/12/2018 15:00,54.22,90.84,100.00,24.95,0.00,Weekday,Monday,Medium_Load
15/01/2018 20:00,66.92,91.18,100.00,30.13,0.00,Weekday,Monday,Maximum_Load
17/09/2018 00:45,2.74,46.20,100.00,5.26,0.00,Weekday,Monday,Light_Load
16/03/2018 11:30,103.72,86.15,100.00,61.13,0.00,Weekday,Friday,Maximum_Load
17/01/2018 13:45,104.04,87.49,100.00,57.60,0.00,Weekday,Wednesday,Medium_Load
26/03/2018 06:45,3.06,67.44,100.00,3.35,0.00,Weekday,Monday,Light_Load
28/12/2018 16:15,30.06,100.00,97.73,0.04,6.52,Weekday,Friday,Medium_Load
27/01/2018 14:45,28.30,100.00,95.88,0.00,8.39,Weekend,Saturday,Medium_Load
02/07/2018 07:30,2.99,64.63,100.00,3.53,0.00,Weekday,Monday,Light_Load
13/03/2018 18:00,28.58,100.00,95.89,0.00,8.46,Weekday,Tuesday,Medium_Load
15/11/2018 03:30,4.07,62.00,100.00,5.15,0.00,Weekday,Thursday,Light_Load
16/08/2018 01:45,2.70,49.42,100.00,4.75,0.00,Weekday,Thursday,Light_Load
30/05/2018 14:00,45.40,97.20,100.00,10.98,0.07,Weekday,Wednesday,Maximum_Load
12/01/2018 13:30,100.30,92.74,100.00,40.46,0.00,Weekday,Friday,Medium_Load
09/03/2018 03:30,4.97,77.90,100.00,4.00,0.00,Weekday,Friday,Light_Load
07/06/2018 11:30,45.90,75.68,100.00,39.64,0.00,Weekday,Thursday,Maximum_Load
03/08/2018 02:45,3.20,47.18,100.00,5.98,0.00,Weekday,Friday,Light_Load
11/01/2018 01:00,4.61,70.18,100.00,4.68,0.00,Weekday,Thursday,Light_Load
15/03/2018 00:00,3.71,61.80,100.00,4.72,0.00,Weekday,Thursday,Light_Load
26/07/2018 22:45,3.46,48.55,100.00,6.23,0.00,Weekday,Thursday,Medium_Load
20/07/2018 23:15,3.10,100.00,60.31,0.00,4.10,Weekday,Friday,Light_Load
24/09/2018 18:45,2.88,100.00,25.68,0.00,10.84,Weekday,Monday,Light_Load
27/09/2018 22:00,3.78,100.00,22.96,0.00,16.02,Weekday,Thursday,Medium_Load
20/09/2018 23:45,3.38,46.25,100.00,6.48,0.00,Weekday,Thursday,Light_Load
23/02/2018 18:15,57.89,83.13,100.00,38.70,0.11,Weekday,Friday,Maximum_Load
11/02/2018 01:45,3.78,71.75,100.00,3.67,0.00,Weekend,Sunday,Light_Load
17/12/2018 18:30,6.37,100.00,39.31,0.00,14.90,Weekday,Monday,Maximum_Load
11/01/2018 02:00,4.61,68.52,100.00,4.90,0.00,Weekday,Thursday,Light_Load
27/03/2018 17:00,36.58,99.91,99.98,1.55,0.65,Weekday,Tuesday,Maximum_Load
11/07/2018 08:15,18.14,72.41,100.00,17.28,0.00,Weekday,Wednesday,Light_Load
13/01/2018 00:00,4.64,76.06,100.00,3.96,0.00,Weekend,Saturday,Light_Load
06/10/2018 10:15,45.61,88.66,100.00,23.80,0.00,Weekend,Saturday,Maximum_Load
25/02/2018 18:45,4.07,100.00,26.58,0.00,14.76,Weekend,Sunday,Light_Load
22/04/2018 22:00,3.42,100.00,19.86,0.00,16.88,Weekend,Sunday,Medium_Load
05/05/2018 23:30,2.84,63.12,100.00,3.49,0.00,Weekend,Saturday,Light_Load
01/08/2018 19:15,2.84,100.00,16.25,0.00,17.24,Weekday,Wednesday,Light_Load
05/06/2018 13:00,4.43,100.00,21.24,0.00,20.38,Weekday,Tuesday,Medium_Load
31/10/2018 00:00,3.85,58.84,100.00,5.29,0.00,Weekday,Wednesday,Light_Load
14/08/2018 03:30,3.06,46.23,100.00,5.87,0.00,Weekday,Tuesday,Light_Load
03/05/2018 09:30,110.95,94.64,100.00,37.87,0.00,Weekday,Thursday,Medium_Load
21/02/2018 18:15,75.92,95.67,100.00,23.11,0.00,Weekday,Wednesday,Maximum_Load
26/10/2018 18:45,52.06,88.55,100.00,27.32,0.00,Weekday,Friday,Medium_Load
06/09/2018 21:00,63.50,88.77,100.00,32.94,0.00,Weekday,Thursday,Medium_Load
13/08/2018 02:30,2.81,44.09,100.00,5.72,0.00,Weekday,Monday,Light_Load
10/06/2018 23:15,2.84,50.15,100.00,4.90,0.00,Weekend,Sunday,Light_Load
27/09/2018 12:15,3.89,100.00,32.73,0.00,11.23,Weekday,Thursday,Medium_Load
08/04/2018 09:45,93.96,97.74,100.00,20.30,0.36,Weekend,Sunday,Medium_Load
16/05/2018 18:30,73.01,93.29,100.00,28.19,0.00,Weekday,Wednesday,Medium_Load
19/07/2018 04:15,2.77,48.17,100.00,5.04,0.00,Weekday,Thursday,Light_Load
25/04/2018 22:15,4.00,94.09,27.15,1.44,14.18,Weekday,Wednesday,Medium_Load
25/09/2018 04:15,2.59,41.67,100.00,5.65,0.00,Weekday,Tuesday,Light_Load
02/08/2018 15:15,2.95,100.00,17.68,0.00,16.42,Weekday,Thursday,Light_Load
24/06/2018 20:00,3.64,100.00,14.44,0.00,24.95,Weekend,Sunday,Medium_Load
07/08/2018 20:45,50.00,92.49,100.00,20.56,0.00,Weekday,Tuesday,Medium_Load
18/10/2018 23:00,3.78,47.05,100.00,7.09,0.00,Weekday,Thursday,Medium_Load
29/03/2018 03:00,3.02,60.26,100.00,4.00,0.00,Weekday,Thursday,Light_Load
26/02/2018 22:45,5.76,77.15,100.00,4.75,0.00,Weekday,Monday,Maximum_Load
30/07/2018 11:15,44.28,83.33,100.00,29.38,0.00,Weekday,Monday,Maximum_Load
06/10/2018 05:00,2.92,45.22,100.00,5.76,0.00,Weekend,Saturday,Light_Load
06/09/2018 01:15,2.81,47.12,100.00,5.26,0.00,Weekday,Thursday,Light_Load
05/11/2018 09:00,78.62,85.11,100.00,48.49,0.00,Weekday,Monday,Light_Load
27/10/2018 22:15,3.38,47.69,99.86,6.23,0.18,Weekend,Saturday,Medium_Load
04/04/2018 04:15,3.06,62.52,100.00,3.82,0.00,Weekday,Wednesday,Light_Load
19/05/2018 23:15,2.99,53.27,100.00,4.75,0.00,Weekend,Saturday,Light_Load
31/10/2018 06:15,2.88,60.20,100.00,3.82,0.00,Weekday,Wednesday,Light_Load
11/06/2018 20:45,76.07,97.36,100.00,17.82,0.00,Weekday,Monday,Medium_Load
25/01/2018 00:15,41.90,81.12,100.00,30.20,0.00,Weekday,Thursday,Light_Load
28/08/2018 12:45,4.39,100.00,31.30,0.00,13.32,Weekday,Tuesday,Medium_Load
01/02/2018 06:15,4.39,70.71,100.00,4.39,0.00,Weekday,Thursday,Light_Load
24/02/2018 08:45,45.11,83.46,100.00,29.77,0.00,Weekend,Saturday,Light_Load
26/08/2018 18:30,3.53,100.00,56.54,0.00,5.15,Weekend,Sunday,Medium_Load
09/08/2018 13:00,4.57,100.00,27.50,0.00,15.98,Weekday,Thursday,Medium_Load
31/10/2018 21:00,45.07,99.18,99.71,5.80,3.42,Weekday,Wednesday,Medium_Load
06/04/2018 02:15,3.56,56.64,100.00,5.18,0.00,Weekday,Friday,Light_Load
09/02/2018 00:45,60.98,84.68,100.00,38.30,0.00,Weekday,Friday,Light_Load
02/06/2018 14:00,6.12,100.00,26.29,0.00,22.46,Weekend,Saturday,Light_Load
27/05/2018 11:30,2.81,100.00,50.92,0.00,4.75,Weekend,Sunday,Light_Load
13/07/2018 18:15,34.88,92.03,99.94,14.83,1.22,Weekday,Friday,Medium_Load
16/02/2018 12:00,4.36,100.00,54.37,0.00,6.73,Weekday,Friday,Light_Load
27/08/2018 05:30,3.49,56.93,100.00,5.04,0.00,Weekday,Monday,Light_Load
21/12/2018 05:30,3.20,81.20,99.98,2.30,0.07,Weekday,Friday,Light_Load
13/12/2018 16:15,88.92,97.48,100.00,20.34,0.00,Weekday,Thursday,Medium_Load
11/05/2018 10:00,64.04,89.13,100.00,32.58,0.00,Weekday,Friday,Medium_Load
16/12/2018 03:30,3.35,77.86,100.00,2.70,0.00,Weekend,Sunday,Light_Load
31/10/2018 07:30,2.95,63.81,100.00,3.56,0.00,Weekday,Wednesday,Light_Load
05/03/2018 20:15,99.61,95.84,100.00,29.66,0.00,Weekday,Monday,Medium_Load
24/11/2018 04:00,4.79,78.50,100.00,3.78,0.00,Weekend,Saturday,Light_Load
04/12/2018 04:30,3.60,68.58,100.00,3.82,0.00,Weekday,Tuesday,Light_Load
09/10/2018 02:00,2.63,51.05,100.00,4.43,0.00,Weekday,Tuesday,Light_Load
08/04/2018 13:45,78.62,98.20,99.98,15.12,1.40,Weekend,Sunday,Maximum_Load
04/05/2018 07:45,4.36,63.32,100.00,5.33,0.00,Weekday,Friday,Light_Load
19/03/2018 01:30,3.06,62.52,100.00,3.82,0.00,Weekday,Monday,Light_Load
14/08/2018 04:15,2.92,45.22,100.00,5.76,0.00,Weekday,Tuesday,Light_Load
18/04/2018 10:15,96.84,94.31,100.00,34.13,0.00,Weekday,Wednesday,Maximum_Load
29/01/2018 21:15,94.07,98.40,100.00,17.03,0.00,Weekday,Monday,Medium_Load
04/04/2018 09:45,62.93,91.34,100.00,28.04,0.00,Weekday,Wednesday,Medium_Load
01/09/2018 23:45,3.82,57.47,100.00,5.44,0.00,Weekend,Saturday,Light_Load
12/08/2018 14:00,3.02,100.00,20.05,0.00,14.76,Weekend,Sunday,Light_Load
08/05/2018 00:00,3.96,68.51,100.00,4.21,0.00,Weekday,Tuesday,Light_Load
08/02/2018 19:30,76.32,98.24,99.99,14.51,0.90,Weekday,Thursday,Maximum_Load
20/05/2018 11:00,5.51,100.00,23.30,0.00,23.00,Weekend,Sunday,Maximum_Load
01/04/2018 11:45,2.95,100.00,50.81,0.00,5.00,Weekend,Sunday,Light_Load
07/02/2018 04:15,5.94,72.03,100.00,5.72,0.00,Weekday,Wednesday,Light_Load
11/06/2018 18:15,43.31,85.87,100.00,25.85,0.22,Weekday,Monday,Medium_Load
13/06/2018 22:15,2.99,95.12,27.80,0.97,10.33,Weekday,Wednesday,Medium_Load
11/05/2018 10:45,64.76,87.03,100.00,36.65,0.00,Weekday,Friday,Maximum_Load
27/02/2018 19:15,99.61,94.58,100.00,34.20,0.00,Weekday,Tuesday,Maximum_Load
02/06/2018 12:15,3.24,100.00,25.95,0.00,12.06,Weekend,Saturday,Light_Load
14/04/2018 18:30,3.74,100.00,47.98,0.00,6.84,Weekend,Saturday,Medium_Load
29/01/2018 10:45,59.18,95.86,100.00,17.57,0.00,Weekday,Monday,Maximum_Load
19/02/2018 10:15,54.61,97.86,100.00,11.48,0.00,Weekday,Monday,Maximum_Load
03/07/2018 04:30,2.81,52.63,100.00,4.54,0.00,Weekday,Tuesday,Light_Load
29/07/2018 20:30,2.95,100.00,17.50,0.00,16.60,Weekend,Sunday,Medium_Load
22/09/2018 14:45,2.81,100.00,25.03,0.00,10.87,Weekend,Saturday,Light_Load
02/06/2018 08:30,24.48,71.66,100.00,23.83,0.00,Weekend,Saturday,Light_Load
19/06/2018 00:15,2.99,55.00,100.00,4.54,0.00,Weekday,Tuesday,Light_Load
20/09/2018 00:45,3.35,44.72,100.00,6.70,0.00,Weekday,Thursday,Light_Load
20/07/2018 10:45,54.65,83.66,100.00,35.78,0.00,Weekday,Friday,Maximum_Load
11/11/2018 17:00,3.85,100.00,20.10,0.00,18.76,Weekend,Sunday,Light_Load
11/08/2018 09:15,91.19,93.66,100.00,34.13,0.00,Weekend,Saturday,Medium_Load
12/06/2018 13:00,4.72,100.00,18.62,0.00,24.91,Weekday,Tuesday,Medium_Load
22/09/2018 12:00,3.35,100.00,46.55,0.00,6.37,Weekend,Saturday,Light_Load
28/11/2018 19:00,62.21,91.83,100.00,26.82,0.00,Weekday,Wednesday,Maximum_Load
19/02/2018 00:30,3.35,55.66,100.00,5.00,0.00,Weekday,Monday,Light_Load
20/06/2018 23:00,3.46,62.87,100.00,4.28,0.00,Weekday,Wednesday,Medium_Load
11/08/2018 06:45,2.84,43.55,100.00,5.87,0.00,Weekend,Saturday,Light_Load
09/01/2018 15:00,124.92,95.15,100.00,40.39,0.00,Weekday,Tuesday,Medium_Load
06/01/2018 05:00,4.18,58.27,100.00,5.83,0.00,Weekend,Saturday,Light_Load
28/03/2018 21:30,5.47,100.00,20.84,0.00,25.67,Weekday,Wednesday,Medium_Load
01/06/2018 20:45,3.67,100.00,14.04,0.00,25.88,Weekday,Friday,Medium_Load
09/09/2018 08:15,3.74,44.87,100.00,7.45,0.00,Weekend,Sunday,Light_Load
07/12/2018 17:15,72.11,90.65,100.00,33.59,0.00,Weekday,Friday,Maximum_Load
04/05/2018 10:00,65.70,89.06,100.00,33.55,0.00,Weekday,Friday,Medium_Load
24/08/2018 12:45,4.50,100.00,32.55,0.00,13.07,Weekday,Friday,Medium_Load
17/07/2018 22:15,3.74,100.00,26.77,0.00,13.46,Weekday,Tuesday,Medium_Load
07/05/2018 06:00,2.84,59.36,100.00,3.85,0.00,Weekday,Monday,Light_Load
15/03/2018 23:15,3.74,63.58,100.00,4.54,0.00,Weekday,Thursday,Light_Load
26/07/2018 01:00,2.63,52.00,100.00,4.32,0.00,Weekday,Thursday,Light_Load
09/03/2018 17:45,35.10,99.99,98.97,0.47,5.08,Weekday,Friday,Medium_Load
21/06/2018 23:00,3.56,58.00,100.00,5.00,0.00,Weekday,Thursday,Medium_Load
31/07/2018 05:00,3.13,59.03,100.00,4.28,0.00,Weekday,Tuesday,Light_Load
14/09/2018 23:45,2.66,46.68,100.00,5.04,0.00,Weekday,Friday,Light_Load
24/07/2018 17:15,54.94,95.01,100.00,18.04,0.00,Weekday,Tuesday,Medium_Load
12/10/2018 07:00,2.92,47.57,100.00,5.40,0.00,Weekday,Friday,Light_Load
17/03/2018 03:15,3.13,69.04,100.00,3.28,0.00,Weekend,Saturday,Light_Load
18/11/2018 14:00,35.10,98.74,100.00,5.62,0.14,Weekend,Sunday,Medium_Load
23/08/2018 18:30,39.96,87.68,100.00,21.92,0.00,Weekday,Thursday,Medium_Load
03/04/2018 18:15,40.61,82.36,99.99,27.97,0.43,Weekday,Tuesday,Medium_Load
16/07/2018 06:45,2.77,50.38,100.00,4.75,0.00,Weekday,Monday,Light_Load
22/05/2018 20:30,4.36,100.00,20.57,0.00,20.74,Weekday,Tuesday,Medium_Load
09/12/2018 00:30,3.74,75.18,99.99,3.28,0.04,Weekend,Sunday,Light_Load
15/10/2018 07:45,4.21,50.11,100.00,7.27,0.00,Weekday,Monday,Light_Load
19/03/2018 19:15,42.59,98.18,100.00,8.24,0.04,Weekday,Monday,Medium_Load
29/01/2018 14:45,97.27,94.91,100.00,32.29,0.00,Weekday,Monday,Medium_Load
30/11/2018 12:15,5.65,100.00,25.38,0.00,21.53,Weekday,Friday,Medium_Load
08/01/2018 17:45,37.73,99.96,97.27,1.01,9.00,Weekday,Monday,Maximum_Load
28/08/2018 14:15,51.16,89.61,100.00,25.34,0.00,Weekday,Tuesday,Maximum_Load
02/06/2018 21:00,3.74,100.00,21.45,0.00,17.03,Weekend,Saturday,Light_Load
10/08/2018 15:30,106.67,91.55,100.00,46.87,0.00,Weekday,Friday,Maximum_Load
09/08/2018 02:30,3.20,55.31,100.00,4.82,0.00,Weekday,Thursday,Light_Load
27/05/2018 07:15,3.02,52.47,100.00,4.90,0.00,Weekend,Sunday,Light_Load
09/09/2018 08:45,8.53,74.84,99.57,7.56,0.79,Weekend,Sunday,Light_Load
01/11/2018 21:30,3.92,100.00,22.29,0.00,17.14,Weekday,Thursday,Medium_Load
06/01/2018 08:15,4.07,62.30,100.00,5.11,0.00,Weekend,Saturday,Light_Load
17/12/2018 20:45,4.46,100.00,20.35,0.00,21.46,Weekday,Monday,Medium_Load
17/11/2018 21:00,4.10,100.00,23.00,0.00,17.35,Weekend,Saturday,Medium_Load
22/10/2018 04:15,2.88,45.16,100.00,5.69,0.00,Weekday,Monday,Light_Load
27/04/2018 18:15,39.31,90.29,99.98,18.72,0.72,Weekday,Friday,Medium_Load
24/02/2018 04:30,5.87,79.82,100.00,4.43,0.00,Weekend,Saturday,Light_Load
31/05/2018 02:45,2.95,47.94,100.00,5.40,0.00,Weekday,Thursday,Light_Load
23/08/2018 08:45,59.47,75.52,100.00,51.62,0.00,Weekday,Thursday,Light_Load
07/01/2018 04:30,3.24,69.95,100.00,3.31,0.00,Weekend,Sunday,Light_Load
11/05/2018 23:30,3.49,70.31,100.00,3.53,0.00,Weekday,Friday,Light_Load
10/01/2018 02:30,4.54,71.57,100.00,4.43,0.00,Weekday,Wednesday,Light_Load
06/07/2018 10:00,78.12,91.53,100.00,34.38,0.00,Weekday,Friday,Medium_Load
30/01/2018 12:45,9.72,100.00,35.94,0.00,25.24,Weekday,Tuesday,Medium_Load
23/08/2018 17:00,53.57,85.41,100.00,32.62,0.00,Weekday,Thursday,Maximum_Load
30/03/2018 22:45,3.46,54.23,100.00,5.36,0.00,Weekday,Friday,Medium_Load
17/10/2018 18:15,32.40,89.40,100.00,16.24,0.00,Weekday,Wednesday,Medium_Load
07/05/2018 10:45,96.41,93.68,100.00,36.00,0.00,Weekday,Monday,Maximum_Load
29/03/2018 00:45,3.64,62.55,100.00,4.54,0.00,Weekday,Thursday,Light_Load
11/08/2018 02:00,2.92,49.61,100.00,5.11,0.00,Weekend,Saturday,Light_Load
21/11/2018 06:45,2.84,83.52,99.37,1.87,0.32,Weekday,Wednesday,Light_Load
21/10/2018 18:30,2.99,100.00,42.11,0.00,6.44,Weekend,Sunday,Light_Load
04/07/2018 20:45,53.21,93.45,100.00,20.27,0.04,Weekday,Wednesday,Medium_Load
16/11/2018 06:00,3.20,54.68,100.00,4.90,0.00,Weekday,Friday,Light_Load
06/11/2018 04:15,3.10,50.28,100.00,5.33,0.00,Weekday,Tuesday,Light_Load
15/11/2018 08:45,119.12,85.22,100.00,73.12,0.00,Weekday,Thursday,Light_Load
28/03/2018 07:30,3.74,70.71,100.00,3.74,0.00,Weekday,Wednesday,Light_Load
26/04/2018 14:15,44.78,94.42,100.00,15.62,0.00,Weekday,Thursday,Maximum_Load
25/09/2018 17:15,2.95,100.00,19.83,0.00,14.58,Weekday,Tuesday,Light_Load
13/02/2018 03:15,5.98,70.30,100.00,6.05,0.00,Weekday,Tuesday,Light_Load
26/06/2018 01:00,2.59,59.59,100.00,3.49,0.00,Weekday,Tuesday,Light_Load
03/03/2018 18:30,4.79,100.00,44.72,0.00,9.58,Weekend,Saturday,Medium_Load
28/12/2018 17:15,9.58,100.00,42.61,0.00,20.34,Weekday,Friday,Maximum_Load
13/05/2018 13:00,3.17,100.00,18.72,0.00,16.63,Weekend,Sunday,Light_Load
09/12/2018 16:45,3.31,100.00,23.23,0.00,13.86,Weekend,Sunday,Light_Load
10/12/2018 13:15,42.66,94.00,99.17,15.48,5.54,Weekday,Monday,Medium_Load
25/08/2018 23:30,3.17,64.66,100.00,3.74,0.00,Weekend,Saturday,Light_Load
20/02/2018 06:15,4.97,66.78,100.00,5.54,0.00,Weekday,Tuesday,Light_Load
02/02/2018 10:30,76.00,94.56,100.00,26.14,0.00,Weekday,Friday,Maximum_Load
30/03/2018 17:15,68.00,87.64,100.00,37.37,0.00,Weekday,Friday,Medium_Load
16/11/2018 05:00,3.10,51.87,100.00,5.11,0.00,Weekday,Friday,Light_Load
30/08/2018 02:15,2.66,48.32,100.00,4.82,0.00,Weekday,Thursday,Light_Load
04/07/2018 06:15,2.77,58.40,100.00,3.85,0.00,Weekday,Wednesday,Light_Load
15/10/2018 19:45,63.65,89.04,100.00,32.54,0.00,Weekday,Monday,Medium_Load
22/11/2018 06:00,3.10,76.74,100.00,2.59,0.00,Weekday,Thursday,Light_Load
26/05/2018 08:15,23.76,72.00,100.00,22.90,0.00,Weekend,Saturday,Light_Load
16/11/2018 15:30,105.84,91.08,100.00,47.99,0.00,Weekday,Friday,Medium_Load
03/10/2018 23:45,3.02,45.56,100.00,5.90,0.00,Weekday,Wednesday,Light_Load
23/02/2018 20:45,45.97,99.90,99.80,2.09,2.88,Weekday,Friday,Medium_Load
04/09/2018 09:45,55.58,85.71,100.00,33.41,0.00,Weekday,Tuesday,Medium_Load
03/08/2018 03:00,2.84,42.49,100.00,6.05,0.00,Weekday,Friday,Light_Load
10/11/2018 04:15,3.78,45.05,100.00,7.49,0.00,Weekend,Saturday,Light_Load
14/10/2018 11:45,2.95,100.00,28.19,0.00,10.04,Weekend,Sunday,Light_Load
06/03/2018 11:15,63.58,85.77,100.00,38.12,0.00,Weekday,Tuesday,Maximum_Load
20/06/2018 01:30,3.64,50.45,100.00,6.23,0.00,Weekday,Wednesday,Light_Load
06/12/2018 11:45,67.82,86.62,100.00,39.13,0.00,Weekday,Thursday,Maximum_Load
07/03/2018 18:00,84.35,98.48,99.99,14.87,0.94,Weekday,Wednesday,Medium_Load
07/07/2018 09:45,55.62,92.99,100.00,22.00,0.00,Weekend,Saturday,Medium_Load
31/03/2018 12:00,2.88,100.00,48.31,0.00,5.22,Weekend,Saturday,Light_Load
28/04/2018 21:45,3.42,100.00,12.79,0.00,26.53,Weekend,Saturday,Medium_Load
22/02/2018 11:45,84.46,85.53,100.00,51.16,0.00,Weekday,Thursday,Maximum_Load
04/12/2018 02:15,3.56,68.18,100.00,3.82,0.00,Weekday,Tuesday,Light_Load
06/02/2018 09:30,96.41,95.63,100.00,29.48,0.00,Weekday,Tuesday,Medium_Load
24/02/2018 08:15,35.64,85.02,100.00,22.07,0.00,Weekend,Saturday,Light_Load
03/11/2018 03:00,3.17,54.63,100.00,4.86,0.00,Weekend,Saturday,Light_Load
01/04/2018 12:00,2.88,100.00,50.98,0.00,4.86,Weekend,Sunday,Light_Load
19/01/2018 17:15,125.75,92.00,100.00,53.57,0.00,Weekday,Friday,Maximum_Load
29/09/2018 14:30,46.58,93.55,100.00,17.60,0.00,Weekend,Saturday,Maximum_Load
03/05/2018 20:15,62.35,89.23,100.00,31.54,0.00,Weekday,Thursday,Medium_Load
12/05/2018 13:15,17.28,100.00,76.12,0.07,14.72,Weekend,Saturday,Maximum_Load
03/10/2018 18:00,3.56,100.00,28.55,0.00,11.95,Weekday,Wednesday,Medium_Load
10/03/2018 02:00,3.10,76.74,100.00,2.59,0.00,Weekend,Saturday,Light_Load
04/08/2018 10:00,2.81,100.00,16.01,0.00,17.32,Weekend,Saturday,Light_Load
17/07/2018 19:30,55.48,95.51,100.00,17.21,0.00,Weekday,Tuesday,Medium_Load
12/05/2018 04:45,3.13,61.34,100.00,4.03,0.00,Weekend,Saturday,Light_Load
30/05/2018 16:15,115.78,95.21,100.00,37.19,0.00,Weekday,Wednesday,Maximum_Load
14/05/2018 20:15,67.54,87.42,100.00,37.51,0.00,Weekday,Monday,Medium_Load
06/04/2018 08:30,55.66,76.98,100.00,46.15,0.00,Weekday,Friday,Light_Load
18/02/2018 15:00,3.53,100.00,20.68,0.00,16.70,Weekend,Sunday,Light_Load
16/01/2018 18:30,93.53,81.15,100.00,67.36,0.00,Weekday,Tuesday,Maximum_Load
12/08/2018 18:45,2.88,100.00,27.30,0.00,10.15,Weekend,Sunday,Light_Load
24/07/2018 18:45,58.61,89.68,100.00,28.91,0.00,Weekday,Tuesday,Medium_Load
28/05/2018 15:30,63.18,89.37,100.00,31.72,0.00,Weekday,Monday,Maximum_Load
24/11/2018 03:15,3.64,74.70,99.99,3.24,0.04,Weekend,Saturday,Light_Load
24/10/2018 07:30,3.78,51.21,100.00,6.34,0.00,Weekday,Wednesday,Light_Load
31/07/2018 00:00,2.84,51.00,100.00,4.79,0.00,Weekday,Tuesday,Light_Load
29/12/2018 15:30,3.31,100.00,23.40,0.00,13.75,Weekend,Saturday,Light_Load
08/06/2018 18:45,52.49,91.38,100.00,23.33,0.00,Weekday,Friday,Medium_Load
24/04/2018 16:45,68.04,92.49,100.00,27.97,0.00,Weekday,Tuesday,Maximum_Load
18/01/2018 02:15,34.74,76.91,100.00,28.87,0.00,Weekday,Thursday,Light_Load
19/06/2018 20:00,43.31,92.58,100.00,17.68,0.00,Weekday,Tuesday,Medium_Load
06/05/2018 16:30,3.17,100.00,18.37,0.00,16.96,Weekend,Sunday,Light_Load
28/05/2018 17:30,42.62,98.64,99.90,7.09,1.94,Weekday,Monday,Medium_Load
19/06/2018 01:30,2.74,52.60,100.00,4.43,0.00,Weekday,Tuesday,Light_Load
12/12/2018 22:15,5.04,84.42,99.57,3.20,0.47,Weekday,Wednesday,Maximum_Load
15/09/2018 01:00,2.63,47.07,100.00,4.93,0.00,Weekend,Saturday,Light_Load
08/08/2018 12:15,7.24,98.43,60.45,1.30,9.54,Weekday,Wednesday,Medium_Load
10/03/2018 06:00,3.10,74.57,100.00,2.77,0.00,Weekend,Saturday,Light_Load
22/10/2018 03:00,3.46,48.14,100.00,6.30,0.00,Weekday,Monday,Light_Load
23/11/2018 01:30,3.60,82.67,99.39,2.45,0.40,Weekday,Friday,Light_Load
19/08/2018 07:45,2.59,49.55,100.00,4.54,0.00,Weekend,Sunday,Light_Load
23/12/2018 19:00,3.64,100.00,24.33,0.00,14.51,Weekend,Sunday,Light_Load
22/08/2018 10:00,61.74,87.84,100.00,33.59,0.00,Weekday,Wednesday,Medium_Load
05/09/2018 06:00,2.48,42.91,100.00,5.22,0.00,Weekday,Wednesday,Light_Load
14/09/2018 10:15,41.18,88.75,100.00,21.38,0.00,Weekday,Friday,Maximum_Load
07/08/2018 00:00,2.84,48.29,100.00,5.15,0.00,Weekday,Tuesday,Light_Load
28/05/2018 09:30,65.34,88.78,100.00,33.88,0.00,Weekday,Monday,Medium_Load
27/08/2018 08:45,50.54,70.73,100.00,50.51,0.00,Weekday,Monday,Light_Load
17/10/2018 21:30,3.92,100.00,20.92,0.00,18.32,Weekday,Wednesday,Medium_Load
03/07/2018 19:45,90.83,93.03,100.00,35.82,0.00,Weekday,Tuesday,Medium_Load
21/12/2018 15:00,68.04,89.22,100.00,34.45,0.00,Weekday,Friday,Medium_Load
06/03/2018 22:00,5.36,100.00,19.55,0.00,26.89,Weekday,Tuesday,Medium_Load
30/08/2018 21:00,24.44,98.22,98.08,4.68,4.86,Weekday,Thursday,Medium_Load
24/04/2018 20:45,63.83,98.51,100.00,11.16,0.25,Weekday,Tuesday,Medium_Load
14/10/2018 03:00,2.77,49.52,100.00,4.86,0.00,Weekend,Sunday,Light_Load
15/03/2018 20:45,73.94,93.83,100.00,27.25,0.00,Weekday,Thursday,Medium_Load
19/10/2018 08:00,4.57,53.59,100.00,7.20,0.00,Weekday,Friday,Light_Load
16/11/2018 21:30,4.36,100.00,24.95,0.00,16.92,Weekday,Friday,Medium_Load
14/11/2018 11:15,71.93,85.63,100.00,43.38,0.00,Weekday,Wednesday,Maximum_Load
31/08/2018 08:15,26.14,71.06,100.00,25.88,0.00,Weekday,Friday,Light_Load
29/11/2018 15:00,57.46,90.00,100.00,27.83,0.00,Weekday,Thursday,Medium_Load
30/03/2018 06:45,2.92,59.35,100.00,3.96,0.00,Weekday,Friday,Light_Load
21/11/2018 00:00,3.71,77.14,100.00,3.06,0.00,Weekday,Wednesday,Light_Load
03/05/2018 14:45,94.64,91.34,100.00,42.19,0.00,Weekday,Thursday,Maximum_Load
09/12/2018 12:00,3.89,100.00,21.08,0.00,18.04,Weekend,Sunday,Light_Load
27/02/2018 23:00,6.01,69.26,100.00,6.26,0.00,Weekday,Tuesday,Maximum_Load
18/04/2018 20:00,3.92,100.00,14.60,0.00,26.57,Weekday,Wednesday,Medium_Load
21/11/2018 17:30,115.49,91.78,100.00,49.97,0.00,Weekday,Wednesday,Maximum_Load
16/06/2018 18:45,3.67,100.00,31.14,0.00,11.20,Weekend,Saturday,Medium_Load
21/07/2018 14:00,31.86,91.43,100.00,14.11,0.00,Weekend,Saturday,Maximum_Load
06/09/2018 13:00,6.12,100.00,33.89,0.00,16.99,Weekday,Thursday,Medium_Load
20/02/2018 02:45,5.90,74.64,100.00,5.26,0.00,Weekday,Tuesday,Light_Load
31/12/2018 00:00,3.67,77.22,99.98,3.02,0.07,Weekday,Monday,Light_Load
25/05/2018 21:30,5.26,100.00,20.54,0.00,25.06,Weekday,Friday,Medium_Load
07/10/2018 16:15,2.66,100.00,21.73,0.00,11.95,Weekend,Sunday,Light_Load
05/08/2018 01:45,2.81,46.64,100.00,5.33,0.00,Weekend,Sunday,Light_Load
24/09/2018 01:30,2.63,43.33,100.00,5.47,0.00,Weekday,Monday,Light_Load
06/05/2018 23:15,3.06,61.53,100.00,3.92,0.00,Weekend,Sunday,Light_Load
19/03/2018 21:45,4.21,100.00,16.10,0.00,25.81,Weekday,Monday,Medium_Load
24/10/2018 18:45,3.92,100.00,22.26,0.00,17.17,Weekday,Wednesday,Medium_Load
03/05/2018 15:30,83.99,93.92,100.00,30.71,0.00,Weekday,Thursday,Maximum_Load
24/08/2018 19:45,56.70,88.88,100.00,29.23,0.00,Weekday,Friday,Medium_Load
13/12/2018 21:00,20.16,99.87,84.04,1.01,13.00,Weekday,Thursday,Medium_Load
21/05/2018 12:15,4.32,99.97,31.54,0.11,13.00,Weekday,Monday,Medium_Load
08/03/2018 21:45,5.47,100.00,19.88,0.00,26.96,Weekday,Thursday,Medium_Load
04/08/2018 21:00,2.95,100.00,17.36,0.00,16.74,Weekend,Saturday,Light_Load
03/03/2018 13:15,21.92,99.91,91.07,0.94,9.94,Weekend,Saturday,Maximum_Load
24/06/2018 20:30,3.02,100.00,17.39,0.00,17.10,Weekend,Sunday,Medium_Load
11/07/2018 17:30,39.38,99.55,99.96,3.74,1.12,Weekday,Wednesday,Medium_Load
02/12/2018 12:00,4.03,100.00,24.14,0.00,16.20,Weekend,Sunday,Light_Load
09/12/2018 09:15,4.03,100.00,18.89,0.00,20.95,Weekend,Sunday,Light_Load
11/05/2018 02:45,3.67,69.00,100.00,3.85,0.00,Weekday,Friday,Light_Load
04/03/2018 12:45,3.82,100.00,15.99,0.00,23.58,Weekend,Sunday,Light_Load
21/08/2018 13:30,48.02,90.42,100.00,22.68,0.00,Weekday,Tuesday,Maximum_Load
09/12/2018 17:45,3.64,100.00,20.95,0.00,16.99,Weekend,Sunday,Light_Load
15/02/2018 21:30,3.35,100.00,18.70,0.00,17.60,Weekday,Thursday,Light_Load
12/12/2018 07:45,5.83,88.11,99.93,3.13,0.22,Weekday,Wednesday,Light_Load
01/06/2018 05:30,3.64,49.79,100.00,6.34,0.00,Weekday,Friday,Light_Load
06/10/2018 16:45,103.03,93.21,100.00,40.03,0.00,Weekend,Saturday,Maximum_Load
01/10/2018 02:45,2.63,46.26,100.00,5.04,0.00,Weekday,Monday,Light_Load
22/10/2018 23:30,4.32,51.66,100.00,7.16,0.00,Weekday,Monday,Light_Load
21/09/2018 23:30,3.20,49.28,100.00,5.65,0.00,Weekday,Friday,Light_Load
26/04/2018 19:45,89.06,89.74,100.00,43.78,0.00,Weekday,Thursday,Medium_Load
11/12/2018 01:00,4.21,76.63,99.99,3.53,0.07,Weekday,Tuesday,Light_Load
14/10/2018 08:15,2.70,48.87,100.00,4.82,0.00,Weekend,Sunday,Light_Load
29/01/2018 14:15,124.52,93.53,100.00,47.12,0.00,Weekday,Monday,Medium_Load
03/06/2018 22:30,2.92,47.29,100.00,5.44,0.00,Weekend,Sunday,Light_Load
09/06/2018 03:30,3.38,51.07,100.00,5.69,0.00,Weekend,Saturday,Light_Load
14/10/2018 00:30,2.74,51.67,100.00,4.54,0.00,Weekend,Sunday,Light_Load
15/08/2018 00:00,2.81,42.76,100.00,5.94,0.00,Weekday,Wednesday,Light_Load
19/01/2018 09:00,71.64,91.31,100.00,32.00,0.00,Weekday,Friday,Light_Load
20/08/2018 12:45,5.47,100.00,27.03,0.00,19.48,Weekday,Monday,Medium_Load
18/07/2018 00:30,2.74,100.00,45.25,0.00,5.40,Weekday,Wednesday,Light_Load
17/12/2018 10:00,50.08,95.64,100.00,15.30,0.00,Weekday,Monday,Medium_Load
10/02/2018 22:30,3.71,74.62,100.00,3.31,0.00,Weekend,Saturday,Light_Load
13/09/2018 16:15,122.87,88.96,100.00,63.07,0.00,Weekday,Thursday,Maximum_Load
27/03/2018 08:30,42.12,74.55,100.00,37.66,0.00,Weekday,Tuesday,Light_Load
10/06/2018 12:30,3.71,100.00,22.18,0.00,16.31,Weekend,Sunday,Light_Load
24/11/2018 11:30,3.24,100.00,22.83,0.00,13.82,Weekend,Saturday,Light_Load
17/11/2018 14:45,100.01,90.12,100.00,48.10,0.00,Weekend,Saturday,Medium_Load
16/06/2018 06:00,2.92,44.97,100.00,5.80,0.00,Weekend,Saturday,Light_Load
03/09/2018 17:30,88.74,93.21,100.00,34.49,0.00,Weekday,Monday,Medium_Load
08/10/2018 10:15,72.54,83.71,100.00,47.41,0.00,Weekday,Monday,Maximum_Load
07/09/2018 18:00,29.02,97.87,99.94,6.08,0.97,Weekday,Friday,Medium_Load
10/04/2018 01:00,3.56,63.95,100.00,4.28,0.00,Weekday,Tuesday,Light_Load
11/08/2018 13:45,95.65,94.51,100.00,33.08,0.00,Weekend,Saturday,Maximum_Load
22/09/2018 10:30,3.24,100.00,30.30,0.00,10.19,Weekend,Saturday,Light_Load
14/05/2018 22:45,3.56,65.56,100.00,4.10,0.00,Weekday,Monday,Medium_Load
30/05/2018 13:00,4.86,100.00,18.99,0.00,25.13,Weekday,Wednesday,Medium_Load
24/03/2018 05:30,3.13,62.40,100.00,3.92,0.00,Weekend,Saturday,Light_Load
19/06/2018 13:45,43.81,93.74,100.00,16.27,0.00,Weekday,Tuesday,Maximum_Load
21/09/2018 00:30,2.92,50.13,100.00,5.04,0.00,Weekday,Friday,Light_Load
27/11/2018 04:00,3.74,80.36,100.00,2.77,0.00,Weekday,Tuesday,Light_Load
09/06/2018 00:15,3.46,59.45,100.00,4.68,0.00,Weekend,Saturday,Light_Load
24/04/2018 01:45,3.20,57.36,100.00,4.57,0.00,Weekday,Tuesday,Light_Load
27/08/2018 12:45,25.27,100.00,98.52,0.04,4.39,Weekday,Monday,Medium_Load
10/03/2018 08:45,7.67,78.71,99.89,6.01,0.36,Weekend,Saturday,Light_Load
23/10/2018 11:15,54.00,85.22,100.00,33.16,0.00,Weekday,Tuesday,Maximum_Load
10/04/2018 05:30,2.88,72.95,100.00,2.70,0.00,Weekday,Tuesday,Light_Load
19/02/2018 20:00,100.98,94.82,100.00,33.84,0.00,Weekday,Monday,Maximum_Load
02/09/2018 15:15,44.82,87.50,100.00,24.80,0.00,Weekend,Sunday,Maximum_Load
06/12/2018 16:15,62.28,91.96,100.00,26.60,0.00,Weekday,Thursday,Medium_Load
30/09/2018 23:00,2.59,47.56,100.00,4.79,0.00,Weekend,Sunday,Light_Load
09/04/2018 17:30,69.30,89.77,100.00,34.02,0.58,Weekday,Monday,Medium_Load
08/05/2018 10:30,102.82,92.14,100.00,43.38,0.00,Weekday,Tuesday,Maximum_Load
22/11/2018 08:00,6.30,93.40,99.99,2.41,0.07,Weekday,Thursday,Light_Load
01/12/2018 12:30,3.71,100.00,26.17,0.00,13.68,Weekend,Saturday,Medium_Load
14/09/2018 16:30,111.78,89.36,100.00,56.16,0.00,Weekday,Friday,Maximum_Load
28/04/2018 03:00,3.24,73.49,100.00,2.99,0.00,Weekend,Saturday,Light_Load
23/09/2018 06:00,2.56,45.29,100.00,5.04,0.00,Weekend,Sunday,Light_Load
11/05/2018 12:00,54.79,80.57,100.00,40.28,0.00,Weekday,Friday,Maximum_Load
10/02/2018 19:15,4.79,100.00,17.63,0.00,26.75,Weekend,Saturday,Light_Load
01/11/2018 07:00,3.17,63.86,100.00,3.82,0.00,Weekday,Thursday,Light_Load
02/08/2018 18:30,2.88,100.00,56.10,0.00,4.25,Weekday,Thursday,Light_Load
12/01/2018 21:00,36.90,99.99,98.56,0.61,6.34,Weekday,Friday,Medium_Load
24/10/2018 11:30,59.36,82.95,100.00,39.96,0.00,Weekday,Wednesday,Maximum_Load
30/09/2018 14:15,2.74,100.00,22.60,0.00,11.81,Weekend,Sunday,Light_Load
04/08/2018 22:00,3.53,100.00,22.08,0.00,15.59,Weekend,Saturday,Light_Load
15/10/2018 19:00,98.93,92.13,100.00,41.76,0.00,Weekday,Monday,Medium_Load
18/08/2018 02:45,2.70,51.79,100.00,4.46,0.00,Weekend,Saturday,Light_Load
27/03/2018 19:30,37.26,99.54,100.00,3.60,0.18,Weekday,Tuesday,Medium_Load
14/06/2018 02:00,2.84,55.92,100.00,4.21,0.00,Weekday,Thursday,Light_Load
23/02/2018 13:00,7.96,100.00,29.62,0.04,25.67,Weekday,Friday,Medium_Load
12/10/2018 22:30,3.56,49.61,100.00,6.23,0.00,Weekday,Friday,Medium_Load
09/12/2018 05:30,3.74,76.69,99.93,3.13,0.14,Weekend,Sunday,Light_Load
30/05/2018 08:00,5.51,63.52,100.00,6.70,0.00,Weekday,Wednesday,Light_Load
29/11/2018 13:00,6.34,100.00,28.65,0.00,21.20,Weekday,Thursday,Medium_Load
07/11/2018 05:15,3.06,52.43,100.00,4.97,0.00,Weekday,Wednesday,Light_Load
28/02/2018 00:45,6.05,70.54,100.00,6.08,0.00,Weekday,Wednesday,Light_Load
09/11/2018 10:30,56.81,91.49,100.00,25.06,0.00,Weekday,Friday,Maximum_Load
16/09/2018 17:00,2.84,100.00,23.72,0.00,11.63,Weekend,Sunday,Light_Load
10/05/2018 19:45,62.82,91.68,100.00,27.36,0.00,Weekday,Thursday,Medium_Load
26/03/2018 22:00,4.25,100.00,16.22,0.00,25.85,Weekday,Monday,Medium_Load
13/05/2018 21:45,3.17,100.00,18.41,0.00,16.92,Weekend,Sunday,Light_Load
03/08/2018 20:15,2.99,100.00,17.81,0.00,16.52,Weekday,Friday,Light_Load
06/07/2018 04:30,3.60,56.26,100.00,5.29,0.00,Weekday,Friday,Light_Load
03/10/2018 12:15,5.58,100.00,32.32,0.00,16.34,Weekday,Wednesday,Medium_Load
20/08/2018 09:15,96.55,89.60,100.00,47.84,0.00,Weekday,Monday,Medium_Load
04/12/2018 15:15,64.62,84.97,100.00,40.10,0.00,Weekday,Tuesday,Medium_Load
06/01/2018 09:15,4.54,100.00,16.89,0.00,26.50,Weekend,Saturday,Light_Load
21/05/2018 15:30,69.70,85.78,100.00,41.76,0.00,Weekday,Monday,Maximum_Load
09/09/2018 04:15,2.84,43.98,100.00,5.80,0.00,Weekend,Sunday,Light_Load
27/05/2018 16:30,2.92,100.00,17.18,0.00,16.74,Weekend,Sunday,Light_Load
20/07/2018 19:45,82.08,94.98,100.00,27.04,0.00,Weekday,Friday,Medium_Load
18/07/2018 05:00,2.77,53.02,100.00,4.43,0.00,Weekday,Wednesday,Light_Load
25/06/2018 14:45,92.99,91.89,100.00,39.92,0.00,Weekday,Monday,Maximum_Load
13/03/2018 17:30,82.22,93.89,100.00,30.13,0.00,Weekday,Tuesday,Medium_Load
10/10/2018 06:15,2.74,50.52,100.00,4.68,0.00,Weekday,Wednesday,Light_Load
24/04/2018 17:30,69.84,93.13,100.00,27.32,0.04,Weekday,Tuesday,Medium_Load
10/01/2018 00:00,4.57,69.86,100.00,4.68,0.00,Weekday,Wednesday,Light_Load
25/09/2018 06:15,2.56,42.39,100.00,5.47,0.00,Weekday,Tuesday,Light_Load
27/11/2018 18:00,31.93,99.33,99.86,3.71,1.69,Weekday,Tuesday,Maximum_Load
13/03/2018 21:00,19.66,99.98,81.81,0.40,13.82,Weekday,Tuesday,Medium_Load
28/05/2018 12:00,54.61,84.63,100.00,34.38,0.50,Weekday,Monday,Maximum_Load
30/05/2018 09:00,56.20,85.06,100.00,34.74,0.00,Weekday,Wednesday,Light_Load
15/12/2018 02:30,4.21,71.90,100.00,4.07,0.00,Weekend,Saturday,Light_Load
09/04/2018 08:30,57.17,78.14,100.00,45.65,0.00,Weekday,Monday,Light_Load
23/07/2018 08:30,48.96,69.07,100.00,51.26,0.00,Weekday,Monday,Light_Load
22/08/2018 11:30,59.11,84.06,100.00,38.09,0.00,Weekday,Wednesday,Maximum_Load
21/12/2018 07:30,3.17,83.12,99.76,2.12,0.22,Weekday,Friday,Light_Load
01/03/2018 20:45,4.21,100.00,15.05,0.00,27.65,Weekday,Thursday,Medium_Load
19/06/2018 22:30,3.71,57.42,100.00,5.29,0.00,Weekday,Tuesday,Medium_Load
11/11/2018 00:45,2.77,57.32,100.00,3.96,0.00,Weekend,Sunday,Light_Load
19/05/2018 17:15,4.50,100.00,16.72,0.00,26.53,Weekend,Saturday,Medium_Load
30/05/2018 19:30,58.36,93.38,100.00,22.36,0.00,Weekday,Wednesday,Medium_Load
15/04/2018 02:15,3.42,65.36,100.00,3.96,0.00,Weekend,Sunday,Light_Load
21/04/2018 12:15,4.00,100.00,27.93,0.00,13.75,Weekend,Saturday,Medium_Load
03/06/2018 19:30,2.95,100.00,17.14,0.00,16.96,Weekend,Sunday,Light_Load
23/09/2018 18:45,2.81,100.00,24.34,0.00,11.20,Weekend,Sunday,Light_Load
11/04/2018 01:45,3.82,60.40,100.00,5.04,0.00,Weekday,Wednesday,Light_Load
31/05/2018 14:45,42.66,97.00,100.00,10.69,0.00,Weekday,Thursday,Maximum_Load
16/08/2018 09:30,98.53,90.54,100.00,46.19,0.00,Weekday,Thursday,Medium_Load
26/05/2018 09:45,37.30,99.87,99.99,1.87,0.47,Weekend,Saturday,Medium_Load
02/04/2018 09:00,68.62,86.42,100.00,39.96,0.00,Weekday,Monday,Light_Load
10/04/2018 14:00,62.96,89.45,100.00,31.46,0.00,Weekday,Tuesday,Maximum_Load
17/07/2018 02:15,2.99,100.00,64.31,0.00,3.56,Weekday,Tuesday,Light_Load
12/06/2018 06:00,3.10,47.14,100.00,5.80,0.00,Weekday,Tuesday,Light_Load
06/12/2018 08:00,6.44,89.72,100.00,3.17,0.00,Weekday,Thursday,Light_Load
19/05/2018 11:00,56.99,91.03,100.00,25.92,0.00,Weekend,Saturday,Maximum_Load
21/05/2018 23:00,3.60,66.90,100.00,4.00,0.00,Weekday,Monday,Medium_Load
23/08/2018 08:30,66.06,74.38,100.00,59.36,0.00,Weekday,Thursday,Light_Load
24/12/2018 19:15,4.14,100.00,18.86,0.00,21.56,Weekday,Monday,Maximum_Load
25/11/2018 14:15,3.10,100.00,20.14,0.00,15.08,Weekend,Sunday,Light_Load
28/07/2018 20:15,2.88,100.00,16.74,0.00,16.96,Weekend,Saturday,Medium_Load
12/02/2018 04:00,4.07,72.65,100.00,3.85,0.00,Weekday,Monday,Light_Load
28/04/2018 15:30,31.86,100.00,97.93,0.00,6.59,Weekend,Saturday,Maximum_Load
09/06/2018 03:45,3.20,49.02,100.00,5.69,0.00,Weekend,Saturday,Light_Load
26/11/2018 15:45,70.96,91.77,100.00,30.71,0.00,Weekday,Monday,Medium_Load
15/12/2018 12:15,3.42,100.00,22.84,0.00,14.58,Weekend,Saturday,Light_Load
01/10/2018 23:30,3.17,45.99,100.00,6.12,0.00,Weekday,Monday,Light_Load
09/03/2018 15:15,45.58,99.54,100.00,4.39,0.04,Weekday,Friday,Maximum_Load
15/03/2018 04:15,4.03,53.89,100.00,6.30,0.00,Weekday,Thursday,Light_Load
27/03/2018 20:30,34.81,99.51,99.85,3.46,1.91,Weekday,Tuesday,Medium_Load
20/09/2018 12:45,3.67,100.00,31.99,0.00,10.87,Weekday,Thursday,Medium_Load
21/11/2018 18:15,74.27,91.00,100.00,33.84,0.00,Weekday,Wednesday,Maximum_Load
16/06/2018 00:45,4.03,54.75,100.00,6.16,0.00,Weekend,Saturday,Light_Load
10/04/2018 08:45,110.74,81.14,100.00,79.78,0.00,Weekday,Tuesday,Light_Load
28/09/2018 18:45,38.12,91.46,100.00,16.85,0.00,Weekday,Friday,Medium_Load
07/07/2018 05:00,3.13,46.86,100.00,5.90,0.00,Weekend,Saturday,Light_Load
15/01/2018 18:45,72.83,89.13,100.00,37.04,0.00,Weekday,Monday,Maximum_Load
22/11/2018 17:45,32.94,100.00,99.45,0.07,3.46,Weekday,Thursday,Maximum_Load
08/10/2018 14:15,109.33,87.09,100.00,61.70,0.00,Weekday,Monday,Maximum_Load
14/11/2018 23:45,4.72,64.58,100.00,5.58,0.00,Weekday,Wednesday,Light_Load
16/06/2018 12:15,3.56,100.00,32.27,0.00,10.44,Weekend,Saturday,Medium_Load
28/02/2018 02:15,4.10,69.77,100.00,4.21,0.00,Weekday,Wednesday,Light_Load
17/02/2018 23:30,3.06,70.25,100.00,3.10,0.00,Weekend,Saturday,Light_Load
20/04/2018 17:30,124.70,92.70,100.00,50.47,0.00,Weekday,Friday,Medium_Load
09/10/2018 16:15,93.06,90.18,100.00,44.60,0.00,Weekday,Tuesday,Maximum_Load
29/01/2018 20:00,74.34,92.49,100.00,30.56,0.00,Weekday,Monday,Maximum_Load
01/07/2018 18:00,3.06,100.00,17.58,0.00,17.14,Weekend,Sunday,Light_Load
09/11/2018 23:30,4.82,58.00,100.00,6.77,0.00,Weekday,Friday,Light_Load
28/01/2018 11:45,28.22,95.03,100.00,9.25,0.00,Weekend,Sunday,Maximum_Load
23/02/2018 20:15,50.58,98.67,100.00,8.32,0.07,Weekday,Friday,Medium_Load
18/06/2018 18:30,43.34,79.20,100.00,33.41,0.00,Weekday,Monday,Medium_Load
16/04/2018 12:00,59.40,79.90,100.00,44.71,0.00,Weekday,Monday,Maximum_Load
09/03/2018 11:45,49.64,87.34,100.00,27.68,0.00,Weekday,Friday,Maximum_Load
11/07/2018 01:15,3.35,61.64,100.00,4.28,0.00,Weekday,Wednesday,Light_Load
26/12/2018 09:00,51.08,97.01,100.00,12.78,0.00,Weekday,Wednesday,Light_Load
25/03/2018 04:15,3.24,65.48,100.00,3.74,0.00,Weekend,Sunday,Light_Load
26/11/2018 16:15,64.22,92.66,100.00,26.06,0.00,Weekday,Monday,Medium_Load
14/06/2018 14:30,74.45,96.37,100.00,20.63,0.00,Weekday,Thursday,Maximum_Load
27/08/2018 11:15,54.94,83.59,100.00,36.07,0.00,Weekday,Monday,Maximum_Load
15/04/2018 07:15,3.10,62.03,100.00,3.92,0.00,Weekend,Sunday,Light_Load
10/10/2018 04:00,2.88,50.44,100.00,4.93,0.00,Weekday,Wednesday,Light_Load
04/04/2018 01:45,3.60,61.55,100.00,4.61,0.00,Weekday,Wednesday,Light_Load
14/09/2018 03:45,3.35,59.71,100.00,4.50,0.00,Weekday,Friday,Light_Load
27/10/2018 04:30,3.13,45.53,100.00,6.12,0.00,Weekend,Saturday,Light_Load
20/07/2018 23:30,3.10,100.00,58.66,0.00,4.28,Weekday,Friday,Light_Load
19/01/2018 08:30,66.92,80.13,100.00,49.97,0.00,Weekday,Friday,Light_Load
02/08/2018 23:15,2.84,45.10,100.00,5.62,0.00,Weekday,Thursday,Light_Load
02/01/2018 08:45,52.06,82.75,100.00,35.32,0.00,Weekday,Tuesday,Light_Load
13/08/2018 13:00,4.97,100.00,33.52,0.00,13.97,Weekday,Monday,Medium_Load
29/10/2018 23:30,3.64,50.03,100.00,6.30,0.00,Weekday,Monday,Light_Load
27/02/2018 07:30,4.32,78.40,100.00,3.42,0.00,Weekday,Tuesday,Light_Load
14/08/2018 17:15,105.48,94.02,100.00,38.23,0.00,Weekday,Tuesday,Medium_Load
15/05/2018 07:00,2.92,53.51,100.00,4.61,0.00,Weekday,Tuesday,Light_Load
28/05/2018 22:45,3.64,58.86,100.00,5.00,0.00,Weekday,Monday,Medium_Load
29/04/2018 09:30,3.13,100.00,18.38,0.00,16.74,Weekend,Sunday,Light_Load
07/07/2018 21:15,3.10,100.00,17.95,0.00,16.99,Weekend,Saturday,Medium_Load
08/01/2018 02:45,3.38,58.55,100.00,4.68,0.00,Weekday,Monday,Light_Load
04/02/2018 02:15,6.01,61.68,100.00,7.67,0.00,Weekend,Sunday,Light_Load
07/06/2018 17:15,45.65,92.65,100.00,18.54,0.00,Weekday,Thursday,Medium_Load
10/11/2018 09:15,45.14,96.44,100.00,12.38,0.00,Weekend,Saturday,Medium_Load
22/11/2018 07:00,3.10,73.26,100.00,2.88,0.00,Weekday,Thursday,Light_Load
05/07/2018 04:00,3.06,51.90,100.00,5.04,0.00,Weekday,Thursday,Light_Load
24/03/2018 11:00,32.54,100.00,99.19,0.29,4.18,Weekend,Saturday,Maximum_Load
21/03/2018 16:45,80.53,89.77,100.00,39.53,0.00,Weekday,Wednesday,Maximum_Load
29/06/2018 18:00,25.56,100.00,93.82,0.00,9.43,Weekday,Friday,Medium_Load
22/06/2018 09:00,55.01,82.47,100.00,37.73,0.00,Weekday,Friday,Light_Load
05/04/2018 04:45,3.06,63.63,100.00,3.71,0.00,Weekday,Thursday,Light_Load
29/07/2018 00:45,2.63,53.62,100.00,4.14,0.00,Weekend,Sunday,Light_Load
02/12/2018 13:15,3.78,100.00,23.56,0.00,15.59,Weekend,Sunday,Light_Load
06/07/2018 05:30,3.24,47.21,100.00,6.05,0.00,Weekday,Friday,Light_Load
13/05/2018 09:30,3.20,100.00,18.54,0.00,16.96,Weekend,Sunday,Light_Load
20/07/2018 03:00,2.84,100.00,54.32,0.00,4.39,Weekday,Friday,Light_Load
21/01/2018 22:15,4.68,96.77,28.63,1.22,15.66,Weekend,Sunday,Light_Load
10/05/2018 09:30,57.20,90.67,100.00,26.60,0.00,Weekday,Thursday,Medium_Load
01/05/2018 08:00,2.84,54.32,100.00,4.39,0.00,Weekday,Tuesday,Light_Load
11/01/2018 05:15,4.57,71.25,100.00,4.50,0.00,Weekday,Thursday,Light_Load
23/10/2018 18:30,125.28,84.14,100.00,80.46,0.00,Weekday,Tuesday,Medium_Load
09/02/2018 18:45,71.10,96.96,99.99,17.93,0.94,Weekday,Friday,Maximum_Load
04/05/2018 05:00,3.06,64.76,100.00,3.60,0.00,Weekday,Friday,Light_Load
30/10/2018 08:30,66.46,75.79,100.00,57.20,0.00,Weekday,Tuesday,Light_Load
24/08/2018 18:15,38.09,87.45,99.99,21.13,0.50,Weekday,Friday,Medium_Load
10/03/2018 21:15,4.18,100.00,15.36,0.00,26.89,Weekend,Saturday,Medium_Load
01/11/2018 23:15,3.60,46.20,100.00,6.91,0.00,Weekday,Thursday,Light_Load
22/05/2018 23:45,3.06,52.74,100.00,4.93,0.00,Weekday,Tuesday,Light_Load
17/06/2018 20:45,2.95,100.00,16.79,0.00,17.32,Weekend,Sunday,Light_Load
03/02/2018 18:45,41.98,99.36,100.00,4.79,0.29,Weekend,Saturday,Maximum_Load
28/07/2018 00:00,2.66,55.76,100.00,3.96,0.00,Weekend,Saturday,Light_Load
28/07/2018 08:30,42.44,73.74,100.00,38.88,0.00,Weekend,Saturday,Light_Load
23/08/2018 09:45,52.67,86.21,100.00,30.96,0.00,Weekday,Thursday,Medium_Load
26/03/2018 21:00,35.17,99.70,99.03,2.74,4.93,Weekday,Monday,Medium_Load
30/03/2018 04:45,2.99,61.34,100.00,3.85,0.00,Weekday,Friday,Light_Load
10/05/2018 09:45,76.97,88.94,100.00,39.56,0.00,Weekday,Thursday,Medium_Load
22/10/2018 09:30,48.38,90.85,100.00,22.25,0.00,Weekday,Monday,Medium_Load
13/11/2018 14:15,66.38,91.26,100.00,29.74,0.00,Weekday,Tuesday,Medium_Load
17/06/2018 05:45,2.77,54.33,100.00,4.28,0.00,Weekend,Sunday,Light_Load
09/03/2018 22:45,3.82,66.59,100.00,4.28,0.00,Weekday,Friday,Medium_Load
08/11/2018 00:30,3.64,49.61,100.00,6.37,0.00,Weekday,Thursday,Light_Load
27/05/2018 23:15,3.31,55.43,100.00,4.97,0.00,Weekend,Sunday,Light_Load
22/02/2018 19:45,99.47,92.77,100.00,40.03,0.00,Weekday,Thursday,Maximum_Load
07/12/2018 21:00,19.69,100.00,85.89,0.00,11.74,Weekday,Friday,Medium_Load
16/06/2018 03:00,2.92,50.43,100.00,5.00,0.00,Weekend,Saturday,Light_Load
18/02/2018 08:30,3.20,59.52,100.00,4.32,0.00,Weekend,Sunday,Light_Load
02/08/2018 16:15,2.92,100.00,17.32,0.00,16.60,Weekday,Thursday,Light_Load
03/10/2018 21:45,2.88,100.00,24.47,0.00,11.41,Weekday,Wednesday,Medium_Load
15/06/2018 06:30,2.95,45.34,100.00,5.80,0.00,Weekday,Friday,Light_Load
16/02/2018 13:15,3.42,100.00,19.89,0.00,16.85,Weekday,Friday,Light_Load
20/11/2018 11:15,52.20,94.46,100.00,18.14,0.00,Weekday,Tuesday,Maximum_Load
04/12/2018 14:00,56.12,86.77,100.00,32.15,0.00,Weekday,Tuesday,Medium_Load
09/02/2018 19:15,39.42,99.99,99.90,0.68,1.80,Weekday,Friday,Maximum_Load
24/05/2018 02:00,3.38,58.22,100.00,4.72,0.00,Weekday,Thursday,Light_Load
07/08/2018 21:30,15.52,100.00,79.23,0.00,11.95,Weekday,Tuesday,Medium_Load
09/02/2018 21:30,103.39,97.06,100.00,25.63,0.00,Weekday,Friday,Medium_Load
15/01/2018 13:30,146.27,88.54,100.00,76.79,0.00,Weekday,Monday,Medium_Load
28/07/2018 03:30,4.00,56.77,100.00,5.80,0.00,Weekend,Saturday,Light_Load
22/08/2018 07:00,2.52,51.36,100.00,4.21,0.00,Weekday,Wednesday,Light_Load
28/12/2018 13:30,56.12,96.60,100.00,15.01,0.04,Weekday,Friday,Medium_Load
13/09/2018 17:00,58.68,85.61,100.00,35.42,0.00,Weekday,Thursday,Maximum_Load
30/09/2018 00:15,3.02,48.54,100.00,5.44,0.00,Weekend,Sunday,Light_Load
21/04/2018 09:45,36.43,99.63,99.99,3.13,0.47,Weekend,Saturday,Medium_Load
24/10/2018 18:00,33.52,94.63,100.00,11.45,0.25,Weekday,Wednesday,Medium_Load
03/01/2018 18:45,37.08,99.37,99.86,4.18,1.94,Weekday,Wednesday,Maximum_Load
20/03/2018 23:30,3.92,68.41,100.00,4.18,0.00,Weekday,Tuesday,Light_Load
12/09/2018 15:15,77.44,86.34,100.00,45.25,0.00,Weekday,Wednesday,Maximum_Load
28/07/2018 01:30,3.38,50.87,100.00,5.72,0.00,Weekend,Saturday,Light_Load
12/12/2018 14:15,86.51,85.57,100.00,52.31,0.00,Weekday,Wednesday,Medium_Load
26/05/2018 11:00,35.60,99.27,99.94,4.32,1.26,Weekend,Saturday,Maximum_Load
17/11/2018 04:00,3.85,50.44,100.00,6.59,0.00,Weekend,Saturday,Light_Load
12/01/2018 19:00,111.28,92.83,100.00,44.57,0.00,Weekday,Friday,Maximum_Load
21/06/2018 23:45,4.14,56.28,100.00,6.08,0.00,Weekday,Thursday,Light_Load
28/10/2018 18:45,4.82,100.00,27.13,0.00,17.10,Weekend,Sunday,Light_Load
11/12/2018 21:15,6.77,100.00,31.78,0.00,20.20,Weekday,Tuesday,Medium_Load
23/06/2018 21:45,2.84,100.00,16.28,0.00,17.21,Weekend,Saturday,Medium_Load
22/09/2018 22:45,2.77,39.10,100.00,6.52,0.00,Weekend,Saturday,Light_Load
18/03/2018 07:30,3.10,68.69,100.00,3.28,0.00,Weekend,Sunday,Light_Load
28/10/2018 00:45,3.38,46.25,100.00,6.48,0.00,Weekend,Sunday,Light_Load
08/09/2018 15:30,34.70,97.49,100.00,7.92,0.00,Weekend,Saturday,Maximum_Load
28/05/2018 09:15,78.59,85.66,100.00,47.34,0.00,Weekday,Monday,Medium_Load
15/03/2018 05:30,3.46,53.46,100.00,5.47,0.00,Weekday,Thursday,Light_Load
27/01/2018 19:00,6.37,100.00,23.62,0.00,26.21,Weekend,Saturday,Maximum_Load
09/01/2018 05:45,4.75,77.37,100.00,3.89,0.00,Weekday,Tuesday,Light_Load
20/04/2018 15:30,106.67,92.52,100.00,43.74,0.00,Weekday,Friday,Maximum_Load
19/06/2018 06:45,2.84,47.79,100.00,5.22,0.00,Weekday,Tuesday,Light_Load
28/01/2018 23:00,4.00,80.10,100.00,2.99,0.00,Weekend,Sunday,Maximum_Load
11/02/2018 00:45,4.57,71.57,100.00,4.46,0.00,Weekend,Sunday,Light_Load
07/11/2018 13:15,30.64,96.19,98.85,8.71,4.68,Weekday,Wednesday,Medium_Load
16/09/2018 08:30,2.63,48.44,100.00,4.75,0.00,Weekend,Sunday,Light_Load
23/09/2018 09:00,2.81,100.00,23.62,0.00,11.56,Weekend,Sunday,Light_Load
31/07/2018 05:45,3.28,62.47,100.00,4.10,0.00,Weekday,Tuesday,Light_Load
01/10/2018 23:15,3.28,45.55,100.00,6.41,0.00,Weekday,Monday,Light_Load
19/08/2018 12:00,3.78,99.93,69.69,0.14,3.89,Weekend,Sunday,Light_Load
16/01/2018 00:45,4.64,61.11,100.00,6.01,0.00,Weekday,Tuesday,Light_Load
04/04/2018 10:30,60.73,91.15,100.00,27.40,0.00,Weekday,Wednesday,Maximum_Load
13/04/2018 13:15,46.87,95.04,99.59,15.34,4.28,Weekday,Friday,Maximum_Load
25/03/2018 05:30,3.06,68.66,100.00,3.24,0.00,Weekend,Sunday,Light_Load
12/05/2018 08:00,3.17,64.26,100.00,3.78,0.00,Weekend,Saturday,Light_Load
20/06/2018 23:45,3.38,64.26,100.00,4.03,0.00,Weekday,Wednesday,Light_Load
20/03/2018 23:00,3.92,63.10,100.00,4.82,0.00,Weekday,Tuesday,Medium_Load
27/03/2018 20:15,45.04,97.04,100.00,11.20,0.14,Weekday,Tuesday,Medium_Load
20/06/2018 21:00,7.60,100.00,32.18,0.00,22.36,Weekday,Wednesday,Medium_Load
09/09/2018 05:00,2.92,44.78,100.00,5.83,0.00,Weekend,Sunday,Light_Load
06/06/2018 23:00,2.99,46.33,100.00,5.72,0.00,Weekday,Wednesday,Medium_Load
09/05/2018 13:15,45.43,89.78,98.73,22.28,7.31,Weekday,Wednesday,Maximum_Load
02/02/2018 07:45,7.81,84.37,100.00,4.97,0.00,Weekday,Friday,Light_Load
14/09/2018 22:15,3.28,48.78,99.99,5.87,0.04,Weekday,Friday,Medium_Load
14/02/2018 15:00,3.92,100.00,15.86,0.00,24.41,Weekday,Wednesday,Light_Load
05/12/2018 07:15,3.49,75.62,100.00,3.02,0.00,Weekday,Wednesday,Light_Load
14/01/2018 22:30,4.61,73.84,100.00,4.21,0.00,Weekend,Sunday,Maximum_Load
01/08/2018 04:15,3.24,60.00,100.00,4.32,0.00,Weekday,Wednesday,Light_Load
20/10/2018 16:45,103.82,91.59,100.00,45.50,0.00,Weekend,Saturday,Maximum_Load
15/12/2018 00:15,4.14,76.73,99.99,3.46,0.07,Weekend,Saturday,Light_Load
20/08/2018 18:15,35.50,88.16,99.98,19.01,0.65,Weekday,Monday,Medium_Load
26/03/2018 22:30,4.93,63.17,100.00,6.05,0.00,Weekday,Monday,Medium_Load
07/04/2018 22:00,3.31,100.00,18.74,0.00,17.35,Weekend,Saturday,Medium_Load
14/03/2018 19:15,4.46,100.00,17.80,0.00,24.66,Weekday,Wednesday,Medium_Load
04/05/2018 22:15,3.71,93.22,24.66,1.44,14.58,Weekday,Friday,Medium_Load
30/06/2018 02:30,2.92,50.66,100.00,4.97,0.00,Weekend,Saturday,Light_Load
08/12/2018 03:45,3.38,76.12,100.00,2.88,0.00,Weekend,Saturday,Light_Load
18/10/2018 16:30,68.08,83.59,100.00,44.71,0.00,Weekday,Thursday,Maximum_Load
11/07/2018 04:30,3.24,65.78,100.00,3.71,0.00,Weekday,Wednesday,Light_Load
24/11/2018 13:00,3.46,100.00,22.00,0.00,15.34,Weekend,Saturday,Light_Load
09/10/2018 21:30,3.64,100.00,19.75,0.00,18.07,Weekday,Tuesday,Medium_Load
11/04/2018 21:30,5.22,100.00,19.18,0.00,26.71,Weekday,Wednesday,Medium_Load
27/12/2018 00:45,3.71,77.55,99.98,3.02,0.07,Weekday,Thursday,Light_Load
29/04/2018 01:30,2.66,61.84,100.00,3.38,0.00,Weekend,Sunday,Light_Load
18/06/2018 16:15,71.68,94.94,100.00,23.72,0.00,Weekday,Monday,Maximum_Load
31/03/2018 05:15,2.88,58.82,100.00,3.96,0.00,Weekend,Saturday,Light_Load
28/04/2018 08:00,3.13,65.61,100.00,3.60,0.00,Weekend,Saturday,Light_Load
18/09/2018 22:30,3.38,44.88,100.00,6.73,0.00,Weekday,Tuesday,Medium_Load
23/05/2018 10:45,114.59,89.35,100.00,57.60,0.00,Weekday,Wednesday,Maximum_Load
10/06/2018 16:45,3.71,100.00,20.04,0.00,18.14,Weekend,Sunday,Light_Load
13/06/2018 09:15,86.76,92.72,100.00,35.06,0.00,Weekday,Wednesday,Medium_Load
12/02/2018 12:45,9.61,100.00,34.63,0.00,26.03,Weekday,Monday,Medium_Load
27/03/2018 07:30,3.67,65.98,100.00,4.18,0.00,Weekday,Tuesday,Light_Load
10/01/2018 06:45,4.43,68.20,100.00,4.75,0.00,Weekday,Wednesday,Light_Load
10/11/2018 00:00,2.70,60.00,100.00,3.60,0.00,Weekend,Saturday,Light_Load
01/08/2018 16:45,2.84,100.00,13.86,0.00,20.30,Weekday,Wednesday,Light_Load
26/11/2018 12:00,61.34,89.86,99.98,29.95,1.37,Weekday,Monday,Maximum_Load
12/07/2018 09:15,67.61,87.15,100.00,38.05,0.00,Weekday,Thursday,Medium_Load
29/05/2018 17:00,54.18,93.99,100.00,19.69,0.00,Weekday,Tuesday,Maximum_Load
10/06/2018 21:15,3.56,100.00,18.97,0.00,18.43,Weekend,Sunday,Light_Load
05/12/2018 18:15,5.87,100.00,49.26,0.00,10.37,Weekday,Wednesday,Maximum_Load
18/08/2018 00:30,2.59,53.04,100.00,4.14,0.00,Weekend,Saturday,Light_Load
23/07/2018 19:30,99.29,94.48,100.00,34.42,0.00,Weekday,Monday,Medium_Load
22/09/2018 17:45,2.81,100.00,25.49,0.00,10.66,Weekend,Saturday,Light_Load
02/07/2018 20:45,47.63,96.80,100.00,12.35,0.00,Weekday,Monday,Medium_Load
19/10/2018 01:30,3.64,48.75,100.00,6.52,0.00,Weekday,Friday,Light_Load
02/10/2018 01:15,2.59,49.88,100.00,4.50,0.00,Weekday,Tuesday,Light_Load
17/03/2018 23:30,2.95,72.04,100.00,2.84,0.00,Weekend,Saturday,Light_Load
18/06/2018 14:45,60.08,94.12,100.00,21.56,0.00,Weekday,Monday,Maximum_Load
14/04/2018 00:30,3.60,71.80,100.00,3.49,0.00,Weekend,Saturday,Light_Load
20/02/2018 11:30,120.60,91.86,100.00,51.88,0.00,Weekday,Tuesday,Maximum_Load
08/08/2018 21:45,3.89,100.00,23.25,0.00,16.27,Weekday,Wednesday,Medium_Load
10/07/2018 20:00,74.59,94.51,100.00,25.78,0.00,Weekday,Tuesday,Medium_Load
26/05/2018 16:30,35.82,98.13,99.96,7.02,1.04,Weekend,Saturday,Maximum_Load
13/05/2018 04:30,2.92,55.65,100.00,4.36,0.00,Weekend,Sunday,Light_Load
16/03/2018 20:00,103.46,96.32,100.00,28.87,0.00,Weekday,Friday,Medium_Load
25/06/2018 17:15,49.18,92.91,100.00,19.58,0.00,Weekday,Monday,Medium_Load
11/10/2018 05:30,2.99,44.31,100.00,6.05,0.00,Weekday,Thursday,Light_Load
09/12/2018 23:45,3.46,79.61,99.80,2.63,0.22,Weekend,Sunday,Light_Load
22/06/2018 01:30,3.02,47.14,100.00,5.65,0.00,Weekday,Friday,Light_Load
18/04/2018 14:30,50.08,92.74,100.00,20.20,0.00,Weekday,Wednesday,Maximum_Load
02/07/2018 06:45,3.42,59.58,100.00,4.61,0.00,Weekday,Monday,Light_Load
29/09/2018 21:15,2.81,100.00,23.15,0.00,11.81,Weekend,Saturday,Medium_Load
19/07/2018 09:00,71.24,79.66,100.00,54.07,0.00,Weekday,Thursday,Light_Load
26/03/2018 14:00,49.57,97.08,100.00,12.24,0.04,Weekday,Monday,Maximum_Load
25/12/2018 07:15,3.24,79.76,99.99,2.45,0.04,Weekday,Tuesday,Light_Load
13/05/2018 17:00,3.13,100.00,18.23,0.00,16.88,Weekend,Sunday,Light_Load
21/11/2018 23:15,3.74,78.82,100.00,2.92,0.00,Weekday,Wednesday,Light_Load
18/07/2018 03:15,2.92,100.00,49.61,0.00,5.11,Weekday,Wednesday,Light_Load
25/04/2018 10:45,49.25,93.61,100.00,18.50,0.00,Weekday,Wednesday,Maximum_Load
11/04/2018 22:00,5.18,100.00,19.09,0.00,26.64,Weekday,Wednesday,Medium_Load
05/02/2018 00:00,76.93,87.89,100.00,41.76,0.00,Weekday,Monday,Light_Load
01/07/2018 11:00,3.06,100.00,17.30,0.00,17.42,Weekend,Sunday,Light_Load
04/09/2018 14:30,103.90,89.94,100.00,50.51,0.00,Weekday,Tuesday,Maximum_Load
27/09/2018 14:45,71.14,86.01,100.00,42.19,0.00,Weekday,Thursday,Maximum_Load
08/03/2018 02:45,3.13,75.72,100.00,2.70,0.00,Weekday,Thursday,Light_Load
27/10/2018 08:30,46.55,73.21,100.00,43.31,0.00,Weekend,Saturday,Light_Load
03/04/2018 19:30,62.71,85.95,100.00,37.30,0.00,Weekday,Tuesday,Medium_Load
10/08/2018 08:00,6.34,66.81,100.00,7.06,0.00,Weekday,Friday,Light_Load
01/11/2018 06:00,3.96,57.87,100.00,5.58,0.00,Weekday,Thursday,Light_Load
11/06/2018 13:30,59.18,85.98,100.00,35.14,0.00,Weekday,Monday,Maximum_Load
02/03/2018 15:30,26.39,100.00,90.15,0.00,12.67,Weekday,Friday,Maximum_Load
09/05/2018 09:30,61.92,89.51,100.00,30.85,0.00,Weekday,Wednesday,Medium_Load
21/07/2018 05:15,3.35,50.54,100.00,5.72,0.00,Weekend,Saturday,Light_Load
31/01/2018 19:45,76.32,98.90,100.00,11.41,0.29,Weekday,Wednesday,Maximum_Load
23/10/2018 07:45,4.00,49.72,100.00,6.98,0.00,Weekday,Tuesday,Light_Load
20/03/2018 10:15,48.31,96.31,100.00,13.50,0.00,Weekday,Tuesday,Maximum_Load
09/09/2018 20:15,2.95,100.00,24.53,0.00,11.66,Weekend,Sunday,Medium_Load
18/11/2018 23:45,2.92,57.64,100.00,4.14,0.00,Weekend,Sunday,Light_Load
23/05/2018 00:30,3.64,56.18,100.00,5.36,0.00,Weekday,Wednesday,Light_Load
04/12/2018 10:30,53.42,86.27,100.00,31.32,0.00,Weekday,Tuesday,Maximum_Load
13/02/2018 04:00,5.90,71.31,100.00,5.80,0.00,Weekday,Tuesday,Light_Load
29/05/2018 16:30,52.99,95.04,100.00,17.35,0.00,Weekday,Tuesday,Maximum_Load
26/05/2018 05:30,3.49,52.76,100.00,5.62,0.00,Weekend,Saturday,Light_Load
01/04/2018 19:00,3.10,100.00,17.95,0.00,16.99,Weekend,Sunday,Light_Load
15/10/2018 01:30,2.77,47.87,100.00,5.08,0.00,Weekday,Monday,Light_Load
04/09/2018 17:45,59.44,85.12,100.00,36.65,0.00,Weekday,Tuesday,Medium_Load
26/02/2018 04:45,3.85,75.15,100.00,3.38,0.00,Weekday,Monday,Light_Load
11/06/2018 07:45,4.68,55.47,100.00,7.02,0.00,Weekday,Monday,Light_Load
09/08/2018 01:45,2.74,48.06,100.00,5.00,0.00,Weekday,Thursday,Light_Load
15/04/2018 12:00,3.13,100.00,49.19,0.00,5.54,Weekend,Sunday,Light_Load
05/04/2018 16:45,68.94,93.79,100.00,25.49,0.00,Weekday,Thursday,Maximum_Load
02/09/2018 01:00,2.63,49.31,100.00,4.64,0.00,Weekend,Sunday,Light_Load
08/11/2018 22:45,3.96,48.19,100.00,7.20,0.00,Weekday,Thursday,Maximum_Load
08/11/2018 10:00,66.10,89.40,100.00,33.12,0.00,Weekday,Thursday,Medium_Load
30/01/2018 16:00,74.38,91.79,100.00,32.15,0.00,Weekday,Tuesday,Medium_Load
10/04/2018 21:15,5.65,100.00,20.64,0.00,26.78,Weekday,Tuesday,Medium_Load
23/09/2018 17:30,2.81,100.00,24.94,0.00,10.91,Weekend,Sunday,Light_Load
29/05/2018 06:30,3.20,50.22,100.00,5.51,0.00,Weekday,Tuesday,Light_Load
09/01/2018 02:00,4.75,74.84,100.00,4.21,0.00,Weekday,Tuesday,Light_Load
24/01/2018 23:15,41.98,81.14,100.00,30.24,0.00,Weekday,Wednesday,Light_Load
03/12/2018 19:30,39.17,97.06,100.00,9.72,0.00,Weekday,Monday,Maximum_Load
13/09/2018 15:00,67.90,86.76,100.00,38.92,0.00,Weekday,Thursday,Maximum_Load
10/11/2018 10:15,58.61,92.67,100.00,23.76,0.00,Weekend,Saturday,Maximum_Load
22/12/2018 05:30,3.96,76.73,99.96,3.31,0.11,Weekend,Saturday,Light_Load
15/02/2018 05:00,3.24,58.09,100.00,4.54,0.00,Weekday,Thursday,Light_Load
16/02/2018 08:30,3.13,62.69,100.00,3.89,0.00,Weekday,Friday,Light_Load
16/07/2018 16:00,64.15,87.54,100.00,35.42,0.00,Weekday,Monday,Maximum_Load
22/06/2018 20:45,31.64,97.41,98.40,7.34,5.72,Weekday,Friday,Medium_Load
25/05/2018 13:00,5.29,100.00,20.16,0.00,25.70,Weekday,Friday,Medium_Load
11/03/2018 09:45,33.16,99.92,99.87,1.30,1.66,Weekend,Sunday,Medium_Load
18/11/2018 19:15,3.78,100.00,20.60,0.00,17.96,Weekend,Sunday,Maximum_Load
03/08/2018 10:45,2.88,100.00,16.85,0.00,16.85,Weekday,Friday,Light_Load
16/10/2018 20:45,45.40,91.18,100.00,20.45,0.00,Weekday,Tuesday,Medium_Load
30/01/2018 18:15,55.26,89.82,100.00,27.04,0.36,Weekday,Tuesday,Maximum_Load
18/12/2018 07:00,3.31,84.21,99.78,2.12,0.22,Weekday,Tuesday,Light_Load
02/06/2018 19:00,3.67,100.00,21.41,0.00,16.74,Weekend,Saturday,Light_Load
07/10/2018 18:45,3.17,100.00,26.62,0.00,11.48,Weekend,Sunday,Light_Load
04/02/2018 04:45,5.83,71.14,100.00,5.76,0.00,Weekend,Sunday,Light_Load
06/04/2018 08:15,34.92,76.22,100.00,29.66,0.00,Weekday,Friday,Light_Load
15/08/2018 18:15,2.99,100.00,42.88,0.00,6.30,Weekday,Wednesday,Medium_Load
26/05/2018 18:00,3.74,100.00,21.75,0.00,16.78,Weekend,Saturday,Medium_Load
26/08/2018 19:30,3.06,100.00,21.56,0.00,13.86,Weekend,Sunday,Medium_Load
30/06/2018 19:00,3.82,100.00,19.77,0.00,18.94,Weekend,Saturday,Medium_Load
21/11/2018 18:45,106.52,91.45,100.00,47.12,0.00,Weekday,Wednesday,Maximum_Load
27/12/2018 19:15,51.01,98.08,100.00,10.15,0.36,Weekday,Thursday,Maximum_Load
04/09/2018 03:00,2.63,48.44,100.00,4.75,0.00,Weekday,Tuesday,Light_Load
02/03/2018 20:30,62.71,99.59,99.99,5.72,1.04,Weekday,Friday,Medium_Load
13/02/2018 18:00,96.08,99.08,100.00,13.14,0.32,Weekday,Tuesday,Maximum_Load
03/06/2018 15:45,3.24,100.00,17.68,0.00,18.04,Weekend,Sunday,Light_Load
30/09/2018 10:30,2.74,100.00,22.67,0.00,11.77,Weekend,Sunday,Light_Load
29/09/2018 00:45,2.45,52.23,100.00,4.00,0.00,Weekend,Saturday,Light_Load
26/12/2018 10:00,55.44,92.47,100.00,22.82,0.00,Weekday,Wednesday,Medium_Load
29/11/2018 08:45,88.06,91.81,100.00,38.02,0.00,Weekday,Thursday,Light_Load
19/07/2018 12:15,7.06,92.59,87.22,2.88,3.96,Weekday,Thursday,Medium_Load
11/08/2018 23:45,2.66,49.73,100.00,4.64,0.00,Weekend,Saturday,Light_Load
03/12/2018 18:30,42.26,90.61,100.00,19.73,0.00,Weekday,Monday,Maximum_Load
30/04/2018 12:45,5.51,100.00,20.33,0.00,26.53,Weekday,Monday,Medium_Load
03/09/2018 11:45,39.60,93.10,100.00,15.52,0.00,Weekday,Monday,Maximum_Load
14/04/2018 03:00,3.71,63.61,100.00,4.50,0.00,Weekend,Saturday,Light_Load
13/10/2018 00:30,3.56,44.87,100.00,7.09,0.00,Weekend,Saturday,Light_Load
08/02/2018 14:00,113.33,92.68,100.00,45.94,0.00,Weekday,Thursday,Medium_Load
24/12/2018 14:45,38.48,99.40,100.00,4.25,0.25,Weekday,Monday,Medium_Load
12/07/2018 12:30,4.36,100.00,25.01,0.00,16.88,Weekday,Thursday,Medium_Load
28/06/2018 23:15,3.49,65.74,100.00,4.00,0.00,Weekday,Thursday,Light_Load
14/07/2018 01:30,2.63,53.62,100.00,4.14,0.00,Weekend,Saturday,Light_Load
09/02/2018 22:30,64.66,84.15,100.00,41.51,0.00,Weekday,Friday,Maximum_Load
06/01/2018 23:30,3.10,77.11,100.00,2.56,0.00,Weekend,Saturday,Light_Load
06/04/2018 13:15,60.37,97.09,99.63,14.90,5.22,Weekday,Friday,Maximum_Load
30/11/2018 01:15,4.97,71.21,100.00,4.90,0.00,Weekday,Friday,Light_Load
23/03/2018 04:45,3.60,59.21,100.00,4.90,0.00,Weekday,Friday,Light_Load
28/02/2018 15:00,97.88,91.32,100.00,43.67,0.00,Weekday,Wednesday,Medium_Load
05/02/2018 09:15,63.11,96.00,100.00,18.40,0.00,Weekday,Monday,Medium_Load
23/09/2018 22:15,2.63,44.05,99.91,5.36,0.11,Weekend,Sunday,Light_Load
18/03/2018 08:45,3.10,68.36,99.94,3.31,0.11,Weekend,Sunday,Light_Load
17/06/2018 18:45,2.92,100.00,23.53,0.00,12.06,Weekend,Sunday,Light_Load
26/02/2018 15:15,47.38,98.12,100.00,9.32,0.00,Weekday,Monday,Medium_Load
02/08/2018 01:30,2.88,53.57,100.00,4.54,0.00,Weekday,Thursday,Light_Load
29/05/2018 07:30,3.31,53.85,100.00,5.18,0.00,Weekday,Tuesday,Light_Load
29/05/2018 15:15,47.66,95.32,100.00,15.12,0.00,Weekday,Tuesday,Maximum_Load
17/04/2018 18:45,86.44,94.33,100.00,30.42,0.00,Weekday,Tuesday,Medium_Load
06/10/2018 08:00,9.72,60.42,100.00,12.82,0.00,Weekend,Saturday,Light_Load
02/12/2018 00:45,3.38,79.72,100.00,2.56,0.00,Weekend,Sunday,Light_Load
10/09/2018 14:45,108.32,91.76,100.00,46.91,0.00,Weekday,Monday,Maximum_Load
20/11/2018 04:30,2.95,81.21,99.89,2.12,0.14,Weekday,Tuesday,Light_Load
26/02/2018 21:15,8.39,100.00,31.39,0.00,25.38,Weekday,Monday,Medium_Load
16/01/2018 22:45,4.61,76.18,100.00,3.92,0.00,Weekday,Tuesday,Maximum_Load
12/04/2018 09:00,101.27,87.86,100.00,55.04,0.00,Weekday,Thursday,Light_Load
30/08/2018 06:00,2.52,46.33,100.00,4.82,0.00,Weekday,Thursday,Light_Load
12/11/2018 00:45,2.88,59.50,100.00,3.89,0.00,Weekday,Monday,Light_Load
27/10/2018 12:00,23.00,95.64,98.50,7.02,4.03,Weekend,Saturday,Maximum_Load
11/09/2018 18:45,33.62,93.77,100.00,12.46,0.00,Weekday,Tuesday,Medium_Load
30/03/2018 07:45,4.61,65.42,100.00,5.33,0.00,Weekday,Friday,Light_Load
10/04/2018 23:45,3.85,57.28,100.00,5.51,0.00,Weekday,Tuesday,Light_Load
27/07/2018 03:45,2.92,43.88,100.00,5.98,0.00,Weekday,Friday,Light_Load
25/01/2018 10:45,59.83,98.15,100.00,11.66,0.00,Weekday,Thursday,Maximum_Load
10/06/2018 01:15,2.77,52.42,100.00,4.50,0.00,Weekend,Sunday,Light_Load
04/10/2018 16:30,59.26,84.40,100.00,37.66,0.00,Weekday,Thursday,Maximum_Load
03/04/2018 23:30,3.60,63.41,100.00,4.39,0.00,Weekday,Tuesday,Light_Load
24/08/2018 03:30,3.78,51.21,100.00,6.34,0.00,Weekday,Friday,Light_Load
08/08/2018 16:45,42.73,95.15,100.00,13.82,0.00,Weekday,Wednesday,Maximum_Load
03/08/2018 21:00,3.02,100.00,18.33,0.00,16.20,Weekday,Friday,Light_Load
01/02/2018 12:30,10.30,100.00,37.15,0.00,25.74,Weekday,Thursday,Medium_Load
21/07/2018 08:30,40.39,71.76,100.00,39.20,0.00,Weekend,Saturday,Light_Load
08/03/2018 14:45,75.67,87.11,100.00,42.66,0.00,Weekday,Thursday,Maximum_Load
14/07/2018 01:45,2.66,53.05,100.00,4.25,0.00,Weekend,Saturday,Light_Load
02/10/2018 11:15,59.83,84.77,100.00,37.44,0.00,Weekday,Tuesday,Maximum_Load
11/04/2018 10:45,65.92,88.80,100.00,34.13,0.00,Weekday,Wednesday,Maximum_Load
18/10/2018 03:15,3.56,50.53,100.00,6.08,0.00,Weekday,Thursday,Light_Load
25/07/2018 23:45,2.59,55.82,100.00,3.85,0.00,Weekday,Wednesday,Light_Load
22/07/2018 06:00,3.46,60.61,100.00,4.54,0.00,Weekend,Sunday,Light_Load
30/09/2018 08:30,2.52,46.56,100.00,4.79,0.00,Weekend,Sunday,Light_Load
28/01/2018 00:15,4.10,72.54,100.00,3.89,0.00,Weekend,Sunday,Light_Load
29/12/2018 04:45,3.60,74.33,100.00,3.24,0.00,Weekend,Saturday,Light_Load
07/10/2018 19:15,3.42,100.00,29.30,0.00,11.16,Weekend,Sunday,Light_Load
01/12/2018 21:45,4.79,100.00,22.54,0.00,20.70,Weekend,Saturday,Medium_Load
28/02/2018 07:45,6.73,71.45,100.00,6.59,0.00,Weekday,Wednesday,Light_Load
06/03/2018 08:15,39.35,81.26,100.00,28.22,0.00,Weekday,Tuesday,Light_Load
20/08/2018 09:30,60.30,88.59,100.00,31.57,0.00,Weekday,Monday,Medium_Load
09/01/2018 06:00,4.68,75.78,100.00,4.03,0.00,Weekday,Tuesday,Light_Load
27/04/2018 20:15,110.81,91.15,100.00,50.00,0.00,Weekday,Friday,Medium_Load
05/10/2018 13:15,33.84,91.05,98.93,15.37,5.00,Weekday,Friday,Maximum_Load
07/04/2018 14:15,49.32,99.80,99.83,3.13,2.92,Weekend,Saturday,Maximum_Load
08/12/2018 01:30,4.79,78.18,100.00,3.82,0.00,Weekend,Saturday,Light_Load
29/10/2018 18:15,47.38,84.79,100.00,29.63,0.00,Weekday,Monday,Medium_Load
12/02/2018 19:00,30.96,100.00,92.81,0.00,12.42,Weekday,Monday,Maximum_Load
22/01/2018 20:30,62.60,91.32,100.00,27.94,0.00,Weekday,Monday,Medium_Load
16/05/2018 03:00,3.24,52.23,100.00,5.29,0.00,Weekday,Wednesday,Light_Load
30/06/2018 20:45,3.24,100.00,19.20,0.00,16.56,Weekend,Saturday,Medium_Load
22/06/2018 10:00,51.98,89.07,100.00,26.53,0.00,Weekday,Friday,Medium_Load
16/03/2018 22:00,4.14,100.00,15.44,0.00,26.50,Weekday,Friday,Medium_Load
11/04/2018 14:00,49.54,92.93,100.00,19.69,0.00,Weekday,Wednesday,Maximum_Load
16/03/2018 02:15,3.67,60.26,100.00,4.86,0.00,Weekday,Friday,Light_Load
28/04/2018 17:15,3.56,100.00,13.31,0.00,26.50,Weekend,Saturday,Medium_Load
06/09/2018 06:15,2.92,43.47,100.00,6.05,0.00,Weekday,Thursday,Light_Load
27/10/2018 17:45,3.53,100.00,19.39,0.00,17.86,Weekend,Saturday,Medium_Load
25/02/2018 14:30,4.68,100.00,20.78,0.00,22.03,Weekend,Sunday,Light_Load
06/09/2018 13:30,61.38,83.54,100.00,40.39,0.00,Weekday,Thursday,Maximum_Load
10/10/2018 22:30,4.50,45.90,100.00,8.71,0.00,Weekday,Wednesday,Medium_Load
06/08/2018 05:00,2.81,48.99,100.00,5.00,0.00,Weekday,Monday,Light_Load
04/04/2018 20:15,3.92,100.00,14.43,0.00,26.89,Weekday,Wednesday,Medium_Load
26/07/2018 07:30,3.20,61.53,100.00,4.10,0.00,Weekday,Thursday,Light_Load
09/06/2018 14:15,3.38,100.00,17.73,0.00,18.76,Weekend,Saturday,Light_Load
11/09/2018 07:30,3.06,41.19,100.00,6.77,0.00,Weekday,Tuesday,Light_Load
11/11/2018 06:45,3.46,47.33,100.00,6.44,0.00,Weekend,Sunday,Light_Load
24/11/2018 18:30,3.71,100.00,27.44,0.00,13.00,Weekend,Saturday,Light_Load
27/01/2018 17:15,6.77,100.00,25.60,0.00,25.56,Weekend,Saturday,Maximum_Load
26/01/2018 16:15,133.78,94.63,100.00,45.72,0.00,Weekday,Friday,Medium_Load
09/09/2018 23:30,2.77,47.16,100.00,5.18,0.00,Weekend,Sunday,Light_Load
08/06/2018 17:15,46.91,96.65,100.00,12.46,0.00,Weekday,Friday,Medium_Load
18/02/2018 18:00,3.53,100.00,21.24,0.00,16.24,Weekend,Sunday,Light_Load
16/12/2018 20:45,4.54,100.00,20.77,0.00,21.38,Weekend,Sunday,Medium_Load
16/01/2018 00:30,4.68,64.26,100.00,5.58,0.00,Weekday,Tuesday,Light_Load
05/11/2018 01:00,3.38,51.34,100.00,5.65,0.00,Weekday,Monday,Light_Load
07/03/2018 21:15,5.29,100.00,19.45,0.00,26.68,Weekday,Wednesday,Medium_Load
01/12/2018 23:30,3.38,83.47,100.00,2.23,0.00,Weekend,Saturday,Light_Load
28/12/2018 03:30,3.89,81.46,99.66,2.77,0.32,Weekday,Friday,Light_Load
09/11/2018 20:00,52.45,91.72,100.00,22.79,0.00,Weekday,Friday,Maximum_Load
21/12/2018 16:15,69.73,89.71,100.00,34.34,0.00,Weekday,Friday,Medium_Load
03/02/2018 11:00,38.38,99.99,99.79,0.65,2.48,Weekend,Saturday,Maximum_Load
03/06/2018 21:00,3.10,100.00,18.36,0.00,16.60,Weekend,Sunday,Light_Load
21/08/2018 05:30,2.70,46.22,100.00,5.18,0.00,Weekday,Tuesday,Light_Load
15/09/2018 16:45,39.67,94.70,100.00,13.46,0.25,Weekend,Saturday,Maximum_Load
09/12/2018 12:30,4.10,100.00,19.86,0.00,20.23,Weekend,Sunday,Light_Load
22/04/2018 03:45,3.06,57.80,100.00,4.32,0.00,Weekend,Sunday,Light_Load
22/12/2018 03:30,4.07,78.24,100.00,3.24,0.00,Weekend,Saturday,Light_Load
23/07/2018 09:30,56.99,84.59,100.00,35.93,0.00,Weekday,Monday,Medium_Load
25/06/2018 02:45,2.88,51.29,100.00,4.82,0.00,Weekday,Monday,Light_Load
06/04/2018 23:15,4.90,62.94,100.00,6.05,0.00,Weekday,Friday,Light_Load
23/05/2018 03:00,2.99,52.71,100.00,4.82,0.00,Weekday,Wednesday,Light_Load
12/01/2018 22:45,4.75,69.38,100.00,4.93,0.00,Weekday,Friday,Maximum_Load
05/05/2018 09:15,3.56,100.00,16.21,0.00,21.67,Weekend,Saturday,Light_Load
06/05/2018 20:45,3.28,100.00,19.03,0.00,16.92,Weekend,Sunday,Light_Load
17/12/2018 11:45,49.64,95.85,100.00,14.76,0.00,Weekday,Monday,Maximum_Load
31/01/2018 17:30,98.42,96.47,100.00,26.86,0.00,Weekday,Wednesday,Maximum_Load
20/04/2018 13:30,69.77,87.20,100.00,39.17,0.00,Weekday,Friday,Maximum_Load
17/12/2018 16:15,85.86,86.38,100.00,50.08,0.00,Weekday,Monday,Medium_Load
14/12/2018 00:15,5.33,89.94,100.00,2.59,0.04,Weekday,Friday,Light_Load
09/07/2018 12:00,53.06,78.89,100.00,41.33,0.00,Weekday,Monday,Maximum_Load
08/07/2018 00:30,2.74,57.59,100.00,3.89,0.00,Weekend,Sunday,Light_Load
26/11/2018 17:45,32.58,100.00,99.50,0.14,3.28,Weekday,Monday,Maximum_Load
13/06/2018 02:45,2.88,52.09,100.00,4.72,0.00,Weekday,Wednesday,Light_Load
27/07/2018 15:45,54.65,94.87,100.00,18.22,0.00,Weekday,Friday,Maximum_Load
02/10/2018 21:00,62.53,94.64,100.00,21.35,0.54,Weekday,Tuesday,Medium_Load
11/11/2018 22:15,3.35,57.63,99.91,4.75,0.14,Weekend,Sunday,Light_Load
21/02/2018 23:30,88.20,90.11,100.00,42.44,0.00,Weekday,Wednesday,Light_Load
08/05/2018 06:15,2.99,60.65,100.00,3.92,0.00,Weekday,Tuesday,Light_Load
09/06/2018 14:45,3.13,100.00,18.45,0.00,16.67,Weekend,Saturday,Light_Load
12/05/2018 16:15,5.18,100.00,19.21,0.00,26.46,Weekend,Saturday,Maximum_Load
13/10/2018 11:15,40.39,96.16,100.00,11.52,0.00,Weekend,Saturday,Maximum_Load
25/03/2018 03:15,3.13,64.89,100.00,3.67,0.00,Weekend,Sunday,Light_Load
26/06/2018 20:00,34.27,99.87,99.99,1.73,0.36,Weekday,Tuesday,Medium_Load
04/04/2018 14:45,55.37,91.13,100.00,25.02,0.00,Weekday,Wednesday,Maximum_Load
24/04/2018 13:30,58.90,87.66,100.00,32.33,0.00,Weekday,Tuesday,Maximum_Load
17/02/2018 05:45,3.17,63.56,100.00,3.85,0.00,Weekend,Saturday,Light_Load
14/05/2018 02:45,3.06,55.30,100.00,4.61,0.00,Weekday,Monday,Light_Load
05/06/2018 08:30,41.76,68.55,100.00,44.35,0.00,Weekday,Tuesday,Light_Load
01/07/2018 12:30,3.13,100.00,17.96,0.00,17.14,Weekend,Sunday,Light_Load
29/06/2018 14:15,51.08,91.68,100.00,22.25,0.00,Weekday,Friday,Maximum_Load
29/03/2018 10:30,54.25,94.10,100.00,19.51,0.00,Weekday,Thursday,Maximum_Load
16/10/2018 02:00,3.10,44.78,100.00,6.19,0.00,Weekday,Tuesday,Light_Load
15/02/2018 00:45,3.89,55.97,100.00,5.76,0.00,Weekday,Thursday,Light_Load
05/10/2018 10:00,56.48,89.50,100.00,28.15,0.00,Weekday,Friday,Medium_Load
23/11/2018 19:15,65.23,91.61,100.00,28.55,0.00,Weekday,Friday,Maximum_Load
15/10/2018 14:30,109.40,90.06,100.00,52.81,0.00,Weekday,Monday,Maximum_Load
28/11/2018 19:30,54.07,92.61,100.00,22.03,0.00,Weekday,Wednesday,Maximum_Load
01/03/2018 21:30,3.49,100.00,18.78,0.00,18.25,Weekday,Thursday,Medium_Load
28/02/2018 18:15,59.11,91.93,100.00,25.31,0.58,Weekday,Wednesday,Maximum_Load
15/01/2018 13:00,7.81,100.00,29.26,0.00,25.52,Weekday,Monday,Medium_Load
03/05/2018 05:15,3.10,60.59,100.00,4.07,0.00,Weekday,Thursday,Light_Load
30/10/2018 22:15,3.85,49.82,99.89,6.70,0.18,Weekday,Tuesday,Medium_Load
30/05/2018 16:45,108.65,95.48,100.00,33.84,0.00,Weekday,Wednesday,Maximum_Load
26/05/2018 02:00,3.13,51.43,100.00,5.22,0.00,Weekend,Saturday,Light_Load
15/02/2018 06:45,3.31,56.29,100.00,4.86,0.00,Weekday,Thursday,Light_Load
05/09/2018 04:15,2.59,48.11,100.00,4.72,0.00,Weekday,Wednesday,Light_Load
24/08/2018 02:45,2.88,46.13,100.00,5.54,0.00,Weekday,Friday,Light_Load
04/06/2018 22:00,3.89,100.00,21.91,0.00,17.32,Weekday,Monday,Medium_Load
26/08/2018 01:45,2.59,51.77,100.00,4.28,0.00,Weekend,Sunday,Light_Load
28/07/2018 08:00,6.12,62.57,100.00,7.63,0.00,Weekend,Saturday,Light_Load
14/05/2018 09:45,57.02,90.51,100.00,26.78,0.00,Weekday,Monday,Medium_Load
28/05/2018 08:00,4.43,55.38,100.00,6.66,0.00,Weekday,Monday,Light_Load
08/07/2018 07:45,2.95,59.35,100.00,4.00,0.00,Weekend,Sunday,Light_Load
01/02/2018 15:00,110.27,91.47,100.00,48.71,0.00,Weekday,Thursday,Medium_Load
07/03/2018 04:45,3.17,70.38,100.00,3.20,0.00,Weekday,Wednesday,Light_Load
04/12/2018 17:30,71.10,89.97,100.00,34.49,0.00,Weekday,Tuesday,Maximum_Load
13/02/2018 23:00,36.32,81.25,100.00,26.06,0.00,Weekday,Tuesday,Maximum_Load
28/04/2018 09:45,63.22,99.86,99.96,3.35,1.69,Weekend,Saturday,Medium_Load
12/02/2018 18:45,33.91,99.70,96.98,2.63,8.53,Weekday,Monday,Maximum_Load
18/08/2018 09:30,75.60,89.17,100.00,38.38,0.00,Weekend,Saturday,Medium_Load
17/11/2018 20:30,4.07,100.00,23.24,0.00,17.03,Weekend,Saturday,Medium_Load
08/03/2018 20:45,63.29,93.42,100.00,24.16,0.00,Weekday,Thursday,Medium_Load
23/12/2018 05:30,4.10,73.52,100.00,3.78,0.00,Weekend,Sunday,Light_Load
03/08/2018 18:00,2.99,100.00,18.15,0.00,16.20,Weekday,Friday,Light_Load
02/03/2018 19:45,73.55,99.17,100.00,9.54,0.29,Weekday,Friday,Medium_Load
05/09/2018 18:30,47.52,83.53,100.00,31.28,0.00,Weekday,Wednesday,Medium_Load
12/12/2018 03:15,4.18,75.15,100.00,3.67,0.00,Weekday,Wednesday,Light_Load
05/07/2018 08:00,4.82,60.34,100.00,6.37,0.00,Weekday,Thursday,Light_Load
14/03/2018 18:00,40.75,99.11,99.46,5.47,4.25,Weekday,Wednesday,Medium_Load
07/05/2018 03:45,2.99,56.91,100.00,4.32,0.00,Weekday,Monday,Light_Load
27/03/2018 18:30,50.90,84.36,100.00,32.40,0.00,Weekday,Tuesday,Medium_Load
14/04/2018 13:00,4.54,100.00,20.03,0.00,22.21,Weekend,Saturday,Medium_Load
03/06/2018 15:00,3.56,100.00,16.29,0.00,21.56,Weekend,Sunday,Light_Load
25/09/2018 03:30,2.66,42.78,100.00,5.62,0.00,Weekday,Tuesday,Light_Load
04/12/2018 16:30,60.73,89.37,100.00,30.49,0.00,Weekday,Tuesday,Medium_Load
12/07/2018 10:30,68.40,86.72,100.00,39.28,0.00,Weekday,Thursday,Maximum_Load
24/12/2018 22:00,5.40,100.00,24.76,0.00,21.13,Weekday,Monday,Medium_Load
25/11/2018 21:15,2.99,100.00,20.18,0.00,14.51,Weekend,Sunday,Light_Load
02/12/2018 14:45,3.56,100.00,24.46,0.00,14.11,Weekend,Sunday,Light_Load
13/08/2018 06:15,2.66,45.68,100.00,5.18,0.00,Weekday,Monday,Light_Load
15/07/2018 16:45,91.04,96.68,100.00,24.08,0.00,Weekend,Sunday,Maximum_Load
29/08/2018 12:45,5.90,100.00,31.21,0.00,17.96,Weekday,Wednesday,Medium_Load
16/03/2018 05:00,3.20,55.55,100.00,4.79,0.00,Weekday,Friday,Light_Load
23/11/2018 15:30,110.48,84.94,100.00,68.65,0.00,Weekday,Friday,Medium_Load
11/12/2018 22:00,5.69,100.00,26.67,0.00,20.56,Weekday,Tuesday,Medium_Load
17/11/2018 15:30,95.18,89.87,100.00,46.44,0.00,Weekend,Saturday,Medium_Load
23/12/2018 08:45,4.82,94.12,68.12,1.73,5.18,Weekend,Sunday,Light_Load
23/04/2018 12:30,5.47,100.00,20.46,0.00,26.17,Weekday,Monday,Medium_Load
06/12/2018 12:30,6.88,100.00,31.89,0.00,20.45,Weekday,Thursday,Medium_Load
08/10/2018 20:00,58.90,84.89,100.00,36.68,0.00,Weekday,Monday,Medium_Load
12/08/2018 11:45,2.70,100.00,49.42,0.00,4.75,Weekend,Sunday,Light_Load
29/06/2018 13:45,58.68,90.31,100.00,27.90,0.00,Weekday,Friday,Maximum_Load
15/08/2018 14:30,66.35,92.95,100.00,26.32,0.00,Weekday,Wednesday,Maximum_Load
19/01/2018 02:45,57.96,86.20,100.00,34.09,0.00,Weekday,Friday,Light_Load
04/11/2018 17:45,3.92,100.00,21.44,0.00,17.86,Weekend,Sunday,Maximum_Load
19/06/2018 14:30,73.26,92.70,100.00,29.63,0.00,Weekday,Tuesday,Maximum_Load
07/01/2018 02:30,3.17,72.40,100.00,3.02,0.00,Weekend,Sunday,Light_Load
23/01/2018 10:30,68.18,95.11,100.00,22.14,0.00,Weekday,Tuesday,Maximum_Load
18/08/2018 08:30,110.70,79.87,100.00,83.41,0.00,Weekend,Saturday,Light_Load
24/09/2018 18:30,2.74,100.00,44.53,0.00,5.51,Weekday,Monday,Light_Load
12/04/2018 14:30,66.85,79.67,100.00,50.72,0.00,Weekday,Thursday,Maximum_Load
20/01/2018 10:45,55.40,98.04,100.00,11.12,0.00,Weekend,Saturday,Maximum_Load
27/05/2018 22:30,2.92,46.11,100.00,5.62,0.00,Weekend,Sunday,Light_Load
10/01/2018 22:30,4.68,63.06,100.00,5.76,0.00,Weekday,Wednesday,Maximum_Load
18/05/2018 09:15,107.14,93.73,100.00,39.85,0.00,Weekday,Friday,Medium_Load
22/09/2018 15:45,3.38,100.00,20.04,0.00,16.52,Weekend,Saturday,Light_Load
11/05/2018 07:30,3.42,62.42,100.00,4.28,0.00,Weekday,Friday,Light_Load
14/01/2018 17:45,5.18,100.00,19.09,0.00,26.64,Weekend,Sunday,Maximum_Load
06/01/2018 13:15,3.64,100.00,18.18,0.00,19.69,Weekend,Saturday,Light_Load
22/07/2018 09:00,2.81,97.19,40.73,0.68,6.30,Weekend,Sunday,Light_Load
05/04/2018 08:15,46.69,76.18,100.00,39.71,0.04,Weekday,Thursday,Light_Load
24/01/2018 06:00,35.71,81.82,100.00,25.09,0.00,Weekday,Wednesday,Light_Load
02/09/2018 13:15,13.43,97.72,80.61,2.92,9.86,Weekend,Sunday,Maximum_Load
01/07/2018 02:30,2.84,56.94,100.00,4.10,0.00,Weekend,Sunday,Light_Load
29/06/2018 13:00,4.25,100.00,25.48,0.00,16.13,Weekday,Friday,Medium_Load
04/11/2018 20:45,3.13,100.00,25.56,0.00,11.84,Weekend,Sunday,Medium_Load
06/04/2018 10:00,94.36,95.98,100.00,27.58,0.00,Weekday,Friday,Medium_Load
26/05/2018 00:00,2.74,53.21,100.00,4.36,0.00,Weekend,Saturday,Light_Load
09/12/2018 16:15,4.14,100.00,19.78,0.00,20.52,Weekend,Sunday,Light_Load
15/01/2018 10:30,105.84,85.53,100.00,64.12,0.00,Weekday,Monday,Maximum_Load
09/05/2018 05:00,3.17,59.79,100.00,4.25,0.00,Weekday,Wednesday,Light_Load
25/12/2018 23:00,3.89,74.43,99.99,3.49,0.04,Weekday,Tuesday,Light_Load
03/09/2018 16:45,118.04,86.31,100.00,69.08,0.00,Weekday,Monday,Maximum_Load
04/08/2018 19:30,2.88,100.00,16.96,0.00,16.74,Weekend,Saturday,Light_Load
18/12/2018 05:15,3.46,82.83,99.92,2.34,0.14,Weekday,Tuesday,Light_Load
17/11/2018 15:15,101.20,93.65,100.00,37.91,0.00,Weekend,Saturday,Medium_Load
22/07/2018 04:15,2.84,49.92,100.00,4.93,0.00,Weekend,Sunday,Light_Load
23/10/2018 04:30,3.02,46.00,100.00,5.83,0.00,Weekday,Tuesday,Light_Load
16/11/2018 18:45,49.07,91.03,100.00,22.32,0.00,Weekday,Friday,Maximum_Load
06/10/2018 22:15,3.20,45.06,99.98,6.34,0.07,Weekend,Saturday,Medium_Load
16/02/2018 10:00,3.42,100.00,19.81,0.00,16.92,Weekday,Friday,Light_Load
01/09/2018 10:45,50.62,91.50,100.00,22.32,0.00,Weekend,Saturday,Maximum_Load
22/04/2018 13:30,35.78,99.90,99.94,1.62,1.22,Weekend,Sunday,Maximum_Load
08/03/2018 11:00,53.35,96.19,100.00,15.16,0.00,Weekday,Thursday,Maximum_Load
25/08/2018 10:00,4.43,100.00,22.98,0.00,18.76,Weekend,Saturday,Light_Load
06/11/2018 01:45,3.67,46.33,100.00,7.02,0.00,Weekday,Tuesday,Light_Load
05/12/2018 21:00,4.82,100.00,22.91,0.00,20.48,Weekday,Wednesday,Medium_Load
30/05/2018 08:30,56.63,70.60,100.00,56.81,0.00,Weekday,Wednesday,Light_Load
20/03/2018 20:30,36.43,99.96,99.79,1.04,2.38,Weekday,Tuesday,Medium_Load
07/09/2018 16:15,111.42,90.27,100.00,53.10,0.00,Weekday,Friday,Maximum_Load
10/02/2018 11:30,5.18,100.00,47.45,0.00,9.61,Weekend,Saturday,Light_Load
19/03/2018 14:30,57.96,90.06,100.00,27.97,0.00,Weekday,Monday,Maximum_Load
23/07/2018 21:00,38.27,97.01,99.80,9.58,2.41,Weekday,Monday,Medium_Load
11/05/2018 23:00,3.64,68.98,100.00,3.82,0.00,Weekday,Friday,Medium_Load
16/02/2018 10:30,3.46,100.00,20.29,0.00,16.70,Weekday,Friday,Light_Load
04/03/2018 09:30,3.96,100.00,17.55,0.00,22.21,Weekend,Sunday,Light_Load
17/08/2018 03:15,3.06,50.07,100.00,5.29,0.00,Weekday,Friday,Light_Load
13/02/2018 09:30,91.98,96.83,100.00,23.72,0.00,Weekday,Tuesday,Medium_Load
13/07/2018 14:45,47.27,97.57,100.00,10.62,0.00,Weekday,Friday,Maximum_Load
05/11/2018 06:00,2.88,58.43,100.00,4.00,0.00,Weekday,Monday,Light_Load
19/06/2018 19:45,49.57,92.79,100.00,19.91,0.00,Weekday,Tuesday,Medium_Load
24/02/2018 10:30,51.80,99.71,99.94,3.96,1.73,Weekend,Saturday,Maximum_Load
03/12/2018 20:45,50.11,86.75,100.00,28.73,0.00,Weekday,Monday,Medium_Load
14/04/2018 10:15,36.97,99.98,99.82,0.68,2.20,Weekend,Saturday,Maximum_Load
01/10/2018 05:45,2.52,46.87,100.00,4.75,0.00,Weekday,Monday,Light_Load
08/04/2018 05:45,3.17,54.95,100.00,4.82,0.00,Weekend,Sunday,Light_Load
26/06/2018 08:45,39.56,70.32,100.00,40.00,0.00,Weekday,Tuesday,Light_Load
04/01/2018 10:45,128.81,95.28,100.00,41.04,0.00,Weekday,Thursday,Maximum_Load
13/04/2018 22:15,5.11,91.19,33.73,2.30,14.26,Weekday,Friday,Medium_Load
21/09/2018 15:15,8.57,100.00,49.41,0.00,15.08,Weekday,Friday,Maximum_Load
12/01/2018 22:00,5.22,100.00,19.13,0.00,26.78,Weekday,Friday,Medium_Load
25/01/2018 04:15,37.91,81.38,100.00,27.07,0.00,Weekday,Thursday,Light_Load
27/08/2018 05:45,2.88,51.85,100.00,4.75,0.00,Weekday,Monday,Light_Load
03/06/2018 16:15,2.95,100.00,17.14,0.00,16.96,Weekend,Sunday,Light_Load
04/11/2018 03:00,2.92,50.43,100.00,5.00,0.00,Weekend,Sunday,Light_Load
19/06/2018 23:00,3.67,56.50,100.00,5.36,0.00,Weekday,Tuesday,Medium_Load
04/10/2018 04:30,2.81,44.72,100.00,5.62,0.00,Weekday,Thursday,Light_Load
26/11/2018 02:45,2.92,69.87,100.00,2.99,0.00,Weekday,Monday,Light_Load
03/01/2018 04:45,4.57,72.67,100.00,4.32,0.00,Weekday,Wednesday,Light_Load
25/09/2018 09:45,2.70,100.00,22.61,0.00,11.63,Weekday,Tuesday,Light_Load
08/02/2018 21:15,107.50,96.62,100.00,28.69,0.00,Weekday,Thursday,Medium_Load
15/05/2018 14:45,99.11,94.76,100.00,33.41,0.00,Weekday,Tuesday,Maximum_Load
06/06/2018 16:15,50.40,87.91,100.00,27.32,0.00,Weekday,Wednesday,Maximum_Load
22/01/2018 18:00,33.48,100.00,96.54,0.00,9.04,Weekday,Monday,Maximum_Load
15/04/2018 07:30,3.10,62.03,100.00,3.92,0.00,Weekend,Sunday,Light_Load
04/02/2018 05:45,5.83,71.38,100.00,5.72,0.00,Weekend,Sunday,Light_Load
16/06/2018 16:00,24.62,100.00,93.65,0.00,9.22,Weekend,Saturday,Maximum_Load
10/01/2018 18:15,35.24,95.47,100.00,10.98,0.14,Weekday,Wednesday,Maximum_Load
22/07/2018 05:00,2.84,50.45,100.00,4.86,0.00,Weekend,Sunday,Light_Load
21/10/2018 20:30,3.71,100.00,20.74,0.00,17.50,Weekend,Sunday,Light_Load
01/11/2018 02:00,3.96,55.47,100.00,5.94,0.00,Weekday,Thursday,Light_Load
07/03/2018 03:30,3.71,62.12,100.00,4.68,0.00,Weekday,Wednesday,Light_Load
20/04/2018 09:30,71.39,89.81,100.00,34.96,0.00,Weekday,Friday,Medium_Load
16/04/2018 10:45,65.63,88.56,100.00,34.42,0.00,Weekday,Monday,Maximum_Load
23/08/2018 01:15,2.92,48.54,100.00,5.26,0.00,Weekday,Thursday,Light_Load
26/05/2018 03:30,3.13,50.64,100.00,5.33,0.00,Weekend,Saturday,Light_Load
06/08/2018 21:15,8.17,100.00,36.33,0.00,20.95,Weekday,Monday,Medium_Load
17/02/2018 17:00,3.89,100.00,18.53,0.00,20.63,Weekend,Saturday,Light_Load
03/03/2018 09:30,37.69,99.04,99.80,5.26,2.38,Weekend,Saturday,Medium_Load
30/05/2018 17:00,104.69,95.54,100.00,32.36,0.00,Weekday,Wednesday,Maximum_Load
23/09/2018 13:30,2.99,100.00,22.41,0.00,13.00,Weekend,Sunday,Light_Load
14/12/2018 04:15,4.18,76.40,100.00,3.53,0.04,Weekday,Friday,Light_Load
01/12/2018 00:15,3.89,82.15,99.48,2.70,0.40,Weekend,Saturday,Light_Load
07/03/2018 10:30,94.14,96.75,100.00,24.59,0.00,Weekday,Wednesday,Maximum_Load
11/06/2018 02:45,3.46,51.76,100.00,5.72,0.00,Weekday,Monday,Light_Load
28/04/2018 11:15,79.99,94.25,100.00,28.37,0.00,Weekend,Saturday,Maximum_Load
19/11/2018 18:45,43.49,98.45,100.00,7.74,0.00,Weekday,Monday,Maximum_Load
01/12/2018 17:00,4.64,100.00,21.48,0.00,21.10,Weekend,Saturday,Medium_Load
25/08/2018 05:00,2.81,46.91,100.00,5.29,0.00,Weekend,Saturday,Light_Load
21/06/2018 04:00,2.95,49.70,100.00,5.15,0.00,Weekday,Thursday,Light_Load
30/12/2018 01:30,3.17,79.97,100.00,2.38,0.00,Weekend,Sunday,Light_Load
10/09/2018 15:45,87.70,90.41,100.00,41.44,0.00,Weekday,Monday,Maximum_Load
15/10/2018 19:30,96.12,91.80,100.00,41.51,0.00,Weekday,Monday,Medium_Load
21/03/2018 20:30,75.24,99.24,99.98,9.32,1.55,Weekday,Wednesday,Medium_Load
31/08/2018 02:00,2.77,46.87,100.00,5.22,0.00,Weekday,Friday,Light_Load
13/10/2018 01:45,3.56,43.64,100.00,7.34,0.00,Weekend,Saturday,Light_Load
01/07/2018 17:45,2.95,100.00,16.62,0.00,17.50,Weekend,Sunday,Light_Load
11/07/2018 13:30,58.14,91.21,100.00,26.14,0.00,Weekday,Wednesday,Maximum_Load
28/09/2018 16:15,38.74,89.38,100.00,19.44,0.00,Weekday,Friday,Maximum_Load
10/09/2018 08:00,3.20,51.26,100.00,5.36,0.00,Weekday,Monday,Light_Load
01/02/2018 18:30,84.13,79.52,100.00,64.15,0.00,Weekday,Thursday,Maximum_Load
11/06/2018 17:45,29.70,99.99,98.26,0.36,5.62,Weekday,Monday,Medium_Load
27/03/2018 05:15,3.13,63.38,100.00,3.82,0.00,Weekday,Tuesday,Light_Load
12/02/2018 00:15,3.64,74.29,100.00,3.28,0.00,Weekday,Monday,Light_Load
31/01/2018 05:15,5.90,73.77,100.00,5.40,0.00,Weekday,Wednesday,Light_Load
09/09/2018 00:15,3.38,47.51,100.00,6.26,0.00,Weekend,Sunday,Light_Load
07/04/2018 20:15,4.03,100.00,15.22,0.00,26.17,Weekend,Saturday,Medium_Load
02/11/2018 16:45,60.23,86.85,100.00,34.38,0.00,Weekday,Friday,Medium_Load
03/10/2018 09:00,57.06,83.66,100.00,37.37,0.00,Weekday,Wednesday,Light_Load
30/01/2018 02:00,7.99,78.19,100.00,6.37,0.00,Weekday,Tuesday,Light_Load
26/08/2018 22:00,3.13,100.00,23.11,0.00,13.18,Weekend,Sunday,Medium_Load
31/12/2018 18:00,3.42,100.00,32.98,0.00,9.79,Weekday,Monday,Light_Load
22/07/2018 19:15,3.67,100.00,21.91,0.00,16.34,Weekend,Sunday,Light_Load
28/07/2018 02:15,3.60,52.54,100.00,5.83,0.00,Weekend,Saturday,Light_Load
02/04/2018 12:45,5.47,100.00,20.76,0.00,25.78,Weekday,Monday,Medium_Load
08/03/2018 03:45,3.06,78.56,100.00,2.41,0.00,Weekday,Thursday,Light_Load
17/05/2018 05:00,3.24,52.23,100.00,5.29,0.00,Weekday,Thursday,Light_Load
11/07/2018 10:30,66.71,88.62,100.00,34.88,0.00,Weekday,Wednesday,Maximum_Load
05/09/2018 18:45,49.79,89.56,100.00,24.73,0.00,Weekday,Wednesday,Medium_Load
15/12/2018 21:45,4.25,100.00,18.67,0.00,22.36,Weekend,Saturday,Light_Load
25/09/2018 12:00,2.59,100.00,38.60,0.00,6.19,Weekday,Tuesday,Light_Load
14/01/2018 21:15,5.00,100.00,18.21,0.00,27.00,Weekend,Sunday,Medium_Load
12/08/2018 21:45,3.13,100.00,21.04,0.00,14.54,Weekend,Sunday,Light_Load
04/09/2018 11:15,122.65,88.27,100.00,65.30,0.00,Weekday,Tuesday,Maximum_Load
24/05/2018 14:00,63.11,89.70,100.00,31.10,0.00,Weekday,Thursday,Maximum_Load
22/03/2018 04:00,3.35,62.27,100.00,4.21,0.00,Weekday,Thursday,Light_Load
27/05/2018 03:15,2.92,48.05,100.00,5.33,0.00,Weekend,Sunday,Light_Load
23/03/2018 06:15,3.24,62.94,100.00,4.00,0.00,Weekday,Friday,Light_Load
17/04/2018 03:30,3.13,63.08,100.00,3.85,0.00,Weekday,Tuesday,Light_Load
05/11/2018 21:15,42.59,90.57,100.00,19.94,0.00,Weekday,Monday,Medium_Load
16/08/2018 08:15,69.08,79.22,100.00,53.21,0.00,Weekday,Thursday,Light_Load
30/03/2018 13:15,49.21,93.44,99.99,18.76,0.61,Weekday,Friday,Maximum_Load
31/05/2018 01:45,3.31,49.82,100.00,5.76,0.00,Weekday,Thursday,Light_Load
13/09/2018 05:00,2.77,51.50,100.00,4.61,0.00,Weekday,Thursday,Light_Load
26/08/2018 19:00,3.24,100.00,22.01,0.00,14.36,Weekend,Sunday,Medium_Load
01/01/2018 21:00,4.21,100.00,17.10,0.00,24.26,Weekday,Monday,Light_Load
09/11/2018 11:15,68.08,87.39,100.00,37.87,0.00,Weekday,Friday,Maximum_Load
05/03/2018 12:00,88.60,88.72,100.00,46.08,0.00,Weekday,Monday,Maximum_Load
08/12/2018 07:30,3.31,75.44,100.00,2.88,0.00,Weekend,Saturday,Light_Load
08/11/2018 18:00,32.26,97.44,100.00,7.45,0.18,Weekday,Thursday,Maximum_Load
22/04/2018 19:45,3.85,100.00,19.67,0.00,19.19,Weekend,Sunday,Medium_Load
03/10/2018 03:30,2.92,44.97,100.00,5.80,0.00,Weekday,Wednesday,Light_Load
15/11/2018 12:30,4.54,100.00,25.60,0.00,17.14,Weekday,Thursday,Medium_Load
12/11/2018 03:15,3.38,53.06,100.00,5.40,0.00,Weekday,Monday,Light_Load
03/12/2018 17:30,61.42,87.63,100.00,33.77,0.00,Weekday,Monday,Maximum_Load
29/06/2018 09:15,45.54,90.95,100.00,20.81,0.00,Weekday,Friday,Medium_Load
07/05/2018 23:00,4.07,65.62,100.00,4.68,0.00,Weekday,Monday,Medium_Load
30/07/2018 07:30,3.06,54.40,100.00,4.72,0.00,Weekday,Monday,Light_Load
05/01/2018 19:45,55.62,94.28,100.00,19.66,0.00,Weekday,Friday,Maximum_Load
31/03/2018 11:45,2.92,100.00,49.83,0.00,5.08,Weekend,Saturday,Light_Load
15/12/2018 13:30,3.35,100.00,21.98,0.00,14.87,Weekend,Saturday,Light_Load
21/06/2018 15:30,44.50,94.49,100.00,15.41,0.00,Weekday,Thursday,Maximum_Load
19/10/2018 18:15,43.13,83.96,100.00,27.90,0.00,Weekday,Friday,Medium_Load
20/05/2018 06:45,3.67,51.18,100.00,6.16,0.00,Weekend,Sunday,Light_Load
03/09/2018 06:00,2.66,52.79,100.00,4.28,0.00,Weekday,Monday,Light_Load
14/01/2018 21:00,4.97,100.00,18.13,0.00,26.96,Weekend,Sunday,Medium_Load
27/06/2018 11:45,50.51,78.78,100.00,39.49,0.00,Weekday,Wednesday,Maximum_Load
23/09/2018 05:15,2.56,44.79,100.00,5.11,0.00,Weekend,Sunday,Light_Load
08/01/2018 16:45,136.98,93.05,100.00,53.93,0.00,Weekday,Monday,Medium_Load
30/04/2018 01:15,2.88,54.85,100.00,4.39,0.00,Weekday,Monday,Light_Load
18/05/2018 12:00,53.96,80.03,100.00,40.43,0.00,Weekday,Friday,Maximum_Load
31/01/2018 16:00,124.88,93.01,100.00,49.32,0.00,Weekday,Wednesday,Medium_Load
27/09/2018 12:45,3.49,100.00,29.85,0.00,11.16,Weekday,Thursday,Medium_Load
08/12/2018 04:30,3.35,77.07,100.00,2.77,0.00,Weekend,Saturday,Light_Load
22/10/2018 06:30,3.89,49.82,100.00,6.77,0.00,Weekday,Monday,Light_Load
04/02/2018 22:30,3.82,72.11,100.00,3.67,0.00,Weekend,Sunday,Light_Load
15/06/2018 01:15,3.17,51.12,100.00,5.33,0.00,Weekday,Friday,Light_Load
31/12/2018 11:30,3.82,100.00,19.70,0.00,19.01,Weekday,Monday,Light_Load
16/07/2018 18:00,31.21,100.00,97.54,0.18,7.06,Weekday,Monday,Medium_Load
19/08/2018 19:45,2.74,100.00,18.97,0.00,14.18,Weekend,Sunday,Light_Load
27/03/2018 03:00,3.78,64.66,100.00,4.46,0.00,Weekday,Tuesday,Light_Load
17/06/2018 04:45,2.84,57.60,100.00,4.03,0.00,Weekend,Sunday,Light_Load
19/12/2018 22:45,3.96,80.19,99.59,2.95,0.36,Weekday,Wednesday,Maximum_Load
04/11/2018 01:15,2.99,51.55,100.00,4.97,0.00,Weekend,Sunday,Light_Load
06/01/2018 03:00,4.21,59.95,100.00,5.62,0.00,Weekend,Saturday,Light_Load
30/04/2018 19:15,3.74,100.00,14.74,0.00,25.09,Weekday,Monday,Medium_Load
19/08/2018 00:45,2.59,52.67,100.00,4.18,0.00,Weekend,Sunday,Light_Load
25/02/2018 01:45,5.87,70.71,100.00,5.87,0.00,Weekend,Sunday,Light_Load
16/09/2018 00:00,2.74,48.28,100.00,4.97,0.00,Weekend,Sunday,Light_Load
09/11/2018 03:45,3.28,53.20,100.00,5.22,0.00,Weekday,Friday,Light_Load
16/12/2018 10:15,61.81,91.71,100.00,26.86,0.00,Weekend,Sunday,Maximum_Load
13/10/2018 05:15,2.81,54.88,100.00,4.28,0.00,Weekend,Saturday,Light_Load
29/12/2018 18:00,3.56,100.00,26.70,0.00,12.85,Weekend,Saturday,Light_Load
26/04/2018 22:00,4.00,100.00,14.87,0.00,26.60,Weekday,Thursday,Medium_Load
16/05/2018 02:15,3.82,60.71,100.00,5.00,0.00,Weekday,Wednesday,Light_Load
16/12/2018 06:45,3.64,76.96,100.00,3.02,0.00,Weekend,Sunday,Light_Load
08/08/2018 08:00,4.82,53.06,100.00,7.70,0.00,Weekday,Wednesday,Light_Load
28/05/2018 13:00,4.10,100.00,24.64,0.00,16.13,Weekday,Monday,Medium_Load
31/03/2018 12:15,3.02,100.00,22.51,0.00,13.07,Weekend,Saturday,Light_Load
29/12/2018 02:15,3.71,75.72,99.99,3.20,0.04,Weekend,Saturday,Light_Load
28/03/2018 19:15,39.49,98.43,99.99,7.09,0.40,Weekday,Wednesday,Medium_Load
26/06/2018 14:00,58.64,88.96,100.00,30.10,0.00,Weekday,Tuesday,Maximum_Load
24/04/2018 03:00,3.20,59.17,100.00,4.36,0.00,Weekday,Tuesday,Light_Load
01/02/2018 13:15,51.80,97.27,99.70,12.35,4.03,Weekday,Thursday,Medium_Load
04/05/2018 08:30,61.74,72.74,100.00,58.25,0.00,Weekday,Friday,Light_Load
16/10/2018 22:00,3.96,99.99,23.84,0.04,16.13,Weekday,Tuesday,Medium_Load
24/10/2018 17:45,52.92,87.05,100.00,29.92,0.00,Weekday,Wednesday,Medium_Load
26/12/2018 02:15,3.78,73.09,100.00,3.53,0.00,Weekday,Wednesday,Light_Load
10/02/2018 05:30,6.48,77.64,100.00,5.26,0.00,Weekend,Saturday,Light_Load
13/07/2018 04:00,2.88,47.33,100.00,5.36,0.00,Weekday,Friday,Light_Load
17/06/2018 09:30,2.99,100.00,17.33,0.00,16.99,Weekend,Sunday,Light_Load
10/12/2018 18:45,4.46,100.00,19.94,0.00,21.92,Weekday,Monday,Maximum_Load
25/04/2018 12:45,4.64,100.00,17.74,0.00,25.74,Weekday,Wednesday,Medium_Load
12/11/2018 01:45,2.84,57.22,100.00,4.07,0.00,Weekday,Monday,Light_Load
25/02/2018 17:15,4.32,100.00,25.66,0.00,16.27,Weekend,Sunday,Light_Load
01/06/2018 04:30,3.02,46.18,100.00,5.80,0.00,Weekday,Friday,Light_Load
14/01/2018 08:30,20.20,77.60,100.00,16.42,0.00,Weekend,Sunday,Light_Load
01/12/2018 09:15,28.58,99.96,98.66,0.83,4.72,Weekend,Saturday,Medium_Load
06/09/2018 12:15,5.80,99.57,47.93,0.54,10.62,Weekday,Thursday,Medium_Load
25/10/2018 15:30,47.38,89.47,100.00,23.65,0.00,Weekday,Thursday,Maximum_Load
04/05/2018 09:45,64.94,88.91,100.00,33.44,0.00,Weekday,Friday,Medium_Load
18/05/2018 06:30,3.64,54.36,100.00,5.62,0.00,Weekday,Friday,Light_Load
11/07/2018 16:30,49.93,96.10,100.00,14.36,0.00,Weekday,Wednesday,Maximum_Load
23/10/2018 14:00,55.76,86.29,100.00,32.65,0.00,Weekday,Tuesday,Maximum_Load
08/03/2018 22:15,5.40,94.87,33.01,1.80,15.44,Weekday,Thursday,Medium_Load
18/12/2018 10:15,63.04,91.23,100.00,28.30,0.00,Weekday,Tuesday,Maximum_Load
03/12/2018 13:30,51.95,90.73,100.00,24.08,0.00,Weekday,Monday,Medium_Load
25/09/2018 04:30,2.59,41.01,100.00,5.76,0.00,Weekday,Tuesday,Light_Load
12/11/2018 14:30,59.29,86.62,100.00,34.20,0.00,Weekday,Monday,Medium_Load
29/09/2018 02:15,2.52,52.36,100.00,4.10,0.00,Weekend,Saturday,Light_Load
24/12/2018 10:45,54.86,93.79,100.00,20.30,0.00,Weekday,Monday,Maximum_Load
29/08/2018 19:00,40.68,87.61,100.00,22.39,0.00,Weekday,Wednesday,Medium_Load
13/11/2018 17:45,39.38,98.88,100.00,5.94,0.25,Weekday,Tuesday,Maximum_Load
14/07/2018 05:15,2.74,47.76,100.00,5.04,0.00,Weekend,Saturday,Light_Load
27/03/2018 04:00,3.10,64.12,100.00,3.71,0.00,Weekday,Tuesday,Light_Load
01/01/2018 01:45,3.60,65.62,100.00,4.14,0.00,Weekday,Monday,Light_Load
16/07/2018 02:45,3.42,100.00,56.46,0.00,5.00,Weekday,Monday,Light_Load
09/12/2018 17:15,3.49,100.00,21.90,0.00,15.55,Weekend,Sunday,Light_Load
11/10/2018 12:00,110.52,87.56,100.00,60.98,0.00,Weekday,Thursday,Maximum_Load
24/03/2018 03:30,3.71,65.50,100.00,4.28,0.00,Weekend,Saturday,Light_Load
10/08/2018 15:45,131.00,90.28,100.00,62.42,0.00,Weekday,Friday,Maximum_Load
01/12/2018 21:30,4.79,100.00,22.54,0.00,20.70,Weekend,Saturday,Medium_Load
03/06/2018 13:30,2.99,100.00,17.51,0.00,16.81,Weekend,Sunday,Light_Load
12/01/2018 14:45,116.89,92.48,100.00,48.10,0.00,Weekday,Friday,Medium_Load
22/04/2018 05:00,3.46,59.45,100.00,4.68,0.00,Weekend,Sunday,Light_Load
16/01/2018 16:00,76.14,92.79,100.00,30.60,0.00,Weekday,Tuesday,Medium_Load
28/11/2018 16:45,83.30,90.18,100.00,39.92,0.00,Weekday,Wednesday,Medium_Load
07/11/2018 16:45,68.40,85.05,100.00,42.30,0.00,Weekday,Wednesday,Medium_Load
01/03/2018 17:15,12.38,100.00,57.75,0.00,17.50,Weekday,Thursday,Medium_Load
28/02/2018 10:45,75.13,93.37,100.00,28.80,0.00,Weekday,Wednesday,Maximum_Load
23/05/2018 17:30,66.74,87.39,100.00,37.12,0.00,Weekday,Wednesday,Medium_Load
31/07/2018 21:45,3.02,100.00,18.25,0.00,16.27,Weekday,Tuesday,Medium_Load
29/10/2018 13:30,89.46,93.56,100.00,33.77,0.00,Weekday,Monday,Maximum_Load
01/11/2018 06:45,3.17,63.86,100.00,3.82,0.00,Weekday,Thursday,Light_Load
06/02/2018 13:15,72.14,96.62,99.79,19.26,4.64,Weekday,Tuesday,Medium_Load
01/10/2018 13:00,5.62,100.00,30.64,0.00,17.46,Weekday,Monday,Medium_Load
16/08/2018 06:00,2.70,43.30,100.00,5.62,0.00,Weekday,Thursday,Light_Load
10/06/2018 01:00,2.77,51.26,100.00,4.64,0.00,Weekend,Sunday,Light_Load
16/10/2018 07:30,3.20,49.75,100.00,5.58,0.00,Weekday,Tuesday,Light_Load
23/10/2018 03:15,3.38,49.02,100.00,6.01,0.00,Weekday,Tuesday,Light_Load
16/02/2018 13:00,3.42,100.00,19.81,0.00,16.92,Weekday,Friday,Light_Load
01/11/2018 03:15,3.31,61.81,100.00,4.21,0.00,Weekday,Thursday,Light_Load
22/04/2018 18:00,4.10,100.00,23.41,0.00,17.03,Weekend,Sunday,Medium_Load
08/08/2018 06:15,3.74,48.96,100.00,6.66,0.00,Weekday,Wednesday,Light_Load
19/02/2018 11:45,89.32,91.14,100.00,40.32,0.00,Weekday,Monday,Maximum_Load
12/12/2018 23:15,4.14,82.09,99.70,2.88,0.32,Weekday,Wednesday,Light_Load
21/06/2018 02:45,2.92,51.19,100.00,4.90,0.00,Weekday,Thursday,Light_Load
05/06/2018 01:15,3.53,58.45,100.00,4.90,0.00,Weekday,Tuesday,Light_Load
02/08/2018 15:45,3.10,100.00,18.25,0.00,16.70,Weekday,Thursday,Light_Load
04/08/2018 22:30,2.74,47.76,100.00,5.04,0.00,Weekend,Saturday,Light_Load
23/01/2018 02:00,28.73,78.20,100.00,22.90,0.00,Weekday,Tuesday,Light_Load
05/01/2018 20:30,55.15,97.89,100.00,11.52,0.07,Weekday,Friday,Medium_Load
03/10/2018 00:45,3.38,41.97,100.00,7.31,0.00,Weekday,Wednesday,Light_Load
04/06/2018 05:00,2.92,47.57,100.00,5.40,0.00,Weekday,Monday,Light_Load
18/06/2018 15:00,52.49,93.61,100.00,19.73,0.00,Weekday,Monday,Maximum_Load
24/10/2018 21:15,3.82,100.00,21.80,0.00,17.10,Weekday,Wednesday,Medium_Load
01/08/2018 00:15,3.20,57.61,100.00,4.54,0.00,Weekday,Wednesday,Light_Load
04/02/2018 06:00,5.94,70.71,100.00,5.94,0.00,Weekend,Sunday,Light_Load
05/05/2018 20:00,3.67,100.00,17.61,0.00,20.52,Weekend,Saturday,Light_Load
04/07/2018 11:15,91.40,87.88,100.00,49.64,0.00,Weekday,Wednesday,Maximum_Load
25/07/2018 10:30,48.96,96.38,100.00,13.54,0.00,Weekday,Wednesday,Maximum_Load
30/03/2018 14:30,64.40,89.87,100.00,31.43,0.00,Weekday,Friday,Maximum_Load
24/01/2018 08:15,55.30,81.00,100.00,40.03,0.00,Weekday,Wednesday,Light_Load
27/08/2018 14:00,41.76,93.12,100.00,16.34,0.00,Weekday,Monday,Maximum_Load
29/12/2018 19:30,3.35,100.00,23.27,0.00,14.00,Weekend,Saturday,Light_Load
14/01/2018 02:00,4.64,69.58,100.00,4.79,0.00,Weekend,Sunday,Light_Load
04/01/2018 23:15,4.64,66.72,100.00,5.18,0.00,Weekday,Thursday,Light_Load
22/07/2018 20:00,3.02,100.00,17.75,0.00,16.74,Weekend,Sunday,Light_Load
05/09/2018 05:45,2.56,44.79,100.00,5.11,0.00,Weekday,Wednesday,Light_Load
12/01/2018 13:15,107.10,92.69,99.94,43.38,3.82,Weekday,Friday,Medium_Load
25/06/2018 06:00,2.95,53.90,100.00,4.61,0.00,Weekday,Monday,Light_Load
25/07/2018 03:00,2.95,56.39,100.00,4.32,0.00,Weekday,Wednesday,Light_Load
08/06/2018 11:45,48.38,76.91,100.00,40.21,0.00,Weekday,Friday,Maximum_Load
12/04/2018 15:45,77.15,87.41,100.00,42.88,0.00,Weekday,Thursday,Maximum_Load
03/02/2018 05:30,5.94,76.69,100.00,4.97,0.00,Weekend,Saturday,Light_Load
07/07/2018 07:30,3.85,61.55,100.00,4.93,0.00,Weekend,Saturday,Light_Load
21/11/2018 16:15,70.60,93.80,100.00,26.10,0.00,Weekday,Wednesday,Medium_Load
12/03/2018 19:30,36.86,99.32,100.00,4.32,0.00,Weekday,Monday,Medium_Load
06/03/2018 23:30,4.82,78.13,100.00,3.85,0.00,Weekday,Tuesday,Light_Load
11/11/2018 09:30,3.53,100.00,20.26,0.00,17.06,Weekend,Sunday,Light_Load
18/01/2018 12:30,7.81,100.00,28.71,0.00,26.06,Weekday,Thursday,Medium_Load
11/03/2018 00:45,3.74,68.66,100.00,3.96,0.00,Weekend,Sunday,Light_Load
19/10/2018 16:45,56.66,84.13,100.00,36.40,0.00,Weekday,Friday,Maximum_Load
20/10/2018 07:30,2.88,51.85,100.00,4.75,0.00,Weekend,Saturday,Light_Load
24/04/2018 19:45,57.10,97.12,100.00,14.00,0.00,Weekday,Tuesday,Medium_Load
04/12/2018 20:15,48.89,94.09,100.00,17.60,0.00,Weekday,Tuesday,Medium_Load
15/11/2018 10:30,88.42,92.57,100.00,36.14,0.00,Weekday,Thursday,Maximum_Load
23/06/2018 09:00,41.18,92.89,100.00,16.42,0.36,Weekend,Saturday,Light_Load
20/03/2018 11:45,63.86,81.48,100.00,45.43,0.00,Weekday,Tuesday,Maximum_Load
26/10/2018 07:30,3.28,55.08,100.00,4.97,0.00,Weekday,Friday,Light_Load
05/07/2018 20:15,65.23,91.91,100.00,27.97,0.00,Weekday,Thursday,Medium_Load
17/05/2018 11:30,113.15,85.07,100.00,69.91,0.00,Weekday,Thursday,Maximum_Load
12/06/2018 01:00,4.10,54.12,100.00,6.37,0.00,Weekday,Tuesday,Light_Load
02/11/2018 04:15,3.10,47.84,100.00,5.69,0.00,Weekday,Friday,Light_Load
12/03/2018 10:15,52.99,98.63,100.00,8.86,0.18,Weekday,Monday,Maximum_Load
21/08/2018 05:15,2.77,47.37,100.00,5.15,0.00,Weekday,Tuesday,Light_Load
26/06/2018 06:45,2.63,57.83,100.00,3.71,0.00,Weekday,Tuesday,Light_Load
09/12/2018 02:45,3.35,80.37,99.99,2.48,0.04,Weekend,Sunday,Light_Load
31/03/2018 00:00,2.70,60.43,100.00,3.56,0.00,Weekend,Saturday,Light_Load
18/03/2018 01:30,3.06,67.11,100.00,3.38,0.00,Weekend,Sunday,Light_Load
10/05/2018 11:45,54.00,81.12,100.00,38.92,0.00,Weekday,Thursday,Maximum_Load
17/12/2018 02:45,4.32,72.79,100.00,4.07,0.00,Weekday,Monday,Light_Load
23/08/2018 05:30,3.17,46.84,100.00,5.98,0.00,Weekday,Thursday,Light_Load
19/11/2018 00:45,3.49,49.78,100.00,6.08,0.00,Weekday,Monday,Light_Load
05/05/2018 06:15,2.88,58.14,100.00,4.03,0.00,Weekend,Saturday,Light_Load
22/03/2018 15:15,104.76,94.51,100.00,36.22,0.00,Weekday,Thursday,Maximum_Load
09/01/2018 19:15,103.68,95.20,100.00,33.34,0.00,Weekday,Tuesday,Maximum_Load
03/08/2018 05:15,2.92,42.83,100.00,6.16,0.00,Weekday,Friday,Light_Load
12/12/2018 07:00,3.96,76.73,99.99,3.31,0.04,Weekday,Wednesday,Light_Load
10/06/2018 17:00,3.20,100.00,18.44,0.00,17.06,Weekend,Sunday,Light_Load
25/06/2018 03:00,2.84,52.20,100.00,4.64,0.00,Weekday,Monday,Light_Load
12/09/2018 13:00,5.11,100.00,28.57,0.00,17.14,Weekday,Wednesday,Medium_Load
17/02/2018 19:30,3.38,100.00,19.12,0.00,17.35,Weekend,Saturday,Light_Load
24/09/2018 10:00,3.24,100.00,21.29,0.00,14.87,Weekday,Monday,Light_Load
25/02/2018 02:15,5.90,68.76,100.00,6.23,0.00,Weekend,Sunday,Light_Load
12/05/2018 02:45,3.02,61.72,100.00,3.85,0.00,Weekend,Saturday,Light_Load
30/09/2018 11:15,2.70,100.00,22.16,0.00,11.88,Weekend,Sunday,Light_Load
23/05/2018 16:00,124.13,90.75,100.00,57.46,0.00,Weekday,Wednesday,Maximum_Load
05/01/2018 11:45,130.03,89.78,100.00,63.79,0.00,Weekday,Friday,Maximum_Load
14/01/2018 20:45,4.93,100.00,17.94,0.00,27.04,Weekend,Sunday,Medium_Load
20/12/2018 22:30,3.85,78.68,99.79,3.02,0.25,Weekday,Thursday,Maximum_Load
28/03/2018 16:45,54.58,92.45,100.00,22.50,0.00,Weekday,Wednesday,Maximum_Load
12/03/2018 04:15,3.24,67.62,100.00,3.53,0.00,Weekday,Monday,Light_Load
05/05/2018 13:00,3.64,100.00,19.13,0.00,18.68,Weekend,Saturday,Light_Load
12/04/2018 20:45,35.78,99.97,99.88,0.94,1.76,Weekday,Thursday,Medium_Load
27/11/2018 00:15,4.72,77.17,100.00,3.89,0.00,Weekday,Tuesday,Light_Load
07/05/2018 18:15,69.30,87.89,100.00,37.62,0.00,Weekday,Monday,Medium_Load
23/10/2018 22:15,62.50,82.57,100.00,42.70,0.00,Weekday,Tuesday,Medium_Load
27/09/2018 15:15,110.05,87.44,100.00,61.06,0.00,Weekday,Thursday,Maximum_Load
13/04/2018 04:30,4.25,54.02,100.00,6.62,0.00,Weekday,Friday,Light_Load
13/06/2018 17:15,3.06,100.00,17.94,0.00,16.78,Weekday,Wednesday,Medium_Load
05/10/2018 14:00,54.22,88.44,100.00,28.62,0.00,Weekday,Friday,Maximum_Load
05/05/2018 10:45,3.85,100.00,14.55,0.00,26.17,Weekend,Saturday,Light_Load
29/11/2018 23:15,4.03,65.82,100.00,4.61,0.00,Weekday,Thursday,Light_Load
26/10/2018 03:00,2.88,53.57,100.00,4.54,0.00,Weekday,Friday,Light_Load
11/05/2018 22:45,3.60,68.58,100.00,3.82,0.00,Weekday,Friday,Medium_Load
06/12/2018 08:15,32.29,80.03,100.00,24.19,0.00,Weekday,Thursday,Light_Load
31/08/2018 11:30,60.01,80.15,100.00,44.78,0.00,Weekday,Friday,Maximum_Load
19/01/2018 18:30,124.63,88.06,100.00,67.07,0.00,Weekday,Friday,Maximum_Load
23/02/2018 09:15,106.16,91.83,100.00,45.76,0.00,Weekday,Friday,Medium_Load
08/03/2018 23:00,4.93,81.07,100.00,3.56,0.00,Weekday,Thursday,Medium_Load
07/09/2018 22:15,3.89,51.06,99.96,6.55,0.11,Weekday,Friday,Medium_Load
10/08/2018 08:45,55.73,73.46,100.00,51.48,0.00,Weekday,Friday,Light_Load
22/10/2018 05:00,2.88,46.32,100.00,5.51,0.00,Weekday,Monday,Light_Load
06/04/2018 08:00,3.85,70.71,100.00,3.85,0.00,Weekday,Friday,Light_Load
12/03/2018 21:00,28.37,99.71,96.66,2.16,7.52,Weekday,Monday,Medium_Load
23/10/2018 13:45,96.41,83.73,100.00,62.96,0.00,Weekday,Tuesday,Maximum_Load
22/07/2018 13:15,2.84,100.00,35.33,0.00,7.52,Weekend,Sunday,Light_Load
18/08/2018 13:45,46.55,93.39,100.00,17.82,0.00,Weekend,Saturday,Maximum_Load
23/09/2018 10:45,2.77,100.00,23.95,0.00,11.23,Weekend,Sunday,Light_Load
01/02/2018 23:00,105.37,88.06,100.00,56.70,0.00,Weekday,Thursday,Maximum_Load
29/04/2018 15:00,3.17,100.00,19.00,0.00,16.38,Weekend,Sunday,Light_Load
16/08/2018 14:45,43.85,90.29,100.00,20.88,0.00,Weekday,Thursday,Maximum_Load
11/03/2018 14:00,30.85,99.93,99.86,1.15,1.66,Weekend,Sunday,Maximum_Load
26/07/2018 02:15,3.56,60.87,100.00,4.64,0.00,Weekday,Thursday,Light_Load
01/01/2018 19:00,4.07,100.00,17.75,0.00,22.57,Weekday,Monday,Light_Load
04/01/2018 06:15,4.61,70.48,100.00,4.64,0.00,Weekday,Thursday,Light_Load
09/10/2018 20:00,3.64,100.00,19.59,0.00,18.22,Weekday,Tuesday,Medium_Load
06/08/2018 15:45,50.94,95.56,100.00,15.70,0.00,Weekday,Monday,Maximum_Load
08/01/2018 15:30,111.02,92.92,100.00,44.14,0.00,Weekday,Monday,Medium_Load
08/08/2018 21:15,7.16,100.00,32.94,0.00,20.52,Weekday,Wednesday,Medium_Load
09/05/2018 15:15,63.36,88.70,100.00,32.98,0.00,Weekday,Wednesday,Maximum_Load
19/06/2018 10:00,39.53,98.12,100.00,7.78,0.32,Weekday,Tuesday,Medium_Load
04/11/2018 03:15,2.95,49.70,100.00,5.15,0.00,Weekend,Sunday,Light_Load
18/01/2018 18:00,36.97,100.00,98.33,0.25,6.84,Weekday,Thursday,Maximum_Load
22/01/2018 03:30,4.54,72.13,100.00,4.36,0.00,Weekday,Monday,Light_Load
25/06/2018 16:45,57.06,90.87,100.00,26.21,0.00,Weekday,Monday,Maximum_Load
25/01/2018 14:45,76.18,92.51,100.00,31.28,0.00,Weekday,Thursday,Medium_Load
25/07/2018 05:00,3.13,58.05,100.00,4.39,0.00,Weekday,Wednesday,Light_Load
09/02/2018 23:00,57.13,83.97,100.00,36.94,0.00,Weekday,Friday,Maximum_Load
16/09/2018 04:15,2.74,45.99,100.00,5.29,0.00,Weekend,Sunday,Light_Load
23/06/2018 08:30,41.98,72.49,100.00,39.89,0.00,Weekend,Saturday,Light_Load
15/11/2018 13:15,54.00,94.29,99.46,19.08,5.62,Weekday,Thursday,Medium_Load
19/07/2018 02:45,3.02,100.00,55.13,0.00,4.57,Weekday,Thursday,Light_Load
19/04/2018 15:15,54.65,90.81,100.00,25.20,0.00,Weekday,Thursday,Maximum_Load
24/12/2018 13:30,46.98,97.26,100.00,11.23,0.18,Weekday,Monday,Medium_Load
30/06/2018 21:45,3.28,100.00,19.68,0.00,16.34,Weekend,Saturday,Medium_Load
04/06/2018 15:00,54.04,92.45,100.00,22.28,0.00,Weekday,Monday,Maximum_Load
29/09/2018 13:45,47.48,93.03,100.00,18.72,0.00,Weekend,Saturday,Maximum_Load
29/01/2018 17:45,68.62,99.42,100.00,7.45,0.65,Weekday,Monday,Maximum_Load
30/10/2018 09:45,66.02,87.67,100.00,36.22,0.00,Weekday,Tuesday,Medium_Load
27/04/2018 13:15,33.77,97.31,97.76,7.99,7.27,Weekday,Friday,Maximum_Load
22/11/2018 14:00,83.63,88.89,100.00,43.09,0.00,Weekday,Thursday,Medium_Load
04/06/2018 07:30,3.42,56.15,100.00,5.04,0.00,Weekday,Monday,Light_Load
17/01/2018 13:15,66.60,91.75,99.85,28.87,3.60,Weekday,Wednesday,Medium_Load
15/11/2018 20:30,46.04,92.38,100.00,19.08,0.00,Weekday,Thursday,Medium_Load
12/06/2018 19:15,63.04,90.16,100.00,30.24,0.00,Weekday,Tuesday,Medium_Load
02/08/2018 10:45,3.64,100.00,16.10,0.00,22.32,Weekday,Thursday,Light_Load
15/05/2018 12:30,4.93,100.00,18.64,0.00,25.99,Weekday,Tuesday,Medium_Load
25/06/2018 13:00,5.58,100.00,20.85,0.00,26.17,Weekday,Monday,Medium_Load
01/11/2018 00:30,3.96,56.65,100.00,5.76,0.00,Weekday,Thursday,Light_Load
11/04/2018 12:00,64.15,78.78,100.00,50.15,0.00,Weekday,Wednesday,Maximum_Load
04/10/2018 03:30,2.77,45.18,100.00,5.47,0.00,Weekday,Thursday,Light_Load
05/03/2018 00:30,3.06,62.92,100.00,3.78,0.00,Weekday,Monday,Light_Load
18/12/2018 07:45,5.58,89.12,99.87,2.84,0.29,Weekday,Tuesday,Light_Load
08/09/2018 06:15,3.13,49.19,100.00,5.54,0.00,Weekend,Saturday,Light_Load
08/02/2018 22:00,56.48,99.33,99.92,6.55,2.23,Weekday,Thursday,Medium_Load
26/11/2018 02:15,3.13,70.26,100.00,3.17,0.00,Weekday,Monday,Light_Load
25/06/2018 10:45,90.07,92.12,100.00,38.05,0.00,Weekday,Monday,Maximum_Load
11/01/2018 18:30,132.77,88.19,100.00,70.99,0.00,Weekday,Thursday,Maximum_Load
10/11/2018 21:15,3.74,100.00,20.19,0.00,18.14,Weekend,Saturday,Medium_Load
02/05/2018 03:00,2.99,55.34,100.00,4.50,0.00,Weekday,Wednesday,Light_Load
03/07/2018 02:45,2.84,55.92,100.00,4.21,0.00,Weekday,Tuesday,Light_Load
11/10/2018 07:00,2.88,45.16,100.00,5.69,0.00,Weekday,Thursday,Light_Load
10/01/2018 00:45,4.61,70.71,100.00,4.61,0.00,Weekday,Wednesday,Light_Load
23/09/2018 02:00,2.52,43.47,100.00,5.22,0.00,Weekend,Sunday,Light_Load
26/03/2018 17:15,50.29,92.56,100.00,20.56,0.00,Weekday,Monday,Medium_Load
31/07/2018 20:15,2.92,100.00,17.14,0.00,16.78,Weekday,Tuesday,Medium_Load
18/01/2018 16:45,106.16,94.81,100.00,35.60,0.00,Weekday,Thursday,Medium_Load
25/04/2018 01:30,3.60,74.74,100.00,3.20,0.00,Weekday,Wednesday,Light_Load
12/03/2018 17:15,76.79,95.45,100.00,23.98,0.00,Weekday,Monday,Medium_Load
10/11/2018 20:00,3.71,100.00,20.11,0.00,18.07,Weekend,Saturday,Maximum_Load
28/06/2018 08:45,36.43,72.26,100.00,34.85,0.00,Weekday,Thursday,Light_Load
29/07/2018 16:45,32.72,99.78,99.84,2.16,1.84,Weekend,Sunday,Maximum_Load
19/04/2018 13:30,61.99,90.39,100.00,29.34,0.00,Weekday,Thursday,Maximum_Load
06/08/2018 09:15,109.22,90.72,100.00,50.65,0.00,Weekday,Monday,Medium_Load
18/07/2018 01:00,2.70,100.00,44.72,0.00,5.40,Weekday,Wednesday,Light_Load
24/01/2018 22:15,39.20,96.15,100.00,11.20,0.36,Weekday,Wednesday,Maximum_Load
19/06/2018 22:45,3.74,56.44,100.00,5.47,0.00,Weekday,Tuesday,Medium_Load
04/06/2018 12:15,5.29,100.00,26.77,0.04,19.04,Weekday,Monday,Medium_Load
12/12/2018 17:15,60.70,91.31,100.00,27.11,0.00,Weekday,Wednesday,Maximum_Load
24/01/2018 19:45,31.50,100.00,96.93,0.00,7.99,Weekday,Wednesday,Maximum_Load
30/04/2018 12:30,5.15,100.00,18.69,0.00,27.07,Weekday,Monday,Medium_Load
06/05/2018 17:15,3.17,100.00,18.34,0.00,16.99,Weekend,Sunday,Light_Load
26/10/2018 18:30,51.77,84.27,100.00,33.08,0.00,Weekday,Friday,Medium_Load
13/02/2018 19:00,79.85,99.35,99.97,9.18,1.84,Weekday,Tuesday,Maximum_Load
16/11/2018 17:30,59.62,87.53,100.00,32.94,0.00,Weekday,Friday,Maximum_Load
25/02/2018 16:30,4.21,100.00,24.39,0.00,16.74,Weekend,Sunday,Light_Load
20/01/2018 01:30,72.07,88.96,100.00,37.01,0.00,Weekend,Saturday,Light_Load
19/10/2018 22:00,74.84,95.27,100.00,23.87,0.00,Weekday,Friday,Medium_Load
16/01/2018 19:15,96.16,88.62,100.00,50.26,0.00,Weekday,Tuesday,Maximum_Load
15/01/2018 21:00,46.33,98.25,99.81,8.78,2.88,Weekday,Monday,Medium_Load
13/10/2018 03:30,2.81,54.53,100.00,4.32,0.00,Weekend,Saturday,Light_Load
16/06/2018 08:00,6.55,60.41,100.00,8.64,0.00,Weekend,Saturday,Light_Load
04/08/2018 20:30,2.92,100.00,17.01,0.00,16.92,Weekend,Saturday,Light_Load
02/11/2018 11:45,66.06,90.24,100.00,31.54,0.00,Weekday,Friday,Maximum_Load
05/04/2018 03:30,3.06,64.35,100.00,3.64,0.00,Weekday,Thursday,Light_Load
26/10/2018 15:15,67.61,85.18,100.00,41.58,0.00,Weekday,Friday,Maximum_Load
08/06/2018 02:45,2.84,45.10,100.00,5.62,0.00,Weekday,Friday,Light_Load
30/08/2018 17:15,42.48,96.88,100.00,10.87,0.00,Weekday,Thursday,Medium_Load
03/02/2018 06:30,4.10,73.16,100.00,3.82,0.00,Weekend,Saturday,Light_Load
24/06/2018 06:45,2.56,57.21,100.00,3.67,0.00,Weekend,Sunday,Light_Load
14/05/2018 13:30,54.00,86.95,100.00,30.67,0.00,Weekday,Monday,Maximum_Load
29/08/2018 17:00,52.88,87.62,100.00,29.09,0.00,Weekday,Wednesday,Maximum_Load
10/10/2018 20:15,100.73,93.92,100.00,36.83,0.00,Weekday,Wednesday,Medium_Load
23/06/2018 18:30,3.24,100.00,41.37,0.00,7.13,Weekend,Saturday,Medium_Load
12/07/2018 22:30,3.71,62.12,100.00,4.68,0.00,Weekday,Thursday,Medium_Load
02/06/2018 17:30,3.67,100.00,19.46,0.00,18.50,Weekend,Saturday,Light_Load
05/02/2018 20:30,72.90,99.33,100.00,8.50,0.36,Weekday,Monday,Medium_Load
10/09/2018 22:30,2.66,42.78,100.00,5.62,0.00,Weekday,Monday,Medium_Load
02/01/2018 08:00,6.73,82.90,100.00,4.54,0.00,Weekday,Tuesday,Light_Load
14/10/2018 07:30,2.66,48.86,100.00,4.75,0.00,Weekend,Sunday,Light_Load
17/06/2018 09:00,3.49,98.51,25.35,0.61,13.32,Weekend,Sunday,Light_Load
19/07/2018 21:30,40.28,99.40,100.00,4.43,0.07,Weekday,Thursday,Medium_Load
10/12/2018 18:00,24.73,99.78,98.60,1.66,4.18,Weekday,Monday,Maximum_Load
24/06/2018 08:15,21.56,71.17,100.00,21.28,0.00,Weekend,Sunday,Light_Load
14/11/2018 14:45,87.26,88.74,100.00,45.32,0.00,Weekday,Wednesday,Medium_Load
27/01/2018 16:30,21.82,100.00,86.05,0.18,12.92,Weekend,Saturday,Medium_Load
09/01/2018 13:30,136.69,93.70,100.00,50.94,0.00,Weekday,Tuesday,Medium_Load
02/02/2018 14:15,46.15,97.79,100.00,9.86,0.00,Weekday,Friday,Medium_Load
10/03/2018 16:45,35.93,99.83,99.95,2.09,1.12,Weekend,Saturday,Maximum_Load
09/02/2018 13:45,66.28,92.02,100.00,28.19,0.00,Weekday,Friday,Medium_Load
11/12/2018 17:00,70.27,88.87,100.00,36.25,0.00,Weekday,Tuesday,Medium_Load
12/03/2018 12:30,34.38,99.94,99.98,1.22,0.72,Weekday,Monday,Medium_Load
15/08/2018 05:00,2.63,51.39,100.00,4.39,0.00,Weekday,Wednesday,Light_Load
05/12/2018 05:30,3.10,85.99,99.05,1.84,0.43,Weekday,Wednesday,Light_Load
11/11/2018 07:15,2.84,53.37,100.00,4.50,0.00,Weekend,Sunday,Light_Load
18/09/2018 06:45,2.88,47.33,100.00,5.36,0.00,Weekday,Tuesday,Light_Load
01/02/2018 01:15,76.64,87.92,100.00,41.54,0.00,Weekday,Thursday,Light_Load
28/06/2018 04:00,2.92,53.51,100.00,4.61,0.00,Weekday,Thursday,Light_Load
01/04/2018 02:45,2.77,56.93,100.00,4.00,0.00,Weekend,Sunday,Light_Load
30/08/2018 13:30,47.23,84.22,100.00,30.24,0.00,Weekday,Thursday,Maximum_Load
28/03/2018 06:30,2.99,66.59,100.00,3.35,0.00,Weekday,Wednesday,Light_Load
28/01/2018 21:45,5.44,100.00,19.78,0.00,26.96,Weekend,Sunday,Medium_Load
07/08/2018 10:30,83.41,91.73,100.00,36.22,0.00,Weekday,Tuesday,Maximum_Load
09/07/2018 23:15,3.35,64.97,100.00,3.92,0.00,Weekday,Monday,Light_Load
02/02/2018 11:00,63.94,95.70,100.00,19.37,0.00,Weekday,Friday,Maximum_Load
03/04/2018 10:00,87.41,95.41,100.00,27.43,0.00,Weekday,Tuesday,Medium_Load
28/11/2018 05:15,22.46,82.53,100.00,15.37,0.00,Weekday,Wednesday,Light_Load
19/08/2018 03:30,2.74,48.58,100.00,4.93,0.00,Weekend,Sunday,Light_Load
29/06/2018 20:30,37.91,97.52,100.00,8.60,0.04,Weekday,Friday,Medium_Load
30/12/2018 08:45,3.17,92.93,70.71,1.26,3.17,Weekend,Sunday,Light_Load
01/02/2018 20:15,80.21,96.17,100.00,22.86,0.00,Weekday,Thursday,Medium_Load
23/12/2018 10:45,3.71,100.00,26.57,0.00,13.46,Weekend,Sunday,Light_Load
17/01/2018 05:00,4.68,72.39,100.00,4.46,0.00,Weekday,Wednesday,Light_Load
05/06/2018 12:45,4.93,100.00,19.47,0.00,24.84,Weekday,Tuesday,Medium_Load
10/06/2018 00:45,2.88,49.32,100.00,5.08,0.00,Weekend,Sunday,Light_Load
02/11/2018 12:45,5.94,100.00,34.22,0.00,16.31,Weekday,Friday,Medium_Load
06/11/2018 15:45,49.97,88.43,100.00,26.39,0.00,Weekday,Tuesday,Medium_Load
30/01/2018 17:00,76.64,91.58,100.00,33.62,0.00,Weekday,Tuesday,Medium_Load
23/08/2018 21:15,6.55,100.00,36.86,0.00,16.52,Weekday,Thursday,Medium_Load
24/04/2018 05:00,3.17,62.11,100.00,4.00,0.00,Weekday,Tuesday,Light_Load
25/07/2018 16:45,98.93,93.60,100.00,37.22,0.00,Weekday,Wednesday,Maximum_Load
18/06/2018 06:30,2.70,59.26,100.00,3.67,0.00,Weekday,Monday,Light_Load
30/08/2018 08:45,47.30,68.09,100.00,50.87,0.00,Weekday,Thursday,Light_Load
05/02/2018 06:45,4.86,70.71,100.00,4.86,0.00,Weekday,Monday,Light_Load
27/11/2018 22:45,24.88,84.63,100.00,15.66,0.00,Weekday,Tuesday,Maximum_Load
04/12/2018 01:30,5.80,76.19,100.00,4.93,0.00,Weekday,Tuesday,Light_Load
24/08/2018 21:45,3.78,100.00,27.86,0.00,13.03,Weekday,Friday,Medium_Load
08/09/2018 12:45,3.31,100.00,28.60,0.00,11.09,Weekend,Saturday,Medium_Load
01/02/2018 18:00,43.60,99.14,99.99,5.76,0.72,Weekday,Thursday,Maximum_Load
15/05/2018 11:15,55.08,78.66,100.00,43.24,0.00,Weekday,Tuesday,Maximum_Load
12/05/2018 10:45,22.97,100.00,86.15,0.00,13.54,Weekend,Saturday,Maximum_Load
18/03/2018 23:15,3.02,68.64,100.00,3.20,0.00,Weekend,Sunday,Light_Load
18/07/2018 15:00,56.99,89.81,100.00,27.90,0.00,Weekday,Wednesday,Maximum_Load
04/11/2018 11:45,93.31,96.22,100.00,26.42,0.00,Weekend,Sunday,Maximum_Load
06/12/2018 01:30,4.00,72.05,100.00,3.85,0.04,Weekday,Thursday,Light_Load
18/09/2018 22:15,3.31,46.92,99.98,6.23,0.07,Weekday,Tuesday,Medium_Load
11/03/2018 05:45,3.17,72.40,100.00,3.02,0.00,Weekend,Sunday,Light_Load
08/03/2018 07:45,5.76,90.12,100.00,2.77,0.04,Weekday,Thursday,Light_Load
31/10/2018 00:15,3.64,51.37,100.00,6.08,0.00,Weekday,Wednesday,Light_Load
12/10/2018 06:00,3.60,46.20,100.00,6.91,0.00,Weekday,Friday,Light_Load
20/07/2018 11:15,61.70,73.35,100.00,57.17,0.00,Weekday,Friday,Maximum_Load
27/09/2018 17:45,34.81,97.83,100.00,7.38,0.29,Weekday,Thursday,Medium_Load
06/10/2018 05:15,2.92,46.83,100.00,5.51,0.00,Weekend,Saturday,Light_Load
30/10/2018 03:15,2.99,56.91,100.00,4.32,0.00,Weekday,Tuesday,Light_Load
25/08/2018 22:00,2.95,100.00,22.49,0.00,12.78,Weekend,Saturday,Light_Load
17/06/2018 18:15,3.42,100.00,35.28,0.00,9.07,Weekend,Sunday,Light_Load
26/01/2018 10:45,123.84,92.19,100.00,52.06,0.00,Weekday,Friday,Maximum_Load
22/07/2018 18:00,3.06,100.00,18.52,0.00,16.24,Weekend,Sunday,Light_Load
15/06/2018 09:00,48.56,85.17,100.00,29.88,0.00,Weekday,Friday,Light_Load
15/07/2018 10:15,108.47,89.99,100.00,52.56,0.00,Weekend,Sunday,Maximum_Load
10/07/2018 18:45,86.18,91.91,100.00,36.94,0.00,Weekday,Tuesday,Medium_Load
14/07/2018 03:15,2.77,50.06,100.00,4.79,0.00,Weekend,Saturday,Light_Load
31/08/2018 08:45,58.03,67.25,100.00,63.86,0.00,Weekday,Friday,Light_Load
16/11/2018 18:00,32.08,93.84,100.00,11.81,0.00,Weekday,Friday,Maximum_Load
28/07/2018 17:00,22.82,100.00,89.61,0.00,11.30,Weekend,Saturday,Maximum_Load
28/04/2018 23:45,2.59,63.27,100.00,3.17,0.00,Weekend,Saturday,Light_Load
08/07/2018 00:15,3.35,62.54,100.00,4.18,0.00,Weekend,Sunday,Light_Load
23/12/2018 10:00,3.64,100.00,25.71,0.00,13.68,Weekend,Sunday,Light_Load
27/07/2018 10:45,56.95,93.66,100.00,21.31,0.00,Weekday,Friday,Maximum_Load
04/08/2018 06:30,2.81,41.12,100.00,6.23,0.00,Weekend,Saturday,Light_Load
20/01/2018 16:30,42.08,99.70,99.87,3.24,2.16,Weekend,Saturday,Medium_Load
28/03/2018 23:45,3.60,60.08,100.00,4.79,0.00,Weekday,Wednesday,Light_Load
11/11/2018 21:45,2.95,100.00,22.92,0.00,12.53,Weekend,Sunday,Light_Load
26/05/2018 16:15,41.72,94.70,100.00,14.15,0.00,Weekend,Saturday,Maximum_Load
20/10/2018 06:00,3.56,45.80,100.00,6.91,0.00,Weekend,Saturday,Light_Load
21/12/2018 15:45,65.48,90.15,100.00,31.43,0.00,Weekday,Friday,Medium_Load
09/09/2018 14:00,29.48,96.15,100.00,8.42,0.00,Weekend,Sunday,Maximum_Load
28/02/2018 22:30,5.40,66.16,100.00,6.12,0.00,Weekday,Wednesday,Maximum_Load
03/05/2018 07:45,3.74,62.76,100.00,4.64,0.00,Weekday,Thursday,Light_Load
01/06/2018 02:30,3.02,47.34,100.00,5.62,0.00,Weekday,Friday,Light_Load
12/04/2018 04:15,3.13,57.10,100.00,4.50,0.00,Weekday,Thursday,Light_Load
17/03/2018 01:15,3.71,65.50,100.00,4.28,0.00,Weekend,Saturday,Light_Load
07/06/2018 00:30,2.99,46.07,100.00,5.76,0.00,Weekday,Thursday,Light_Load
12/03/2018 23:30,4.46,59.34,100.00,6.05,0.00,Weekday,Monday,Light_Load
26/07/2018 22:00,3.64,100.00,22.16,0.00,16.02,Weekday,Thursday,Medium_Load
28/12/2018 08:45,57.74,84.26,100.00,36.90,0.00,Weekday,Friday,Light_Load
09/05/2018 21:15,5.44,100.00,20.06,0.00,26.57,Weekday,Wednesday,Medium_Load
03/05/2018 23:45,3.60,72.10,100.00,3.46,0.00,Weekday,Thursday,Light_Load
05/08/2018 00:00,2.63,50.13,100.00,4.54,0.00,Weekend,Sunday,Light_Load
17/05/2018 02:15,3.13,53.60,100.00,4.93,0.00,Weekday,Thursday,Light_Load
04/06/2018 00:15,2.84,49.09,100.00,5.04,0.00,Weekday,Monday,Light_Load
03/11/2018 18:15,4.03,100.00,45.86,0.00,7.81,Weekend,Saturday,Maximum_Load
02/07/2018 09:00,48.31,84.79,100.00,30.20,0.00,Weekday,Monday,Light_Load
23/11/2018 18:15,54.61,88.19,100.00,29.20,0.00,Weekday,Friday,Maximum_Load
08/12/2018 23:00,4.75,78.81,100.00,3.71,0.00,Weekend,Saturday,Maximum_Load
25/05/2018 11:15,56.38,78.45,100.00,44.57,0.00,Weekday,Friday,Maximum_Load
29/04/2018 13:00,3.13,100.00,18.62,0.00,16.52,Weekend,Sunday,Light_Load
30/05/2018 13:45,45.47,98.41,100.00,8.21,0.07,Weekday,Wednesday,Maximum_Load
21/05/2018 09:00,66.60,85.50,100.00,40.39,0.00,Weekday,Monday,Light_Load
27/12/2018 10:30,45.83,96.59,100.00,12.28,0.00,Weekday,Thursday,Maximum_Load
10/05/2018 01:00,3.64,72.48,100.00,3.46,0.00,Weekday,Thursday,Light_Load
03/01/2018 06:15,4.64,70.94,100.00,4.61,0.00,Weekday,Wednesday,Light_Load
24/03/2018 11:30,32.72,91.71,100.00,14.22,0.00,Weekend,Saturday,Maximum_Load
26/11/2018 04:30,3.24,74.28,100.00,2.92,0.00,Weekday,Monday,Light_Load
20/01/2018 16:15,49.18,98.03,100.00,9.90,0.00,Weekend,Saturday,Medium_Load
13/04/2018 00:15,4.07,53.84,100.00,6.37,0.00,Weekday,Friday,Light_Load
07/08/2018 20:30,50.29,93.19,100.00,19.58,0.00,Weekday,Tuesday,Medium_Load
09/05/2018 06:00,3.13,56.76,100.00,4.54,0.00,Weekday,Wednesday,Light_Load
11/04/2018 23:30,3.56,58.23,100.00,4.97,0.00,Weekday,Wednesday,Light_Load
23/12/2018 22:15,3.20,87.97,97.56,1.73,0.72,Weekend,Sunday,Light_Load
07/06/2018 07:45,3.24,51.94,100.00,5.33,0.00,Weekday,Thursday,Light_Load
20/12/2018 16:45,57.56,91.67,100.00,25.09,0.00,Weekday,Thursday,Medium_Load
13/04/2018 05:00,3.46,62.16,100.00,4.36,0.00,Weekday,Friday,Light_Load
18/01/2018 07:15,33.16,79.87,100.00,24.98,0.00,Weekday,Thursday,Light_Load
02/03/2018 19:15,33.12,99.99,99.18,0.47,4.28,Weekday,Friday,Medium_Load
14/09/2018 14:30,60.98,84.95,100.00,37.87,0.00,Weekday,Friday,Maximum_Load
26/11/2018 14:30,88.63,87.83,100.00,48.24,0.00,Weekday,Monday,Medium_Load
22/08/2018 21:00,2.92,100.00,21.04,0.00,13.57,Weekday,Wednesday,Medium_Load
13/11/2018 01:45,3.67,50.10,100.00,6.34,0.00,Weekday,Tuesday,Light_Load
14/12/2018 00:00,4.10,76.42,99.99,3.46,0.07,Weekday,Friday,Light_Load
22/06/2018 21:15,5.83,100.00,27.73,0.00,20.20,Weekday,Friday,Medium_Load
30/07/2018 23:30,2.74,49.65,100.00,4.79,0.00,Weekday,Monday,Light_Load
28/12/2018 23:30,4.86,86.57,100.00,2.81,0.00,Weekday,Friday,Light_Load
05/09/2018 11:45,66.17,79.87,100.00,49.86,0.00,Weekday,Wednesday,Maximum_Load
21/10/2018 12:30,3.02,100.00,26.68,0.00,10.91,Weekend,Sunday,Light_Load
27/09/2018 12:00,54.00,83.56,100.00,35.50,0.00,Weekday,Thursday,Maximum_Load
21/04/2018 04:30,2.95,64.13,100.00,3.53,0.00,Weekend,Saturday,Light_Load
07/04/2018 05:45,3.20,50.70,100.00,5.44,0.00,Weekend,Saturday,Light_Load
30/12/2018 06:00,3.10,78.09,100.00,2.48,0.00,Weekend,Sunday,Light_Load
12/06/2018 21:30,3.96,100.00,22.79,0.00,16.92,Weekday,Tuesday,Medium_Load
26/01/2018 01:45,41.80,79.57,100.00,31.82,0.00,Weekday,Friday,Light_Load
01/07/2018 05:00,2.84,60.78,100.00,3.71,0.00,Weekend,Sunday,Light_Load
26/11/2018 08:00,5.58,89.76,99.90,2.74,0.25,Weekday,Monday,Light_Load
28/12/2018 06:45,3.06,84.83,99.46,1.91,0.32,Weekday,Friday,Light_Load
23/04/2018 15:45,46.80,98.16,100.00,9.11,0.00,Weekday,Monday,Maximum_Load
20/03/2018 09:15,65.84,93.43,100.00,25.13,0.00,Weekday,Tuesday,Medium_Load
17/12/2018 10:30,49.54,95.62,100.00,15.16,0.00,Weekday,Monday,Maximum_Load
10/10/2018 23:15,4.39,48.81,100.00,7.85,0.00,Weekday,Wednesday,Light_Load
06/09/2018 04:45,3.60,43.32,100.00,7.49,0.00,Weekday,Thursday,Light_Load
30/11/2018 19:30,66.46,90.59,100.00,31.07,0.00,Weekday,Friday,Maximum_Load
25/11/2018 04:00,2.92,72.05,100.00,2.81,0.00,Weekend,Sunday,Light_Load
16/10/2018 14:30,56.74,81.32,100.00,40.61,0.00,Weekday,Tuesday,Maximum_Load
17/10/2018 23:45,3.56,56.34,100.00,5.22,0.00,Weekday,Wednesday,Light_Load
05/01/2018 06:15,4.61,69.34,100.00,4.79,0.00,Weekday,Friday,Light_Load
08/12/2018 16:30,49.54,96.52,100.00,13.43,0.00,Weekend,Saturday,Medium_Load
18/02/2018 06:45,3.82,62.11,100.00,4.82,0.00,Weekend,Sunday,Light_Load
17/06/2018 22:00,2.99,100.00,17.05,0.00,17.28,Weekend,Sunday,Light_Load
11/04/2018 08:15,53.96,73.17,100.00,50.26,0.00,Weekday,Wednesday,Light_Load
19/12/2018 03:00,4.14,77.10,99.96,3.42,0.11,Weekday,Wednesday,Light_Load
27/12/2018 12:30,6.62,100.00,29.62,0.00,21.35,Weekday,Thursday,Medium_Load
30/12/2018 05:00,3.17,77.44,100.00,2.59,0.00,Weekend,Sunday,Light_Load
06/07/2018 09:45,105.37,93.34,100.00,40.50,0.00,Weekday,Friday,Medium_Load
16/08/2018 23:45,2.74,46.48,100.00,5.22,0.00,Weekday,Thursday,Light_Load
22/10/2018 04:00,2.95,45.84,100.00,5.72,0.00,Weekday,Monday,Light_Load
24/03/2018 10:00,31.79,100.00,98.88,0.00,4.79,Weekend,Saturday,Medium_Load
21/05/2018 22:30,3.71,68.00,100.00,4.00,0.00,Weekday,Monday,Medium_Load
15/09/2018 01:15,2.81,45.69,100.00,5.47,0.00,Weekend,Saturday,Light_Load
09/09/2018 18:30,3.53,100.00,41.32,0.00,7.78,Weekend,Sunday,Medium_Load
31/05/2018 10:30,110.09,92.86,100.00,43.99,0.00,Weekday,Thursday,Maximum_Load
30/07/2018 00:45,2.74,49.65,100.00,4.79,0.00,Weekday,Monday,Light_Load
29/01/2018 11:00,71.14,93.76,100.00,26.39,0.00,Weekday,Monday,Maximum_Load
06/02/2018 13:00,8.24,100.00,30.15,0.00,26.06,Weekday,Tuesday,Medium_Load
09/06/2018 19:30,3.13,100.00,18.93,0.00,16.24,Weekend,Saturday,Light_Load
12/08/2018 22:15,2.99,93.65,62.44,1.12,3.74,Weekend,Sunday,Light_Load
09/08/2018 08:00,8.21,65.23,100.00,9.54,0.00,Weekday,Thursday,Light_Load
08/02/2018 12:30,9.22,100.00,34.23,0.00,25.31,Weekday,Thursday,Medium_Load
29/05/2018 18:00,8.28,100.00,33.41,0.00,23.36,Weekday,Tuesday,Medium_Load
08/12/2018 12:45,5.36,100.00,25.86,0.00,20.02,Weekend,Saturday,Medium_Load
14/04/2018 22:00,3.31,100.00,18.55,0.00,17.53,Weekend,Saturday,Medium_Load
11/08/2018 03:15,3.28,54.85,100.00,5.00,0.00,Weekend,Saturday,Light_Load
20/01/2018 12:00,55.91,87.77,100.00,30.53,0.00,Weekend,Saturday,Maximum_Load
17/07/2018 09:00,67.86,75.42,100.00,59.08,0.00,Weekday,Tuesday,Light_Load
14/02/2018 14:15,3.67,100.00,16.05,0.00,22.57,Weekday,Wednesday,Light_Load
17/09/2018 20:45,53.82,83.35,100.00,35.68,0.04,Weekday,Monday,Medium_Load
30/10/2018 15:00,59.76,89.98,100.00,28.98,0.00,Weekday,Tuesday,Maximum_Load
12/12/2018 07:30,4.32,79.64,99.91,3.28,0.18,Weekday,Wednesday,Light_Load
16/09/2018 06:45,3.17,46.23,100.00,6.08,0.00,Weekend,Sunday,Light_Load
05/12/2018 22:30,4.00,68.54,100.00,4.25,0.00,Weekday,Wednesday,Maximum_Load
10/06/2018 11:15,2.95,100.00,50.00,0.00,5.11,Weekend,Sunday,Light_Load
14/02/2018 03:30,5.15,69.76,100.00,5.29,0.00,Weekday,Wednesday,Light_Load
23/05/2018 19:45,43.49,97.91,100.00,9.04,0.11,Weekday,Wednesday,Medium_Load
09/04/2018 06:45,3.31,63.10,100.00,4.07,0.00,Weekday,Monday,Light_Load
27/01/2018 23:15,4.07,72.03,100.00,3.92,0.00,Weekend,Saturday,Light_Load
25/01/2018 03:45,34.88,81.01,100.00,25.24,0.00,Weekday,Thursday,Light_Load
21/07/2018 01:45,2.99,100.00,53.84,0.00,4.68,Weekend,Saturday,Light_Load
14/08/2018 02:45,3.06,47.17,100.00,5.72,0.00,Weekday,Tuesday,Light_Load
17/08/2018 23:00,2.63,51.05,100.00,4.43,0.00,Weekday,Friday,Medium_Load
10/12/2018 10:30,56.02,93.70,100.00,20.88,0.00,Weekday,Monday,Maximum_Load
17/01/2018 16:00,61.24,94.99,100.00,20.16,0.00,Weekday,Wednesday,Medium_Load
29/06/2018 10:30,36.72,96.58,100.00,9.86,0.00,Weekday,Friday,Maximum_Load
13/12/2018 04:30,4.21,80.25,99.86,3.13,0.22,Weekday,Thursday,Light_Load
13/07/2018 10:00,56.66,89.49,100.00,28.26,0.00,Weekday,Friday,Medium_Load
11/04/2018 05:00,3.35,56.20,100.00,4.93,0.00,Weekday,Wednesday,Light_Load
04/09/2018 21:00,11.30,99.07,76.04,1.55,9.65,Weekday,Tuesday,Medium_Load
14/02/2018 21:15,4.00,100.00,18.03,0.00,21.82,Weekday,Wednesday,Light_Load
12/10/2018 12:30,4.25,100.00,23.56,0.00,17.53,Weekday,Friday,Medium_Load
19/01/2018 16:30,57.96,94.17,100.00,20.70,0.00,Weekday,Friday,Medium_Load
07/11/2018 14:15,52.06,90.85,100.00,23.94,0.00,Weekday,Wednesday,Medium_Load
02/07/2018 19:00,35.96,99.57,100.00,3.35,0.04,Weekday,Monday,Medium_Load
14/11/2018 16:15,69.41,84.70,100.00,43.56,0.00,Weekday,Wednesday,Medium_Load
02/11/2018 21:45,4.18,100.00,23.23,0.00,17.50,Weekday,Friday,Medium_Load
04/07/2018 05:00,2.99,59.87,100.00,4.00,0.00,Weekday,Wednesday,Light_Load
11/07/2018 17:45,33.08,99.99,98.39,0.36,6.01,Weekday,Wednesday,Medium_Load
18/06/2018 01:15,2.77,56.64,100.00,4.03,0.00,Weekday,Monday,Light_Load
11/08/2018 22:45,2.74,48.28,100.00,4.97,0.00,Weekend,Saturday,Medium_Load
23/11/2018 02:00,3.67,84.32,99.19,2.34,0.47,Weekday,Friday,Light_Load
18/01/2018 23:00,81.04,89.00,100.00,41.51,0.00,Weekday,Thursday,Maximum_Load
07/05/2018 05:15,2.92,58.01,100.00,4.10,0.00,Weekday,Monday,Light_Load
02/12/2018 02:00,3.46,77.30,100.00,2.84,0.00,Weekend,Sunday,Light_Load
13/12/2018 19:30,78.52,93.97,100.00,28.58,0.00,Weekday,Thursday,Maximum_Load
31/08/2018 06:30,2.70,45.94,100.00,5.22,0.00,Weekday,Friday,Light_Load
29/12/2018 08:00,2.92,81.84,99.93,2.05,0.11,Weekend,Saturday,Light_Load
22/11/2018 05:45,3.49,72.87,100.00,3.28,0.00,Weekday,Thursday,Light_Load
08/10/2018 18:30,53.82,82.17,100.00,37.33,0.00,Weekday,Monday,Medium_Load
24/12/2018 04:00,3.35,81.52,99.98,2.38,0.07,Weekday,Monday,Light_Load
08/02/2018 03:15,6.01,67.78,100.00,6.52,0.00,Weekday,Thursday,Light_Load
27/04/2018 23:00,3.35,72.31,100.00,3.20,0.00,Weekday,Friday,Medium_Load
17/06/2018 17:15,2.95,100.00,16.93,0.00,17.17,Weekend,Sunday,Light_Load
20/05/2018 13:45,13.43,100.00,77.02,0.00,11.12,Weekend,Sunday,Maximum_Load
05/02/2018 14:15,124.42,95.22,100.00,39.92,0.00,Weekday,Monday,Medium_Load
27/09/2018 16:30,60.73,85.60,100.00,36.68,0.00,Weekday,Thursday,Maximum_Load
08/02/2018 15:00,108.65,94.31,100.00,38.30,0.00,Weekday,Thursday,Medium_Load
05/07/2018 23:45,3.64,68.05,100.00,3.92,0.00,Weekday,Thursday,Light_Load
06/05/2018 18:30,3.35,100.00,53.00,0.00,5.36,Weekend,Sunday,Light_Load
21/08/2018 00:30,2.74,49.42,100.00,4.82,0.00,Weekday,Tuesday,Light_Load
12/01/2018 23:00,4.79,69.18,100.00,5.00,0.00,Weekday,Friday,Maximum_Load
30/07/2018 11:00,54.14,92.75,100.00,21.82,0.00,Weekday,Monday,Maximum_Load
03/04/2018 08:30,112.64,84.14,100.00,72.36,0.00,Weekday,Tuesday,Light_Load
23/05/2018 06:15,3.02,51.10,100.00,5.08,0.00,Weekday,Wednesday,Light_Load
30/11/2018 02:30,4.10,62.06,100.00,5.18,0.00,Weekday,Friday,Light_Load
30/08/2018 04:00,2.70,46.72,100.00,5.11,0.00,Weekday,Thursday,Light_Load
13/11/2018 07:30,4.54,65.91,100.00,5.18,0.00,Weekday,Tuesday,Light_Load
31/01/2018 20:15,98.82,98.43,100.00,17.71,0.00,Weekday,Wednesday,Medium_Load
14/03/2018 00:15,3.82,62.35,100.00,4.79,0.00,Weekday,Wednesday,Light_Load
04/03/2018 18:15,3.13,100.00,46.19,0.00,6.01,Weekend,Sunday,Light_Load
26/05/2018 13:45,34.27,99.80,99.76,2.16,2.38,Weekend,Saturday,Maximum_Load
26/05/2018 06:00,3.17,47.33,100.00,5.90,0.00,Weekend,Saturday,Light_Load
28/08/2018 15:00,50.18,89.24,100.00,25.38,0.00,Weekday,Tuesday,Maximum_Load
12/08/2018 16:45,3.02,100.00,20.05,0.00,14.76,Weekend,Sunday,Light_Load
14/04/2018 22:15,3.20,92.34,31.07,1.33,9.79,Weekend,Saturday,Medium_Load
29/06/2018 15:00,32.58,99.49,99.95,3.31,1.01,Weekday,Friday,Maximum_Load
04/02/2018 23:15,3.82,74.12,100.00,3.46,0.00,Weekend,Sunday,Light_Load
23/02/2018 14:15,138.06,92.40,100.00,57.13,0.00,Weekday,Friday,Medium_Load
17/01/2018 00:00,36.90,80.40,100.00,27.29,0.00,Weekday,Wednesday,Light_Load
04/08/2018 22:45,2.81,48.70,100.00,5.04,0.00,Weekend,Saturday,Light_Load
30/08/2018 16:15,57.67,87.32,100.00,32.18,0.00,Weekday,Thursday,Maximum_Load
27/10/2018 02:45,3.13,45.30,100.00,6.16,0.00,Weekend,Saturday,Light_Load
18/04/2018 04:30,3.10,67.92,100.00,3.35,0.00,Weekday,Wednesday,Light_Load
14/08/2018 09:00,69.41,90.95,100.00,31.72,0.00,Weekday,Tuesday,Light_Load
15/09/2018 04:15,2.77,45.64,100.00,5.40,0.00,Weekend,Saturday,Light_Load
13/09/2018 22:00,4.79,100.00,28.95,0.00,15.84,Weekday,Thursday,Medium_Load
07/11/2018 01:30,3.85,52.57,100.00,6.23,0.00,Weekday,Wednesday,Light_Load
08/08/2018 22:15,3.71,96.01,58.75,1.08,5.11,Weekday,Wednesday,Medium_Load
25/09/2018 05:00,2.66,42.60,100.00,5.65,0.00,Weekday,Tuesday,Light_Load
10/11/2018 04:30,3.78,44.39,100.00,7.63,0.00,Weekend,Saturday,Light_Load
17/09/2018 23:00,3.60,44.38,100.00,7.27,0.00,Weekday,Monday,Medium_Load
04/06/2018 05:15,2.84,46.28,100.00,5.44,0.00,Weekday,Monday,Light_Load
19/03/2018 04:30,3.06,64.76,100.00,3.60,0.00,Weekday,Monday,Light_Load
21/04/2018 12:30,4.90,100.00,19.06,0.00,25.24,Weekend,Saturday,Medium_Load
11/12/2018 11:45,84.24,87.97,100.00,45.54,0.00,Weekday,Tuesday,Maximum_Load
11/01/2018 23:15,4.75,70.93,100.00,4.72,0.00,Weekday,Thursday,Light_Load
06/04/2018 07:45,4.14,61.34,100.00,5.33,0.00,Weekday,Friday,Light_Load
06/12/2018 06:00,3.38,78.92,100.00,2.63,0.00,Weekday,Thursday,Light_Load
01/04/2018 21:30,3.10,100.00,18.02,0.00,16.92,Weekend,Sunday,Light_Load
29/08/2018 06:00,2.74,49.11,100.00,4.86,0.00,Weekday,Wednesday,Light_Load
09/05/2018 03:00,3.13,57.70,100.00,4.43,0.00,Weekday,Wednesday,Light_Load
27/06/2018 10:45,38.02,97.44,100.00,8.78,0.00,Weekday,Wednesday,Maximum_Load
29/05/2018 19:00,36.50,99.07,100.00,5.00,0.18,Weekday,Tuesday,Medium_Load
25/05/2018 07:15,2.92,58.29,100.00,4.07,0.00,Weekday,Friday,Light_Load
18/11/2018 11:00,32.54,99.39,100.00,3.60,0.00,Weekend,Sunday,Maximum_Load
18/02/2018 20:30,3.53,100.00,20.72,0.00,16.67,Weekend,Sunday,Light_Load
02/03/2018 05:15,3.24,77.64,99.99,2.63,0.04,Weekday,Friday,Light_Load
14/02/2018 20:30,3.49,100.00,20.33,0.00,16.81,Weekday,Wednesday,Light_Load
08/12/2018 12:30,4.57,100.00,31.46,0.00,13.79,Weekend,Saturday,Medium_Load
04/12/2018 08:00,5.94,82.49,100.00,4.07,0.00,Weekday,Tuesday,Light_Load
25/11/2018 12:15,3.10,100.00,21.99,0.00,13.75,Weekend,Sunday,Light_Load
12/09/2018 20:15,40.39,87.09,100.00,22.79,0.00,Weekday,Wednesday,Medium_Load
12/07/2018 13:45,5.22,100.00,19.31,0.00,26.53,Weekday,Thursday,Maximum_Load
21/10/2018 06:30,2.74,49.11,100.00,4.86,0.00,Weekend,Sunday,Light_Load
25/01/2018 14:15,81.07,91.50,100.00,35.75,0.00,Weekday,Thursday,Medium_Load
02/12/2018 09:30,3.71,100.00,24.49,0.00,14.69,Weekend,Sunday,Light_Load
26/07/2018 07:45,3.56,63.25,100.00,4.36,0.00,Weekday,Thursday,Light_Load
01/07/2018 20:15,3.06,100.00,17.33,0.00,17.39,Weekend,Sunday,Light_Load
08/04/2018 04:15,3.20,53.60,100.00,5.04,0.00,Weekend,Sunday,Light_Load
06/09/2018 19:30,49.90,88.97,100.00,25.60,0.00,Weekday,Thursday,Medium_Load
24/06/2018 17:30,3.10,100.00,18.06,0.00,16.88,Weekend,Sunday,Medium_Load
22/02/2018 01:45,5.65,71.59,100.00,5.51,0.00,Weekday,Thursday,Light_Load
13/11/2018 20:00,90.14,91.87,100.00,38.74,0.00,Weekday,Tuesday,Maximum_Load
03/09/2018 18:00,30.92,98.18,99.97,5.98,0.76,Weekday,Monday,Medium_Load
04/10/2018 06:45,2.77,44.21,100.00,5.62,0.00,Weekday,Thursday,Light_Load
15/04/2018 15:15,3.35,100.00,18.92,0.00,17.39,Weekend,Sunday,Light_Load
28/02/2018 09:15,121.46,90.76,100.00,56.20,0.00,Weekday,Wednesday,Medium_Load
20/09/2018 12:15,26.78,99.88,99.72,1.33,2.02,Weekday,Thursday,Medium_Load
11/08/2018 14:30,105.59,93.26,100.00,40.86,0.00,Weekend,Saturday,Maximum_Load
17/11/2018 17:45,5.00,100.00,28.45,0.00,16.85,Weekend,Saturday,Maximum_Load
23/03/2018 17:30,81.83,96.74,100.00,21.42,0.07,Weekday,Friday,Medium_Load
05/08/2018 06:45,2.81,43.00,100.00,5.90,0.00,Weekend,Sunday,Light_Load
25/01/2018 22:30,35.89,79.45,100.00,27.43,0.00,Weekday,Thursday,Maximum_Load
28/03/2018 09:15,46.26,98.23,99.99,8.82,0.50,Weekday,Wednesday,Medium_Load
10/09/2018 12:00,59.08,85.51,100.00,35.82,0.29,Weekday,Monday,Maximum_Load
28/10/2018 11:30,3.10,100.00,27.85,0.00,10.69,Weekend,Sunday,Light_Load
23/02/2018 06:45,4.03,63.83,100.00,4.86,0.00,Weekday,Friday,Light_Load
31/12/2018 08:45,3.74,94.77,57.73,1.26,5.29,Weekday,Monday,Light_Load
27/07/2018 10:30,60.66,94.10,100.00,21.82,0.00,Weekday,Friday,Maximum_Load
09/03/2018 12:45,7.38,100.00,26.76,0.00,26.57,Weekday,Friday,Medium_Load
26/11/2018 05:00,2.95,72.41,100.00,2.81,0.00,Weekday,Monday,Light_Load
17/01/2018 00:15,4.64,71.48,100.00,4.54,0.00,Weekday,Wednesday,Light_Load
11/05/2018 06:45,3.06,56.23,100.00,4.50,0.00,Weekday,Friday,Light_Load
05/08/2018 14:45,3.17,100.00,19.46,0.00,15.98,Weekend,Sunday,Light_Load
06/11/2018 09:15,70.96,87.13,100.00,39.96,0.00,Weekday,Tuesday,Medium_Load
01/02/2018 23:15,69.26,86.77,100.00,39.67,0.00,Weekday,Thursday,Light_Load
04/09/2018 12:00,99.04,87.06,100.00,55.98,0.07,Weekday,Tuesday,Maximum_Load
25/09/2018 16:15,2.66,100.00,22.37,0.00,11.59,Weekday,Tuesday,Light_Load
29/03/2018 01:00,3.64,58.86,100.00,5.00,0.00,Weekday,Thursday,Light_Load
05/04/2018 09:15,64.62,90.98,100.00,29.48,0.00,Weekday,Thursday,Medium_Load
24/03/2018 21:00,3.38,100.00,19.05,0.00,17.42,Weekend,Saturday,Medium_Load
29/01/2018 09:45,64.62,97.96,100.00,13.25,0.00,Weekday,Monday,Medium_Load
01/09/2018 11:45,25.70,94.46,100.00,8.93,0.18,Weekend,Saturday,Maximum_Load
31/01/2018 06:00,4.18,71.99,100.00,4.03,0.00,Weekday,Wednesday,Light_Load
12/12/2018 07:15,4.10,77.81,99.99,3.31,0.07,Weekday,Wednesday,Light_Load
28/06/2018 20:45,33.16,99.66,100.00,2.74,0.22,Weekday,Thursday,Medium_Load
24/04/2018 23:30,3.60,71.10,100.00,3.56,0.00,Weekday,Tuesday,Light_Load
22/07/2018 11:45,2.70,54.63,100.00,4.14,0.00,Weekend,Sunday,Light_Load
03/09/2018 02:30,3.31,46.28,100.00,6.34,0.00,Weekday,Monday,Light_Load
15/02/2018 02:45,3.28,57.39,100.00,4.68,0.00,Weekday,Thursday,Light_Load
09/09/2018 16:00,17.71,99.97,93.60,0.43,6.66,Weekend,Sunday,Maximum_Load
08/03/2018 16:15,54.83,94.80,100.00,18.40,0.00,Weekday,Thursday,Maximum_Load
10/07/2018 09:00,70.13,84.99,100.00,43.49,0.00,Weekday,Tuesday,Light_Load
14/05/2018 19:00,52.49,91.19,100.00,23.62,0.00,Weekday,Monday,Medium_Load
09/04/2018 03:00,3.10,61.64,100.00,3.96,0.00,Weekday,Monday,Light_Load
09/11/2018 02:15,2.95,54.83,100.00,4.50,0.00,Weekday,Friday,Light_Load
30/05/2018 14:15,49.03,96.52,100.00,13.28,0.00,Weekday,Wednesday,Maximum_Load
08/02/2018 03:45,6.01,68.40,100.00,6.41,0.00,Weekday,Thursday,Light_Load
28/04/2018 11:00,67.07,99.07,100.00,9.22,0.04,Weekend,Saturday,Maximum_Load
12/10/2018 11:45,58.39,83.71,100.00,38.16,0.00,Weekday,Friday,Maximum_Load
11/06/2018 16:30,43.67,94.21,100.00,15.55,0.00,Weekday,Monday,Maximum_Load
06/02/2018 23:15,37.37,83.02,100.00,25.09,0.00,Weekday,Tuesday,Light_Load
14/04/2018 18:15,3.78,100.00,40.79,0.00,8.46,Weekend,Saturday,Medium_Load
26/09/2018 19:45,2.74,100.00,22.88,0.00,11.66,Weekday,Wednesday,Light_Load
01/10/2018 14:30,52.09,88.96,100.00,26.75,0.00,Weekday,Monday,Maximum_Load
06/09/2018 21:15,7.92,99.87,49.61,0.40,13.86,Weekday,Thursday,Medium_Load
30/08/2018 13:15,27.76,94.00,98.23,10.08,5.29,Weekday,Thursday,Maximum_Load
04/01/2018 14:45,121.07,93.90,100.00,44.35,0.00,Weekday,Thursday,Medium_Load
18/12/2018 22:15,4.25,77.55,99.56,3.46,0.40,Weekday,Tuesday,Maximum_Load
31/12/2018 00:15,3.64,84.12,100.00,2.34,0.00,Weekday,Monday,Light_Load
19/02/2018 18:00,41.83,99.86,99.91,2.20,1.73,Weekday,Monday,Maximum_Load
14/03/2018 13:30,56.88,95.23,100.00,18.22,0.04,Weekday,Wednesday,Maximum_Load
15/08/2018 08:15,33.73,73.01,100.00,31.57,0.00,Weekday,Wednesday,Light_Load
16/07/2018 03:15,2.92,100.00,53.84,0.00,4.57,Weekday,Monday,Light_Load
05/09/2018 08:45,98.06,85.96,100.00,58.28,0.00,Weekday,Wednesday,Light_Load
19/03/2018 20:15,49.18,95.43,100.00,15.41,0.00,Weekday,Monday,Medium_Load
09/11/2018 04:00,3.53,51.99,100.00,5.80,0.00,Weekday,Friday,Light_Load
22/12/2018 13:15,4.28,100.00,20.42,0.00,20.52,Weekend,Saturday,Light_Load
01/07/2018 00:00,2.88,59.21,100.00,3.92,0.00,Weekend,Sunday,Light_Load
05/06/2018 00:30,3.53,57.06,100.00,5.08,0.00,Weekday,Tuesday,Light_Load
14/01/2018 08:45,6.98,69.06,99.94,7.31,0.25,Weekend,Sunday,Light_Load
19/05/2018 03:15,3.17,52.72,100.00,5.11,0.00,Weekend,Saturday,Light_Load
24/05/2018 11:45,87.16,90.17,100.00,41.80,0.00,Weekday,Thursday,Maximum_Load
06/10/2018 05:45,3.10,44.55,100.00,6.23,0.00,Weekend,Saturday,Light_Load
03/08/2018 04:15,2.84,42.32,100.00,6.08,0.00,Weekday,Friday,Light_Load
02/09/2018 18:15,3.42,100.00,41.86,0.00,7.42,Weekend,Sunday,Medium_Load
17/02/2018 02:00,3.17,63.86,100.00,3.82,0.00,Weekend,Saturday,Light_Load
26/05/2018 22:00,3.60,100.00,14.42,0.00,24.70,Weekend,Saturday,Medium_Load
14/05/2018 01:15,3.35,59.12,100.00,4.57,0.00,Weekday,Monday,Light_Load
20/06/2018 17:00,51.52,89.93,100.00,25.06,0.00,Weekday,Wednesday,Maximum_Load
31/07/2018 22:45,2.88,44.72,100.00,5.76,0.00,Weekday,Tuesday,Medium_Load
18/05/2018 05:45,3.38,52.08,100.00,5.54,0.00,Weekday,Friday,Light_Load
04/09/2018 01:00,2.70,46.72,100.00,5.11,0.00,Weekday,Tuesday,Light_Load
30/10/2018 17:15,61.52,92.25,100.00,25.74,0.00,Weekday,Tuesday,Medium_Load
02/03/2018 12:30,4.75,100.00,17.83,0.00,26.21,Weekday,Friday,Medium_Load
08/06/2018 13:15,50.26,91.83,99.93,21.67,1.94,Weekday,Friday,Maximum_Load
07/01/2018 12:30,4.10,100.00,17.96,0.00,22.46,Weekend,Sunday,Light_Load
03/11/2018 17:45,3.89,100.00,20.85,0.00,18.25,Weekend,Saturday,Maximum_Load
21/06/2018 05:30,2.88,47.06,100.00,5.40,0.00,Weekday,Thursday,Light_Load
31/05/2018 00:45,3.28,54.02,100.00,5.11,0.00,Weekday,Thursday,Light_Load
11/02/2018 11:00,4.10,100.00,23.74,0.00,16.78,Weekend,Sunday,Light_Load
20/06/2018 19:30,45.43,91.46,100.00,20.09,0.00,Weekday,Wednesday,Medium_Load
02/06/2018 15:45,6.62,100.00,29.67,0.00,21.31,Weekend,Saturday,Light_Load
30/01/2018 18:30,65.45,85.74,100.00,39.28,0.00,Weekday,Tuesday,Maximum_Load
16/05/2018 23:30,3.60,66.90,100.00,4.00,0.00,Weekday,Wednesday,Light_Load
29/07/2018 13:00,3.56,100.00,21.84,0.00,15.91,Weekend,Sunday,Medium_Load
07/08/2018 22:15,3.82,96.49,59.87,1.04,5.11,Weekday,Tuesday,Medium_Load
27/01/2018 08:00,7.20,84.43,100.00,4.57,0.00,Weekend,Saturday,Light_Load
20/11/2018 02:45,3.02,70.71,100.00,3.02,0.00,Weekday,Tuesday,Light_Load
24/01/2018 03:45,42.59,80.50,100.00,31.39,0.00,Weekday,Wednesday,Light_Load
24/03/2018 19:00,4.10,100.00,15.52,0.00,26.10,Weekend,Saturday,Medium_Load
02/12/2018 05:15,4.39,73.67,100.00,4.03,0.00,Weekend,Sunday,Light_Load
22/10/2018 14:00,85.97,84.30,100.00,54.86,0.00,Weekday,Monday,Maximum_Load
31/05/2018 11:30,46.01,78.55,100.00,36.25,0.00,Weekday,Thursday,Maximum_Load
12/02/2018 13:15,63.18,93.49,99.87,23.98,3.20,Weekday,Monday,Medium_Load
20/11/2018 15:30,46.51,93.93,100.00,16.99,0.00,Weekday,Tuesday,Medium_Load
12/10/2018 16:15,47.99,86.93,100.00,27.29,0.00,Weekday,Friday,Maximum_Load
17/11/2018 18:45,4.14,100.00,23.82,0.00,16.88,Weekend,Saturday,Maximum_Load
03/08/2018 23:00,2.74,45.52,100.00,5.36,0.00,Weekday,Friday,Light_Load
22/04/2018 05:15,3.10,57.95,100.00,4.36,0.00,Weekend,Sunday,Light_Load
30/10/2018 05:30,2.84,60.07,100.00,3.78,0.00,Weekday,Tuesday,Light_Load
13/08/2018 05:00,3.74,48.74,100.00,6.70,0.00,Weekday,Monday,Light_Load
16/02/2018 15:00,3.46,100.00,19.99,0.00,16.96,Weekday,Friday,Light_Load
09/02/2018 15:00,130.18,92.23,100.00,54.54,0.00,Weekday,Friday,Medium_Load
19/09/2018 09:30,55.01,87.61,100.00,30.28,0.00,Weekday,Wednesday,Medium_Load
19/07/2018 08:00,5.33,66.35,100.00,6.01,0.00,Weekday,Thursday,Light_Load
04/11/2018 19:00,3.17,100.00,25.78,0.00,11.88,Weekend,Sunday,Maximum_Load
05/07/2018 00:45,3.10,57.33,100.00,4.43,0.00,Weekday,Thursday,Light_Load
27/05/2018 06:15,3.28,56.50,100.00,4.79,0.00,Weekend,Sunday,Light_Load
09/10/2018 13:15,32.29,90.80,99.17,14.90,4.18,Weekday,Tuesday,Maximum_Load
14/07/2018 11:30,35.68,75.95,100.00,30.56,0.00,Weekend,Saturday,Maximum_Load
06/12/2018 23:15,3.96,69.74,100.00,4.07,0.00,Weekday,Thursday,Light_Load
20/10/2018 15:15,104.51,90.66,100.00,48.64,0.00,Weekend,Saturday,Maximum_Load
19/09/2018 09:00,37.30,96.88,100.00,9.54,0.00,Weekday,Wednesday,Light_Load
26/04/2018 03:15,3.13,58.32,100.00,4.36,0.00,Weekday,Thursday,Light_Load
20/04/2018 05:15,3.02,62.82,100.00,3.74,0.00,Weekday,Friday,Light_Load
01/09/2018 04:45,3.02,47.60,100.00,5.58,0.00,Weekend,Saturday,Light_Load
15/05/2018 13:30,64.04,90.58,100.00,29.95,0.00,Weekday,Tuesday,Maximum_Load
27/01/2018 03:00,6.80,84.80,100.00,4.25,0.00,Weekend,Saturday,Light_Load
22/07/2018 06:30,2.74,50.85,100.00,4.64,0.00,Weekend,Sunday,Light_Load
03/06/2018 03:45,2.99,45.20,100.00,5.90,0.00,Weekend,Sunday,Light_Load
23/10/2018 16:45,44.57,88.60,100.00,23.33,0.00,Weekday,Tuesday,Maximum_Load
15/11/2018 06:30,4.54,67.96,100.00,4.90,0.00,Weekday,Thursday,Light_Load
30/06/2018 15:30,58.21,91.06,100.00,26.42,0.00,Weekend,Saturday,Maximum_Load
15/09/2018 21:00,2.95,100.00,25.26,0.00,11.30,Weekend,Saturday,Medium_Load
30/09/2018 22:45,2.81,47.12,100.00,5.26,0.00,Weekend,Sunday,Light_Load
13/03/2018 22:15,4.14,91.13,28.89,1.87,13.72,Weekday,Tuesday,Medium_Load
12/07/2018 06:30,2.92,50.43,100.00,5.00,0.00,Weekday,Thursday,Light_Load
05/07/2018 00:15,3.56,68.18,100.00,3.82,0.00,Weekday,Thursday,Light_Load
26/07/2018 11:15,51.01,86.02,100.00,30.24,0.00,Weekday,Thursday,Maximum_Load
30/08/2018 08:30,50.80,68.88,100.00,53.46,0.00,Weekday,Thursday,Light_Load
13/12/2018 23:15,5.26,89.71,99.99,2.59,0.07,Weekday,Thursday,Light_Load
05/03/2018 06:15,3.10,62.72,100.00,3.85,0.00,Weekday,Monday,Light_Load
10/09/2018 03:45,2.81,43.60,100.00,5.80,0.00,Weekday,Monday,Light_Load
03/07/2018 21:00,77.04,98.42,99.99,13.86,1.12,Weekday,Tuesday,Medium_Load
17/03/2018 17:00,50.65,99.52,99.48,5.00,5.18,Weekend,Saturday,Maximum_Load
02/08/2018 19:45,2.95,100.00,17.77,0.00,16.34,Weekday,Thursday,Light_Load
08/04/2018 00:15,3.28,60.12,100.00,4.36,0.00,Weekend,Sunday,Light_Load
11/11/2018 07:30,2.81,52.97,100.00,4.50,0.00,Weekend,Sunday,Light_Load
24/01/2018 14:30,79.27,91.84,100.00,34.16,0.00,Weekday,Wednesday,Medium_Load
16/01/2018 04:15,4.68,62.60,100.00,5.83,0.00,Weekday,Tuesday,Light_Load
15/01/2018 00:45,4.68,72.93,100.00,4.39,0.00,Weekday,Monday,Light_Load
22/07/2018 14:45,3.46,100.00,19.36,0.00,17.53,Weekend,Sunday,Light_Load
02/10/2018 22:15,3.46,42.78,99.98,7.31,0.07,Weekday,Tuesday,Medium_Load
17/12/2018 20:15,5.54,100.00,24.89,0.00,21.56,Weekday,Monday,Medium_Load
24/01/2018 15:30,79.52,92.74,100.00,32.08,0.00,Weekday,Wednesday,Medium_Load
07/09/2018 22:45,3.78,49.14,100.00,6.70,0.00,Weekday,Friday,Medium_Load
03/01/2018 20:45,32.72,99.81,97.80,2.02,6.98,Weekday,Wednesday,Medium_Load
13/01/2018 03:00,4.75,75.94,100.00,4.07,0.00,Weekend,Saturday,Light_Load
13/10/2018 05:00,2.81,54.88,100.00,4.28,0.00,Weekend,Saturday,Light_Load
22/09/2018 20:00,3.38,100.00,24.05,0.00,13.64,Weekend,Saturday,Light_Load
30/03/2018 05:45,3.20,61.81,100.00,4.07,0.00,Weekday,Friday,Light_Load
03/08/2018 03:45,2.88,44.29,100.00,5.83,0.00,Weekday,Friday,Light_Load
21/07/2018 01:30,3.02,100.00,55.13,0.00,4.57,Weekend,Saturday,Light_Load
24/06/2018 07:00,2.52,57.35,100.00,3.60,0.00,Weekend,Sunday,Light_Load
05/06/2018 16:15,110.77,90.50,100.00,52.06,0.00,Weekday,Tuesday,Maximum_Load
20/09/2018 19:45,45.04,87.77,100.00,24.59,0.00,Weekday,Thursday,Medium_Load
09/04/2018 01:30,3.10,61.64,100.00,3.96,0.00,Weekday,Monday,Light_Load
05/08/2018 21:45,3.17,100.00,19.20,0.00,16.20,Weekend,Sunday,Light_Load
07/10/2018 11:15,2.63,100.00,21.43,0.00,11.99,Weekend,Sunday,Light_Load
01/10/2018 19:00,39.13,91.51,100.00,17.24,0.00,Weekday,Monday,Medium_Load
26/07/2018 04:15,3.17,61.83,100.00,4.03,0.00,Weekday,Thursday,Light_Load
04/09/2018 05:45,2.59,47.03,100.00,4.86,0.00,Weekday,Tuesday,Light_Load
10/02/2018 15:00,5.76,100.00,20.70,0.00,27.22,Weekend,Saturday,Light_Load
30/06/2018 22:00,3.53,100.00,18.57,0.00,18.68,Weekend,Saturday,Medium_Load
12/06/2018 22:45,3.60,61.88,100.00,4.57,0.00,Weekday,Tuesday,Medium_Load
16/11/2018 16:45,56.34,86.69,100.00,32.40,0.00,Weekday,Friday,Medium_Load
31/12/2018 04:00,3.06,81.19,99.97,2.20,0.07,Weekday,Monday,Light_Load
21/10/2018 19:45,3.02,100.00,25.44,0.00,11.48,Weekend,Sunday,Light_Load
22/05/2018 15:00,52.20,99.61,99.92,4.64,2.09,Weekday,Tuesday,Maximum_Load
20/02/2018 01:30,10.62,80.56,100.00,7.81,0.00,Weekday,Tuesday,Light_Load
31/05/2018 03:15,2.92,47.84,100.00,5.36,0.00,Weekday,Thursday,Light_Load
18/11/2018 21:00,3.82,100.00,22.20,0.00,16.78,Weekend,Sunday,Medium_Load
28/12/2018 22:45,4.93,78.27,100.00,3.92,0.00,Weekday,Friday,Maximum_Load
18/09/2018 07:00,2.84,47.79,100.00,5.22,0.00,Weekday,Tuesday,Light_Load
07/03/2018 19:15,6.01,100.00,21.76,0.00,26.96,Weekday,Wednesday,Medium_Load
10/04/2018 14:30,59.22,93.98,100.00,21.53,0.00,Weekday,Tuesday,Maximum_Load
19/08/2018 13:30,3.89,100.00,28.89,0.00,12.89,Weekend,Sunday,Light_Load
05/04/2018 07:00,3.02,61.72,100.00,3.85,0.00,Weekday,Thursday,Light_Load
03/11/2018 20:00,3.74,100.00,19.85,0.00,18.47,Weekend,Saturday,Maximum_Load
28/03/2018 17:15,54.54,90.87,100.00,25.06,0.00,Weekday,Wednesday,Medium_Load
24/12/2018 18:45,5.33,100.00,24.03,0.00,21.53,Weekday,Monday,Maximum_Load
08/11/2018 14:30,54.61,89.41,100.00,27.36,0.00,Weekday,Thursday,Medium_Load
30/05/2018 00:00,3.53,58.77,100.00,4.86,0.00,Weekday,Wednesday,Light_Load
18/11/2018 04:15,3.24,50.69,100.00,5.51,0.00,Weekend,Sunday,Light_Load
28/07/2018 00:30,2.92,50.13,100.00,5.04,0.00,Weekend,Saturday,Light_Load
12/05/2018 08:30,6.01,62.03,100.00,7.60,0.00,Weekend,Saturday,Light_Load
25/10/2018 23:15,3.46,52.22,100.00,5.65,0.00,Weekday,Thursday,Light_Load
25/06/2018 07:15,2.81,56.53,100.00,4.10,0.00,Weekday,Monday,Light_Load
28/08/2018 13:30,53.32,88.43,100.00,28.15,0.00,Weekday,Tuesday,Maximum_Load
15/01/2018 13:15,75.74,92.33,99.62,31.50,6.66,Weekday,Monday,Medium_Load
22/05/2018 22:45,3.06,50.57,100.00,5.22,0.00,Weekday,Tuesday,Medium_Load
05/11/2018 11:45,73.80,85.81,100.00,44.17,0.00,Weekday,Monday,Maximum_Load
22/01/2018 16:30,64.94,94.79,100.00,21.82,0.00,Weekday,Monday,Medium_Load
15/03/2018 21:00,34.09,99.47,98.71,3.53,5.54,Weekday,Thursday,Medium_Load
09/02/2018 02:30,5.90,72.90,100.00,5.54,0.00,Weekday,Friday,Light_Load
18/10/2018 05:00,3.42,50.60,100.00,5.83,0.00,Weekday,Thursday,Light_Load
13/09/2018 18:15,41.22,83.92,100.00,26.71,0.00,Weekday,Thursday,Medium_Load
27/02/2018 00:00,5.94,73.56,100.00,5.47,0.00,Weekday,Tuesday,Light_Load
28/01/2018 08:45,12.06,81.99,99.98,8.42,0.22,Weekend,Sunday,Light_Load
12/08/2018 12:45,3.06,100.00,20.69,0.00,14.47,Weekend,Sunday,Light_Load
18/07/2018 10:15,44.75,85.50,100.00,27.14,0.00,Weekday,Wednesday,Maximum_Load
29/12/2018 01:15,3.82,76.26,99.99,3.24,0.04,Weekend,Saturday,Light_Load
12/07/2018 20:15,48.89,96.17,100.00,13.93,0.00,Weekday,Thursday,Medium_Load
19/11/2018 12:45,6.05,100.00,27.74,0.00,20.95,Weekday,Monday,Medium_Load
20/01/2018 07:00,91.66,90.22,100.00,43.81,0.00,Weekend,Saturday,Light_Load
12/02/2018 02:15,3.67,73.56,100.00,3.38,0.00,Weekday,Monday,Light_Load
10/05/2018 22:00,4.10,100.00,19.07,0.00,21.10,Weekday,Thursday,Medium_Load
14/06/2018 03:15,3.42,59.92,100.00,4.57,0.00,Weekday,Thursday,Light_Load
12/04/2018 19:00,37.58,99.88,99.99,1.84,0.43,Weekday,Thursday,Medium_Load
24/01/2018 23:00,36.94,81.79,100.00,25.99,0.00,Weekday,Wednesday,Maximum_Load
31/12/2018 20:45,3.42,100.00,24.75,0.00,13.39,Weekday,Monday,Light_Load
11/11/2018 10:00,3.20,100.00,22.16,0.00,14.08,Weekend,Sunday,Light_Load
19/02/2018 17:45,44.78,99.88,99.92,2.20,1.76,Weekday,Monday,Maximum_Load
14/08/2018 20:30,81.61,94.49,100.00,28.26,0.00,Weekday,Tuesday,Medium_Load
05/05/2018 15:00,3.20,100.00,18.25,0.00,17.24,Weekend,Saturday,Light_Load
14/03/2018 10:00,73.08,91.03,100.00,33.23,0.00,Weekday,Wednesday,Medium_Load
12/09/2018 08:45,87.91,81.06,100.00,63.50,0.00,Weekday,Wednesday,Light_Load
10/09/2018 11:15,51.08,91.92,100.00,21.89,0.00,Weekday,Monday,Maximum_Load
04/11/2018 10:15,60.05,97.31,100.00,14.22,0.00,Weekend,Sunday,Maximum_Load
01/11/2018 13:45,120.17,88.03,100.00,64.76,0.00,Weekday,Thursday,Medium_Load
18/01/2018 13:15,100.12,93.37,100.00,38.38,0.00,Weekday,Thursday,Medium_Load
24/11/2018 20:30,3.06,100.00,21.40,0.00,13.97,Weekend,Saturday,Light_Load
02/02/2018 09:15,56.66,97.73,100.00,12.28,0.00,Weekday,Friday,Medium_Load
28/09/2018 15:15,38.52,91.14,100.00,17.39,0.00,Weekday,Friday,Maximum_Load
25/09/2018 08:00,2.63,39.27,100.00,6.16,0.00,Weekday,Tuesday,Light_Load
13/05/2018 15:15,3.13,100.00,18.15,0.00,16.96,Weekend,Sunday,Light_Load
13/12/2018 22:45,5.36,86.07,100.00,3.17,0.00,Weekday,Thursday,Maximum_Load
01/09/2018 02:45,3.02,48.33,100.00,5.47,0.00,Weekend,Saturday,Light_Load
24/04/2018 21:30,5.26,100.00,19.45,0.00,26.53,Weekday,Tuesday,Medium_Load
18/09/2018 16:30,55.40,87.02,100.00,31.36,0.00,Weekday,Tuesday,Maximum_Load
13/01/2018 19:00,4.97,100.00,18.22,0.00,26.82,Weekend,Saturday,Maximum_Load
16/07/2018 12:45,5.36,100.00,46.70,0.00,10.15,Weekday,Monday,Medium_Load
12/07/2018 15:30,54.54,94.14,100.00,19.55,0.00,Weekday,Thursday,Maximum_Load
26/01/2018 23:15,65.66,87.34,100.00,36.61,0.00,Weekday,Friday,Light_Load
09/01/2018 01:15,4.68,73.48,100.00,4.32,0.00,Weekday,Tuesday,Light_Load
27/08/2018 00:45,3.02,50.37,100.00,5.18,0.00,Weekday,Monday,Light_Load
27/12/2018 20:30,40.93,99.64,99.99,3.46,0.54,Weekday,Thursday,Medium_Load
14/11/2018 21:45,4.97,100.00,25.26,0.00,19.04,Weekday,Wednesday,Medium_Load
05/10/2018 08:45,50.87,78.32,100.00,40.39,0.00,Weekday,Friday,Light_Load
21/09/2018 10:15,54.90,88.41,100.00,29.02,0.00,Weekday,Friday,Maximum_Load
28/05/2018 04:30,2.92,48.82,100.00,5.22,0.00,Weekday,Monday,Light_Load
12/04/2018 11:00,40.46,97.65,100.00,8.93,0.00,Weekday,Thursday,Maximum_Load
03/06/2018 11:00,2.95,100.00,17.11,0.00,16.99,Weekend,Sunday,Light_Load
05/10/2018 16:45,46.04,91.73,100.00,19.98,0.00,Weekday,Friday,Maximum_Load
20/11/2018 16:45,45.47,98.07,100.00,9.07,0.00,Weekday,Tuesday,Medium_Load
06/11/2018 10:15,63.32,89.19,100.00,32.11,0.00,Weekday,Tuesday,Maximum_Load
08/12/2018 15:15,43.67,97.94,100.00,9.00,0.00,Weekend,Saturday,Medium_Load
25/11/2018 21:30,2.95,100.00,19.88,0.00,14.54,Weekend,Sunday,Light_Load
19/04/2018 00:45,3.02,63.54,100.00,3.67,0.00,Weekday,Thursday,Light_Load
07/07/2018 15:45,98.71,95.39,100.00,31.07,0.00,Weekend,Saturday,Maximum_Load
19/01/2018 11:00,118.69,93.29,100.00,45.83,0.00,Weekday,Friday,Maximum_Load
31/10/2018 06:45,2.84,60.07,100.00,3.78,0.00,Weekday,Wednesday,Light_Load
13/01/2018 07:00,4.72,74.31,100.00,4.25,0.00,Weekend,Saturday,Light_Load
09/11/2018 16:45,59.72,85.87,100.00,35.64,0.00,Weekday,Friday,Medium_Load
17/02/2018 11:15,4.07,100.00,46.03,0.00,7.85,Weekend,Saturday,Light_Load
23/07/2018 06:45,2.77,51.26,100.00,4.64,0.00,Weekday,Monday,Light_Load
26/07/2018 07:15,3.24,63.32,100.00,3.96,0.00,Weekday,Thursday,Light_Load
26/06/2018 10:30,42.12,96.16,100.00,12.02,0.00,Weekday,Tuesday,Maximum_Load
17/06/2018 20:30,2.95,100.00,16.83,0.00,17.28,Weekend,Sunday,Light_Load
03/10/2018 01:15,3.42,41.54,100.00,7.49,0.00,Weekday,Wednesday,Light_Load
20/02/2018 06:30,4.72,64.58,100.00,5.58,0.00,Weekday,Tuesday,Light_Load
20/12/2018 06:00,3.92,83.43,99.98,2.59,0.07,Weekday,Thursday,Light_Load
10/02/2018 03:15,6.48,76.82,100.00,5.40,0.00,Weekend,Saturday,Light_Load
02/05/2018 06:45,2.95,53.65,100.00,4.64,0.00,Weekday,Wednesday,Light_Load
24/04/2018 08:45,55.15,73.22,100.00,51.30,0.00,Weekday,Tuesday,Light_Load
07/05/2018 15:30,119.34,92.12,100.00,50.40,0.00,Weekday,Monday,Maximum_Load
08/05/2018 09:15,110.56,88.47,100.00,58.25,0.00,Weekday,Tuesday,Medium_Load
11/05/2018 18:45,34.27,97.78,100.00,7.34,0.29,Weekday,Friday,Medium_Load
14/10/2018 00:00,2.77,48.68,100.00,4.97,0.00,Weekend,Sunday,Light_Load
08/04/2018 10:30,67.72,98.55,99.97,11.66,1.55,Weekend,Sunday,Maximum_Load
30/07/2018 12:45,6.01,100.00,23.48,0.00,24.88,Weekday,Monday,Medium_Load
27/01/2018 11:15,31.90,97.85,99.97,6.73,0.83,Weekend,Saturday,Maximum_Load
20/03/2018 07:15,3.06,65.18,100.00,3.56,0.00,Weekday,Tuesday,Light_Load
31/01/2018 22:30,80.50,87.31,100.00,44.96,0.00,Weekday,Wednesday,Maximum_Load
01/08/2018 19:45,2.74,100.00,15.72,0.00,17.21,Weekday,Wednesday,Light_Load
01/03/2018 10:30,77.40,96.41,100.00,21.31,0.00,Weekday,Thursday,Maximum_Load
07/03/2018 22:15,5.08,95.65,31.38,1.55,15.37,Weekday,Wednesday,Medium_Load
10/03/2018 13:15,10.62,100.00,44.12,0.00,21.60,Weekend,Saturday,Maximum_Load
06/06/2018 20:15,3.78,100.00,18.15,0.00,20.48,Weekday,Wednesday,Medium_Load
06/04/2018 03:15,3.28,51.63,100.00,5.44,0.00,Weekday,Friday,Light_Load
25/12/2018 07:30,3.85,75.15,99.99,3.38,0.04,Weekday,Tuesday,Light_Load
01/11/2018 00:15,3.89,57.67,100.00,5.51,0.00,Weekday,Thursday,Light_Load
30/11/2018 04:15,3.42,68.17,100.00,3.67,0.00,Weekday,Friday,Light_Load
14/06/2018 19:15,62.89,86.06,100.00,37.22,0.00,Weekday,Thursday,Medium_Load
22/03/2018 22:15,6.91,94.72,44.44,2.34,13.93,Weekday,Thursday,Medium_Load
10/12/2018 15:30,66.71,89.63,100.00,33.01,0.00,Weekday,Monday,Medium_Load
14/05/2018 04:00,2.99,54.17,100.00,4.64,0.00,Weekday,Monday,Light_Load
16/07/2018 14:45,57.60,89.64,100.00,28.48,0.00,Weekday,Monday,Maximum_Load
06/10/2018 21:45,3.56,100.00,19.63,0.00,17.78,Weekend,Saturday,Medium_Load
05/03/2018 16:15,74.27,91.56,100.00,32.62,0.00,Weekday,Monday,Maximum_Load
10/09/2018 19:45,3.53,100.00,19.43,0.00,17.82,Weekday,Monday,Medium_Load
25/02/2018 20:15,4.21,100.00,21.82,0.00,18.83,Weekend,Sunday,Light_Load
21/07/2018 04:15,3.24,51.73,100.00,5.36,0.00,Weekend,Saturday,Light_Load
09/03/2018 16:15,54.40,96.43,100.00,14.94,0.00,Weekday,Friday,Maximum_Load
11/08/2018 00:45,2.74,45.99,100.00,5.29,0.00,Weekend,Saturday,Light_Load
14/03/2018 03:45,3.28,55.39,100.00,4.93,0.00,Weekday,Wednesday,Light_Load
11/12/2018 07:30,4.07,73.27,100.00,3.78,0.00,Weekday,Tuesday,Light_Load
10/07/2018 03:30,2.95,51.58,100.00,4.90,0.00,Weekday,Tuesday,Light_Load
30/03/2018 01:30,3.53,62.32,100.00,4.43,0.00,Weekday,Friday,Light_Load
16/12/2018 12:45,5.44,100.00,25.92,0.00,20.27,Weekend,Sunday,Medium_Load
29/05/2018 19:45,37.51,99.46,100.00,3.92,0.25,Weekday,Tuesday,Medium_Load
15/09/2018 13:00,3.31,100.00,24.00,0.00,13.39,Weekend,Saturday,Medium_Load
17/11/2018 13:00,4.79,100.00,28.42,0.00,16.16,Weekend,Saturday,Medium_Load
20/12/2018 16:15,60.08,91.46,100.00,26.57,0.00,Weekday,Thursday,Medium_Load
05/10/2018 01:00,3.42,48.78,100.00,6.12,0.00,Weekday,Friday,Light_Load
24/11/2018 20:15,3.10,100.00,21.66,0.00,13.97,Weekend,Saturday,Light_Load
28/11/2018 14:15,84.46,85.76,100.00,50.65,0.00,Weekday,Wednesday,Medium_Load
07/04/2018 04:30,3.24,52.74,100.00,5.22,0.00,Weekend,Saturday,Light_Load
12/04/2018 06:45,3.67,57.22,100.00,5.26,0.00,Weekday,Thursday,Light_Load
16/11/2018 04:00,3.13,51.43,100.00,5.22,0.00,Weekday,Friday,Light_Load
22/11/2018 04:00,3.20,71.82,100.00,3.10,0.00,Weekday,Thursday,Light_Load
03/01/2018 06:30,4.57,72.35,100.00,4.36,0.00,Weekday,Wednesday,Light_Load
22/09/2018 08:45,3.31,72.22,89.06,3.17,1.69,Weekend,Saturday,Light_Load
11/04/2018 19:15,77.87,96.29,100.00,21.82,0.00,Weekday,Wednesday,Medium_Load
16/02/2018 01:30,3.10,68.69,100.00,3.28,0.00,Weekday,Friday,Light_Load
04/06/2018 12:30,5.00,100.00,21.05,0.00,23.22,Weekday,Monday,Medium_Load
25/03/2018 01:45,3.06,65.50,100.00,3.53,0.00,Weekend,Sunday,Light_Load
26/09/2018 20:00,2.74,100.00,22.80,0.00,11.70,Weekday,Wednesday,Light_Load
04/03/2018 09:00,3.28,100.00,24.34,0.00,13.07,Weekend,Sunday,Light_Load
14/06/2018 03:30,2.99,57.54,100.00,4.25,0.00,Weekday,Thursday,Light_Load
05/08/2018 00:15,3.10,55.22,100.00,4.68,0.00,Weekend,Sunday,Light_Load
21/11/2018 10:30,69.08,91.04,100.00,31.39,0.00,Weekday,Wednesday,Maximum_Load
21/04/2018 20:30,3.96,100.00,15.14,0.00,25.85,Weekend,Saturday,Medium_Load
28/11/2018 07:45,24.62,85.38,100.00,15.01,0.00,Weekday,Wednesday,Light_Load
06/12/2018 11:00,62.78,90.12,100.00,30.20,0.00,Weekday,Thursday,Maximum_Load
16/04/2018 18:45,40.10,98.95,99.99,5.87,0.68,Weekday,Monday,Medium_Load
04/06/2018 10:30,90.25,89.58,100.00,44.78,0.00,Weekday,Monday,Maximum_Load
29/03/2018 22:15,3.82,90.09,24.99,1.84,14.80,Weekday,Thursday,Medium_Load
13/03/2018 15:15,48.38,92.35,100.00,20.09,0.00,Weekday,Tuesday,Maximum_Load
22/10/2018 16:15,52.38,89.58,100.00,25.99,0.00,Weekday,Monday,Maximum_Load
16/03/2018 22:30,3.74,63.58,100.00,4.54,0.00,Weekday,Friday,Medium_Load
03/06/2018 19:45,2.92,100.00,16.53,0.00,17.42,Weekend,Sunday,Light_Load
08/03/2018 13:15,59.36,94.79,99.88,19.94,2.88,Weekday,Thursday,Maximum_Load
12/12/2018 00:00,4.21,82.90,99.55,2.84,0.40,Weekday,Wednesday,Light_Load
20/12/2018 10:30,68.72,90.49,100.00,32.33,0.00,Weekday,Thursday,Maximum_Load
28/04/2018 01:00,3.17,75.30,100.00,2.77,0.00,Weekend,Saturday,Light_Load
18/07/2018 13:15,44.89,84.59,100.00,28.30,0.00,Weekday,Wednesday,Maximum_Load
30/03/2018 14:15,60.34,91.98,100.00,25.74,0.00,Weekday,Friday,Maximum_Load
25/11/2018 20:45,3.60,100.00,16.76,0.00,21.17,Weekend,Sunday,Light_Load
09/04/2018 15:30,81.07,90.09,100.00,39.06,0.00,Weekday,Monday,Maximum_Load
27/03/2018 11:45,46.37,79.40,100.00,35.50,0.00,Weekday,Tuesday,Maximum_Load
14/07/2018 00:00,2.77,100.00,46.87,0.00,5.22,Weekend,Saturday,Light_Load
17/11/2018 06:15,3.20,60.51,100.00,4.21,0.00,Weekend,Saturday,Light_Load
27/04/2018 07:30,3.31,69.55,100.00,3.42,0.00,Weekday,Friday,Light_Load
13/12/2018 19:00,80.46,93.27,100.00,31.10,0.00,Weekday,Thursday,Maximum_Load
24/05/2018 04:30,2.95,53.65,100.00,4.64,0.00,Weekday,Thursday,Light_Load
18/06/2018 17:15,43.74,95.48,100.00,13.61,0.00,Weekday,Monday,Medium_Load
21/12/2018 19:15,5.54,100.00,25.40,0.00,21.10,Weekday,Friday,Maximum_Load
15/07/2018 16:15,97.85,95.14,100.00,31.68,0.00,Weekend,Sunday,Maximum_Load
21/02/2018 01:15,37.33,84.69,100.00,23.44,0.00,Weekday,Wednesday,Light_Load
13/02/2018 23:15,36.40,81.31,100.00,26.06,0.00,Weekday,Tuesday,Light_Load
25/10/2018 22:30,3.64,50.03,100.00,6.30,0.00,Weekday,Thursday,Medium_Load
12/11/2018 06:45,2.59,65.10,100.00,3.02,0.00,Weekday,Monday,Light_Load
30/01/2018 22:45,90.79,88.91,100.00,46.73,0.00,Weekday,Tuesday,Maximum_Load
25/12/2018 03:30,3.20,81.20,99.98,2.30,0.07,Weekday,Tuesday,Light_Load
13/03/2018 13:00,6.62,100.00,25.54,0.00,25.06,Weekday,Tuesday,Medium_Load
01/12/2018 13:45,26.86,100.00,96.49,0.07,7.31,Weekend,Saturday,Medium_Load
03/08/2018 08:00,3.24,43.01,100.00,6.80,0.00,Weekday,Friday,Light_Load
06/01/2018 17:30,3.38,100.00,18.46,0.00,18.00,Weekend,Saturday,Light_Load
07/11/2018 21:15,5.26,100.00,29.91,0.00,16.78,Weekday,Wednesday,Medium_Load
30/12/2018 18:15,3.89,100.00,34.00,0.00,10.76,Weekend,Sunday,Light_Load
30/07/2018 14:15,48.64,86.80,100.00,27.83,0.00,Weekday,Monday,Maximum_Load
27/08/2018 23:30,2.66,54.06,100.00,4.14,0.00,Weekday,Monday,Light_Load
21/07/2018 12:00,10.87,73.93,100.00,9.90,0.00,Weekend,Saturday,Maximum_Load
08/05/2018 23:15,3.71,72.84,100.00,3.49,0.00,Weekday,Tuesday,Light_Load
31/05/2018 04:30,3.02,50.08,100.00,5.22,0.00,Weekday,Thursday,Light_Load
10/08/2018 06:15,2.52,52.36,100.00,4.10,0.00,Weekday,Friday,Light_Load
29/08/2018 17:15,53.64,87.39,100.00,29.84,0.00,Weekday,Wednesday,Medium_Load
28/06/2018 15:30,47.84,91.80,100.00,20.66,0.00,Weekday,Thursday,Maximum_Load
20/11/2018 01:15,3.64,72.88,100.00,3.42,0.00,Weekday,Tuesday,Light_Load
05/08/2018 19:30,3.10,100.00,18.64,0.00,16.34,Weekend,Sunday,Light_Load
09/12/2018 09:45,3.31,100.00,22.78,0.00,14.15,Weekend,Sunday,Light_Load
04/09/2018 05:30,2.59,47.03,100.00,4.86,0.00,Weekday,Tuesday,Light_Load
21/06/2018 09:00,58.39,84.72,100.00,36.61,0.00,Weekday,Thursday,Light_Load
09/10/2018 06:00,2.56,48.31,100.00,4.64,0.00,Weekday,Tuesday,Light_Load
03/12/2018 07:45,5.98,90.33,100.00,2.84,0.04,Weekday,Monday,Light_Load
01/04/2018 08:15,2.70,59.58,100.00,3.64,0.00,Weekend,Sunday,Light_Load
15/11/2018 09:45,113.15,89.95,100.00,54.97,0.00,Weekday,Thursday,Medium_Load
13/03/2018 02:15,4.54,55.53,100.00,6.80,0.00,Weekday,Tuesday,Light_Load
04/01/2018 14:30,121.93,94.17,100.00,43.56,0.00,Weekday,Thursday,Medium_Load
02/08/2018 18:45,2.92,100.00,26.19,0.00,10.76,Weekday,Thursday,Light_Load
09/07/2018 20:00,48.10,95.68,100.00,14.62,0.00,Weekday,Monday,Medium_Load
02/05/2018 21:00,20.74,100.00,81.21,0.04,14.90,Weekday,Wednesday,Medium_Load
03/03/2018 17:30,5.54,100.00,20.54,0.00,26.39,Weekend,Saturday,Medium_Load
07/08/2018 11:15,96.23,87.58,100.00,53.03,0.00,Weekday,Tuesday,Maximum_Load
06/12/2018 20:30,38.84,97.56,100.00,8.75,0.00,Weekday,Thursday,Medium_Load
03/11/2018 20:15,3.74,100.00,19.82,0.00,18.50,Weekend,Saturday,Medium_Load
15/03/2018 18:15,58.50,80.71,100.00,42.80,0.47,Weekday,Thursday,Medium_Load
28/08/2018 05:30,2.52,50.74,100.00,4.28,0.00,Weekday,Tuesday,Light_Load
04/10/2018 16:45,75.20,82.33,100.00,51.84,0.00,Weekday,Thursday,Maximum_Load
28/10/2018 11:00,2.99,100.00,26.59,0.00,10.84,Weekend,Sunday,Light_Load
25/07/2018 12:30,5.44,100.00,22.38,0.00,23.69,Weekday,Wednesday,Medium_Load
17/12/2018 04:00,3.60,79.25,100.00,2.77,0.00,Weekday,Monday,Light_Load
31/03/2018 03:30,2.74,60.56,100.00,3.60,0.00,Weekend,Saturday,Light_Load
15/11/2018 03:15,3.56,56.86,100.00,5.15,0.00,Weekday,Thursday,Light_Load
08/09/2018 20:30,2.99,100.00,25.12,0.00,11.52,Weekend,Saturday,Medium_Load
10/09/2018 12:30,4.57,100.00,25.62,0.00,17.24,Weekday,Monday,Medium_Load
01/04/2018 06:00,2.77,60.56,100.00,3.64,0.00,Weekend,Sunday,Light_Load
21/11/2018 10:45,69.66,91.35,100.00,31.03,0.00,Weekday,Wednesday,Maximum_Load
10/04/2018 10:30,61.92,93.12,100.00,24.23,0.00,Weekday,Tuesday,Maximum_Load
22/10/2018 08:45,48.35,78.61,100.00,38.02,0.00,Weekday,Monday,Light_Load
02/04/2018 11:00,47.30,92.37,100.00,19.62,0.00,Weekday,Monday,Maximum_Load
11/11/2018 23:15,2.63,68.33,100.00,2.81,0.00,Weekend,Sunday,Light_Load
11/04/2018 20:30,71.50,97.09,100.00,17.64,0.04,Weekday,Wednesday,Medium_Load
16/12/2018 07:15,3.38,77.68,100.00,2.74,0.00,Weekend,Sunday,Light_Load
17/01/2018 08:45,62.75,78.71,100.00,49.18,0.00,Weekday,Wednesday,Light_Load
25/02/2018 06:45,4.46,64.96,100.00,5.22,0.00,Weekend,Sunday,Light_Load
01/06/2018 22:15,3.64,90.99,26.96,1.66,13.00,Weekday,Friday,Medium_Load
30/06/2018 04:45,2.84,51.88,100.00,4.68,0.00,Weekend,Saturday,Light_Load
25/11/2018 08:00,2.92,65.71,100.00,3.35,0.00,Weekend,Sunday,Light_Load
16/04/2018 02:00,3.10,63.41,100.00,3.78,0.00,Weekday,Monday,Light_Load
01/06/2018 20:15,3.60,100.00,14.16,0.00,25.16,Weekday,Friday,Medium_Load
02/01/2018 00:45,3.28,66.64,100.00,3.67,0.00,Weekday,Tuesday,Light_Load
29/07/2018 09:00,35.39,99.26,99.99,4.32,0.43,Weekend,Sunday,Light_Load
09/06/2018 02:30,2.92,47.09,100.00,5.47,0.00,Weekend,Saturday,Light_Load
28/05/2018 01:45,3.02,44.90,100.00,6.01,0.00,Weekday,Monday,Light_Load
15/03/2018 05:15,3.46,52.70,100.00,5.58,0.00,Weekday,Thursday,Light_Load
07/02/2018 10:15,69.34,93.17,100.00,27.04,0.00,Weekday,Wednesday,Maximum_Load
29/03/2018 01:30,3.71,64.55,100.00,4.39,0.00,Weekday,Thursday,Light_Load
25/09/2018 11:30,2.66,100.00,22.04,0.00,11.77,Weekday,Tuesday,Light_Load
01/02/2018 14:00,105.37,90.97,100.00,48.10,0.00,Weekday,Thursday,Medium_Load
25/06/2018 13:15,75.13,95.45,99.98,23.47,1.55,Weekday,Monday,Maximum_Load
27/06/2018 14:00,67.21,89.96,100.00,32.62,0.00,Weekday,Wednesday,Maximum_Load
16/12/2018 10:45,54.86,93.72,100.00,20.41,0.00,Weekend,Sunday,Maximum_Load
20/06/2018 22:15,3.67,96.87,26.56,0.94,13.32,Weekday,Wednesday,Medium_Load
30/07/2018 00:30,2.66,49.10,100.00,4.72,0.00,Weekday,Monday,Light_Load
17/12/2018 19:30,5.62,100.00,24.91,0.00,21.85,Weekday,Monday,Maximum_Load
03/04/2018 03:45,3.38,62.60,100.00,4.21,0.00,Weekday,Tuesday,Light_Load
17/05/2018 15:00,97.02,92.37,100.00,40.25,0.00,Weekday,Thursday,Maximum_Load
08/06/2018 22:45,3.46,57.45,100.00,4.93,0.00,Weekday,Friday,Medium_Load
25/05/2018 05:30,3.10,66.73,100.00,3.46,0.00,Weekday,Friday,Light_Load
29/08/2018 18:45,56.16,81.01,100.00,40.64,0.00,Weekday,Wednesday,Medium_Load
31/01/2018 04:15,5.87,73.35,100.00,5.44,0.00,Weekday,Wednesday,Light_Load
23/01/2018 21:00,42.44,99.81,99.69,2.63,3.35,Weekday,Tuesday,Medium_Load
30/11/2018 19:15,44.96,94.74,100.00,15.19,0.00,Weekday,Friday,Maximum_Load
23/12/2018 13:45,3.67,100.00,25.98,0.00,13.64,Weekend,Sunday,Light_Load
07/01/2018 12:15,3.53,100.00,25.82,0.00,13.21,Weekend,Sunday,Light_Load
28/02/2018 21:45,5.80,100.00,21.87,0.00,25.88,Weekday,Wednesday,Medium_Load
28/06/2018 02:45,3.31,62.82,100.00,4.10,0.00,Weekday,Thursday,Light_Load
09/02/2018 14:00,66.85,93.97,100.00,24.34,0.00,Weekday,Friday,Medium_Load
20/12/2018 23:00,5.04,88.66,100.00,2.63,0.00,Weekday,Thursday,Maximum_Load
26/05/2018 11:45,33.95,89.73,100.00,16.70,0.00,Weekend,Saturday,Maximum_Load
29/08/2018 07:30,3.24,55.16,100.00,4.90,0.00,Weekday,Wednesday,Light_Load
31/07/2018 10:30,63.86,94.73,100.00,21.60,0.00,Weekday,Tuesday,Maximum_Load
15/07/2018 02:30,2.88,100.00,53.91,0.00,4.50,Weekend,Sunday,Light_Load
21/09/2018 14:45,8.60,100.00,49.54,0.00,15.08,Weekday,Friday,Maximum_Load
30/01/2018 00:00,97.99,89.89,100.00,47.77,0.00,Weekday,Tuesday,Light_Load
31/05/2018 04:45,2.92,48.33,100.00,5.29,0.00,Weekday,Thursday,Light_Load
24/11/2018 07:45,3.53,74.09,100.00,3.20,0.00,Weekend,Saturday,Light_Load
11/10/2018 22:00,3.92,99.99,23.82,0.04,15.98,Weekday,Thursday,Medium_Load
31/03/2018 02:15,2.74,60.56,100.00,3.60,0.00,Weekend,Saturday,Light_Load
09/02/2018 10:30,57.28,97.42,100.00,13.28,0.00,Weekday,Friday,Maximum_Load
26/02/2018 02:15,3.85,74.09,100.00,3.49,0.00,Weekday,Monday,Light_Load
26/11/2018 13:15,56.52,91.27,99.20,25.31,7.20,Weekday,Monday,Medium_Load
09/01/2018 16:00,123.30,92.92,100.00,49.03,0.00,Weekday,Tuesday,Medium_Load
14/07/2018 18:30,2.99,100.00,50.21,0.00,5.15,Weekend,Saturday,Medium_Load
05/09/2018 19:00,45.90,90.21,100.00,21.96,0.00,Weekday,Wednesday,Medium_Load
25/08/2018 06:15,2.77,46.39,100.00,5.29,0.00,Weekend,Saturday,Light_Load
23/09/2018 22:30,2.63,41.53,100.00,5.76,0.00,Weekend,Sunday,Light_Load
07/07/2018 09:30,54.90,90.70,100.00,25.49,0.00,Weekend,Saturday,Medium_Load
28/11/2018 17:15,83.74,92.41,100.00,34.63,0.00,Weekday,Wednesday,Maximum_Load
28/07/2018 06:30,3.28,53.20,100.00,5.22,0.00,Weekend,Saturday,Light_Load
16/02/2018 11:30,3.31,100.00,57.17,0.00,4.75,Weekday,Friday,Light_Load
19/02/2018 12:00,58.28,88.74,100.00,30.28,0.04,Weekday,Monday,Maximum_Load
21/10/2018 02:30,2.74,53.21,100.00,4.36,0.00,Weekend,Sunday,Light_Load
14/10/2018 20:00,2.99,100.00,25.27,0.00,11.45,Weekend,Sunday,Light_Load
28/04/2018 09:30,69.30,99.81,99.99,4.28,0.90,Weekend,Saturday,Medium_Load
11/09/2018 07:45,2.99,51.86,100.00,4.93,0.00,Weekday,Tuesday,Light_Load
20/12/2018 07:15,3.96,82.62,99.59,2.70,0.36,Weekday,Thursday,Light_Load
28/11/2018 07:15,22.46,81.96,100.00,15.70,0.00,Weekday,Wednesday,Light_Load
19/12/2018 21:45,4.25,100.00,19.00,0.00,21.96,Weekday,Wednesday,Medium_Load
04/11/2018 23:15,2.92,57.27,100.00,4.18,0.00,Weekend,Sunday,Light_Load
26/08/2018 21:15,3.13,100.00,21.97,0.00,13.90,Weekend,Sunday,Medium_Load
16/02/2018 08:15,3.06,65.93,100.00,3.49,0.00,Weekday,Friday,Light_Load
02/04/2018 01:45,2.92,55.65,100.00,4.36,0.00,Weekday,Monday,Light_Load
21/12/2018 20:30,5.44,100.00,24.69,0.00,21.35,Weekday,Friday,Medium_Load
17/07/2018 20:15,37.48,99.12,100.00,5.00,0.00,Weekday,Tuesday,Medium_Load
24/02/2018 10:00,88.78,98.94,100.00,13.00,0.00,Weekend,Saturday,Medium_Load
13/02/2018 06:15,4.75,67.80,100.00,5.15,0.00,Weekday,Tuesday,Light_Load
02/06/2018 23:45,2.88,47.82,100.00,5.29,0.00,Weekend,Saturday,Light_Load
01/09/2018 15:30,26.17,99.98,99.73,0.58,1.94,Weekend,Saturday,Maximum_Load
11/07/2018 13:15,42.88,94.70,99.00,14.54,6.12,Weekday,Wednesday,Maximum_Load
17/02/2018 01:45,3.13,63.08,100.00,3.85,0.00,Weekend,Saturday,Light_Load
12/03/2018 05:45,3.10,69.13,100.00,3.24,0.00,Weekday,Monday,Light_Load
05/05/2018 04:30,2.99,61.64,100.00,3.82,0.00,Weekend,Saturday,Light_Load
30/11/2018 07:00,3.35,71.13,100.00,3.31,0.00,Weekday,Friday,Light_Load
04/05/2018 21:30,3.85,100.00,14.65,0.00,25.99,Weekday,Friday,Medium_Load
04/05/2018 02:15,4.61,66.70,100.00,5.15,0.00,Weekday,Friday,Light_Load
28/10/2018 08:30,2.81,44.98,100.00,5.58,0.00,Weekend,Sunday,Light_Load
29/11/2018 21:45,5.65,100.00,27.16,0.00,20.02,Weekday,Thursday,Medium_Load
08/01/2018 21:15,13.57,99.99,55.57,0.14,20.30,Weekday,Monday,Medium_Load
08/04/2018 16:00,27.00,100.00,95.65,0.00,8.24,Weekend,Sunday,Maximum_Load
19/04/2018 15:30,66.06,89.33,100.00,33.23,0.00,Weekday,Thursday,Maximum_Load
31/05/2018 17:00,39.78,97.76,100.00,8.57,0.00,Weekday,Thursday,Maximum_Load
05/03/2018 00:15,2.99,62.75,100.00,3.71,0.00,Weekday,Monday,Light_Load
05/01/2018 01:15,4.68,65.77,100.00,5.36,0.00,Weekday,Friday,Light_Load
12/07/2018 13:00,4.61,100.00,21.67,0.00,20.77,Weekday,Thursday,Medium_Load
29/03/2018 06:00,3.02,60.64,100.00,3.96,0.00,Weekday,Thursday,Light_Load
13/09/2018 15:15,109.01,89.42,100.00,54.58,0.00,Weekday,Thursday,Maximum_Load
25/10/2018 20:00,57.06,89.72,100.00,28.08,0.00,Weekday,Thursday,Medium_Load
28/06/2018 22:15,3.82,96.68,28.78,1.01,12.71,Weekday,Thursday,Medium_Load
19/06/2018 21:00,14.98,99.92,69.03,0.61,15.70,Weekday,Tuesday,Medium_Load
07/10/2018 22:15,2.59,46.21,99.99,4.97,0.04,Weekend,Sunday,Light_Load
22/07/2018 19:30,3.53,100.00,20.59,0.00,16.78,Weekend,Sunday,Light_Load
06/07/2018 15:45,111.24,92.91,100.00,44.28,0.00,Weekday,Friday,Maximum_Load
25/04/2018 14:15,59.62,91.13,100.00,26.93,0.00,Weekday,Wednesday,Maximum_Load
16/06/2018 12:00,4.68,99.77,74.03,0.32,4.25,Weekend,Saturday,Maximum_Load
02/03/2018 16:15,26.42,100.00,90.17,0.00,12.67,Weekday,Friday,Maximum_Load
10/09/2018 20:00,3.49,100.00,19.33,0.00,17.71,Weekday,Monday,Medium_Load
09/10/2018 13:00,3.89,100.00,25.55,0.00,14.72,Weekday,Tuesday,Medium_Load
03/10/2018 10:00,57.10,84.06,100.00,36.79,0.00,Weekday,Wednesday,Medium_Load
10/09/2018 07:00,2.74,44.33,100.00,5.54,0.00,Weekday,Monday,Light_Load
18/06/2018 13:15,72.65,95.40,99.96,22.82,2.05,Weekday,Monday,Maximum_Load
02/05/2018 02:30,2.88,55.47,100.00,4.32,0.00,Weekday,Wednesday,Light_Load
23/11/2018 23:15,4.68,87.49,100.00,2.59,0.00,Weekday,Friday,Light_Load
30/09/2018 10:00,2.77,100.00,23.11,0.00,11.66,Weekend,Sunday,Light_Load
29/12/2018 05:45,2.99,79.65,100.00,2.27,0.00,Weekend,Saturday,Light_Load
03/02/2018 04:15,5.90,78.35,100.00,4.68,0.00,Weekend,Saturday,Light_Load
10/08/2018 07:30,3.53,57.06,100.00,5.08,0.00,Weekday,Friday,Light_Load
29/11/2018 23:00,4.03,60.82,100.00,5.26,0.00,Weekday,Thursday,Maximum_Load
20/04/2018 23:30,3.46,70.71,100.00,3.46,0.00,Weekday,Friday,Light_Load
27/03/2018 15:15,38.41,99.67,99.99,3.13,0.61,Weekday,Tuesday,Maximum_Load
11/11/2018 13:00,3.02,100.00,24.42,0.00,11.99,Weekend,Sunday,Light_Load
06/05/2018 21:30,3.20,100.00,18.51,0.00,16.99,Weekend,Sunday,Light_Load
20/06/2018 06:30,3.49,48.46,100.00,6.30,0.00,Weekday,Wednesday,Light_Load
18/07/2018 23:15,2.81,100.00,50.05,0.00,4.86,Weekday,Wednesday,Light_Load
13/11/2018 05:30,3.67,49.28,100.00,6.48,0.00,Weekday,Tuesday,Light_Load
29/09/2018 04:00,2.59,53.04,100.00,4.14,0.00,Weekend,Saturday,Light_Load
13/02/2018 08:15,40.46,82.26,100.00,27.97,0.00,Weekday,Tuesday,Light_Load
24/02/2018 01:30,6.70,78.66,100.00,5.26,0.00,Weekend,Saturday,Light_Load
11/06/2018 15:15,88.02,87.86,100.00,47.84,0.00,Weekday,Monday,Maximum_Load
14/01/2018 07:30,4.10,70.97,100.00,4.07,0.00,Weekend,Sunday,Light_Load
26/08/2018 19:15,3.06,100.00,21.77,0.00,13.72,Weekend,Sunday,Medium_Load
27/06/2018 08:45,51.41,72.42,100.00,48.96,0.00,Weekday,Wednesday,Light_Load
10/03/2018 03:45,3.13,75.24,100.00,2.74,0.00,Weekend,Saturday,Light_Load
07/05/2018 04:45,2.95,58.69,100.00,4.07,0.00,Weekday,Monday,Light_Load
01/01/2018 11:45,4.00,100.00,51.26,0.00,6.70,Weekday,Monday,Light_Load
24/05/2018 16:00,86.72,91.32,100.00,38.70,0.00,Weekday,Thursday,Maximum_Load
28/12/2018 04:45,4.10,83.52,99.86,2.70,0.22,Weekday,Friday,Light_Load
02/10/2018 14:45,53.75,82.80,100.00,36.40,0.00,Weekday,Tuesday,Maximum_Load
06/11/2018 08:45,60.37,76.70,100.00,50.51,0.00,Weekday,Tuesday,Light_Load
14/05/2018 00:00,4.54,60.47,100.00,5.98,0.00,Weekday,Monday,Light_Load
13/05/2018 21:15,3.20,100.00,18.58,0.00,16.92,Weekend,Sunday,Light_Load
19/06/2018 10:15,37.26,99.05,99.97,5.18,0.97,Weekday,Tuesday,Maximum_Load
13/12/2018 10:00,56.84,95.37,100.00,17.93,0.00,Weekday,Thursday,Medium_Load
10/02/2018 02:00,7.06,77.27,100.00,5.80,0.00,Weekend,Saturday,Light_Load
01/06/2018 07:30,3.10,50.56,100.00,5.29,0.00,Weekday,Friday,Light_Load
11/01/2018 18:45,116.06,92.44,100.00,47.88,0.00,Weekday,Thursday,Maximum_Load
07/11/2018 18:45,52.49,87.26,100.00,29.38,0.00,Weekday,Wednesday,Maximum_Load
28/03/2018 07:00,2.95,67.32,100.00,3.24,0.00,Weekday,Wednesday,Light_Load
09/06/2018 12:00,2.92,100.00,53.51,0.00,4.61,Weekend,Saturday,Light_Load
24/04/2018 18:30,80.64,86.51,100.00,46.76,0.00,Weekday,Tuesday,Medium_Load
06/06/2018 17:15,88.99,91.39,100.00,39.53,0.00,Weekday,Wednesday,Medium_Load
29/05/2018 04:15,3.06,51.38,100.00,5.11,0.00,Weekday,Tuesday,Light_Load
31/10/2018 16:00,56.88,85.55,100.00,34.42,0.00,Weekday,Wednesday,Maximum_Load
12/01/2018 02:30,4.79,67.61,100.00,5.22,0.00,Weekday,Friday,Light_Load
23/05/2018 23:30,3.38,66.66,100.00,3.78,0.00,Weekday,Wednesday,Light_Load
30/11/2018 16:30,44.75,96.78,100.00,11.63,0.00,Weekday,Friday,Medium_Load
11/09/2018 09:15,115.13,88.19,100.00,61.56,0.00,Weekday,Tuesday,Medium_Load
16/08/2018 12:30,4.64,100.00,31.16,0.00,14.15,Weekday,Thursday,Medium_Load
12/06/2018 11:45,60.77,81.96,100.00,42.48,0.00,Weekday,Tuesday,Maximum_Load
16/02/2018 14:00,3.38,100.00,19.54,0.00,16.96,Weekday,Friday,Light_Load
03/01/2018 07:45,7.92,86.09,100.00,4.68,0.00,Weekday,Wednesday,Light_Load
14/01/2018 14:00,30.78,99.99,98.19,0.47,5.94,Weekend,Sunday,Medium_Load
19/04/2018 14:15,56.81,92.57,100.00,23.22,0.00,Weekday,Thursday,Maximum_Load
25/05/2018 16:30,69.80,82.80,100.00,47.27,0.00,Weekday,Friday,Maximum_Load
21/10/2018 10:45,2.99,100.00,25.58,0.00,11.30,Weekend,Sunday,Light_Load
14/03/2018 05:30,3.31,56.61,100.00,4.82,0.00,Weekday,Wednesday,Light_Load
04/05/2018 07:15,3.02,57.65,100.00,4.28,0.00,Weekday,Friday,Light_Load
09/11/2018 05:00,2.88,56.10,100.00,4.25,0.00,Weekday,Friday,Light_Load
31/07/2018 03:15,2.95,58.69,100.00,4.07,0.00,Weekday,Tuesday,Light_Load
09/09/2018 19:45,2.99,100.00,24.84,0.00,11.66,Weekend,Sunday,Medium_Load
13/08/2018 06:45,2.74,46.76,100.00,5.18,0.00,Weekday,Monday,Light_Load
20/09/2018 17:15,50.33,86.34,100.00,29.41,0.00,Weekday,Thursday,Medium_Load
05/06/2018 10:30,49.97,87.34,100.00,27.86,0.00,Weekday,Tuesday,Maximum_Load
27/03/2018 18:00,30.31,100.00,95.71,0.00,9.18,Weekday,Tuesday,Medium_Load
06/10/2018 17:00,84.56,92.92,100.00,33.62,0.00,Weekend,Saturday,Maximum_Load
24/03/2018 19:30,4.46,100.00,16.76,0.00,26.24,Weekend,Saturday,Medium_Load
23/01/2018 04:30,38.12,81.17,100.00,27.43,0.00,Weekday,Tuesday,Light_Load
28/07/2018 03:00,3.64,51.99,100.00,5.98,0.00,Weekend,Saturday,Light_Load
18/07/2018 12:00,47.59,72.20,100.00,45.61,0.00,Weekday,Wednesday,Maximum_Load
17/10/2018 15:45,67.39,81.35,100.00,48.17,0.00,Weekday,Wednesday,Maximum_Load
19/02/2018 08:45,74.48,78.73,100.00,58.32,0.00,Weekday,Monday,Light_Load
31/10/2018 22:30,4.14,48.23,100.00,7.52,0.00,Weekday,Wednesday,Medium_Load
05/10/2018 00:45,3.42,46.68,100.00,6.48,0.00,Weekday,Friday,Light_Load
13/09/2018 02:45,2.99,47.23,100.00,5.58,0.00,Weekday,Thursday,Light_Load
23/06/2018 00:45,2.70,52.04,100.00,4.43,0.00,Weekend,Saturday,Light_Load
10/02/2018 22:15,4.64,93.50,28.95,1.76,15.34,Weekend,Saturday,Light_Load
11/05/2018 09:45,69.08,87.92,100.00,37.44,0.00,Weekday,Friday,Medium_Load
24/04/2018 10:45,47.27,98.49,100.00,8.32,0.00,Weekday,Tuesday,Maximum_Load
22/12/2018 21:30,5.51,100.00,25.56,0.00,20.84,Weekend,Saturday,Light_Load
22/04/2018 19:15,4.07,100.00,18.82,0.00,21.24,Weekend,Sunday,Medium_Load
03/10/2018 22:15,2.74,46.76,99.92,5.18,0.11,Weekday,Wednesday,Medium_Load
14/09/2018 12:00,63.40,76.94,100.00,52.63,0.00,Weekday,Friday,Maximum_Load
29/03/2018 05:45,3.10,62.03,100.00,3.92,0.00,Weekday,Thursday,Light_Load
27/11/2018 22:15,24.88,84.63,100.00,15.66,0.00,Weekday,Tuesday,Maximum_Load
30/04/2018 17:45,50.90,94.20,100.00,18.14,0.43,Weekday,Monday,Medium_Load
29/07/2018 12:00,11.09,92.55,96.40,4.54,3.06,Weekend,Sunday,Maximum_Load
03/12/2018 20:30,45.36,92.67,100.00,18.40,0.00,Weekday,Monday,Medium_Load
07/02/2018 22:15,37.84,94.91,99.79,12.56,2.45,Weekday,Wednesday,Maximum_Load
31/08/2018 18:15,31.82,95.08,99.99,10.37,0.54,Weekday,Friday,Medium_Load
08/01/2018 13:30,76.14,89.63,100.00,37.66,0.00,Weekday,Monday,Medium_Load
30/06/2018 18:00,3.89,100.00,22.01,0.00,17.24,Weekend,Saturday,Medium_Load
05/01/2018 23:00,4.07,70.71,100.00,4.07,0.00,Weekday,Friday,Maximum_Load
01/01/2018 22:45,3.24,69.52,100.00,3.35,0.00,Weekday,Monday,Light_Load
13/11/2018 03:15,3.74,49.76,100.00,6.52,0.00,Weekday,Tuesday,Light_Load
28/12/2018 06:00,3.06,85.70,99.16,1.84,0.40,Weekday,Friday,Light_Load
09/02/2018 11:30,66.46,85.62,100.00,40.10,0.00,Weekday,Friday,Maximum_Load
29/07/2018 16:30,32.54,99.79,99.93,2.12,1.22,Weekend,Sunday,Maximum_Load
01/10/2018 22:45,3.24,42.45,100.00,6.91,0.00,Weekday,Monday,Medium_Load
03/05/2018 16:00,80.78,93.04,100.00,31.82,0.00,Weekday,Thursday,Maximum_Load
26/07/2018 20:30,52.60,93.42,100.00,20.09,0.11,Weekday,Thursday,Medium_Load
13/06/2018 00:45,3.24,55.47,100.00,4.86,0.00,Weekday,Wednesday,Light_Load
21/09/2018 19:45,2.77,100.00,22.64,0.00,11.92,Weekday,Friday,Medium_Load
30/05/2018 04:30,2.99,50.21,100.00,5.15,0.00,Weekday,Wednesday,Light_Load
18/05/2018 00:30,3.71,61.23,100.00,4.79,0.00,Weekday,Friday,Light_Load
22/11/2018 20:45,68.98,92.70,100.00,27.90,0.00,Weekday,Thursday,Medium_Load
21/03/2018 04:00,3.31,67.68,100.00,3.60,0.00,Weekday,Wednesday,Light_Load
10/02/2018 00:15,88.60,87.45,100.00,49.14,0.00,Weekend,Saturday,Light_Load
13/02/2018 18:45,90.86,98.68,100.00,14.90,0.11,Weekday,Tuesday,Maximum_Load
10/05/2018 20:30,58.07,88.36,100.00,30.78,0.00,Weekday,Thursday,Medium_Load
26/05/2018 08:30,35.46,74.43,100.00,31.82,0.00,Weekend,Saturday,Light_Load
19/12/2018 20:00,5.33,100.00,23.19,0.00,22.36,Weekday,Wednesday,Maximum_Load
14/05/2018 16:15,54.22,91.45,100.00,23.98,0.00,Weekday,Monday,Maximum_Load
04/02/2018 13:15,4.32,100.00,24.74,0.00,16.92,Weekend,Sunday,Light_Load
15/02/2018 05:45,3.92,53.07,100.00,6.26,0.00,Weekday,Thursday,Light_Load
14/05/2018 19:30,60.44,87.98,100.00,32.65,0.00,Weekday,Monday,Medium_Load
07/01/2018 12:45,3.74,100.00,20.39,0.00,17.96,Weekend,Sunday,Light_Load
23/06/2018 13:15,29.05,98.97,97.88,4.21,6.08,Weekend,Saturday,Maximum_Load
28/07/2018 21:00,2.84,100.00,16.25,0.00,17.24,Weekend,Saturday,Medium_Load
07/07/2018 07:15,3.02,55.73,100.00,4.50,0.00,Weekend,Saturday,Light_Load
04/12/2018 14:45,53.46,87.64,100.00,29.38,0.00,Weekday,Tuesday,Medium_Load
07/11/2018 08:30,54.94,76.79,100.00,45.83,0.00,Weekday,Wednesday,Light_Load
12/03/2018 02:45,3.82,60.10,100.00,5.08,0.00,Weekday,Monday,Light_Load
02/12/2018 06:00,3.35,77.41,100.00,2.74,0.00,Weekend,Sunday,Light_Load
23/01/2018 07:15,39.49,80.58,100.00,29.02,0.00,Weekday,Tuesday,Light_Load
27/12/2018 11:15,51.16,95.99,100.00,14.94,0.00,Weekday,Thursday,Maximum_Load
17/08/2018 13:30,81.14,86.84,100.00,46.33,0.00,Weekday,Friday,Maximum_Load
07/02/2018 17:00,70.02,95.43,100.00,21.92,0.00,Weekday,Wednesday,Medium_Load
04/03/2018 22:00,3.74,100.00,16.53,0.00,22.32,Weekend,Sunday,Light_Load
29/03/2018 15:30,47.66,91.93,100.00,20.41,0.00,Weekday,Thursday,Maximum_Load
26/07/2018 16:30,53.64,94.96,100.00,17.71,0.00,Weekday,Thursday,Maximum_Load
29/12/2018 02:30,3.82,74.89,100.00,3.38,0.00,Weekend,Saturday,Light_Load
24/02/2018 00:45,82.30,89.90,100.00,40.10,0.00,Weekend,Saturday,Light_Load
05/07/2018 15:15,81.04,94.66,100.00,27.61,0.00,Weekday,Thursday,Maximum_Load
14/12/2018 14:45,84.74,92.26,100.00,35.42,0.00,Weekday,Friday,Medium_Load
13/12/2018 07:45,5.69,90.34,99.62,2.70,0.50,Weekday,Thursday,Light_Load
05/09/2018 19:30,51.34,91.07,100.00,23.29,0.00,Weekday,Wednesday,Medium_Load
07/03/2018 13:00,6.48,100.00,24.10,0.00,26.10,Weekday,Wednesday,Medium_Load
27/09/2018 02:00,2.52,43.01,100.00,5.29,0.00,Weekday,Thursday,Light_Load
15/11/2018 03:45,4.43,64.99,100.00,5.18,0.00,Weekday,Thursday,Light_Load
11/08/2018 20:45,3.10,100.00,20.80,0.00,14.58,Weekend,Saturday,Medium_Load
17/06/2018 01:30,2.88,56.74,100.00,4.18,0.00,Weekend,Sunday,Light_Load
13/09/2018 03:15,2.74,48.81,100.00,4.90,0.00,Weekday,Thursday,Light_Load
14/04/2018 08:15,17.39,76.48,100.00,14.65,0.00,Weekend,Saturday,Light_Load
22/05/2018 04:00,3.06,59.81,100.00,4.10,0.00,Weekday,Tuesday,Light_Load
04/07/2018 18:00,36.68,99.64,99.45,3.10,3.85,Weekday,Wednesday,Medium_Load
11/10/2018 19:45,114.98,89.88,100.00,56.09,0.00,Weekday,Thursday,Medium_Load
01/04/2018 03:30,2.84,56.20,100.00,4.18,0.00,Weekend,Sunday,Light_Load
15/08/2018 16:00,99.68,92.67,100.00,40.43,0.00,Weekday,Wednesday,Maximum_Load
25/11/2018 07:00,2.81,70.33,100.00,2.84,0.00,Weekend,Sunday,Light_Load
03/02/2018 10:15,38.12,99.96,99.85,1.04,2.09,Weekend,Saturday,Maximum_Load
30/01/2018 21:15,70.13,99.19,100.00,8.96,0.50,Weekday,Tuesday,Medium_Load
12/07/2018 15:15,54.86,95.43,100.00,17.17,0.00,Weekday,Thursday,Maximum_Load
11/07/2018 06:45,3.35,59.71,100.00,4.50,0.00,Weekday,Wednesday,Light_Load
05/11/2018 10:15,61.56,89.00,100.00,31.54,0.00,Weekday,Monday,Maximum_Load
02/08/2018 09:45,2.70,100.00,15.28,0.00,17.46,Weekday,Thursday,Light_Load
10/05/2018 13:30,60.34,90.38,100.00,28.58,0.00,Weekday,Thursday,Maximum_Load
27/10/2018 06:45,3.49,43.62,100.00,7.20,0.00,Weekend,Saturday,Light_Load
18/04/2018 21:15,4.82,100.00,17.97,0.00,26.39,Weekday,Wednesday,Medium_Load
29/03/2018 00:00,3.49,60.11,100.00,4.64,0.00,Weekday,Thursday,Light_Load
06/05/2018 09:00,3.13,100.00,23.11,0.00,13.18,Weekend,Sunday,Light_Load
29/11/2018 02:30,4.03,65.25,100.00,4.68,0.00,Weekday,Thursday,Light_Load
23/02/2018 00:00,89.57,90.69,100.00,41.62,0.00,Weekday,Friday,Light_Load
06/03/2018 18:15,49.25,92.31,100.00,20.52,0.04,Weekday,Tuesday,Medium_Load
21/08/2018 19:15,56.27,86.59,100.00,32.51,0.00,Weekday,Tuesday,Medium_Load
07/01/2018 00:45,3.64,71.10,100.00,3.60,0.00,Weekend,Sunday,Light_Load
29/03/2018 13:00,4.39,100.00,24.72,0.00,17.21,Weekday,Thursday,Medium_Load
05/07/2018 12:15,8.42,99.08,46.94,1.15,15.84,Weekday,Thursday,Medium_Load
01/02/2018 11:30,108.11,88.01,100.00,58.32,0.00,Weekday,Thursday,Maximum_Load
29/03/2018 14:30,72.00,88.39,100.00,38.09,0.00,Weekday,Thursday,Maximum_Load
25/01/2018 01:15,36.94,81.41,100.00,26.35,0.00,Weekday,Thursday,Light_Load
03/12/2018 02:00,3.49,80.30,100.00,2.59,0.00,Weekday,Monday,Light_Load
17/01/2018 04:30,4.64,71.79,100.00,4.50,0.00,Weekday,Wednesday,Light_Load
06/07/2018 18:00,32.98,99.99,99.35,0.47,3.78,Weekday,Friday,Medium_Load
09/08/2018 00:45,2.70,48.87,100.00,4.82,0.00,Weekday,Thursday,Light_Load
20/07/2018 03:45,2.81,47.90,100.00,5.15,0.00,Weekday,Friday,Light_Load
12/05/2018 08:15,3.82,59.06,100.00,5.22,0.00,Weekend,Saturday,Light_Load
20/12/2018 08:15,39.49,82.76,100.00,26.78,0.11,Weekday,Thursday,Light_Load
30/03/2018 17:45,42.62,98.58,100.00,7.27,0.04,Weekday,Friday,Medium_Load
21/05/2018 11:00,55.40,89.82,100.00,27.11,0.00,Weekday,Monday,Maximum_Load
12/05/2018 11:00,22.79,100.00,84.96,0.00,14.15,Weekend,Saturday,Maximum_Load
13/08/2018 04:30,2.81,46.43,100.00,5.36,0.00,Weekday,Monday,Light_Load
15/11/2018 22:30,3.85,45.57,100.00,7.52,0.00,Weekday,Thursday,Maximum_Load
10/10/2018 17:45,32.54,99.94,99.96,1.12,0.97,Weekday,Wednesday,Medium_Load
22/10/2018 09:15,47.41,92.92,100.00,18.86,0.00,Weekday,Monday,Medium_Load
21/07/2018 00:30,2.99,100.00,52.71,0.00,4.82,Weekend,Saturday,Light_Load
13/07/2018 14:00,48.24,97.57,100.00,10.84,0.00,Weekday,Friday,Maximum_Load
13/12/2018 03:00,4.21,79.25,99.91,3.24,0.18,Weekday,Thursday,Light_Load
05/07/2018 13:45,50.94,90.97,100.00,23.26,0.00,Weekday,Thursday,Maximum_Load
27/10/2018 05:00,3.42,47.30,100.00,6.37,0.00,Weekend,Saturday,Light_Load
17/11/2018 16:00,81.50,93.05,100.00,32.08,0.00,Weekend,Saturday,Medium_Load
02/12/2018 05:45,3.46,78.84,100.00,2.70,0.00,Weekend,Sunday,Light_Load
25/05/2018 08:00,3.71,60.68,100.00,4.86,0.00,Weekday,Friday,Light_Load
07/12/2018 08:45,60.19,88.53,100.00,31.61,0.00,Weekday,Friday,Light_Load
13/05/2018 14:30,3.56,100.00,15.92,0.00,22.07,Weekend,Sunday,Light_Load
29/12/2018 18:45,3.35,100.00,23.32,0.00,13.97,Weekend,Saturday,Light_Load
20/12/2018 11:45,71.46,89.56,100.00,35.50,0.00,Weekday,Thursday,Maximum_Load
24/06/2018 18:30,2.84,100.00,48.29,0.00,5.15,Weekend,Sunday,Medium_Load
16/05/2018 22:15,3.92,91.23,35.36,1.76,10.37,Weekday,Wednesday,Medium_Load
27/11/2018 16:30,53.46,91.70,100.00,23.26,0.00,Weekday,Tuesday,Medium_Load
27/02/2018 19:45,121.93,92.97,100.00,48.31,0.00,Weekday,Tuesday,Maximum_Load
06/03/2018 09:00,120.89,93.10,100.00,47.38,0.00,Weekday,Tuesday,Light_Load
16/04/2018 11:15,77.83,81.47,100.00,55.40,0.00,Weekday,Monday,Maximum_Load
22/02/2018 13:30,113.94,91.17,100.00,51.34,0.00,Weekday,Thursday,Medium_Load
07/03/2018 13:30,102.28,91.93,100.00,43.78,0.00,Weekday,Wednesday,Maximum_Load
15/12/2018 23:45,3.20,85.04,99.50,1.98,0.32,Weekend,Saturday,Light_Load
13/04/2018 17:30,32.54,99.97,98.25,0.83,6.16,Weekday,Friday,Medium_Load
27/11/2018 06:15,5.62,81.27,100.00,4.03,0.00,Weekday,Tuesday,Light_Load
18/09/2018 12:45,4.07,100.00,26.89,0.00,14.58,Weekday,Tuesday,Medium_Load
03/04/2018 19:15,83.52,84.64,100.00,52.56,0.00,Weekday,Tuesday,Medium_Load
19/01/2018 02:15,82.26,88.80,100.00,42.59,0.00,Weekday,Friday,Light_Load
15/12/2018 14:00,3.31,100.00,21.78,0.00,14.83,Weekend,Saturday,Light_Load
21/10/2018 20:00,2.99,100.00,25.20,0.00,11.48,Weekend,Sunday,Light_Load
05/12/2018 07:45,4.32,80.98,99.91,3.13,0.18,Weekday,Wednesday,Light_Load
31/10/2018 08:00,4.25,57.93,100.00,5.98,0.00,Weekday,Wednesday,Light_Load
21/06/2018 02:30,2.88,50.67,100.00,4.90,0.00,Weekday,Thursday,Light_Load
24/12/2018 08:00,6.52,94.12,99.94,2.34,0.22,Weekday,Monday,Light_Load
11/04/2018 13:30,56.02,90.11,100.00,26.96,0.00,Weekday,Wednesday,Maximum_Load
04/06/2018 01:15,3.20,50.70,100.00,5.44,0.00,Weekday,Monday,Light_Load
02/12/2018 17:30,3.60,100.00,25.02,0.00,13.93,Weekend,Sunday,Light_Load
28/01/2018 14:00,28.51,100.00,95.64,0.04,8.71,Weekend,Sunday,Medium_Load
13/11/2018 21:15,32.15,96.07,100.00,9.29,0.00,Weekday,Tuesday,Medium_Load
14/02/2018 15:30,3.31,100.00,18.55,0.00,17.53,Weekday,Wednesday,Light_Load
07/06/2018 18:15,38.77,86.03,99.99,22.97,0.54,Weekday,Thursday,Medium_Load
31/03/2018 22:45,2.77,57.32,100.00,3.96,0.00,Weekend,Saturday,Light_Load
29/10/2018 06:00,2.70,49.10,100.00,4.79,0.00,Weekday,Monday,Light_Load
24/03/2018 03:45,3.67,65.09,100.00,4.28,0.00,Weekend,Saturday,Light_Load
28/11/2018 07:30,22.93,83.42,100.00,15.16,0.00,Weekday,Wednesday,Light_Load
06/02/2018 12:15,21.10,96.04,76.92,6.12,17.53,Weekday,Tuesday,Medium_Load
26/10/2018 21:00,47.02,88.70,100.00,24.48,0.18,Weekday,Friday,Medium_Load
19/02/2018 03:15,3.28,55.94,100.00,4.86,0.00,Weekday,Monday,Light_Load
11/06/2018 06:30,2.77,48.46,100.00,5.00,0.00,Weekday,Monday,Light_Load
18/06/2018 14:30,94.36,95.73,100.00,28.51,0.00,Weekday,Monday,Maximum_Load
27/10/2018 02:30,3.17,46.41,100.00,6.05,0.00,Weekend,Saturday,Light_Load
16/08/2018 07:30,3.49,59.21,100.00,4.75,0.00,Weekday,Thursday,Light_Load
20/09/2018 12:30,10.15,99.98,76.00,0.22,8.68,Weekday,Thursday,Medium_Load
22/12/2018 16:45,3.56,100.00,24.51,0.00,14.08,Weekend,Saturday,Light_Load
26/12/2018 14:15,57.02,94.09,100.00,20.52,0.00,Weekday,Wednesday,Medium_Load
09/01/2018 03:15,4.72,71.84,100.00,4.57,0.00,Weekday,Tuesday,Light_Load
30/12/2018 07:15,4.36,74.96,100.00,3.85,0.00,Weekend,Sunday,Light_Load
08/12/2018 10:45,47.66,96.33,100.00,13.28,0.29,Weekend,Saturday,Maximum_Load
27/03/2018 00:30,3.82,62.35,100.00,4.79,0.00,Weekday,Tuesday,Light_Load
10/03/2018 00:30,3.02,76.28,100.00,2.56,0.00,Weekend,Saturday,Light_Load
12/07/2018 16:15,57.46,92.29,100.00,23.98,0.00,Weekday,Thursday,Maximum_Load
19/04/2018 04:30,2.99,63.89,100.00,3.60,0.00,Weekday,Thursday,Light_Load
11/09/2018 07:00,2.52,43.75,100.00,5.18,0.00,Weekday,Tuesday,Light_Load
16/07/2018 12:15,5.69,84.24,81.81,3.64,4.00,Weekday,Monday,Medium_Load
29/06/2018 23:45,3.28,65.14,100.00,3.82,0.00,Weekday,Friday,Light_Load
28/05/2018 21:30,3.92,100.00,21.53,0.00,17.78,Weekday,Monday,Medium_Load
21/07/2018 22:15,2.95,100.00,20.02,0.00,14.44,Weekend,Saturday,Medium_Load
13/12/2018 14:45,66.24,89.11,100.00,33.73,0.00,Weekday,Thursday,Medium_Load
15/02/2018 16:15,4.28,100.00,18.04,0.00,23.33,Weekday,Thursday,Light_Load
12/12/2018 06:45,3.42,82.08,99.99,2.38,0.04,Weekday,Wednesday,Light_Load
03/03/2018 15:00,79.16,99.00,100.00,11.30,0.22,Weekend,Saturday,Maximum_Load
01/01/2018 01:15,3.82,64.72,100.00,4.50,0.00,Weekday,Monday,Light_Load
03/04/2018 18:00,30.38,100.00,97.25,0.00,7.27,Weekday,Tuesday,Medium_Load
28/07/2018 23:15,2.88,61.32,100.00,3.71,0.00,Weekend,Saturday,Light_Load
09/03/2018 14:30,54.83,96.30,100.00,15.34,0.00,Weekday,Friday,Maximum_Load
31/01/2018 00:00,60.01,86.57,100.00,34.70,0.00,Weekday,Wednesday,Light_Load
26/04/2018 22:30,3.64,75.10,100.00,3.20,0.00,Weekday,Thursday,Medium_Load
29/12/2018 10:00,4.03,100.00,18.70,0.00,21.17,Weekend,Saturday,Light_Load
08/07/2018 20:15,3.56,100.00,13.46,0.00,26.21,Weekend,Sunday,Medium_Load
19/07/2018 13:00,26.32,98.48,99.99,4.64,0.32,Weekday,Thursday,Medium_Load
05/02/2018 08:45,69.77,79.50,100.00,53.24,0.00,Weekday,Monday,Light_Load
28/10/2018 20:30,2.95,100.00,25.18,0.00,11.34,Weekend,Sunday,Light_Load
23/05/2018 01:30,3.02,52.47,100.00,4.90,0.00,Weekday,Wednesday,Light_Load
09/12/2018 00:45,3.82,74.89,100.00,3.38,0.00,Weekend,Sunday,Light_Load
11/02/2018 02:45,3.89,69.72,100.00,4.00,0.00,Weekend,Sunday,Light_Load
09/01/2018 11:30,106.49,88.64,100.00,55.62,0.00,Weekday,Tuesday,Maximum_Load
09/02/2018 15:45,138.64,92.06,100.00,58.79,0.00,Weekday,Friday,Medium_Load
07/12/2018 10:30,46.22,99.41,100.00,5.04,0.04,Weekday,Friday,Maximum_Load
12/07/2018 05:00,3.28,53.50,100.00,5.18,0.00,Weekday,Thursday,Light_Load
15/02/2018 22:45,3.49,66.50,100.00,3.92,0.00,Weekday,Thursday,Light_Load
08/04/2018 21:15,3.92,100.00,15.66,0.00,24.73,Weekend,Sunday,Medium_Load
14/11/2018 20:15,5.15,100.00,27.82,0.00,17.78,Weekday,Wednesday,Medium_Load
12/01/2018 23:30,4.64,80.83,100.00,3.38,0.00,Weekday,Friday,Light_Load
15/07/2018 00:00,2.92,100.00,50.13,0.00,5.04,Weekend,Sunday,Light_Load
20/09/2018 14:30,48.85,86.87,100.00,27.86,0.00,Weekday,Thursday,Maximum_Load
04/07/2018 04:15,2.81,59.26,100.00,3.82,0.00,Weekday,Wednesday,Light_Load
19/10/2018 20:00,60.19,79.68,100.00,45.65,0.00,Weekday,Friday,Medium_Load
26/08/2018 01:00,2.59,51.07,100.00,4.36,0.00,Weekend,Sunday,Light_Load
25/11/2018 09:45,3.49,100.00,17.06,0.00,20.16,Weekend,Sunday,Light_Load
28/12/2018 22:30,4.97,78.52,100.00,3.92,0.00,Weekday,Friday,Maximum_Load
16/01/2018 12:00,92.66,82.58,100.00,63.29,0.00,Weekday,Tuesday,Maximum_Load
28/11/2018 04:45,22.46,83.19,100.00,14.98,0.00,Weekday,Wednesday,Light_Load
13/07/2018 02:15,2.77,50.06,100.00,4.79,0.00,Weekday,Friday,Light_Load
30/11/2018 04:45,3.46,69.29,100.00,3.60,0.00,Weekday,Friday,Light_Load
18/05/2018 00:45,3.82,62.11,100.00,4.82,0.00,Weekday,Friday,Light_Load
20/12/2018 00:00,3.89,81.75,99.66,2.74,0.32,Weekday,Thursday,Light_Load
20/12/2018 19:45,4.07,100.00,18.08,0.00,22.14,Weekday,Thursday,Maximum_Load
05/06/2018 11:45,116.10,86.78,100.00,66.49,0.00,Weekday,Tuesday,Maximum_Load
21/07/2018 23:45,2.92,100.00,47.57,0.00,5.40,Weekend,Saturday,Light_Load
04/09/2018 00:45,2.70,45.94,100.00,5.22,0.00,Weekday,Tuesday,Light_Load
18/02/2018 16:15,3.64,100.00,22.01,0.00,16.13,Weekend,Sunday,Light_Load
09/02/2018 09:15,114.73,92.21,100.00,48.13,0.00,Weekday,Friday,Medium_Load
12/10/2018 18:45,47.34,88.99,100.00,24.26,0.00,Weekday,Friday,Medium_Load
21/06/2018 00:15,4.50,58.37,100.00,6.26,0.00,Weekday,Thursday,Light_Load
30/11/2018 11:00,60.34,91.24,100.00,27.07,0.00,Weekday,Friday,Maximum_Load
22/09/2018 17:30,2.81,100.00,25.33,0.00,10.73,Weekend,Saturday,Light_Load
26/05/2018 03:00,3.17,51.40,100.00,5.29,0.00,Weekend,Saturday,Light_Load
17/06/2018 16:15,2.99,100.00,17.36,0.00,16.96,Weekend,Sunday,Light_Load
09/10/2018 15:45,86.80,83.88,100.00,56.34,0.00,Weekday,Tuesday,Maximum_Load
31/10/2018 05:45,3.38,58.22,100.00,4.72,0.00,Weekday,Wednesday,Light_Load
27/12/2018 06:45,4.21,82.17,100.00,2.92,0.04,Weekday,Thursday,Light_Load
31/03/2018 14:45,3.02,100.00,17.15,0.00,17.35,Weekend,Saturday,Light_Load
15/07/2018 19:30,47.45,96.12,100.00,13.61,0.29,Weekend,Sunday,Medium_Load
01/07/2018 23:30,2.92,62.26,100.00,3.67,0.00,Weekend,Sunday,Light_Load
07/10/2018 12:30,2.74,100.00,23.27,0.00,11.45,Weekend,Sunday,Light_Load
30/03/2018 09:00,64.91,84.97,100.00,40.28,0.00,Weekday,Friday,Light_Load
28/10/2018 23:30,2.74,49.97,100.00,4.75,0.00,Weekend,Sunday,Light_Load
23/03/2018 11:45,92.30,86.14,100.00,54.43,0.00,Weekday,Friday,Maximum_Load
04/02/2018 21:30,5.04,100.00,18.83,0.00,26.28,Weekend,Sunday,Light_Load
20/03/2018 22:30,4.00,58.75,100.00,5.51,0.00,Weekday,Tuesday,Medium_Load
03/11/2018 02:30,3.82,49.36,100.00,6.73,0.00,Weekend,Saturday,Light_Load
03/04/2018 13:45,108.79,93.01,100.00,42.95,0.00,Weekday,Tuesday,Maximum_Load
18/02/2018 20:15,3.56,100.00,20.88,0.00,16.67,Weekend,Sunday,Light_Load
03/07/2018 13:30,66.17,89.79,100.00,32.44,0.00,Weekday,Tuesday,Maximum_Load
17/06/2018 10:00,3.20,100.00,17.07,0.00,18.47,Weekend,Sunday,Light_Load
24/07/2018 13:15,42.08,85.63,99.85,25.38,2.34,Weekday,Tuesday,Maximum_Load
24/08/2018 08:45,64.44,72.96,100.00,60.41,0.00,Weekday,Friday,Light_Load
25/11/2018 17:15,2.95,100.00,20.07,0.00,14.40,Weekend,Sunday,Light_Load
17/08/2018 06:00,2.74,41.48,100.00,6.01,0.00,Weekday,Friday,Light_Load
05/05/2018 17:30,3.20,100.00,18.58,0.00,16.92,Weekend,Saturday,Light_Load
01/11/2018 18:15,16.31,96.46,97.47,4.46,3.74,Weekday,Thursday,Maximum_Load
07/10/2018 10:30,3.02,100.00,19.86,0.00,14.90,Weekend,Sunday,Light_Load
18/04/2018 02:00,3.64,72.18,100.00,3.49,0.00,Weekday,Wednesday,Light_Load
15/09/2018 22:00,2.88,100.00,25.86,0.00,10.76,Weekend,Saturday,Medium_Load
14/12/2018 03:45,4.14,76.73,99.99,3.46,0.07,Weekday,Friday,Light_Load
30/09/2018 21:00,2.77,100.00,22.51,0.00,11.99,Weekend,Sunday,Light_Load
28/12/2018 00:15,3.74,85.89,99.12,2.23,0.50,Weekday,Friday,Light_Load
09/05/2018 12:00,53.86,78.80,100.00,42.08,0.00,Weekday,Wednesday,Maximum_Load
03/04/2018 08:45,96.12,81.38,100.00,68.65,0.00,Weekday,Tuesday,Light_Load
02/03/2018 14:00,84.71,98.63,99.99,14.15,1.01,Weekday,Friday,Maximum_Load
27/04/2018 11:15,75.82,90.60,100.00,35.42,0.00,Weekday,Friday,Maximum_Load
06/06/2018 23:45,3.02,48.81,100.00,5.40,0.00,Weekday,Wednesday,Light_Load
04/06/2018 06:30,2.84,45.81,100.00,5.51,0.00,Weekday,Monday,Light_Load
19/11/2018 05:45,2.92,56.36,100.00,4.28,0.00,Weekday,Monday,Light_Load
18/04/2018 23:30,3.56,73.24,100.00,3.31,0.00,Weekday,Wednesday,Light_Load
04/07/2018 10:15,86.62,86.72,100.00,49.75,0.00,Weekday,Wednesday,Maximum_Load
17/10/2018 17:45,29.77,99.94,99.89,1.01,1.40,Weekday,Wednesday,Medium_Load
27/05/2018 14:45,3.17,100.00,18.46,0.00,16.88,Weekend,Sunday,Light_Load
20/07/2018 17:30,59.51,86.39,100.00,34.70,0.00,Weekday,Friday,Medium_Load
19/06/2018 10:30,38.38,98.13,100.00,7.52,0.04,Weekday,Tuesday,Maximum_Load
04/04/2018 18:15,5.54,100.00,46.73,0.00,10.48,Weekday,Wednesday,Medium_Load
03/04/2018 06:45,3.06,58.79,100.00,4.21,0.00,Weekday,Tuesday,Light_Load
04/07/2018 11:00,105.05,95.01,100.00,34.49,0.00,Weekday,Wednesday,Maximum_Load
28/08/2018 01:30,2.74,56.23,100.00,4.03,0.00,Weekday,Tuesday,Light_Load
12/11/2018 04:00,3.31,54.89,100.00,5.04,0.00,Weekday,Monday,Light_Load
19/07/2018 15:30,79.38,93.36,100.00,30.46,0.00,Weekday,Thursday,Maximum_Load
16/12/2018 19:00,5.69,100.00,25.80,0.00,21.31,Weekend,Sunday,Maximum_Load
08/04/2018 05:30,3.17,55.75,100.00,4.72,0.00,Weekend,Sunday,Light_Load
07/03/2018 07:00,3.82,66.24,100.00,4.32,0.00,Weekday,Wednesday,Light_Load
16/08/2018 22:00,3.60,100.00,26.63,0.00,13.03,Weekday,Thursday,Medium_Load
19/09/2018 00:30,2.74,46.20,100.00,5.26,0.00,Weekday,Wednesday,Light_Load
01/01/2018 06:00,3.78,65.85,100.00,4.32,0.00,Weekday,Monday,Light_Load
28/06/2018 22:45,3.56,63.95,100.00,4.28,0.00,Weekday,Thursday,Medium_Load
10/09/2018 13:45,89.75,91.79,100.00,38.81,0.00,Weekday,Monday,Maximum_Load
18/10/2018 17:15,81.22,79.71,100.00,61.52,0.00,Weekday,Thursday,Medium_Load
08/03/2018 15:00,65.74,90.87,100.00,30.20,0.00,Weekday,Thursday,Maximum_Load
01/06/2018 07:45,3.24,55.79,100.00,4.82,0.00,Weekday,Friday,Light_Load
18/12/2018 07:15,3.28,83.98,99.85,2.12,0.18,Weekday,Tuesday,Light_Load
31/05/2018 05:45,2.92,44.78,100.00,5.83,0.00,Weekday,Thursday,Light_Load
12/05/2018 09:30,5.18,100.00,20.30,0.00,24.98,Weekend,Saturday,Medium_Load
11/04/2018 03:45,3.28,57.39,100.00,4.68,0.00,Weekday,Wednesday,Light_Load
28/08/2018 20:30,60.16,87.52,100.00,33.26,0.00,Weekday,Tuesday,Medium_Load
04/08/2018 04:45,2.84,42.49,100.00,6.05,0.00,Weekend,Saturday,Light_Load
05/01/2018 13:45,114.05,95.26,100.00,36.43,0.00,Weekday,Friday,Medium_Load
24/06/2018 13:30,29.41,99.91,99.93,1.26,1.08,Weekend,Sunday,Maximum_Load
12/12/2018 21:45,5.76,100.00,25.77,0.00,21.60,Weekday,Wednesday,Medium_Load
03/01/2018 14:15,76.57,92.86,100.00,30.60,0.00,Weekday,Wednesday,Medium_Load
16/05/2018 13:45,124.88,90.89,100.00,57.28,0.00,Weekday,Wednesday,Maximum_Load
19/02/2018 17:15,87.19,95.50,100.00,27.07,0.00,Weekday,Monday,Maximum_Load
06/06/2018 22:00,3.82,100.00,22.43,0.00,16.60,Weekday,Wednesday,Medium_Load
08/05/2018 08:00,5.40,67.70,100.00,5.87,0.00,Weekday,Tuesday,Light_Load
01/06/2018 23:30,3.42,62.07,100.00,4.32,0.00,Weekday,Friday,Light_Load
19/03/2018 05:00,3.10,65.99,100.00,3.53,0.00,Weekday,Monday,Light_Load
01/04/2018 07:15,2.70,59.58,100.00,3.64,0.00,Weekend,Sunday,Light_Load
11/01/2018 16:00,106.92,92.75,100.00,43.09,0.00,Weekday,Thursday,Medium_Load
09/10/2018 02:30,2.59,49.55,100.00,4.54,0.00,Weekday,Tuesday,Light_Load
24/09/2018 21:15,2.88,100.00,25.61,0.00,10.87,Weekday,Monday,Light_Load
13/09/2018 10:45,51.80,87.04,100.00,29.30,0.00,Weekday,Thursday,Maximum_Load
10/10/2018 01:45,2.81,50.36,100.00,4.82,0.00,Weekday,Wednesday,Light_Load
19/12/2018 11:00,83.09,88.39,100.00,43.96,0.00,Weekday,Wednesday,Maximum_Load
03/10/2018 17:15,3.89,100.00,21.41,0.00,17.75,Weekday,Wednesday,Medium_Load
11/09/2018 04:00,2.66,46.17,100.00,5.11,0.00,Weekday,Tuesday,Light_Load
16/10/2018 19:15,72.11,81.31,100.00,51.62,0.00,Weekday,Tuesday,Medium_Load
01/08/2018 03:45,2.81,50.05,100.00,4.86,0.00,Weekday,Wednesday,Light_Load
01/11/2018 07:15,3.17,66.09,100.00,3.60,0.00,Weekday,Thursday,Light_Load
16/01/2018 17:45,55.69,95.33,100.00,17.64,0.50,Weekday,Tuesday,Maximum_Load
12/12/2018 20:45,53.35,95.30,100.00,16.96,0.04,Weekday,Wednesday,Medium_Load
21/02/2018 04:30,3.92,71.98,100.00,3.78,0.00,Weekday,Wednesday,Light_Load
02/11/2018 14:45,55.76,85.29,100.00,34.13,0.00,Weekday,Friday,Medium_Load
30/11/2018 06:00,5.11,70.43,100.00,5.15,0.00,Weekday,Friday,Light_Load
21/02/2018 02:00,5.94,73.56,100.00,5.47,0.00,Weekday,Wednesday,Light_Load
28/01/2018 08:15,4.25,62.63,100.00,5.29,0.00,Weekend,Sunday,Light_Load
13/11/2018 15:15,88.88,91.32,100.00,39.67,0.00,Weekday,Tuesday,Medium_Load
19/11/2018 04:00,2.92,53.84,100.00,4.57,0.00,Weekday,Monday,Light_Load
26/08/2018 14:15,5.62,100.00,28.20,0.00,19.12,Weekend,Sunday,Maximum_Load
17/12/2018 19:00,5.54,100.00,24.20,0.00,22.21,Weekday,Monday,Maximum_Load
22/07/2018 01:30,2.88,100.00,50.67,0.00,4.90,Weekend,Sunday,Light_Load
01/08/2018 14:15,3.31,100.00,15.96,0.00,20.48,Weekday,Wednesday,Light_Load
19/11/2018 12:30,6.08,100.00,26.73,0.00,21.92,Weekday,Monday,Medium_Load
08/05/2018 12:15,15.66,91.55,65.35,6.88,18.14,Weekday,Tuesday,Medium_Load
27/04/2018 21:45,3.64,100.00,13.66,0.00,26.39,Weekday,Friday,Medium_Load
22/05/2018 00:45,3.13,59.03,100.00,4.28,0.00,Weekday,Tuesday,Light_Load
03/08/2018 00:45,3.35,49.82,100.00,5.83,0.00,Weekday,Friday,Light_Load
19/08/2018 07:00,2.66,46.97,100.00,5.00,0.00,Weekend,Sunday,Light_Load
22/05/2018 14:15,92.09,98.71,100.00,14.94,0.00,Weekday,Tuesday,Maximum_Load
29/11/2018 14:15,57.28,89.99,100.00,27.76,0.00,Weekday,Thursday,Medium_Load
12/09/2018 02:15,2.88,50.44,100.00,4.93,0.00,Weekday,Wednesday,Light_Load
18/04/2018 10:00,109.55,95.64,100.00,33.44,0.00,Weekday,Wednesday,Medium_Load
28/09/2018 14:45,53.68,85.99,100.00,31.86,0.00,Weekday,Friday,Maximum_Load
29/09/2018 11:15,48.02,91.45,100.00,21.24,0.00,Weekend,Saturday,Maximum_Load
10/10/2018 23:45,3.56,43.78,100.00,7.31,0.00,Weekday,Wednesday,Light_Load
04/02/2018 23:30,3.74,74.19,100.00,3.38,0.00,Weekend,Sunday,Light_Load
09/05/2018 17:30,50.08,94.25,100.00,17.75,0.00,Weekday,Wednesday,Medium_Load
04/12/2018 10:45,58.86,86.42,100.00,34.27,0.00,Weekday,Tuesday,Maximum_Load
31/08/2018 23:00,4.64,50.74,100.00,7.88,0.00,Weekday,Friday,Medium_Load
06/09/2018 07:30,3.28,44.56,100.00,6.59,0.00,Weekday,Thursday,Light_Load
09/10/2018 18:00,26.39,92.24,99.77,11.05,1.80,Weekday,Tuesday,Medium_Load
27/11/2018 05:45,3.92,80.98,100.00,2.84,0.00,Weekday,Tuesday,Light_Load
21/04/2018 21:45,3.96,100.00,16.91,0.00,23.08,Weekend,Saturday,Medium_Load
27/01/2018 01:00,37.37,83.58,100.00,24.55,0.00,Weekend,Saturday,Light_Load
21/08/2018 13:45,40.82,94.43,100.00,14.22,0.00,Weekday,Tuesday,Maximum_Load
26/02/2018 09:45,63.11,96.15,100.00,18.04,0.00,Weekday,Monday,Medium_Load
22/04/2018 13:45,32.83,99.96,99.71,0.94,2.52,Weekend,Sunday,Maximum_Load
07/08/2018 05:15,3.24,52.74,100.00,5.22,0.00,Weekday,Tuesday,Light_Load
13/03/2018 02:45,3.71,61.23,100.00,4.79,0.00,Weekday,Tuesday,Light_Load
27/04/2018 15:45,71.60,91.42,100.00,31.75,0.00,Weekday,Friday,Maximum_Load
24/08/2018 12:15,4.68,100.00,42.74,0.00,9.90,Weekday,Friday,Medium_Load
30/01/2018 18:00,41.72,100.00,99.51,0.04,4.14,Weekday,Tuesday,Maximum_Load
02/08/2018 09:30,2.74,100.00,15.60,0.00,17.35,Weekday,Thursday,Light_Load
06/01/2018 06:30,4.21,62.27,100.00,5.29,0.00,Weekend,Saturday,Light_Load
30/01/2018 20:00,110.81,95.29,100.00,35.28,0.00,Weekday,Tuesday,Maximum_Load
25/05/2018 20:15,36.68,99.83,99.98,2.12,0.68,Weekday,Friday,Medium_Load
14/07/2018 07:15,2.66,49.98,100.00,4.61,0.00,Weekend,Saturday,Light_Load
05/09/2018 15:15,49.68,88.76,100.00,25.78,0.00,Weekday,Wednesday,Maximum_Load
02/05/2018 21:30,4.10,100.00,16.45,0.00,24.59,Weekday,Wednesday,Medium_Load
17/04/2018 13:30,84.85,93.51,100.00,32.15,0.00,Weekday,Tuesday,Maximum_Load
07/02/2018 14:45,77.04,94.07,100.00,27.79,0.00,Weekday,Wednesday,Medium_Load
29/09/2018 23:30,2.56,52.59,100.00,4.14,0.00,Weekend,Saturday,Light_Load
24/10/2018 15:00,51.19,91.95,100.00,21.89,0.00,Weekday,Wednesday,Maximum_Load
27/12/2018 01:30,3.67,77.22,99.96,3.02,0.11,Weekday,Thursday,Light_Load
19/07/2018 22:30,3.82,100.00,59.57,0.00,5.15,Weekday,Thursday,Medium_Load
03/05/2018 00:45,3.74,69.68,100.00,3.85,0.00,Weekday,Thursday,Light_Load
17/05/2018 22:15,3.89,91.11,32.73,1.76,11.23,Weekday,Thursday,Medium_Load
02/05/2018 17:30,85.14,96.19,99.99,24.19,0.97,Weekday,Wednesday,Medium_Load
28/02/2018 07:00,4.14,67.38,100.00,4.54,0.00,Weekday,Wednesday,Light_Load
30/03/2018 07:15,2.88,59.50,100.00,3.89,0.00,Weekday,Friday,Light_Load
27/07/2018 21:00,15.80,99.91,70.71,0.68,15.80,Weekday,Friday,Medium_Load
28/05/2018 16:30,58.90,93.17,100.00,22.97,0.00,Weekday,Monday,Maximum_Load
17/12/2018 12:00,54.50,92.37,100.00,22.61,0.00,Weekday,Monday,Maximum_Load
24/12/2018 07:15,3.96,81.55,99.68,2.81,0.32,Weekday,Monday,Light_Load
12/05/2018 16:45,3.67,100.00,13.79,0.00,26.35,Weekend,Saturday,Maximum_Load
20/09/2018 13:15,31.36,94.59,99.55,10.76,2.99,Weekday,Thursday,Maximum_Load
07/08/2018 03:30,3.20,53.60,100.00,5.04,0.00,Weekday,Tuesday,Light_Load
22/04/2018 01:15,3.02,58.56,100.00,4.18,0.00,Weekend,Sunday,Light_Load
10/11/2018 02:45,3.82,45.29,100.00,7.52,0.00,Weekend,Saturday,Light_Load
29/01/2018 19:15,89.82,91.66,100.00,39.17,0.00,Weekday,Monday,Maximum_Load
20/06/2018 15:00,79.09,93.10,100.00,31.00,0.00,Weekday,Wednesday,Maximum_Load
20/12/2018 20:00,4.10,100.00,18.26,0.00,22.07,Weekday,Thursday,Maximum_Load
25/02/2018 15:30,4.25,100.00,24.42,0.00,16.88,Weekend,Sunday,Light_Load
20/10/2018 01:15,5.72,62.95,100.00,7.06,0.00,Weekend,Saturday,Light_Load
02/06/2018 09:45,3.13,100.00,18.69,0.00,16.45,Weekend,Saturday,Light_Load
26/12/2018 17:00,57.67,92.26,100.00,24.12,0.00,Weekday,Wednesday,Medium_Load
24/03/2018 12:45,3.74,100.00,22.49,0.00,16.20,Weekend,Saturday,Medium_Load
06/02/2018 11:45,131.65,88.92,100.00,67.75,0.00,Weekday,Tuesday,Maximum_Load
09/03/2018 12:30,7.06,100.00,25.26,0.00,27.04,Weekday,Friday,Medium_Load
15/02/2018 13:15,3.38,100.00,18.35,0.00,18.11,Weekday,Thursday,Light_Load
12/11/2018 23:00,5.04,50.87,100.00,8.53,0.00,Weekday,Monday,Maximum_Load
16/02/2018 07:30,3.67,66.97,100.00,4.07,0.00,Weekday,Friday,Light_Load
28/08/2018 18:00,30.53,99.99,99.57,0.40,2.84,Weekday,Tuesday,Medium_Load
01/03/2018 19:45,5.33,100.00,18.97,0.00,27.58,Weekday,Thursday,Medium_Load
17/03/2018 12:45,3.85,100.00,21.66,0.00,17.35,Weekend,Saturday,Medium_Load
11/03/2018 06:45,3.24,70.71,100.00,3.24,0.00,Weekend,Sunday,Light_Load
17/07/2018 15:30,72.97,96.41,100.00,20.09,0.00,Weekday,Tuesday,Maximum_Load
29/07/2018 06:45,2.88,49.91,100.00,5.00,0.00,Weekend,Sunday,Light_Load
20/06/2018 21:15,6.55,100.00,26.58,0.00,23.76,Weekday,Wednesday,Medium_Load
26/11/2018 19:15,59.33,89.64,100.00,29.34,0.00,Weekday,Monday,Maximum_Load
19/08/2018 14:15,3.49,100.00,25.54,0.00,13.21,Weekend,Sunday,Light_Load
27/10/2018 15:45,53.89,90.44,100.00,25.42,0.00,Weekend,Saturday,Maximum_Load
05/04/2018 00:45,4.39,66.73,100.00,4.90,0.00,Weekday,Thursday,Light_Load
21/01/2018 18:45,4.93,100.00,20.92,0.00,23.04,Weekend,Sunday,Light_Load
24/04/2018 00:00,3.60,75.47,100.00,3.13,0.00,Weekday,Tuesday,Light_Load
22/11/2018 22:15,3.74,79.64,98.70,2.84,0.61,Weekday,Thursday,Maximum_Load
12/10/2018 16:30,47.20,87.34,100.00,26.32,0.00,Weekday,Friday,Maximum_Load
16/10/2018 17:00,65.84,81.69,100.00,46.48,0.00,Weekday,Tuesday,Maximum_Load
14/10/2018 06:45,2.74,47.76,100.00,5.04,0.00,Weekend,Sunday,Light_Load
18/09/2018 18:00,31.28,97.96,99.99,6.41,0.47,Weekday,Tuesday,Medium_Load
15/03/2018 14:00,71.14,93.02,100.00,28.08,0.00,Weekday,Thursday,Maximum_Load
03/04/2018 03:30,3.67,63.54,100.00,4.46,0.00,Weekday,Tuesday,Light_Load
18/10/2018 07:45,5.08,67.78,100.00,5.51,0.00,Weekday,Thursday,Light_Load
29/11/2018 18:30,46.91,91.18,100.00,21.13,0.00,Weekday,Thursday,Maximum_Load
05/06/2018 02:15,3.49,56.63,100.00,5.08,0.00,Weekday,Tuesday,Light_Load
04/06/2018 18:30,86.36,82.52,100.00,59.11,0.00,Weekday,Monday,Medium_Load
16/01/2018 10:45,83.05,91.16,100.00,37.44,0.00,Weekday,Tuesday,Maximum_Load
14/03/2018 16:30,58.07,93.48,100.00,22.07,0.00,Weekday,Wednesday,Maximum_Load
30/11/2018 00:30,4.00,65.54,100.00,4.61,0.00,Weekday,Friday,Light_Load
16/03/2018 01:30,3.71,63.28,100.00,4.54,0.00,Weekday,Friday,Light_Load
21/01/2018 03:00,40.79,79.42,100.00,31.21,0.00,Weekend,Sunday,Light_Load
09/06/2018 18:30,2.92,100.00,56.36,0.00,4.28,Weekend,Saturday,Light_Load
31/01/2018 17:45,99.29,98.29,100.00,18.61,0.00,Weekday,Wednesday,Maximum_Load
16/08/2018 09:15,80.03,89.40,100.00,40.10,0.00,Weekday,Thursday,Medium_Load
26/04/2018 15:15,51.80,88.73,100.00,26.93,0.00,Weekday,Thursday,Maximum_Load
03/10/2018 10:30,54.50,82.85,100.00,36.83,0.00,Weekday,Wednesday,Maximum_Load
27/01/2018 01:30,58.14,86.31,100.00,34.02,0.00,Weekend,Saturday,Light_Load
07/02/2018 19:15,39.92,99.96,99.81,1.08,2.45,Weekday,Wednesday,Maximum_Load
15/09/2018 02:00,2.66,47.19,100.00,4.97,0.00,Weekend,Saturday,Light_Load
05/11/2018 13:45,69.26,83.48,100.00,45.68,0.00,Weekday,Monday,Medium_Load
25/03/2018 13:30,32.08,100.00,99.09,0.29,4.36,Weekend,Sunday,Maximum_Load
11/01/2018 05:00,4.57,71.57,100.00,4.46,0.00,Weekday,Thursday,Light_Load
25/05/2018 12:45,5.44,100.00,20.79,0.00,25.60,Weekday,Friday,Medium_Load
29/09/2018 17:00,4.97,100.00,26.42,0.00,18.14,Weekend,Saturday,Maximum_Load
21/11/2018 06:30,2.88,82.94,99.63,1.94,0.25,Weekday,Wednesday,Light_Load
09/11/2018 22:45,4.97,55.50,100.00,7.45,0.00,Weekday,Friday,Maximum_Load
17/05/2018 10:15,110.45,90.07,100.00,53.28,0.00,Weekday,Thursday,Maximum_Load
21/08/2018 08:30,69.77,72.09,100.00,67.07,0.00,Weekday,Tuesday,Light_Load
07/11/2018 16:00,55.91,85.79,100.00,33.48,0.00,Weekday,Wednesday,Medium_Load
08/01/2018 22:45,4.72,68.65,100.00,5.00,0.00,Weekday,Monday,Maximum_Load
23/12/2018 22:45,3.20,87.97,98.40,1.73,0.58,Weekend,Sunday,Light_Load
04/12/2018 17:15,61.52,90.83,100.00,28.33,0.00,Weekday,Tuesday,Maximum_Load
23/03/2018 02:30,3.85,57.07,100.00,5.54,0.00,Weekday,Friday,Light_Load
14/12/2018 19:30,26.64,100.00,94.89,0.00,8.86,Weekday,Friday,Maximum_Load
05/01/2018 10:00,132.16,94.56,100.00,45.47,0.00,Weekday,Friday,Medium_Load
16/03/2018 07:30,3.78,70.34,100.00,3.82,0.00,Weekday,Friday,Light_Load
16/11/2018 07:30,3.35,57.31,100.00,4.79,0.00,Weekday,Friday,Light_Load
22/11/2018 15:45,80.57,87.57,100.00,44.42,0.00,Weekday,Thursday,Medium_Load
27/06/2018 03:00,2.74,56.90,100.00,3.96,0.00,Weekday,Wednesday,Light_Load
27/05/2018 09:15,3.13,100.00,18.45,0.00,16.67,Weekend,Sunday,Light_Load
31/01/2018 23:30,87.19,89.31,100.00,43.92,0.00,Weekday,Wednesday,Light_Load
18/09/2018 13:45,60.48,86.60,100.00,34.92,0.00,Weekday,Tuesday,Maximum_Load
14/01/2018 08:15,19.80,76.57,100.00,16.63,0.00,Weekend,Sunday,Light_Load
10/09/2018 02:15,3.02,47.34,100.00,5.62,0.00,Weekday,Monday,Light_Load
07/11/2018 05:00,3.56,49.61,100.00,6.23,0.00,Weekday,Wednesday,Light_Load
07/04/2018 01:45,3.82,59.87,100.00,5.11,0.00,Weekend,Saturday,Light_Load
29/11/2018 17:00,56.88,91.47,100.00,25.13,0.00,Weekday,Thursday,Medium_Load
06/12/2018 15:30,48.78,94.00,100.00,17.71,0.00,Weekday,Thursday,Medium_Load
25/03/2018 17:30,4.21,100.00,16.14,0.00,25.74,Weekend,Sunday,Medium_Load
12/10/2018 10:30,50.40,87.14,100.00,28.37,0.00,Weekday,Friday,Maximum_Load
10/08/2018 05:15,2.59,51.42,100.00,4.32,0.00,Weekday,Friday,Light_Load
27/12/2018 15:15,44.75,95.70,100.00,13.57,0.00,Weekday,Thursday,Medium_Load
30/12/2018 18:45,3.20,100.00,21.44,0.00,14.58,Weekend,Sunday,Light_Load
07/09/2018 05:30,2.99,48.72,100.00,5.36,0.00,Weekday,Friday,Light_Load
18/11/2018 12:15,3.82,100.00,30.70,0.00,11.84,Weekend,Sunday,Medium_Load
20/07/2018 18:45,43.42,90.18,100.00,20.81,0.00,Weekday,Friday,Medium_Load
24/06/2018 01:00,2.63,62.21,100.00,3.31,0.00,Weekend,Sunday,Light_Load
02/04/2018 20:00,102.67,95.16,100.00,33.16,0.00,Weekday,Monday,Medium_Load
11/05/2018 17:15,61.70,94.12,100.00,22.14,0.00,Weekday,Friday,Medium_Load
10/10/2018 04:45,3.46,44.77,100.00,6.91,0.00,Weekday,Wednesday,Light_Load
20/01/2018 03:45,66.85,87.73,100.00,36.58,0.00,Weekend,Saturday,Light_Load
20/11/2018 18:30,8.17,100.00,53.45,0.00,12.92,Weekday,Tuesday,Maximum_Load
26/02/2018 02:45,4.75,70.71,100.00,4.75,0.00,Weekday,Monday,Light_Load
27/05/2018 00:00,2.88,46.32,100.00,5.51,0.00,Weekend,Sunday,Light_Load
03/07/2018 11:45,57.64,78.78,100.00,45.07,0.00,Weekday,Tuesday,Maximum_Load
03/01/2018 21:45,5.11,100.00,18.74,0.00,26.78,Weekday,Wednesday,Medium_Load
08/01/2018 02:30,3.89,54.08,100.00,6.05,0.00,Weekday,Monday,Light_Load
27/05/2018 04:45,2.84,50.76,100.00,4.82,0.00,Weekend,Sunday,Light_Load
21/02/2018 15:00,101.95,90.94,100.00,46.62,0.00,Weekday,Wednesday,Medium_Load
01/10/2018 09:15,44.96,91.55,100.00,19.76,0.00,Weekday,Monday,Medium_Load
05/03/2018 21:30,7.06,100.00,26.66,0.00,25.52,Weekday,Monday,Medium_Load
21/02/2018 05:00,3.92,73.65,100.00,3.60,0.00,Weekday,Wednesday,Light_Load
01/03/2018 02:30,3.64,62.30,100.00,4.57,0.00,Weekday,Thursday,Light_Load
30/08/2018 02:45,2.66,47.48,100.00,4.93,0.00,Weekday,Thursday,Light_Load
17/02/2018 20:15,3.38,100.00,19.01,0.00,17.46,Weekend,Saturday,Light_Load
04/05/2018 00:15,3.64,71.49,100.00,3.56,0.00,Weekday,Friday,Light_Load
12/03/2018 09:30,56.77,96.60,100.00,15.19,0.00,Weekday,Monday,Medium_Load
21/10/2018 23:30,2.81,51.15,100.00,4.72,0.00,Weekend,Sunday,Light_Load
18/04/2018 03:30,3.64,71.79,100.00,3.53,0.00,Weekday,Wednesday,Light_Load
03/11/2018 04:00,3.28,55.39,100.00,4.93,0.00,Weekend,Saturday,Light_Load
11/07/2018 01:45,2.74,58.69,100.00,3.78,0.00,Weekday,Wednesday,Light_Load
26/12/2018 20:45,3.96,100.00,17.92,0.00,21.74,Weekday,Wednesday,Medium_Load
18/03/2018 08:00,2.99,67.03,100.00,3.31,0.00,Weekend,Sunday,Light_Load
19/03/2018 00:00,3.64,64.09,100.00,4.36,0.00,Weekday,Monday,Light_Load
10/10/2018 03:15,2.84,49.39,100.00,5.00,0.00,Weekday,Wednesday,Light_Load
30/10/2018 08:00,5.15,73.72,100.00,4.72,0.00,Weekday,Tuesday,Light_Load
21/09/2018 01:15,2.84,48.58,100.00,5.11,0.00,Weekday,Friday,Light_Load
01/05/2018 09:30,3.20,100.00,18.51,0.00,16.99,Weekday,Tuesday,Light_Load
17/02/2018 02:15,3.74,57.73,100.00,5.29,0.00,Weekend,Saturday,Light_Load
23/06/2018 16:00,28.73,99.90,99.81,1.30,1.76,Weekend,Saturday,Maximum_Load
27/08/2018 14:15,52.42,88.37,100.00,27.76,0.00,Weekday,Monday,Maximum_Load
06/09/2018 18:45,57.85,87.59,100.00,31.86,0.00,Weekday,Thursday,Medium_Load
16/06/2018 19:30,3.71,100.00,20.91,0.00,17.35,Weekend,Saturday,Medium_Load
07/08/2018 14:15,58.75,89.90,100.00,28.62,0.00,Weekday,Tuesday,Maximum_Load
26/08/2018 20:30,3.10,100.00,21.66,0.00,13.97,Weekend,Sunday,Medium_Load
03/02/2018 16:45,41.54,99.91,100.00,1.80,0.18,Weekend,Saturday,Medium_Load
25/02/2018 16:45,4.61,100.00,22.56,0.00,19.91,Weekend,Sunday,Light_Load
31/12/2018 10:00,3.24,100.00,21.75,0.00,14.54,Weekday,Monday,Light_Load
28/09/2018 12:00,46.12,80.57,100.00,33.91,0.04,Weekday,Friday,Maximum_Load
28/07/2018 17:15,11.23,100.00,54.01,0.00,17.50,Weekend,Saturday,Medium_Load
28/07/2018 05:15,3.35,46.32,100.00,6.41,0.00,Weekend,Saturday,Light_Load
10/02/2018 08:45,5.69,71.40,99.90,5.58,0.25,Weekend,Saturday,Light_Load
01/10/2018 08:15,24.88,70.61,100.00,24.95,0.00,Weekday,Monday,Light_Load
05/11/2018 22:30,24.44,69.31,100.00,25.42,0.00,Weekday,Monday,Maximum_Load
04/04/2018 07:30,3.38,65.97,100.00,3.85,0.00,Weekday,Wednesday,Light_Load
07/10/2018 22:00,2.81,100.00,24.71,0.00,11.02,Weekend,Sunday,Light_Load
27/01/2018 02:30,6.77,78.18,100.00,5.40,0.00,Weekend,Saturday,Light_Load
29/12/2018 17:00,4.10,100.00,19.30,0.00,20.84,Weekend,Saturday,Light_Load
26/12/2018 16:45,54.68,92.67,100.00,22.18,0.00,Weekday,Wednesday,Medium_Load
15/08/2018 18:30,2.81,100.00,56.53,0.00,4.10,Weekday,Wednesday,Medium_Load
01/02/2018 06:45,4.43,71.27,100.00,4.36,0.00,Weekday,Thursday,Light_Load
03/06/2018 16:45,2.95,100.00,17.07,0.00,17.03,Weekend,Sunday,Light_Load
10/03/2018 17:15,4.43,100.00,16.43,0.00,26.60,Weekend,Saturday,Medium_Load
13/05/2018 16:45,3.13,100.00,18.23,0.00,16.88,Weekend,Sunday,Light_Load
04/06/2018 23:00,3.53,55.51,100.00,5.29,0.00,Weekday,Monday,Medium_Load
25/01/2018 07:00,38.34,81.08,100.00,27.68,0.00,Weekday,Thursday,Light_Load
18/02/2018 07:15,3.13,66.77,100.00,3.49,0.00,Weekend,Sunday,Light_Load
21/07/2018 23:15,2.81,100.00,46.43,0.00,5.36,Weekend,Saturday,Light_Load
20/12/2018 08:45,66.96,81.76,100.00,47.16,0.00,Weekday,Thursday,Light_Load
14/10/2018 22:15,2.88,48.03,99.99,5.26,0.04,Weekend,Sunday,Light_Load
29/03/2018 01:45,3.67,64.14,100.00,4.39,0.00,Weekday,Thursday,Light_Load
24/08/2018 00:00,2.81,54.88,100.00,4.28,0.00,Weekday,Friday,Light_Load
12/07/2018 17:45,31.86,99.89,97.75,1.48,6.88,Weekday,Thursday,Medium_Load
20/10/2018 11:00,95.62,87.84,100.00,52.02,0.00,Weekend,Saturday,Maximum_Load
22/05/2018 12:00,65.56,93.49,100.00,24.88,0.18,Weekday,Tuesday,Maximum_Load
29/03/2018 10:45,54.76,91.82,100.00,23.62,0.00,Weekday,Thursday,Maximum_Load
11/01/2018 06:30,4.57,72.35,100.00,4.36,0.00,Weekday,Thursday,Light_Load
26/09/2018 11:15,2.59,100.00,20.88,0.00,12.13,Weekday,Wednesday,Light_Load
22/10/2018 23:45,3.60,47.55,100.00,6.66,0.00,Weekday,Monday,Light_Load
27/07/2018 00:15,2.77,48.17,100.00,5.04,0.00,Weekday,Friday,Light_Load
22/12/2018 16:15,3.49,100.00,23.95,0.00,14.15,Weekend,Saturday,Light_Load
04/01/2018 04:15,4.61,69.87,100.00,4.72,0.00,Weekday,Thursday,Light_Load
31/01/2018 01:30,60.77,87.23,100.00,34.06,0.00,Weekday,Wednesday,Light_Load
14/06/2018 18:30,56.12,75.00,100.00,49.50,0.00,Weekday,Thursday,Medium_Load
15/08/2018 05:45,2.66,50.89,100.00,4.50,0.00,Weekday,Wednesday,Light_Load
09/12/2018 02:00,3.78,73.47,100.00,3.49,0.00,Weekend,Sunday,Light_Load
27/06/2018 15:45,63.25,85.34,100.00,38.63,0.00,Weekday,Wednesday,Maximum_Load
26/10/2018 10:30,52.45,88.79,100.00,27.18,0.00,Weekday,Friday,Maximum_Load
27/12/2018 23:00,3.82,83.47,99.46,2.52,0.40,Weekday,Thursday,Maximum_Load
27/02/2018 01:30,5.80,77.37,100.00,4.75,0.00,Weekday,Tuesday,Light_Load
29/01/2018 05:00,4.28,71.29,100.00,4.21,0.00,Weekday,Monday,Light_Load
26/04/2018 08:45,93.71,75.58,100.00,81.18,0.00,Weekday,Thursday,Light_Load
13/05/2018 02:30,2.99,53.27,100.00,4.75,0.00,Weekend,Sunday,Light_Load
14/02/2018 07:15,5.08,66.86,100.00,5.65,0.00,Weekday,Wednesday,Light_Load
07/09/2018 01:45,3.10,50.56,100.00,5.29,0.00,Weekday,Friday,Light_Load
23/10/2018 08:45,86.98,79.43,100.00,66.53,0.00,Weekday,Tuesday,Light_Load
19/08/2018 15:15,2.77,100.00,19.75,0.00,13.75,Weekend,Sunday,Light_Load
27/04/2018 10:15,39.96,99.48,99.99,4.10,0.40,Weekday,Friday,Maximum_Load
13/01/2018 15:30,81.29,95.71,100.00,24.62,0.00,Weekend,Saturday,Medium_Load
28/02/2018 01:15,5.98,70.71,100.00,5.98,0.00,Weekday,Wednesday,Light_Load
16/08/2018 03:30,2.74,46.76,100.00,5.18,0.00,Weekday,Thursday,Light_Load
20/07/2018 02:15,2.81,100.00,52.38,0.00,4.57,Weekday,Friday,Light_Load
08/12/2018 03:00,4.00,71.69,100.00,3.89,0.00,Weekend,Saturday,Light_Load
06/07/2018 21:30,4.10,100.00,24.13,0.00,16.49,Weekday,Friday,Medium_Load
12/12/2018 16:30,75.10,88.91,100.00,38.66,0.00,Weekday,Wednesday,Medium_Load
13/03/2018 04:15,3.71,63.03,100.00,4.57,0.00,Weekday,Tuesday,Light_Load
03/09/2018 15:00,60.88,81.87,100.00,42.70,0.00,Weekday,Monday,Maximum_Load
09/12/2018 23:30,3.74,78.52,99.78,2.95,0.25,Weekend,Sunday,Light_Load
18/09/2018 06:00,2.84,46.82,100.00,5.36,0.00,Weekday,Tuesday,Light_Load
24/05/2018 22:15,3.89,93.46,28.17,1.48,13.25,Weekday,Thursday,Medium_Load
16/08/2018 11:15,58.03,82.81,100.00,39.28,0.00,Weekday,Thursday,Maximum_Load
21/05/2018 22:45,3.64,67.03,100.00,4.03,0.00,Weekday,Monday,Medium_Load
13/02/2018 18:30,64.22,95.46,100.00,20.05,0.00,Weekday,Tuesday,Maximum_Load
04/10/2018 17:30,50.08,85.33,100.00,30.60,0.04,Weekday,Thursday,Medium_Load
30/03/2018 22:30,3.31,58.07,100.00,4.64,0.00,Weekday,Friday,Medium_Load
25/04/2018 18:00,40.25,99.74,100.00,2.92,0.04,Weekday,Wednesday,Medium_Load
17/11/2018 00:30,4.03,52.40,100.00,6.55,0.00,Weekend,Saturday,Light_Load
06/07/2018 02:30,3.20,51.76,100.00,5.29,0.00,Weekday,Friday,Light_Load
26/01/2018 19:15,131.26,95.20,100.00,42.19,0.00,Weekday,Friday,Maximum_Load
03/12/2018 21:45,5.62,100.00,27.22,0.00,19.87,Weekday,Monday,Medium_Load
17/06/2018 00:00,2.74,58.28,100.00,3.82,0.00,Weekend,Sunday,Light_Load
12/01/2018 01:15,4.72,69.38,100.00,4.90,0.00,Weekday,Friday,Light_Load
07/07/2018 20:15,3.02,100.00,17.39,0.00,17.10,Weekend,Saturday,Medium_Load
16/08/2018 18:00,28.08,100.00,99.40,0.14,3.10,Weekday,Thursday,Medium_Load
02/11/2018 03:15,3.31,47.15,100.00,6.19,0.00,Weekday,Friday,Light_Load
08/07/2018 09:30,104.69,95.33,100.00,33.16,0.00,Weekend,Sunday,Medium_Load
28/04/2018 15:00,34.56,100.00,98.59,0.07,5.87,Weekend,Saturday,Maximum_Load
23/11/2018 16:45,104.29,85.67,100.00,62.78,0.00,Weekday,Friday,Medium_Load
03/04/2018 12:00,114.88,85.34,100.00,70.16,0.00,Weekday,Tuesday,Maximum_Load
13/03/2018 20:15,58.14,89.91,100.00,28.30,0.00,Weekday,Tuesday,Medium_Load
19/09/2018 13:45,43.27,95.07,100.00,14.11,0.00,Weekday,Wednesday,Maximum_Load
25/09/2018 04:00,2.63,42.20,100.00,5.65,0.00,Weekday,Tuesday,Light_Load
19/05/2018 17:00,7.20,100.00,27.51,0.00,25.16,Weekend,Saturday,Maximum_Load
02/03/2018 00:45,3.28,78.48,100.00,2.59,0.00,Weekday,Friday,Light_Load
04/07/2018 06:00,2.81,56.53,100.00,4.10,0.00,Weekday,Wednesday,Light_Load
05/06/2018 21:15,7.70,100.00,34.97,0.00,20.63,Weekday,Tuesday,Medium_Load
08/06/2018 02:30,2.88,44.29,100.00,5.83,0.00,Weekday,Friday,Light_Load
03/08/2018 11:30,2.70,100.00,46.93,0.00,5.08,Weekday,Friday,Light_Load
07/03/2018 03:15,3.24,69.95,100.00,3.31,0.00,Weekday,Wednesday,Light_Load
04/10/2018 21:30,3.89,100.00,22.23,0.00,17.06,Weekday,Thursday,Medium_Load
27/10/2018 21:15,4.61,100.00,25.23,0.00,17.68,Weekend,Saturday,Medium_Load
20/03/2018 20:45,39.64,99.93,99.99,1.48,0.68,Weekday,Tuesday,Medium_Load
04/04/2018 00:30,3.67,62.28,100.00,4.61,0.00,Weekday,Wednesday,Light_Load
28/12/2018 20:00,5.15,100.00,23.08,0.00,21.71,Weekday,Friday,Maximum_Load
28/09/2018 17:30,51.48,88.35,100.00,27.29,0.00,Weekday,Friday,Medium_Load
13/09/2018 03:30,2.74,50.52,100.00,4.68,0.00,Weekday,Thursday,Light_Load
06/07/2018 13:30,54.94,87.92,100.00,29.77,0.00,Weekday,Friday,Maximum_Load
04/06/2018 06:00,2.99,46.97,100.00,5.62,0.00,Weekday,Monday,Light_Load
21/04/2018 08:45,30.89,77.66,100.00,25.06,0.00,Weekend,Saturday,Light_Load
03/06/2018 13:45,2.99,100.00,17.40,0.00,16.92,Weekend,Sunday,Light_Load
13/12/2018 07:15,3.42,84.99,99.73,2.12,0.25,Weekday,Thursday,Light_Load
14/12/2018 20:45,31.93,99.99,99.63,0.36,2.77,Weekday,Friday,Medium_Load
15/07/2018 01:15,3.17,100.00,54.95,0.00,4.82,Weekend,Sunday,Light_Load
16/05/2018 07:30,3.53,57.06,100.00,5.08,0.00,Weekday,Wednesday,Light_Load
22/04/2018 21:00,3.42,100.00,19.89,0.00,16.85,Weekend,Sunday,Medium_Load
18/11/2018 01:45,3.20,50.02,100.00,5.54,0.00,Weekend,Sunday,Light_Load
25/08/2018 03:00,2.92,51.50,100.00,4.86,0.00,Weekend,Saturday,Light_Load
29/11/2018 16:15,50.36,91.76,100.00,21.82,0.00,Weekday,Thursday,Medium_Load
03/04/2018 17:45,29.77,100.00,97.51,0.29,6.77,Weekday,Tuesday,Medium_Load
08/06/2018 10:15,39.53,93.00,100.00,15.62,0.00,Weekday,Friday,Maximum_Load
23/02/2018 15:15,64.76,88.40,100.00,34.24,0.00,Weekday,Friday,Medium_Load
25/09/2018 19:15,2.70,100.00,22.09,0.00,11.92,Weekday,Tuesday,Light_Load
28/05/2018 14:30,62.14,89.38,100.00,31.18,0.00,Weekday,Monday,Maximum_Load
27/08/2018 12:00,40.57,80.79,100.00,29.59,0.00,Weekday,Monday,Maximum_Load
30/11/2018 00:00,3.96,84.37,99.30,2.52,0.47,Weekday,Friday,Light_Load
09/12/2018 08:15,3.13,80.95,99.98,2.27,0.07,Weekend,Sunday,Light_Load
10/03/2018 23:15,3.06,76.33,100.00,2.59,0.00,Weekend,Saturday,Light_Load
13/09/2018 18:30,50.65,78.43,100.00,40.07,0.00,Weekday,Thursday,Medium_Load
04/09/2018 02:00,2.77,45.18,100.00,5.47,0.00,Weekday,Tuesday,Light_Load
13/06/2018 06:30,3.38,52.08,100.00,5.54,0.00,Weekday,Wednesday,Light_Load
04/10/2018 11:15,62.39,84.54,100.00,39.42,0.00,Weekday,Thursday,Maximum_Load
01/07/2018 18:15,2.88,100.00,33.25,0.00,8.17,Weekend,Sunday,Light_Load
16/10/2018 18:30,51.95,78.95,100.00,40.39,0.00,Weekday,Tuesday,Medium_Load
23/12/2018 04:00,3.46,77.30,100.00,2.84,0.00,Weekend,Sunday,Light_Load
17/01/2018 03:30,4.68,69.36,100.00,4.86,0.00,Weekday,Wednesday,Light_Load
07/02/2018 22:00,40.54,99.96,99.79,1.15,2.63,Weekday,Wednesday,Medium_Load
14/05/2018 03:30,2.95,53.65,100.00,4.64,0.00,Weekday,Monday,Light_Load
22/10/2018 22:45,3.74,49.59,100.00,6.55,0.00,Weekday,Monday,Medium_Load
08/10/2018 17:15,110.99,89.94,100.00,53.93,0.00,Weekday,Monday,Medium_Load
25/08/2018 07:00,3.28,55.94,100.00,4.86,0.00,Weekend,Saturday,Light_Load
09/07/2018 08:15,17.39,73.93,100.00,15.84,0.00,Weekday,Monday,Light_Load
13/04/2018 21:15,5.08,100.00,19.36,0.00,25.74,Weekday,Friday,Medium_Load
02/08/2018 11:45,2.59,100.00,42.10,0.00,5.58,Weekday,Thursday,Light_Load
04/06/2018 08:15,30.46,68.45,100.00,32.44,0.00,Weekday,Monday,Light_Load
12/11/2018 17:30,108.97,92.50,100.00,44.75,0.04,Weekday,Monday,Maximum_Load
20/04/2018 16:00,91.30,93.28,100.00,35.28,0.00,Weekday,Friday,Maximum_Load
23/12/2018 02:15,3.46,78.40,100.00,2.74,0.00,Weekend,Sunday,Light_Load
13/04/2018 21:00,29.63,99.97,97.57,0.68,6.66,Weekday,Friday,Medium_Load
27/11/2018 10:15,129.20,91.54,100.00,56.81,0.00,Weekday,Tuesday,Maximum_Load
26/02/2018 03:15,3.82,76.26,100.00,3.24,0.00,Weekday,Monday,Light_Load
06/03/2018 05:15,5.65,72.55,100.00,5.36,0.00,Weekday,Tuesday,Light_Load
19/11/2018 23:00,3.56,69.92,100.00,3.64,0.00,Weekday,Monday,Maximum_Load
16/12/2018 11:15,69.95,89.10,100.00,35.64,0.00,Weekend,Sunday,Maximum_Load
06/08/2018 03:00,2.59,48.74,100.00,4.64,0.00,Weekday,Monday,Light_Load
14/02/2018 03:00,5.15,69.76,100.00,5.29,0.00,Weekday,Wednesday,Light_Load
06/06/2018 04:15,3.42,51.32,100.00,5.72,0.00,Weekday,Wednesday,Light_Load
10/08/2018 16:15,103.46,93.39,100.00,39.60,0.00,Weekday,Friday,Maximum_Load
18/07/2018 01:15,2.70,100.00,44.99,0.00,5.36,Weekday,Wednesday,Light_Load
03/12/2018 05:00,3.78,79.95,100.00,2.84,0.00,Weekday,Monday,Light_Load
16/09/2018 00:30,2.81,49.52,100.00,4.93,0.00,Weekend,Sunday,Light_Load
21/05/2018 05:00,3.60,58.43,100.00,5.00,0.00,Weekday,Monday,Light_Load
31/12/2018 18:45,4.14,100.00,20.05,0.00,20.23,Weekday,Monday,Light_Load
15/06/2018 13:45,69.48,89.83,100.00,33.98,0.00,Weekday,Friday,Maximum_Load
02/12/2018 05:00,4.54,72.13,100.00,4.36,0.00,Weekend,Sunday,Light_Load
08/11/2018 16:15,56.48,89.61,100.00,27.97,0.00,Weekday,Thursday,Medium_Load
09/07/2018 19:45,58.82,93.96,100.00,21.42,0.00,Weekday,Monday,Medium_Load
10/12/2018 18:15,5.47,100.00,45.65,0.00,10.66,Weekday,Monday,Maximum_Load
25/05/2018 20:30,36.72,99.83,99.97,2.16,0.83,Weekday,Friday,Medium_Load
02/05/2018 14:45,118.76,93.08,100.00,46.62,0.00,Weekday,Wednesday,Maximum_Load
20/11/2018 21:45,3.85,100.00,18.07,0.00,20.95,Weekday,Tuesday,Medium_Load
29/04/2018 02:00,2.59,59.16,100.00,3.53,0.00,Weekend,Sunday,Light_Load
29/06/2018 15:15,35.42,98.15,99.99,6.91,0.58,Weekday,Friday,Maximum_Load
01/05/2018 12:00,2.99,100.00,52.95,0.00,4.79,Weekday,Tuesday,Light_Load
25/06/2018 04:15,2.84,52.45,100.00,4.61,0.00,Weekday,Monday,Light_Load
02/01/2018 01:00,3.35,68.12,100.00,3.60,0.00,Weekday,Tuesday,Light_Load
30/10/2018 20:30,113.98,87.87,100.00,61.92,0.00,Weekday,Tuesday,Medium_Load
06/12/2018 08:45,60.84,81.95,100.00,42.55,0.00,Weekday,Thursday,Light_Load
06/02/2018 13:45,125.57,94.16,100.00,44.89,0.00,Weekday,Tuesday,Medium_Load
09/03/2018 15:45,53.32,96.21,100.00,15.12,0.00,Weekday,Friday,Maximum_Load
13/08/2018 14:30,85.75,92.15,100.00,36.14,0.00,Weekday,Monday,Maximum_Load
20/11/2018 05:00,2.84,82.03,99.61,1.98,0.25,Weekday,Tuesday,Light_Load
29/09/2018 08:00,3.06,49.30,100.00,5.40,0.00,Weekend,Saturday,Light_Load
15/03/2018 22:15,4.03,92.22,27.34,1.69,14.18,Weekday,Thursday,Medium_Load
07/09/2018 18:15,52.27,85.55,100.00,31.64,0.00,Weekday,Friday,Medium_Load
15/04/2018 06:45,3.06,62.92,100.00,3.78,0.00,Weekend,Sunday,Light_Load
26/06/2018 01:15,2.66,60.18,100.00,3.53,0.00,Weekday,Tuesday,Light_Load
25/04/2018 22:45,3.67,69.28,100.00,3.82,0.00,Weekday,Wednesday,Medium_Load
21/03/2018 21:00,77.65,99.25,99.99,9.54,1.08,Weekday,Wednesday,Medium_Load
09/05/2018 01:00,3.28,60.47,100.00,4.32,0.00,Weekday,Wednesday,Light_Load
23/05/2018 02:45,3.02,53.33,100.00,4.79,0.00,Weekday,Wednesday,Light_Load
19/12/2018 06:15,4.07,82.67,100.00,2.77,0.00,Weekday,Wednesday,Light_Load
09/03/2018 08:00,9.61,86.64,100.00,5.54,0.00,Weekday,Friday,Light_Load
17/01/2018 18:45,38.92,99.39,99.84,4.32,2.20,Weekday,Wednesday,Maximum_Load
15/06/2018 00:45,3.60,57.59,100.00,5.11,0.00,Weekday,Friday,Light_Load
09/02/2018 07:15,4.72,64.85,100.00,5.54,0.00,Weekday,Friday,Light_Load
23/10/2018 16:30,46.80,87.08,100.00,26.42,0.00,Weekday,Tuesday,Maximum_Load
24/01/2018 17:45,53.35,97.64,99.98,11.81,1.12,Weekday,Wednesday,Maximum_Load
10/04/2018 16:45,61.74,91.72,100.00,26.82,0.00,Weekday,Tuesday,Maximum_Load
09/02/2018 11:00,56.30,96.53,100.00,15.23,0.00,Weekday,Friday,Maximum_Load
12/08/2018 17:15,3.02,100.00,20.14,0.00,14.69,Weekend,Sunday,Light_Load
22/12/2018 05:15,3.42,81.74,99.99,2.41,0.04,Weekend,Saturday,Light_Load
08/04/2018 17:30,4.10,100.00,15.58,0.00,25.99,Weekend,Sunday,Medium_Load
01/11/2018 19:30,3.89,100.00,20.85,0.00,18.25,Weekday,Thursday,Maximum_Load
06/07/2018 18:45,90.36,87.36,100.00,50.33,0.00,Weekday,Friday,Medium_Load
04/11/2018 22:00,3.82,100.00,20.92,0.00,17.86,Weekend,Sunday,Medium_Load
02/01/2018 08:15,29.02,83.89,100.00,18.83,0.07,Weekday,Tuesday,Light_Load
19/02/2018 09:30,76.14,93.58,100.00,28.69,0.00,Weekday,Monday,Medium_Load
19/05/2018 15:15,39.17,98.70,100.00,6.37,0.00,Weekend,Saturday,Maximum_Load
02/08/2018 12:30,2.81,100.00,16.32,0.00,16.99,Weekday,Thursday,Light_Load
02/10/2018 22:30,3.53,40.12,100.00,8.06,0.00,Weekday,Tuesday,Medium_Load
30/01/2018 20:30,84.92,95.38,100.00,26.75,0.00,Weekday,Tuesday,Medium_Load
20/03/2018 07:00,3.02,65.01,100.00,3.53,0.00,Weekday,Tuesday,Light_Load
11/03/2018 16:45,30.38,99.98,99.80,0.58,1.94,Weekend,Sunday,Maximum_Load
16/04/2018 16:45,70.85,88.32,100.00,37.62,0.00,Weekday,Monday,Maximum_Load
21/05/2018 21:30,5.22,100.00,19.98,0.00,25.60,Weekday,Monday,Medium_Load
25/12/2018 09:30,3.46,100.00,23.99,0.00,14.00,Weekday,Tuesday,Light_Load
11/12/2018 08:15,44.21,81.76,100.00,31.14,0.00,Weekday,Tuesday,Light_Load
07/05/2018 10:00,103.36,93.40,100.00,39.53,0.00,Weekday,Monday,Medium_Load
07/08/2018 00:15,2.77,44.21,100.00,5.62,0.00,Weekday,Tuesday,Light_Load
10/09/2018 11:45,54.79,90.21,100.00,26.21,0.00,Weekday,Monday,Maximum_Load
18/03/2018 02:00,3.10,65.25,100.00,3.60,0.00,Weekend,Sunday,Light_Load
12/12/2018 11:15,57.71,93.15,100.00,22.54,0.00,Weekday,Wednesday,Maximum_Load
12/03/2018 01:30,3.89,57.95,100.00,5.47,0.00,Weekday,Monday,Light_Load
18/01/2018 01:00,40.90,79.02,100.00,31.72,0.00,Weekday,Thursday,Light_Load
13/01/2018 18:45,5.00,100.00,21.17,0.00,23.08,Weekend,Saturday,Maximum_Load
06/11/2018 18:15,43.92,84.69,100.00,27.58,0.00,Weekday,Tuesday,Maximum_Load
05/12/2018 02:30,4.64,86.11,99.97,2.74,0.11,Weekday,Wednesday,Light_Load
28/09/2018 06:00,3.64,44.04,100.00,7.42,0.00,Weekday,Friday,Light_Load
09/08/2018 00:30,2.84,50.15,100.00,4.90,0.00,Weekday,Thursday,Light_Load
17/04/2018 06:30,3.10,60.97,100.00,4.03,0.00,Weekday,Tuesday,Light_Load
02/11/2018 17:00,53.53,88.46,100.00,28.22,0.00,Weekday,Friday,Medium_Load
23/07/2018 09:15,72.36,82.94,100.00,48.74,0.00,Weekday,Monday,Medium_Load
18/09/2018 14:00,64.69,86.28,100.00,37.91,0.00,Weekday,Tuesday,Maximum_Load
13/10/2018 11:45,42.98,94.11,100.00,15.44,0.00,Weekend,Saturday,Maximum_Load
20/06/2018 05:15,3.13,45.30,100.00,6.16,0.00,Weekday,Wednesday,Light_Load
13/05/2018 09:45,3.24,100.00,18.17,0.00,17.53,Weekend,Sunday,Light_Load
23/05/2018 13:15,93.53,93.60,100.00,35.17,0.11,Weekday,Wednesday,Maximum_Load
23/02/2018 07:00,4.07,63.13,100.00,5.00,0.00,Weekday,Friday,Light_Load
13/01/2018 00:15,4.61,79.98,100.00,3.46,0.00,Weekend,Saturday,Light_Load
06/04/2018 12:30,4.61,100.00,25.53,0.00,17.46,Weekday,Friday,Medium_Load
23/11/2018 11:30,67.03,92.27,100.00,28.01,0.00,Weekday,Friday,Maximum_Load
28/04/2018 16:15,28.66,100.00,94.92,0.00,9.50,Weekend,Saturday,Maximum_Load
13/04/2018 10:00,63.76,92.58,100.00,26.03,0.00,Weekday,Friday,Medium_Load
06/08/2018 13:45,98.93,92.73,100.00,39.92,0.00,Weekday,Monday,Maximum_Load
02/10/2018 17:15,54.58,82.11,100.00,37.94,0.00,Weekday,Tuesday,Medium_Load
06/08/2018 19:30,86.98,92.56,100.00,35.57,0.00,Weekday,Monday,Medium_Load
12/11/2018 16:30,104.40,88.00,100.00,56.34,0.00,Weekday,Monday,Medium_Load
07/01/2018 18:30,3.96,100.00,45.36,0.00,7.78,Weekend,Sunday,Light_Load
07/12/2018 05:45,4.07,66.18,100.00,4.61,0.00,Weekday,Friday,Light_Load
27/01/2018 05:45,5.98,76.72,100.00,5.00,0.00,Weekend,Saturday,Light_Load
29/09/2018 15:45,36.14,96.07,100.00,10.44,0.00,Weekend,Saturday,Maximum_Load
18/03/2018 02:30,3.06,69.91,100.00,3.13,0.00,Weekend,Sunday,Light_Load
13/10/2018 14:15,43.88,90.47,100.00,20.66,0.00,Weekend,Saturday,Maximum_Load
03/06/2018 13:15,3.06,100.00,18.02,0.00,16.70,Weekend,Sunday,Light_Load
26/08/2018 18:15,3.60,100.00,44.72,0.00,7.20,Weekend,Sunday,Medium_Load
25/01/2018 20:30,57.10,97.04,100.00,14.22,0.00,Weekday,Thursday,Medium_Load
27/11/2018 03:00,4.72,74.08,100.00,4.28,0.00,Weekday,Tuesday,Light_Load
29/12/2018 04:15,3.02,79.94,99.99,2.27,0.04,Weekend,Saturday,Light_Load
25/04/2018 09:45,53.64,84.45,100.00,34.02,0.00,Weekday,Wednesday,Medium_Load
24/06/2018 17:00,3.89,100.00,15.92,0.00,24.12,Weekend,Sunday,Maximum_Load
12/10/2018 08:30,57.49,72.41,100.00,54.76,0.00,Weekday,Friday,Light_Load
08/06/2018 08:00,3.35,50.74,100.00,5.69,0.00,Weekday,Friday,Light_Load
03/06/2018 09:00,2.92,100.00,22.04,0.00,12.92,Weekend,Sunday,Light_Load
24/09/2018 22:15,2.66,42.17,99.97,5.72,0.07,Weekday,Monday,Light_Load
12/04/2018 23:30,3.96,56.39,100.00,5.80,0.00,Weekday,Thursday,Light_Load
14/06/2018 19:45,51.88,88.28,100.00,27.61,0.00,Weekday,Thursday,Medium_Load
14/06/2018 12:30,7.06,100.00,32.48,0.00,20.56,Weekday,Thursday,Medium_Load
06/10/2018 00:45,3.28,44.18,100.00,6.66,0.00,Weekend,Saturday,Light_Load
24/09/2018 18:00,2.77,100.00,37.02,0.00,6.95,Weekday,Monday,Light_Load
24/03/2018 02:30,3.64,64.09,100.00,4.36,0.00,Weekend,Saturday,Light_Load
21/05/2018 19:30,35.21,99.88,99.96,1.76,0.94,Weekday,Monday,Medium_Load
04/04/2018 00:15,3.64,61.97,100.00,4.61,0.00,Weekday,Wednesday,Light_Load
13/02/2018 13:30,125.03,95.13,100.00,40.50,0.00,Weekday,Tuesday,Medium_Load
27/11/2018 11:45,123.80,90.59,100.00,57.89,0.00,Weekday,Tuesday,Maximum_Load
31/01/2018 03:30,5.83,73.80,100.00,5.33,0.00,Weekday,Wednesday,Light_Load
03/10/2018 12:00,33.05,82.37,99.41,22.75,3.60,Weekday,Wednesday,Maximum_Load
16/11/2018 06:15,3.10,53.78,100.00,4.86,0.00,Weekday,Friday,Light_Load
03/01/2018 13:00,7.70,100.00,28.66,0.00,25.74,Weekday,Wednesday,Medium_Load
11/08/2018 22:00,3.24,100.00,22.76,0.00,13.86,Weekend,Saturday,Medium_Load
16/03/2018 10:15,110.74,91.36,100.00,49.28,0.00,Weekday,Friday,Maximum_Load
24/07/2018 11:30,103.64,81.84,100.00,72.76,0.00,Weekday,Tuesday,Maximum_Load
30/06/2018 12:30,3.85,100.00,22.88,0.00,16.38,Weekend,Saturday,Medium_Load
24/07/2018 01:15,2.92,100.00,54.43,0.00,4.50,Weekday,Tuesday,Light_Load
02/07/2018 18:15,31.68,93.03,99.80,12.49,2.02,Weekday,Monday,Medium_Load
22/05/2018 22:00,3.31,100.00,19.76,0.00,16.42,Weekday,Tuesday,Medium_Load
26/08/2018 23:00,3.89,56.91,100.00,5.62,0.00,Weekend,Sunday,Medium_Load
07/05/2018 23:15,4.75,67.02,100.00,5.26,0.00,Weekday,Monday,Light_Load
27/03/2018 02:45,3.85,63.21,100.00,4.72,0.00,Weekday,Tuesday,Light_Load
11/02/2018 13:30,4.75,100.00,18.20,0.00,25.67,Weekend,Sunday,Light_Load
17/10/2018 08:15,31.50,73.88,100.00,28.73,0.00,Weekday,Wednesday,Light_Load
31/08/2018 03:30,2.74,45.25,100.00,5.40,0.00,Weekday,Friday,Light_Load
24/03/2018 16:30,34.74,99.91,99.93,1.48,1.33,Weekend,Saturday,Maximum_Load
31/12/2018 06:00,2.95,83.94,99.64,1.91,0.25,Weekday,Monday,Light_Load
01/08/2018 08:00,2.66,48.32,100.00,4.82,0.00,Weekday,Wednesday,Light_Load
13/08/2018 14:00,111.46,87.60,100.00,61.38,0.00,Weekday,Monday,Maximum_Load
08/09/2018 21:45,3.06,100.00,26.14,0.00,11.30,Weekend,Saturday,Medium_Load
17/06/2018 23:15,2.66,59.86,100.00,3.56,0.00,Weekend,Sunday,Light_Load
18/04/2018 01:15,3.71,74.92,100.00,3.28,0.00,Weekday,Wednesday,Light_Load
21/07/2018 10:45,44.64,88.13,100.00,23.94,0.00,Weekend,Saturday,Maximum_Load
15/01/2018 05:45,4.64,72.88,100.00,4.36,0.00,Weekday,Monday,Light_Load
27/08/2018 16:45,44.42,92.73,100.00,17.93,0.00,Weekday,Monday,Maximum_Load
19/08/2018 21:45,2.88,100.00,20.54,0.00,13.72,Weekend,Sunday,Light_Load
04/02/2018 07:45,3.92,72.35,100.00,3.74,0.00,Weekend,Sunday,Light_Load
28/03/2018 16:30,57.64,91.29,100.00,25.78,0.00,Weekday,Wednesday,Maximum_Load
11/02/2018 23:30,3.89,74.43,100.00,3.49,0.00,Weekend,Sunday,Light_Load
20/11/2018 03:45,3.67,66.97,100.00,4.07,0.00,Weekday,Tuesday,Light_Load
20/12/2018 05:30,3.38,82.22,99.98,2.34,0.07,Weekday,Thursday,Light_Load
26/01/2018 12:30,9.00,100.00,32.52,0.00,26.17,Weekday,Friday,Medium_Load
27/06/2018 14:45,72.11,84.59,100.00,45.47,0.00,Weekday,Wednesday,Maximum_Load
11/10/2018 13:30,65.02,86.56,100.00,37.62,0.00,Weekday,Thursday,Maximum_Load
02/10/2018 05:45,2.77,47.87,100.00,5.08,0.00,Weekday,Tuesday,Light_Load
08/08/2018 14:00,93.92,91.76,100.00,40.68,0.00,Weekday,Wednesday,Maximum_Load
21/10/2018 05:00,2.81,51.80,100.00,4.64,0.00,Weekend,Sunday,Light_Load
05/02/2018 17:00,100.66,93.02,100.00,39.71,0.00,Weekday,Monday,Medium_Load
25/08/2018 16:15,7.13,100.00,38.70,0.00,16.99,Weekend,Saturday,Light_Load
15/12/2018 01:15,4.14,72.26,100.00,3.96,0.00,Weekend,Saturday,Light_Load
25/11/2018 12:30,3.02,100.00,21.62,0.00,13.64,Weekend,Sunday,Light_Load
15/01/2018 15:45,59.76,94.82,100.00,20.02,0.00,Weekday,Monday,Medium_Load
04/09/2018 11:00,105.95,90.36,100.00,50.22,0.00,Weekday,Tuesday,Maximum_Load
29/10/2018 04:00,2.81,47.90,100.00,5.15,0.00,Weekday,Monday,Light_Load
25/09/2018 22:45,2.56,42.84,100.00,5.40,0.00,Weekday,Tuesday,Light_Load
05/12/2018 20:00,5.44,100.00,25.54,0.00,20.59,Weekday,Wednesday,Maximum_Load
18/04/2018 08:30,113.90,84.70,100.00,71.50,0.00,Weekday,Wednesday,Light_Load
31/05/2018 22:15,3.35,86.87,29.35,1.91,10.91,Weekday,Thursday,Medium_Load
24/08/2018 03:15,3.13,47.05,100.00,5.87,0.00,Weekday,Friday,Light_Load
21/12/2018 18:45,5.62,100.00,25.83,0.00,21.02,Weekday,Friday,Maximum_Load
06/12/2018 19:30,38.63,98.27,100.00,7.27,0.00,Weekday,Thursday,Maximum_Load
29/10/2018 16:00,115.24,91.41,100.00,51.12,0.00,Weekday,Monday,Maximum_Load
27/01/2018 10:15,33.52,100.00,95.53,0.00,10.37,Weekend,Saturday,Maximum_Load
13/11/2018 07:15,3.60,53.27,100.00,5.72,0.00,Weekday,Tuesday,Light_Load
18/07/2018 06:45,2.77,56.93,100.00,4.00,0.00,Weekday,Wednesday,Light_Load
21/11/2018 00:45,3.46,82.39,99.46,2.38,0.36,Weekday,Wednesday,Light_Load
26/12/2018 14:00,51.41,96.23,100.00,14.54,0.07,Weekday,Wednesday,Medium_Load
28/11/2018 04:30,22.50,83.19,100.00,15.01,0.00,Weekday,Wednesday,Light_Load
16/07/2018 10:15,101.27,88.43,100.00,53.46,0.00,Weekday,Monday,Maximum_Load
30/12/2018 17:45,4.75,100.00,21.37,0.00,21.71,Weekend,Sunday,Light_Load
08/08/2018 21:30,4.18,100.00,24.83,0.00,16.31,Weekday,Wednesday,Medium_Load
25/07/2018 21:00,8.86,100.00,35.17,0.00,23.58,Weekday,Wednesday,Medium_Load
21/04/2018 12:45,4.28,100.00,24.97,0.00,16.60,Weekend,Saturday,Medium_Load
29/07/2018 22:15,2.99,93.65,49.42,1.12,5.26,Weekend,Sunday,Medium_Load
17/11/2018 07:15,3.20,55.55,100.00,4.79,0.00,Weekend,Saturday,Light_Load
06/04/2018 15:30,110.81,94.21,100.00,39.46,0.00,Weekday,Friday,Maximum_Load
25/07/2018 19:30,92.09,93.73,100.00,34.24,0.00,Weekday,Wednesday,Medium_Load
30/06/2018 09:45,42.01,98.29,100.00,7.88,0.40,Weekend,Saturday,Medium_Load
14/07/2018 12:30,4.32,100.00,33.55,0.00,12.13,Weekend,Saturday,Medium_Load
13/02/2018 20:30,95.98,99.11,100.00,12.92,0.00,Weekday,Tuesday,Medium_Load
27/11/2018 06:45,3.82,78.45,100.00,3.02,0.00,Weekday,Tuesday,Light_Load
12/01/2018 16:45,116.24,92.87,100.00,46.40,0.00,Weekday,Friday,Medium_Load
26/04/2018 09:15,87.73,90.39,100.00,41.51,0.00,Weekday,Thursday,Medium_Load
09/08/2018 10:15,111.67,86.96,100.00,63.40,0.00,Weekday,Thursday,Maximum_Load
21/12/2018 16:00,63.00,89.36,100.00,31.64,0.00,Weekday,Friday,Medium_Load
29/09/2018 12:30,3.28,100.00,28.29,0.00,11.12,Weekend,Saturday,Medium_Load
21/09/2018 13:00,4.21,100.00,33.40,0.00,11.88,Weekday,Friday,Medium_Load
31/03/2018 10:45,3.35,100.00,15.37,0.00,21.53,Weekend,Saturday,Light_Load
25/04/2018 17:00,60.91,93.11,100.00,23.87,0.00,Weekday,Wednesday,Maximum_Load
09/09/2018 22:15,3.74,48.96,99.96,6.66,0.11,Weekend,Sunday,Medium_Load
26/08/2018 06:15,2.70,42.87,100.00,5.69,0.00,Weekend,Sunday,Light_Load
27/02/2018 21:15,20.30,99.53,79.31,1.98,15.59,Weekday,Tuesday,Medium_Load
21/01/2018 01:00,37.44,80.18,100.00,27.90,0.00,Weekend,Sunday,Light_Load
15/11/2018 21:00,28.37,99.93,99.86,1.04,1.51,Weekday,Thursday,Medium_Load
19/12/2018 12:00,101.99,90.29,100.00,48.56,0.00,Weekday,Wednesday,Maximum_Load
21/09/2018 18:00,3.24,100.00,24.32,0.00,12.92,Weekday,Friday,Medium_Load
17/05/2018 20:30,103.10,93.66,100.00,38.56,0.00,Weekday,Thursday,Medium_Load
28/06/2018 18:30,37.44,87.23,100.00,20.99,0.00,Weekday,Thursday,Medium_Load
08/05/2018 00:30,3.64,71.49,100.00,3.56,0.00,Weekday,Tuesday,Light_Load
07/11/2018 02:45,2.95,54.23,100.00,4.57,0.00,Weekday,Wednesday,Light_Load
18/05/2018 04:30,3.20,50.98,100.00,5.40,0.00,Weekday,Friday,Light_Load
08/10/2018 00:00,3.24,46.14,100.00,6.23,0.00,Weekday,Monday,Light_Load
20/11/2018 23:30,3.49,85.79,98.82,2.09,0.54,Weekday,Tuesday,Light_Load
15/12/2018 15:45,3.96,100.00,18.57,0.00,20.95,Weekend,Saturday,Light_Load
19/06/2018 11:45,42.01,82.71,100.00,28.55,0.00,Weekday,Tuesday,Maximum_Load
15/08/2018 06:30,2.99,57.54,100.00,4.25,0.00,Weekday,Wednesday,Light_Load
22/09/2018 06:30,3.10,42.57,100.00,6.59,0.00,Weekend,Saturday,Light_Load
15/07/2018 14:15,99.86,93.79,100.00,36.94,0.00,Weekend,Sunday,Maximum_Load
24/07/2018 12:45,5.51,100.00,52.81,0.00,8.86,Weekday,Tuesday,Medium_Load
27/11/2018 00:30,4.79,72.35,100.00,4.57,0.00,Weekday,Tuesday,Light_Load
26/09/2018 05:15,2.63,44.05,100.00,5.36,0.00,Weekday,Wednesday,Light_Load
15/02/2018 01:30,3.35,57.88,100.00,4.72,0.00,Weekday,Thursday,Light_Load
10/07/2018 06:45,2.84,48.80,100.00,5.08,0.00,Weekday,Tuesday,Light_Load
10/12/2018 00:00,5.36,88.36,100.00,2.84,0.04,Weekday,Monday,Light_Load
12/02/2018 22:30,33.16,81.37,100.00,23.69,0.00,Weekday,Monday,Maximum_Load
11/11/2018 06:30,2.99,51.02,100.00,5.04,0.00,Weekend,Sunday,Light_Load
23/10/2018 20:15,61.20,83.59,100.00,40.18,0.00,Weekday,Tuesday,Medium_Load
11/10/2018 18:45,95.15,91.00,100.00,43.34,0.00,Weekday,Thursday,Medium_Load
02/09/2018 04:15,3.20,45.29,100.00,6.30,0.00,Weekend,Sunday,Light_Load
19/03/2018 09:00,95.04,88.95,100.00,48.82,0.00,Weekday,Monday,Light_Load
27/06/2018 08:15,38.45,71.01,100.00,38.12,0.00,Weekday,Wednesday,Light_Load
08/03/2018 09:30,121.57,92.55,100.00,49.75,0.00,Weekday,Thursday,Medium_Load
08/01/2018 03:30,3.38,58.88,100.00,4.64,0.00,Weekday,Monday,Light_Load
23/04/2018 21:00,17.17,100.00,74.75,0.07,15.26,Weekday,Monday,Medium_Load
14/12/2018 16:15,96.80,91.52,100.00,42.62,0.00,Weekday,Friday,Medium_Load
28/06/2018 19:00,46.73,97.09,100.00,11.52,0.04,Weekday,Thursday,Medium_Load
01/08/2018 10:45,2.81,100.00,16.01,0.00,17.32,Weekday,Wednesday,Light_Load
21/08/2018 11:15,60.80,75.47,100.00,52.85,0.00,Weekday,Tuesday,Maximum_Load
11/11/2018 23:45,2.66,66.97,100.00,2.95,0.00,Weekend,Sunday,Light_Load
10/08/2018 23:00,2.74,47.76,100.00,5.04,0.00,Weekday,Friday,Medium_Load
08/01/2018 14:30,108.14,92.12,100.00,45.68,0.00,Weekday,Monday,Medium_Load
07/10/2018 20:30,2.74,100.00,22.88,0.00,11.66,Weekend,Sunday,Light_Load
02/02/2018 08:45,51.44,81.74,100.00,36.25,0.00,Weekday,Friday,Light_Load
26/02/2018 13:00,6.66,100.00,24.16,0.00,26.75,Weekday,Monday,Medium_Load
06/12/2018 15:00,56.88,91.56,100.00,24.98,0.00,Weekday,Thursday,Medium_Load
20/02/2018 22:45,38.66,81.05,100.00,27.94,0.00,Weekday,Tuesday,Maximum_Load
11/06/2018 04:30,3.31,55.43,100.00,4.97,0.00,Weekday,Monday,Light_Load
12/03/2018 06:45,3.74,64.85,100.00,4.39,0.00,Weekday,Monday,Light_Load
23/03/2018 04:30,3.24,62.66,100.00,4.03,0.00,Weekday,Friday,Light_Load
25/01/2018 18:00,33.70,100.00,96.35,0.00,9.36,Weekday,Thursday,Maximum_Load
18/06/2018 22:15,3.67,95.65,28.57,1.12,12.31,Weekday,Monday,Medium_Load
06/02/2018 15:30,50.69,98.89,100.00,7.63,0.00,Weekday,Tuesday,Medium_Load
13/04/2018 03:30,3.38,64.26,100.00,4.03,0.00,Weekday,Friday,Light_Load
03/03/2018 13:45,37.55,99.10,99.88,5.08,1.84,Weekend,Saturday,Maximum_Load
30/08/2018 18:15,100.58,91.07,100.00,45.61,0.00,Weekday,Thursday,Medium_Load
25/12/2018 22:15,3.20,81.20,99.50,2.30,0.32,Weekday,Tuesday,Light_Load
19/05/2018 12:45,6.23,100.00,24.97,0.00,24.16,Weekend,Saturday,Medium_Load
20/08/2018 06:30,2.63,47.07,100.00,4.93,0.00,Weekday,Monday,Light_Load
25/01/2018 14:30,78.12,91.97,100.00,33.34,0.00,Weekday,Thursday,Medium_Load
06/02/2018 06:15,4.39,79.50,100.00,3.35,0.00,Weekday,Tuesday,Light_Load
14/04/2018 09:45,34.74,99.99,99.04,0.47,4.86,Weekend,Saturday,Medium_Load
20/02/2018 19:30,98.57,95.81,100.00,29.45,0.00,Weekday,Tuesday,Maximum_Load
17/07/2018 21:45,3.85,100.00,23.03,0.00,16.27,Weekday,Tuesday,Medium_Load
22/09/2018 14:15,2.99,100.00,26.84,0.00,10.73,Weekend,Saturday,Light_Load
14/01/2018 22:15,4.82,96.19,29.49,1.37,15.62,Weekend,Sunday,Maximum_Load
21/03/2018 10:30,57.06,94.96,100.00,18.83,0.00,Weekday,Wednesday,Maximum_Load
14/12/2018 13:15,86.98,89.90,99.91,42.37,3.67,Weekday,Friday,Medium_Load
20/12/2018 18:00,24.80,99.35,98.19,2.84,4.79,Weekday,Thursday,Maximum_Load
07/12/2018 23:45,4.00,74.98,99.98,3.53,0.07,Weekday,Friday,Light_Load
28/03/2018 15:30,54.65,88.63,100.00,28.55,0.00,Weekday,Wednesday,Maximum_Load
23/01/2018 22:30,37.33,80.21,100.00,27.79,0.00,Weekday,Tuesday,Maximum_Load
04/06/2018 11:00,69.98,87.57,100.00,38.59,0.00,Weekday,Monday,Maximum_Load
28/12/2018 09:30,59.90,92.90,100.00,23.87,0.00,Weekday,Friday,Medium_Load
30/11/2018 10:15,49.21,94.70,100.00,16.70,0.00,Weekday,Friday,Maximum_Load
19/10/2018 07:00,3.10,44.78,100.00,6.19,0.00,Weekday,Friday,Light_Load
06/07/2018 14:45,93.24,91.22,100.00,41.87,0.00,Weekday,Friday,Maximum_Load
06/06/2018 00:45,3.56,58.78,100.00,4.90,0.00,Weekday,Wednesday,Light_Load
30/07/2018 09:45,62.21,88.38,100.00,32.94,0.00,Weekday,Monday,Medium_Load
30/10/2018 19:30,52.60,90.06,100.00,25.38,0.00,Weekday,Tuesday,Medium_Load
20/02/2018 03:15,5.76,73.65,100.00,5.29,0.00,Weekday,Tuesday,Light_Load
18/01/2018 06:00,40.39,79.13,100.00,31.21,0.00,Weekday,Thursday,Light_Load
08/06/2018 05:15,3.06,46.23,100.00,5.87,0.00,Weekday,Friday,Light_Load
02/12/2018 12:15,4.86,100.00,23.32,0.00,20.27,Weekend,Sunday,Light_Load
28/12/2018 00:00,4.82,86.39,100.00,2.81,0.00,Weekday,Friday,Light_Load
10/09/2018 18:45,3.82,100.00,21.21,0.00,17.60,Weekday,Monday,Medium_Load
03/03/2018 06:30,3.46,72.99,100.00,3.24,0.00,Weekend,Saturday,Light_Load
26/09/2018 05:00,2.56,43.30,100.00,5.33,0.00,Weekday,Wednesday,Light_Load
02/07/2018 10:00,71.35,87.74,100.00,39.02,0.00,Weekday,Monday,Medium_Load
22/04/2018 11:15,31.79,89.58,100.00,15.77,0.11,Weekend,Sunday,Maximum_Load
22/12/2018 14:00,4.21,100.00,19.44,0.00,21.24,Weekend,Saturday,Light_Load
25/02/2018 23:30,4.39,73.08,100.00,4.10,0.00,Weekend,Sunday,Light_Load
08/03/2018 13:45,65.95,93.72,100.00,24.55,0.00,Weekday,Thursday,Maximum_Load
22/01/2018 11:00,79.88,91.63,100.00,34.92,0.00,Weekday,Monday,Maximum_Load
03/01/2018 19:00,42.98,99.20,100.00,5.47,0.18,Weekday,Wednesday,Maximum_Load
01/06/2018 17:15,54.50,94.82,100.00,18.25,0.00,Weekday,Friday,Medium_Load
26/08/2018 07:30,2.74,44.08,100.00,5.58,0.00,Weekend,Sunday,Light_Load
27/02/2018 16:15,51.41,95.62,100.00,15.73,0.00,Weekday,Tuesday,Medium_Load
30/10/2018 16:30,68.98,88.84,100.00,35.64,0.00,Weekday,Tuesday,Maximum_Load
07/04/2018 20:45,3.31,100.00,18.81,0.00,17.28,Weekend,Saturday,Medium_Load
01/10/2018 17:00,49.00,87.04,100.00,27.72,0.00,Weekday,Monday,Maximum_Load
08/09/2018 11:15,39.49,92.67,100.00,16.02,0.00,Weekend,Saturday,Maximum_Load
17/05/2018 17:15,109.87,93.65,100.00,41.15,0.00,Weekday,Thursday,Medium_Load
02/12/2018 01:45,4.14,74.83,100.00,3.67,0.00,Weekend,Sunday,Light_Load
20/04/2018 01:15,3.60,68.97,100.00,3.78,0.00,Weekday,Friday,Light_Load
26/11/2018 14:45,69.05,89.55,100.00,34.31,0.00,Weekday,Monday,Medium_Load
18/10/2018 15:30,64.19,81.32,100.00,45.94,0.00,Weekday,Thursday,Maximum_Load
19/05/2018 01:15,3.67,58.86,100.00,5.04,0.00,Weekend,Saturday,Light_Load
24/09/2018 17:45,2.77,100.00,25.40,0.00,10.55,Weekday,Monday,Light_Load
11/07/2018 03:30,2.84,58.28,100.00,3.96,0.00,Weekday,Wednesday,Light_Load
20/10/2018 19:15,4.18,100.00,22.62,0.00,18.00,Weekend,Saturday,Medium_Load
23/06/2018 20:00,2.88,100.00,16.34,0.00,17.39,Weekend,Saturday,Medium_Load
12/10/2018 19:30,49.46,85.21,100.00,30.38,0.00,Weekday,Friday,Medium_Load
23/05/2018 01:45,2.99,53.51,100.00,4.72,0.00,Weekday,Wednesday,Light_Load
15/04/2018 11:45,3.17,100.00,49.13,0.00,5.62,Weekend,Sunday,Light_Load
25/12/2018 16:45,3.46,100.00,24.11,0.00,13.93,Weekday,Tuesday,Light_Load
03/02/2018 07:45,4.14,76.09,100.00,3.53,0.00,Weekend,Saturday,Light_Load
10/12/2018 11:30,70.31,90.36,100.00,33.34,0.00,Weekday,Monday,Maximum_Load
19/09/2018 20:15,3.67,100.00,21.03,0.00,17.06,Weekday,Wednesday,Medium_Load
20/08/2018 22:30,3.31,59.25,100.00,4.50,0.00,Weekday,Monday,Medium_Load
26/11/2018 10:00,85.43,89.34,100.00,42.95,0.00,Weekday,Monday,Medium_Load
05/08/2018 09:30,3.02,100.00,18.65,0.00,15.91,Weekend,Sunday,Light_Load
20/04/2018 11:30,60.55,78.69,100.00,47.48,0.00,Weekday,Friday,Maximum_Load
29/11/2018 19:45,63.50,92.14,100.00,26.78,0.00,Weekday,Thursday,Maximum_Load
06/06/2018 18:45,3.85,100.00,26.25,0.00,14.15,Weekday,Wednesday,Medium_Load
23/03/2018 13:15,70.34,95.40,99.79,22.10,4.54,Weekday,Friday,Maximum_Load
15/02/2018 18:30,3.96,100.00,40.42,0.00,8.96,Weekday,Thursday,Light_Load
26/06/2018 23:00,3.53,59.33,100.00,4.79,0.00,Weekday,Tuesday,Medium_Load
29/04/2018 11:30,2.99,100.00,53.84,0.00,4.68,Weekend,Sunday,Light_Load
09/08/2018 21:45,4.46,100.00,26.65,0.00,16.13,Weekday,Thursday,Medium_Load
26/02/2018 12:45,6.88,100.00,25.01,0.00,26.64,Weekday,Monday,Medium_Load
03/10/2018 05:45,2.92,43.47,100.00,6.05,0.00,Weekday,Wednesday,Light_Load
11/01/2018 09:15,121.90,93.17,100.00,47.52,0.00,Weekday,Thursday,Medium_Load
07/09/2018 10:30,91.69,93.79,100.00,33.91,0.00,Weekday,Friday,Maximum_Load
08/05/2018 21:15,4.43,100.00,17.98,0.00,24.23,Weekday,Tuesday,Medium_Load
17/05/2018 22:00,4.10,100.00,18.83,0.00,21.38,Weekday,Thursday,Medium_Load
19/11/2018 07:45,4.07,61.78,100.00,5.18,0.00,Weekday,Monday,Light_Load
02/12/2018 23:15,3.31,84.55,99.99,2.09,0.04,Weekend,Sunday,Light_Load
04/10/2018 14:45,59.22,83.32,100.00,39.31,0.00,Weekday,Thursday,Maximum_Load
18/08/2018 06:15,2.88,56.74,100.00,4.18,0.00,Weekend,Saturday,Light_Load
22/12/2018 23:30,3.31,84.21,99.62,2.12,0.29,Weekend,Saturday,Light_Load
09/09/2018 02:00,2.81,46.64,100.00,5.33,0.00,Weekend,Sunday,Light_Load
20/09/2018 19:15,57.13,86.78,100.00,32.72,0.00,Weekday,Thursday,Medium_Load
15/01/2018 17:00,59.83,95.24,100.00,19.15,0.00,Weekday,Monday,Medium_Load
26/06/2018 07:45,3.53,63.89,100.00,4.25,0.00,Weekday,Tuesday,Light_Load
18/11/2018 12:45,4.18,100.00,26.71,0.00,15.08,Weekend,Sunday,Medium_Load
04/12/2018 09:45,59.36,86.49,100.00,34.45,0.00,Weekday,Tuesday,Medium_Load
11/11/2018 07:00,3.13,48.46,100.00,5.65,0.00,Weekend,Sunday,Light_Load
08/02/2018 10:45,55.73,96.90,100.00,14.22,0.00,Weekday,Thursday,Maximum_Load
14/10/2018 14:45,3.02,100.00,26.36,0.00,11.05,Weekend,Sunday,Light_Load
09/01/2018 20:45,99.72,96.79,100.00,25.88,0.00,Weekday,Tuesday,Medium_Load
24/01/2018 00:15,40.03,80.35,100.00,29.66,0.00,Weekday,Wednesday,Light_Load
27/05/2018 15:00,3.56,100.00,19.98,0.00,17.46,Weekend,Sunday,Light_Load
02/05/2018 16:15,99.58,92.36,100.00,41.33,0.00,Weekday,Wednesday,Maximum_Load
16/09/2018 14:15,2.92,100.00,24.14,0.00,11.74,Weekend,Sunday,Light_Load
02/07/2018 18:45,40.50,92.90,100.00,16.13,0.04,Weekday,Monday,Medium_Load
05/04/2018 16:00,58.46,92.50,100.00,24.01,0.00,Weekday,Thursday,Maximum_Load
19/12/2018 14:15,149.18,89.45,100.00,74.56,0.00,Weekday,Wednesday,Medium_Load
08/04/2018 18:00,4.03,100.00,15.26,0.00,26.10,Weekend,Sunday,Medium_Load
26/09/2018 21:30,2.92,100.00,21.20,0.00,13.46,Weekday,Wednesday,Light_Load
03/12/2018 21:00,25.45,99.95,96.51,0.83,6.91,Weekday,Monday,Medium_Load
22/04/2018 04:00,3.10,57.07,100.00,4.46,0.00,Weekend,Sunday,Light_Load
14/08/2018 21:00,37.73,98.62,99.74,6.34,2.70,Weekday,Tuesday,Medium_Load
23/04/2018 23:00,3.78,68.05,100.00,4.07,0.00,Weekday,Monday,Medium_Load
24/01/2018 22:45,39.42,81.27,100.00,28.26,0.00,Weekday,Wednesday,Maximum_Load
15/06/2018 05:45,2.92,44.54,100.00,5.87,0.00,Weekday,Friday,Light_Load
19/12/2018 11:15,140.80,89.60,100.00,69.77,0.00,Weekday,Wednesday,Maximum_Load
10/07/2018 06:15,2.88,50.67,100.00,4.90,0.00,Weekday,Tuesday,Light_Load
19/03/2018 11:45,55.69,80.58,100.00,40.93,0.00,Weekday,Monday,Maximum_Load
25/01/2018 21:15,43.63,99.82,99.94,2.63,1.51,Weekday,Thursday,Medium_Load
24/04/2018 18:00,30.02,100.00,95.20,0.00,9.65,Weekday,Tuesday,Medium_Load
29/03/2018 16:15,92.52,93.36,100.00,35.50,0.00,Weekday,Thursday,Maximum_Load
26/12/2018 22:15,4.00,79.04,99.43,3.10,0.43,Weekday,Wednesday,Maximum_Load
15/12/2018 09:15,3.56,100.00,24.58,0.00,14.04,Weekend,Saturday,Light_Load
09/02/2018 22:45,107.89,87.87,100.00,58.61,0.00,Weekday,Friday,Maximum_Load
20/05/2018 03:00,3.17,49.13,100.00,5.62,0.00,Weekend,Sunday,Light_Load
18/06/2018 10:30,72.54,96.24,100.00,20.48,0.00,Weekday,Monday,Maximum_Load
22/04/2018 23:00,3.60,64.02,100.00,4.32,0.00,Weekend,Sunday,Medium_Load
15/09/2018 23:00,2.88,45.86,100.00,5.58,0.00,Weekend,Saturday,Medium_Load
05/08/2018 08:30,2.74,44.98,100.00,5.44,0.00,Weekend,Sunday,Light_Load
14/03/2018 11:15,97.60,85.41,100.00,59.44,0.00,Weekday,Wednesday,Maximum_Load
20/08/2018 20:00,41.18,90.62,100.00,19.22,0.00,Weekday,Monday,Medium_Load
25/04/2018 10:15,61.52,78.76,100.00,48.13,0.00,Weekday,Wednesday,Maximum_Load
03/06/2018 04:15,3.06,45.37,100.00,6.01,0.00,Weekend,Sunday,Light_Load
08/01/2018 16:15,82.22,91.68,100.00,35.82,0.00,Weekday,Monday,Medium_Load
09/08/2018 06:15,2.81,45.43,100.00,5.51,0.00,Weekday,Thursday,Light_Load
12/06/2018 23:15,3.42,62.69,100.00,4.25,0.00,Weekday,Tuesday,Light_Load
05/03/2018 05:45,3.02,62.42,100.00,3.78,0.00,Weekday,Monday,Light_Load
02/10/2018 00:15,2.52,51.00,100.00,4.25,0.00,Weekday,Tuesday,Light_Load
17/03/2018 19:30,4.07,100.00,15.14,0.00,26.57,Weekend,Saturday,Medium_Load
28/03/2018 10:15,43.09,99.01,100.00,6.12,0.25,Weekday,Wednesday,Maximum_Load
08/02/2018 14:15,124.63,91.40,100.00,55.33,0.00,Weekday,Thursday,Medium_Load
01/03/2018 03:15,4.32,59.27,100.00,5.87,0.00,Weekday,Thursday,Light_Load
26/01/2018 01:15,36.54,80.80,100.00,26.64,0.00,Weekday,Friday,Light_Load
15/08/2018 07:30,3.10,57.95,100.00,4.36,0.00,Weekday,Wednesday,Light_Load
08/05/2018 01:00,3.64,70.71,100.00,3.64,0.00,Weekday,Tuesday,Light_Load
10/07/2018 11:30,71.86,79.60,100.00,54.65,0.00,Weekday,Tuesday,Maximum_Load
18/09/2018 07:45,4.54,52.60,100.00,7.34,0.00,Weekday,Tuesday,Light_Load
20/03/2018 02:00,3.10,63.01,100.00,3.82,0.00,Weekday,Tuesday,Light_Load
24/08/2018 04:00,3.24,46.14,100.00,6.23,0.00,Weekday,Friday,Light_Load
27/02/2018 13:00,7.52,100.00,27.44,0.00,26.35,Weekday,Tuesday,Medium_Load
11/01/2018 12:30,11.84,100.00,42.18,0.00,25.45,Weekday,Thursday,Medium_Load
26/07/2018 03:30,3.64,69.36,100.00,3.78,0.00,Weekday,Thursday,Light_Load
03/06/2018 18:00,3.02,100.00,17.61,0.00,16.88,Weekend,Sunday,Light_Load
14/10/2018 05:15,2.77,48.17,100.00,5.04,0.00,Weekend,Sunday,Light_Load
11/07/2018 15:45,38.92,99.58,100.00,3.56,0.36,Weekday,Wednesday,Maximum_Load
13/03/2018 08:00,6.77,67.25,100.00,7.45,0.00,Weekday,Tuesday,Light_Load
25/04/2018 20:15,84.56,97.35,100.00,19.87,0.47,Weekday,Wednesday,Medium_Load
25/02/2018 09:30,4.28,100.00,24.97,0.00,16.60,Weekend,Sunday,Light_Load
03/07/2018 03:45,3.06,59.07,100.00,4.18,0.00,Weekday,Tuesday,Light_Load
21/10/2018 11:45,3.02,100.00,28.70,0.00,10.08,Weekend,Sunday,Light_Load
04/04/2018 11:00,50.76,92.34,100.00,21.10,0.00,Weekday,Wednesday,Maximum_Load
07/09/2018 19:15,48.42,89.35,100.00,24.34,0.00,Weekday,Friday,Medium_Load
29/06/2018 22:00,3.78,100.00,15.04,0.00,24.84,Weekday,Friday,Medium_Load
22/11/2018 06:30,3.13,74.89,100.00,2.77,0.00,Weekday,Thursday,Light_Load
22/03/2018 07:15,3.31,63.47,100.00,4.03,0.00,Weekday,Thursday,Light_Load
10/11/2018 00:45,4.90,55.89,100.00,7.27,0.00,Weekend,Saturday,Light_Load
22/09/2018 05:30,2.59,47.87,100.00,4.75,0.00,Weekend,Saturday,Light_Load
28/08/2018 18:15,34.49,92.15,99.99,14.54,0.58,Weekday,Tuesday,Medium_Load
06/09/2018 21:30,3.96,100.00,24.25,0.00,15.84,Weekday,Thursday,Medium_Load
14/03/2018 08:45,72.86,73.16,100.00,67.90,0.00,Weekday,Wednesday,Light_Load
25/02/2018 10:30,4.32,100.00,25.30,0.00,16.52,Weekend,Sunday,Light_Load
27/08/2018 21:45,2.84,100.00,20.33,0.00,13.68,Weekday,Monday,Medium_Load
26/10/2018 15:45,49.10,90.09,100.00,23.65,0.00,Weekday,Friday,Maximum_Load
02/02/2018 20:45,42.30,99.99,99.98,0.65,0.90,Weekday,Friday,Medium_Load
07/11/2018 19:00,65.66,86.17,100.00,38.66,0.00,Weekday,Wednesday,Maximum_Load
08/05/2018 17:00,64.33,86.24,100.00,37.76,0.00,Weekday,Tuesday,Maximum_Load
04/01/2018 18:00,65.38,99.42,99.95,7.09,2.12,Weekday,Thursday,Maximum_Load
19/07/2018 01:15,2.81,100.00,50.60,0.00,4.79,Weekday,Thursday,Light_Load
28/09/2018 02:30,4.10,47.67,100.00,7.56,0.00,Weekday,Friday,Light_Load
03/08/2018 22:30,2.81,45.24,100.00,5.54,0.00,Weekday,Friday,Light_Load
02/09/2018 15:30,31.68,97.32,100.00,7.49,0.00,Weekend,Sunday,Maximum_Load
21/06/2018 21:30,3.92,100.00,19.36,0.00,19.87,Weekday,Thursday,Medium_Load
03/02/2018 00:00,38.20,77.76,100.00,30.89,0.00,Weekend,Saturday,Light_Load
10/11/2018 03:00,3.74,44.87,100.00,7.45,0.00,Weekend,Saturday,Light_Load
09/06/2018 09:30,3.02,100.00,17.90,0.00,16.60,Weekend,Saturday,Light_Load
14/06/2018 04:00,2.84,55.29,100.00,4.28,0.00,Weekday,Thursday,Light_Load
13/08/2018 11:30,81.54,86.56,100.00,47.16,0.00,Weekday,Monday,Maximum_Load
31/07/2018 18:30,3.42,100.00,57.87,0.00,4.82,Weekday,Tuesday,Medium_Load
11/09/2018 06:30,2.63,44.05,100.00,5.36,0.00,Weekday,Tuesday,Light_Load
28/04/2018 07:45,2.92,63.42,100.00,3.56,0.00,Weekend,Saturday,Light_Load
02/07/2018 21:15,4.46,100.00,17.35,0.00,25.31,Weekday,Monday,Medium_Load
31/05/2018 11:00,57.89,87.29,100.00,32.36,0.00,Weekday,Thursday,Maximum_Load
10/08/2018 11:30,94.32,83.58,100.00,61.96,0.00,Weekday,Friday,Maximum_Load
14/01/2018 20:15,4.97,100.00,18.08,0.00,27.04,Weekend,Sunday,Medium_Load
30/10/2018 16:15,70.16,87.37,100.00,39.06,0.00,Weekday,Tuesday,Maximum_Load
23/08/2018 16:45,53.28,87.30,100.00,29.77,0.00,Weekday,Thursday,Maximum_Load
31/03/2018 07:45,2.77,57.71,100.00,3.92,0.00,Weekend,Saturday,Light_Load
26/02/2018 20:00,62.03,93.99,100.00,22.54,0.00,Weekday,Monday,Maximum_Load
06/02/2018 03:45,6.34,76.78,100.00,5.29,0.00,Weekday,Tuesday,Light_Load
04/03/2018 21:15,3.31,100.00,18.81,0.00,17.28,Weekend,Sunday,Light_Load
16/06/2018 23:45,2.88,49.32,100.00,5.08,0.00,Weekend,Saturday,Light_Load
14/03/2018 14:30,56.12,92.30,100.00,23.40,0.00,Weekday,Wednesday,Maximum_Load
26/08/2018 05:00,2.59,52.67,100.00,4.18,0.00,Weekend,Sunday,Light_Load
17/08/2018 05:15,2.81,41.95,100.00,6.08,0.00,Weekday,Friday,Light_Load
21/08/2018 08:00,4.10,56.36,100.00,6.01,0.00,Weekday,Tuesday,Light_Load
17/07/2018 21:00,9.86,100.00,43.24,0.00,20.56,Weekday,Tuesday,Medium_Load
16/11/2018 01:00,3.71,47.89,100.00,6.80,0.00,Weekday,Friday,Light_Load
22/05/2018 05:00,3.10,60.97,100.00,4.03,0.00,Weekday,Tuesday,Light_Load
31/01/2018 01:15,100.08,90.11,100.00,48.17,0.00,Weekday,Wednesday,Light_Load
09/06/2018 14:00,3.02,100.00,17.75,0.00,16.74,Weekend,Saturday,Light_Load
25/12/2018 06:45,3.20,81.20,99.98,2.30,0.07,Weekday,Tuesday,Light_Load
08/05/2018 14:30,69.80,79.49,100.00,53.28,0.00,Weekday,Tuesday,Maximum_Load
08/09/2018 04:30,3.17,51.40,100.00,5.29,0.00,Weekend,Saturday,Light_Load
01/08/2018 15:30,2.70,100.00,15.22,0.00,17.53,Weekday,Wednesday,Light_Load
17/03/2018 06:00,3.28,66.94,100.00,3.64,0.00,Weekend,Saturday,Light_Load
18/09/2018 08:30,51.59,70.61,100.00,51.73,0.00,Weekday,Tuesday,Light_Load
31/08/2018 17:45,28.40,100.00,99.41,0.22,3.10,Weekday,Friday,Medium_Load
28/01/2018 02:45,4.21,67.43,100.00,4.61,0.00,Weekend,Sunday,Light_Load
09/09/2018 03:45,2.95,45.84,100.00,5.72,0.00,Weekend,Sunday,Light_Load
09/07/2018 23:30,3.35,66.72,100.00,3.74,0.00,Weekday,Monday,Light_Load
19/06/2018 20:45,32.44,99.29,100.00,3.89,0.04,Weekday,Tuesday,Medium_Load
22/11/2018 10:30,103.50,93.47,100.00,39.35,0.00,Weekday,Thursday,Maximum_Load
17/07/2018 23:30,2.70,100.00,43.12,0.00,5.65,Weekday,Tuesday,Light_Load
28/05/2018 08:15,27.07,70.62,100.00,27.14,0.00,Weekday,Monday,Light_Load
03/08/2018 01:15,2.84,41.10,100.00,6.30,0.00,Weekday,Friday,Light_Load
28/04/2018 19:30,3.42,100.00,12.71,0.00,26.68,Weekend,Saturday,Medium_Load
26/08/2018 00:30,2.63,49.88,100.00,4.57,0.00,Weekend,Sunday,Light_Load
26/04/2018 20:30,95.62,95.15,100.00,30.92,0.00,Weekday,Thursday,Medium_Load
24/09/2018 15:00,3.24,100.00,24.32,0.00,12.92,Weekday,Monday,Light_Load
30/03/2018 11:45,63.83,78.55,100.00,50.29,0.00,Weekday,Friday,Maximum_Load
22/03/2018 05:15,3.35,61.90,100.00,4.25,0.00,Weekday,Thursday,Light_Load
10/08/2018 20:30,84.46,92.48,100.00,34.74,0.00,Weekday,Friday,Medium_Load
03/05/2018 10:45,118.37,91.68,100.00,51.55,0.00,Weekday,Thursday,Maximum_Load
06/07/2018 10:15,108.94,92.66,100.00,44.21,0.00,Weekday,Friday,Maximum_Load
15/05/2018 17:30,101.74,94.58,100.00,34.92,0.00,Weekday,Tuesday,Medium_Load
04/05/2018 22:45,3.53,65.89,100.00,4.03,0.00,Weekday,Friday,Medium_Load
29/03/2018 02:45,3.56,60.22,100.00,4.72,0.00,Weekday,Thursday,Light_Load
22/03/2018 20:00,37.48,99.80,99.64,2.38,3.20,Weekday,Thursday,Medium_Load
14/05/2018 05:45,3.20,55.87,100.00,4.75,0.00,Weekday,Monday,Light_Load
02/03/2018 23:30,5.11,78.74,100.00,4.00,0.00,Weekday,Friday,Light_Load
20/11/2018 05:30,2.88,82.94,99.63,1.94,0.25,Weekday,Tuesday,Light_Load
21/05/2018 21:15,4.79,100.00,21.02,0.00,22.28,Weekday,Monday,Medium_Load
21/06/2018 04:15,3.13,54.46,100.00,4.82,0.00,Weekday,Thursday,Light_Load
11/09/2018 10:15,125.46,88.45,100.00,66.17,0.00,Weekday,Tuesday,Maximum_Load
25/12/2018 14:15,3.49,100.00,24.35,0.00,13.90,Weekday,Tuesday,Light_Load
01/11/2018 13:00,6.05,100.00,33.67,0.00,16.92,Weekday,Thursday,Medium_Load
26/03/2018 19:30,47.77,94.08,100.00,17.21,0.00,Weekday,Monday,Medium_Load
18/03/2018 23:00,3.02,65.01,100.00,3.53,0.00,Weekend,Sunday,Light_Load
27/04/2018 15:00,99.43,91.21,100.00,44.68,0.00,Weekday,Friday,Maximum_Load
18/04/2018 04:45,3.02,70.24,100.00,3.06,0.00,Weekday,Wednesday,Light_Load
12/02/2018 22:00,34.85,100.00,97.73,0.00,7.56,Weekday,Monday,Medium_Load
11/06/2018 19:30,72.36,93.71,100.00,26.96,0.00,Weekday,Monday,Medium_Load
06/05/2018 14:45,3.78,100.00,18.72,0.00,19.84,Weekend,Sunday,Light_Load
19/08/2018 01:00,2.66,53.69,100.00,4.18,0.00,Weekend,Sunday,Light_Load
21/11/2018 09:30,67.43,90.71,100.00,31.28,0.00,Weekday,Wednesday,Medium_Load
05/09/2018 09:45,103.54,90.02,100.00,50.08,0.00,Weekday,Wednesday,Medium_Load
23/07/2018 20:15,101.09,94.83,100.00,33.84,0.00,Weekday,Monday,Medium_Load
01/11/2018 22:30,3.74,45.40,100.00,7.34,0.00,Weekday,Thursday,Maximum_Load
27/02/2018 01:45,4.72,70.19,100.00,4.79,0.00,Weekday,Tuesday,Light_Load
21/04/2018 00:45,3.46,74.48,100.00,3.10,0.00,Weekend,Saturday,Light_Load
18/10/2018 21:30,49.57,95.57,100.00,15.26,0.11,Weekday,Thursday,Medium_Load
21/02/2018 22:30,52.85,86.03,100.00,31.32,0.00,Weekday,Wednesday,Maximum_Load
22/04/2018 00:15,2.99,60.65,100.00,3.92,0.00,Weekend,Sunday,Light_Load
19/08/2018 18:00,2.74,100.00,19.21,0.00,14.00,Weekend,Sunday,Light_Load
21/10/2018 17:45,2.95,100.00,24.89,0.00,11.48,Weekend,Sunday,Light_Load
18/08/2018 03:30,2.52,57.35,100.00,3.60,0.00,Weekend,Saturday,Light_Load
22/01/2018 09:45,98.89,89.97,100.00,47.99,0.00,Weekday,Monday,Medium_Load
25/02/2018 06:15,4.18,66.30,100.00,4.72,0.00,Weekend,Sunday,Light_Load
15/10/2018 01:15,2.88,49.61,100.00,5.04,0.00,Weekday,Monday,Light_Load
20/06/2018 16:00,62.57,88.30,100.00,33.26,0.00,Weekday,Wednesday,Maximum_Load
29/06/2018 13:15,32.15,97.22,97.47,7.74,7.38,Weekday,Friday,Maximum_Load
06/10/2018 03:15,2.84,44.22,100.00,5.76,0.00,Weekend,Saturday,Light_Load
04/06/2018 11:15,61.06,81.41,100.00,43.56,0.00,Weekday,Monday,Maximum_Load
14/12/2018 10:45,92.81,92.54,100.00,38.02,0.00,Weekday,Friday,Maximum_Load
10/02/2018 16:30,4.57,100.00,17.48,0.00,25.74,Weekend,Saturday,Light_Load
24/04/2018 09:00,47.09,95.97,100.00,13.79,0.04,Weekday,Tuesday,Light_Load
19/08/2018 06:30,2.63,47.29,100.00,4.90,0.00,Weekend,Sunday,Light_Load
05/08/2018 21:00,3.10,100.00,18.60,0.00,16.38,Weekend,Sunday,Light_Load
07/08/2018 00:45,2.84,44.47,100.00,5.72,0.00,Weekday,Tuesday,Light_Load
07/03/2018 08:00,32.87,78.19,100.00,26.21,0.00,Weekday,Wednesday,Light_Load
29/11/2018 11:15,55.55,96.55,100.00,14.98,0.00,Weekday,Thursday,Maximum_Load
09/01/2018 13:00,14.62,100.00,57.95,0.00,20.56,Weekday,Tuesday,Medium_Load
04/05/2018 09:00,63.79,86.81,100.00,36.47,0.00,Weekday,Friday,Light_Load
08/01/2018 01:30,3.31,61.45,100.00,4.25,0.00,Weekday,Monday,Light_Load
29/07/2018 05:15,2.74,48.58,100.00,4.93,0.00,Weekend,Sunday,Light_Load
03/04/2018 02:15,3.60,62.47,100.00,4.50,0.00,Weekday,Tuesday,Light_Load
20/07/2018 18:15,42.01,90.51,99.94,19.73,1.44,Weekday,Friday,Medium_Load
20/09/2018 02:15,2.70,49.65,100.00,4.72,0.00,Weekday,Thursday,Light_Load
07/10/2018 10:15,2.74,100.00,22.55,0.00,11.84,Weekend,Sunday,Light_Load
07/12/2018 08:30,60.19,83.50,100.00,39.67,0.00,Weekday,Friday,Light_Load
22/05/2018 03:30,3.49,64.45,100.00,4.14,0.00,Weekday,Tuesday,Light_Load
10/05/2018 11:15,58.75,81.06,100.00,42.44,0.00,Weekday,Thursday,Maximum_Load
16/05/2018 16:15,95.08,92.13,100.00,40.14,0.00,Weekday,Wednesday,Maximum_Load
28/01/2018 06:15,4.25,66.68,100.00,4.75,0.00,Weekend,Sunday,Light_Load
17/02/2018 03:30,3.17,61.45,100.00,4.07,0.00,Weekend,Saturday,Light_Load
05/04/2018 22:15,4.14,90.80,28.21,1.91,14.08,Weekday,Thursday,Medium_Load
21/07/2018 19:00,3.53,100.00,18.23,0.00,19.04,Weekend,Saturday,Medium_Load
01/05/2018 03:15,2.92,54.43,100.00,4.50,0.00,Weekday,Tuesday,Light_Load
06/12/2018 01:15,3.92,69.99,100.00,4.00,0.00,Weekday,Thursday,Light_Load
27/01/2018 22:15,4.28,94.30,39.31,1.51,10.01,Weekend,Saturday,Maximum_Load
11/10/2018 18:15,45.40,93.01,100.00,17.93,0.00,Weekday,Thursday,Medium_Load
29/07/2018 18:30,2.81,100.00,54.88,0.00,4.28,Weekend,Sunday,Medium_Load
26/01/2018 06:30,33.55,79.80,100.00,25.34,0.00,Weekday,Friday,Light_Load
26/08/2018 10:15,6.34,100.00,34.37,0.00,17.32,Weekend,Sunday,Maximum_Load
26/03/2018 18:00,29.38,100.00,92.59,0.00,11.99,Weekday,Monday,Medium_Load
14/11/2018 08:45,123.77,84.10,100.00,79.63,0.00,Weekday,Wednesday,Light_Load
22/06/2018 17:00,45.25,92.06,100.00,19.19,0.00,Weekday,Friday,Maximum_Load
11/06/2018 13:15,50.90,90.07,99.79,24.55,3.31,Weekday,Monday,Maximum_Load
15/02/2018 14:00,3.31,100.00,18.58,0.00,17.50,Weekday,Thursday,Light_Load
14/11/2018 21:15,5.08,100.00,27.11,0.00,18.04,Weekday,Wednesday,Medium_Load
16/07/2018 13:00,6.16,100.00,50.82,0.00,10.44,Weekday,Monday,Medium_Load
23/06/2018 05:30,2.63,50.46,100.00,4.50,0.00,Weekend,Saturday,Light_Load
21/07/2018 02:45,3.78,100.00,64.66,0.00,4.46,Weekend,Saturday,Light_Load
01/03/2018 10:45,75.31,98.14,99.99,14.72,1.15,Weekday,Thursday,Maximum_Load
25/04/2018 00:15,3.56,73.96,100.00,3.24,0.00,Weekday,Wednesday,Light_Load
05/01/2018 21:45,4.54,100.00,16.80,0.00,26.64,Weekday,Friday,Medium_Load
16/11/2018 19:15,50.40,92.01,100.00,21.46,0.00,Weekday,Friday,Maximum_Load
24/01/2018 18:00,34.38,100.00,96.26,0.04,9.68,Weekday,Wednesday,Maximum_Load
27/03/2018 17:15,51.73,97.92,100.00,10.73,0.18,Weekday,Tuesday,Medium_Load
21/03/2018 22:15,8.42,94.76,56.55,2.84,12.28,Weekday,Wednesday,Medium_Load
29/12/2018 13:00,3.42,100.00,24.75,0.00,13.39,Weekend,Saturday,Light_Load
26/09/2018 07:00,2.59,42.10,100.00,5.58,0.00,Weekday,Wednesday,Light_Load
29/01/2018 07:00,4.18,71.39,100.00,4.10,0.00,Weekday,Monday,Light_Load
19/06/2018 07:30,3.20,53.30,100.00,5.08,0.00,Weekday,Tuesday,Light_Load
05/07/2018 21:45,4.07,100.00,18.40,0.00,21.74,Weekday,Thursday,Medium_Load
05/07/2018 23:00,4.57,59.40,100.00,6.19,0.00,Weekday,Thursday,Medium_Load
20/02/2018 08:15,46.94,83.09,100.00,31.43,0.00,Weekday,Tuesday,Light_Load
06/03/2018 01:30,6.80,77.70,100.00,5.51,0.00,Weekday,Tuesday,Light_Load
11/01/2018 23:30,4.64,69.58,100.00,4.79,0.00,Weekday,Thursday,Light_Load
31/01/2018 09:45,67.36,95.72,100.00,20.38,0.00,Weekday,Wednesday,Medium_Load
13/12/2018 20:15,61.60,93.17,100.00,24.01,0.00,Weekday,Thursday,Medium_Load
15/05/2018 13:45,96.01,92.27,100.00,40.10,0.00,Weekday,Tuesday,Maximum_Load
09/11/2018 09:15,102.89,87.44,100.00,57.10,0.00,Weekday,Friday,Medium_Load
12/04/2018 17:45,37.04,99.13,99.79,4.93,2.41,Weekday,Thursday,Medium_Load
27/01/2018 09:30,33.12,100.00,95.11,0.00,10.76,Weekend,Saturday,Medium_Load
01/01/2018 04:30,3.56,63.95,100.00,4.28,0.00,Weekday,Monday,Light_Load
03/02/2018 19:30,41.26,99.98,99.97,0.83,1.04,Weekend,Saturday,Maximum_Load
05/11/2018 19:30,52.16,87.88,100.00,28.33,0.00,Weekday,Monday,Maximum_Load
19/07/2018 18:45,99.14,93.30,100.00,38.23,0.00,Weekday,Thursday,Medium_Load
05/07/2018 01:45,3.56,58.23,100.00,4.97,0.00,Weekday,Thursday,Light_Load
02/06/2018 09:00,3.31,100.00,26.99,0.00,11.81,Weekend,Saturday,Light_Load
28/10/2018 19:15,2.95,100.00,25.18,0.00,11.34,Weekend,Sunday,Light_Load
09/05/2018 16:45,62.68,87.78,100.00,34.20,0.00,Weekday,Wednesday,Maximum_Load
28/08/2018 12:30,4.32,100.00,30.19,0.00,13.64,Weekday,Tuesday,Medium_Load
29/08/2018 10:45,45.72,90.11,100.00,22.00,0.00,Weekday,Wednesday,Maximum_Load
11/06/2018 08:15,41.94,69.09,100.00,43.88,0.00,Weekday,Monday,Light_Load
01/01/2018 02:00,3.60,64.37,100.00,4.28,0.00,Weekday,Monday,Light_Load
24/05/2018 19:15,108.14,94.74,100.00,36.54,0.00,Weekday,Thursday,Medium_Load
12/05/2018 15:30,25.74,100.00,95.08,0.04,8.39,Weekend,Saturday,Maximum_Load
25/03/2018 07:45,3.06,64.04,100.00,3.67,0.00,Weekend,Sunday,Light_Load
29/07/2018 01:30,2.70,52.39,100.00,4.39,0.00,Weekend,Sunday,Light_Load
18/09/2018 20:15,40.93,94.62,100.00,14.00,0.00,Weekday,Tuesday,Medium_Load
24/11/2018 17:30,4.79,100.00,26.30,0.00,17.57,Weekend,Saturday,Light_Load
18/11/2018 05:30,3.28,50.95,100.00,5.54,0.00,Weekend,Sunday,Light_Load
07/06/2018 08:15,78.26,80.52,100.00,57.64,0.00,Weekday,Thursday,Light_Load
23/06/2018 01:15,3.02,54.55,100.00,4.64,0.00,Weekend,Saturday,Light_Load
16/10/2018 01:00,3.64,46.24,100.00,6.98,0.00,Weekday,Tuesday,Light_Load
27/12/2018 14:30,61.74,93.63,100.00,23.15,0.00,Weekday,Thursday,Medium_Load
14/06/2018 23:45,3.46,61.30,100.00,4.46,0.00,Weekday,Thursday,Light_Load
15/06/2018 19:00,97.99,92.52,100.00,40.18,0.00,Weekday,Friday,Medium_Load
03/06/2018 02:30,2.99,43.90,100.00,6.12,0.00,Weekend,Sunday,Light_Load
29/10/2018 12:00,87.30,95.30,99.95,27.76,2.88,Weekday,Monday,Maximum_Load
20/07/2018 14:45,60.01,86.59,100.00,34.67,0.00,Weekday,Friday,Maximum_Load
11/12/2018 12:00,72.79,87.70,100.00,39.89,0.00,Weekday,Tuesday,Maximum_Load
12/11/2018 17:15,86.83,89.43,100.00,43.45,0.00,Weekday,Monday,Maximum_Load
24/02/2018 09:00,63.11,98.73,100.00,10.15,0.11,Weekend,Saturday,Light_Load
26/06/2018 06:00,2.63,56.01,100.00,3.89,0.00,Weekday,Tuesday,Light_Load
22/02/2018 02:30,6.05,73.93,100.00,5.51,0.00,Weekday,Thursday,Light_Load
27/01/2018 00:30,57.49,86.74,100.00,32.98,0.00,Weekend,Saturday,Light_Load
03/01/2018 14:45,66.74,92.98,100.00,26.42,0.00,Weekday,Wednesday,Medium_Load
11/06/2018 23:15,3.67,57.81,100.00,5.18,0.00,Weekday,Monday,Light_Load
21/04/2018 13:15,33.44,99.41,95.83,3.64,9.97,Weekend,Saturday,Maximum_Load
08/11/2018 04:30,3.13,51.14,100.00,5.26,0.00,Weekday,Thursday,Light_Load
20/12/2018 07:30,4.18,85.00,99.55,2.59,0.40,Weekday,Thursday,Light_Load
03/10/2018 18:30,3.49,100.00,34.01,0.00,9.65,Weekday,Wednesday,Medium_Load
21/06/2018 13:15,39.17,92.97,99.60,15.52,3.53,Weekday,Thursday,Maximum_Load
10/01/2018 09:15,109.91,95.18,100.00,35.42,0.00,Weekday,Wednesday,Medium_Load
25/03/2018 11:45,29.59,95.74,100.00,8.93,0.00,Weekend,Sunday,Maximum_Load
12/01/2018 14:30,132.30,91.51,100.00,58.28,0.00,Weekday,Friday,Medium_Load
07/07/2018 06:45,2.99,50.21,100.00,5.15,0.00,Weekend,Saturday,Light_Load
03/09/2018 04:15,2.70,52.65,100.00,4.36,0.00,Weekday,Monday,Light_Load
27/07/2018 05:15,2.84,43.13,100.00,5.94,0.00,Weekday,Friday,Light_Load
09/11/2018 21:15,16.60,99.95,86.61,0.54,9.58,Weekday,Friday,Medium_Load
22/12/2018 09:00,3.82,100.00,20.52,0.00,18.22,Weekend,Saturday,Light_Load
22/08/2018 01:45,2.59,50.81,100.00,4.39,0.00,Weekday,Wednesday,Light_Load
23/09/2018 15:00,2.81,100.00,25.03,0.00,10.87,Weekend,Sunday,Light_Load
06/03/2018 20:00,59.33,93.54,100.00,22.43,0.00,Weekday,Tuesday,Medium_Load
01/03/2018 12:15,22.86,99.73,92.39,1.69,9.47,Weekday,Thursday,Medium_Load
01/07/2018 01:00,2.81,57.48,100.00,4.00,0.00,Weekend,Sunday,Light_Load
13/04/2018 11:45,71.42,84.57,100.00,45.07,0.00,Weekday,Friday,Maximum_Load
07/10/2018 04:45,2.59,48.98,100.00,4.61,0.00,Weekend,Sunday,Light_Load
30/11/2018 18:45,45.61,96.90,100.00,11.63,0.00,Weekday,Friday,Maximum_Load
04/08/2018 17:15,2.74,100.00,15.63,0.00,17.32,Weekend,Saturday,Light_Load
03/08/2018 06:45,2.88,40.05,100.00,6.59,0.00,Weekday,Friday,Light_Load
06/02/2018 04:45,4.39,77.67,100.00,3.56,0.00,Weekday,Tuesday,Light_Load
23/09/2018 21:15,2.92,100.00,25.46,0.00,11.09,Weekend,Sunday,Light_Load
18/01/2018 04:45,35.89,79.79,100.00,27.11,0.00,Weekday,Thursday,Light_Load
24/03/2018 04:30,3.13,62.40,100.00,3.92,0.00,Weekend,Saturday,Light_Load
01/03/2018 12:00,40.97,85.51,100.00,24.84,0.00,Weekday,Thursday,Maximum_Load
31/12/2018 05:30,2.99,82.48,99.89,2.05,0.14,Weekday,Monday,Light_Load
10/09/2018 01:30,2.81,44.72,100.00,5.62,0.00,Weekday,Monday,Light_Load
09/10/2018 14:30,66.17,80.03,100.00,49.57,0.00,Weekday,Tuesday,Maximum_Load
14/10/2018 02:30,2.92,49.11,100.00,5.18,0.00,Weekend,Sunday,Light_Load
28/05/2018 03:15,3.38,54.65,100.00,5.18,0.00,Weekday,Monday,Light_Load
08/11/2018 13:45,59.00,88.99,100.00,30.24,0.00,Weekday,Thursday,Medium_Load
17/12/2018 17:45,35.35,100.00,98.96,0.32,5.15,Weekday,Monday,Maximum_Load
23/07/2018 15:45,59.65,87.36,100.00,33.23,0.00,Weekday,Monday,Maximum_Load
26/12/2018 00:30,3.24,79.41,100.00,2.48,0.00,Weekday,Wednesday,Light_Load
04/02/2018 06:30,5.90,70.23,100.00,5.98,0.00,Weekend,Sunday,Light_Load
06/11/2018 02:45,3.67,46.91,100.00,6.91,0.00,Weekday,Tuesday,Light_Load
27/08/2018 01:00,2.99,49.99,100.00,5.18,0.00,Weekday,Monday,Light_Load
05/11/2018 03:00,3.31,53.04,100.00,5.29,0.00,Weekday,Monday,Light_Load
05/06/2018 16:30,104.87,89.97,100.00,50.87,0.00,Weekday,Tuesday,Maximum_Load
08/05/2018 20:15,50.08,94.82,100.00,16.78,0.00,Weekday,Tuesday,Medium_Load
18/07/2018 14:45,60.48,89.70,100.00,29.81,0.00,Weekday,Wednesday,Maximum_Load
06/09/2018 21:45,3.85,100.00,23.27,0.00,16.09,Weekday,Thursday,Medium_Load
16/04/2018 04:45,3.17,63.17,100.00,3.89,0.00,Weekday,Monday,Light_Load
17/07/2018 08:00,3.49,53.03,100.00,5.58,0.00,Weekday,Tuesday,Light_Load
28/06/2018 07:00,2.81,55.52,100.00,4.21,0.00,Weekday,Thursday,Light_Load
19/08/2018 12:45,3.82,100.00,28.27,0.00,12.96,Weekend,Sunday,Light_Load
10/09/2018 07:30,3.02,47.14,100.00,5.65,0.00,Weekday,Monday,Light_Load
03/11/2018 11:00,92.59,96.37,100.00,25.67,0.00,Weekend,Saturday,Maximum_Load
25/07/2018 16:30,81.76,93.09,100.00,32.08,0.00,Weekday,Wednesday,Maximum_Load
07/10/2018 04:00,2.74,46.76,100.00,5.18,0.00,Weekend,Sunday,Light_Load
25/05/2018 19:00,32.54,99.96,99.79,0.94,2.09,Weekday,Friday,Medium_Load
25/07/2018 01:15,3.13,59.03,100.00,4.28,0.00,Weekday,Wednesday,Light_Load
05/11/2018 17:30,62.75,88.77,100.00,32.54,0.11,Weekday,Monday,Maximum_Load
28/02/2018 21:30,6.16,100.00,23.24,0.00,25.78,Weekday,Wednesday,Medium_Load
31/05/2018 11:45,64.04,74.73,100.00,56.95,0.00,Weekday,Thursday,Maximum_Load
11/07/2018 02:30,2.74,57.59,100.00,3.89,0.00,Weekday,Wednesday,Light_Load
20/02/2018 03:30,5.83,74.95,100.00,5.15,0.00,Weekday,Tuesday,Light_Load
31/08/2018 05:00,2.77,44.72,100.00,5.54,0.00,Weekday,Friday,Light_Load
31/10/2018 14:15,112.25,87.95,100.00,60.73,0.00,Weekday,Wednesday,Maximum_Load
14/12/2018 19:00,26.32,100.00,94.09,0.00,9.47,Weekday,Friday,Maximum_Load
31/07/2018 18:00,4.57,100.00,17.63,0.00,25.52,Weekday,Tuesday,Medium_Load
25/07/2018 22:45,3.24,64.68,100.00,3.82,0.00,Weekday,Wednesday,Medium_Load
17/11/2018 18:30,4.03,100.00,39.69,0.00,9.32,Weekend,Saturday,Maximum_Load
21/03/2018 05:45,3.42,67.78,100.00,3.71,0.00,Weekday,Wednesday,Light_Load
17/02/2018 16:30,3.64,100.00,20.36,0.00,17.50,Weekend,Saturday,Light_Load
01/09/2018 09:30,32.90,96.67,100.00,8.71,0.00,Weekend,Saturday,Medium_Load
12/01/2018 23:15,4.72,78.62,100.00,3.71,0.00,Weekday,Friday,Light_Load
06/02/2018 23:00,41.11,82.28,100.00,28.40,0.00,Weekday,Tuesday,Maximum_Load
06/09/2018 05:00,3.06,46.47,100.00,5.83,0.00,Weekday,Thursday,Light_Load
20/02/2018 15:00,99.58,96.49,100.00,27.11,0.00,Weekday,Tuesday,Medium_Load
29/10/2018 15:30,88.96,92.10,100.00,37.62,0.00,Weekday,Monday,Maximum_Load
28/09/2018 08:30,38.59,66.47,100.00,43.38,0.00,Weekday,Friday,Light_Load
06/12/2018 02:45,3.38,77.68,99.99,2.74,0.04,Weekday,Thursday,Light_Load
02/02/2018 13:45,47.84,97.42,100.00,11.09,0.00,Weekday,Friday,Medium_Load
31/05/2018 23:15,2.84,51.32,100.00,4.75,0.00,Weekday,Thursday,Light_Load
07/04/2018 09:45,76.36,98.92,100.00,11.34,0.25,Weekend,Saturday,Medium_Load
16/06/2018 03:30,2.84,48.58,100.00,5.11,0.00,Weekend,Saturday,Light_Load
25/01/2018 05:30,37.33,81.66,100.00,26.39,0.00,Weekday,Thursday,Light_Load
19/09/2018 02:45,2.74,47.26,100.00,5.11,0.00,Weekday,Wednesday,Light_Load
27/12/2018 22:30,3.85,81.87,99.57,2.70,0.36,Weekday,Thursday,Maximum_Load
25/12/2018 00:45,3.89,79.29,99.79,2.99,0.25,Weekday,Tuesday,Light_Load
07/07/2018 18:45,3.49,100.00,25.74,0.00,13.10,Weekend,Saturday,Medium_Load
15/02/2018 20:15,3.31,100.00,18.44,0.00,17.64,Weekday,Thursday,Light_Load
06/11/2018 04:30,3.06,50.86,100.00,5.18,0.00,Weekday,Tuesday,Light_Load
12/11/2018 12:30,5.00,100.00,28.51,0.00,16.81,Weekday,Monday,Medium_Load
31/01/2018 14:30,143.82,93.06,100.00,56.56,0.00,Weekday,Wednesday,Medium_Load
16/09/2018 12:00,3.20,100.00,35.23,0.00,8.50,Weekend,Sunday,Light_Load
11/04/2018 10:15,57.92,90.46,100.00,27.29,0.00,Weekday,Wednesday,Maximum_Load
06/02/2018 18:15,92.77,95.44,100.00,29.02,0.00,Weekday,Tuesday,Maximum_Load
29/04/2018 22:45,3.28,55.94,100.00,4.86,0.00,Weekend,Sunday,Light_Load
24/09/2018 09:30,2.84,100.00,26.25,0.00,10.44,Weekday,Monday,Light_Load
12/10/2018 11:00,51.34,88.20,100.00,27.43,0.00,Weekday,Friday,Maximum_Load
12/02/2018 16:30,50.90,99.53,99.97,4.93,1.19,Weekday,Monday,Medium_Load
29/03/2018 04:45,3.53,58.22,100.00,4.93,0.00,Weekday,Thursday,Light_Load
31/08/2018 09:15,113.04,88.04,100.00,60.88,0.00,Weekday,Friday,Medium_Load
14/12/2018 17:30,62.64,95.81,100.00,18.72,0.00,Weekday,Friday,Maximum_Load
26/06/2018 11:45,46.15,80.68,100.00,33.80,0.00,Weekday,Tuesday,Maximum_Load
31/03/2018 06:15,2.74,57.59,100.00,3.89,0.00,Weekend,Saturday,Light_Load
26/04/2018 02:15,3.42,59.92,100.00,4.57,0.00,Weekday,Thursday,Light_Load
26/08/2018 05:30,2.59,47.87,100.00,4.75,0.00,Weekend,Sunday,Light_Load
01/04/2018 02:00,2.84,57.60,100.00,4.03,0.00,Weekend,Sunday,Light_Load
06/01/2018 10:15,4.28,100.00,18.04,0.00,23.33,Weekend,Saturday,Light_Load
02/12/2018 01:30,4.43,76.41,100.00,3.74,0.00,Weekend,Sunday,Light_Load
03/08/2018 01:45,2.99,42.88,100.00,6.30,0.00,Weekday,Friday,Light_Load
12/02/2018 15:30,58.50,96.72,100.00,15.37,0.04,Weekday,Monday,Medium_Load
23/08/2018 19:30,45.54,94.40,100.00,15.91,0.00,Weekday,Thursday,Medium_Load
07/06/2018 14:45,82.69,91.39,100.00,36.72,0.00,Weekday,Thursday,Maximum_Load
02/05/2018 19:30,75.13,96.30,100.00,21.02,0.00,Weekday,Wednesday,Medium_Load
12/11/2018 11:00,57.71,90.44,100.00,27.22,0.00,Weekday,Monday,Maximum_Load
23/11/2018 10:00,75.67,90.08,100.00,36.47,0.00,Weekday,Friday,Medium_Load
11/01/2018 13:15,95.40,92.03,100.00,40.54,0.00,Weekday,Thursday,Medium_Load
03/12/2018 14:00,65.02,86.95,100.00,36.94,0.00,Weekday,Monday,Medium_Load
15/05/2018 05:00,3.46,62.16,100.00,4.36,0.00,Weekday,Tuesday,Light_Load
23/09/2018 13:15,2.77,100.00,24.46,0.00,10.98,Weekend,Sunday,Light_Load
07/02/2018 07:00,4.75,66.81,100.00,5.29,0.00,Weekday,Wednesday,Light_Load
22/03/2018 18:30,42.23,89.55,100.00,20.99,0.00,Weekday,Thursday,Medium_Load
05/05/2018 07:00,2.99,57.54,100.00,4.25,0.00,Weekend,Saturday,Light_Load
29/05/2018 08:15,30.67,76.38,100.00,25.92,0.00,Weekday,Tuesday,Light_Load
10/03/2018 14:30,29.09,100.00,96.12,0.14,8.35,Weekend,Saturday,Maximum_Load
04/03/2018 08:45,3.10,59.94,99.68,4.14,0.25,Weekend,Sunday,Light_Load
09/11/2018 05:30,2.88,57.76,100.00,4.07,0.00,Weekday,Friday,Light_Load
13/09/2018 14:30,51.44,80.82,100.00,37.48,0.00,Weekday,Thursday,Maximum_Load
05/12/2018 23:15,4.00,74.70,99.98,3.56,0.07,Weekday,Wednesday,Light_Load
16/04/2018 21:45,5.36,100.00,20.30,0.00,25.85,Weekday,Monday,Medium_Load
01/02/2018 23:30,105.16,88.66,100.00,54.86,0.00,Weekday,Thursday,Light_Load
19/02/2018 11:30,61.49,87.61,100.00,33.84,0.00,Weekday,Monday,Maximum_Load
23/09/2018 10:30,2.70,100.00,23.30,0.00,11.27,Weekend,Sunday,Light_Load
26/05/2018 15:30,36.43,98.80,99.96,5.69,1.01,Weekend,Saturday,Maximum_Load
17/07/2018 13:00,4.25,100.00,54.84,0.00,6.48,Weekday,Tuesday,Medium_Load
04/01/2018 15:15,115.49,94.20,100.00,41.15,0.00,Weekday,Thursday,Medium_Load
20/02/2018 12:00,88.20,91.78,100.00,38.16,0.00,Weekday,Tuesday,Maximum_Load
20/10/2018 05:15,3.60,46.57,100.00,6.84,0.00,Weekend,Saturday,Light_Load
06/02/2018 03:30,6.34,75.30,100.00,5.54,0.00,Weekday,Tuesday,Light_Load
12/07/2018 14:15,39.53,94.97,98.24,13.03,7.52,Weekday,Thursday,Maximum_Load
14/06/2018 10:00,45.58,96.23,100.00,12.89,0.00,Weekday,Thursday,Medium_Load
16/06/2018 09:30,24.08,99.99,96.99,0.25,6.05,Weekend,Saturday,Medium_Load
08/02/2018 14:45,85.61,89.77,100.00,42.01,0.00,Weekday,Thursday,Medium_Load
07/11/2018 02:00,2.92,54.43,100.00,4.50,0.00,Weekday,Wednesday,Light_Load
04/05/2018 18:00,101.38,94.36,100.00,35.57,0.00,Weekday,Friday,Medium_Load
16/04/2018 03:15,3.10,62.32,100.00,3.89,0.00,Weekday,Monday,Light_Load
07/12/2018 22:00,4.28,100.00,20.21,0.00,20.74,Weekday,Friday,Medium_Load
03/01/2018 05:45,4.57,71.80,100.00,4.43,0.00,Weekday,Wednesday,Light_Load
10/04/2018 15:30,56.74,92.03,100.00,24.12,0.00,Weekday,Tuesday,Maximum_Load
12/02/2018 10:15,127.87,91.30,100.00,57.13,0.00,Weekday,Monday,Maximum_Load
13/06/2018 11:15,105.16,90.42,100.00,49.68,0.00,Weekday,Wednesday,Maximum_Load
15/05/2018 21:00,31.46,99.82,98.43,1.87,5.65,Weekday,Tuesday,Medium_Load
18/01/2018 08:15,53.39,79.62,100.00,40.57,0.00,Weekday,Thursday,Light_Load
30/01/2018 14:45,75.64,91.12,100.00,34.20,0.00,Weekday,Tuesday,Medium_Load
12/06/2018 18:30,83.59,88.68,100.00,43.56,0.00,Weekday,Tuesday,Medium_Load
03/11/2018 23:45,3.28,52.41,100.00,5.33,0.00,Weekend,Saturday,Light_Load
05/12/2018 14:30,61.52,83.26,100.00,40.93,0.00,Weekday,Wednesday,Medium_Load
03/11/2018 07:45,3.31,55.98,100.00,4.90,0.00,Weekend,Saturday,Light_Load
26/03/2018 04:45,3.10,65.99,100.00,3.53,0.00,Weekday,Monday,Light_Load
22/06/2018 08:00,8.75,65.55,100.00,10.08,0.00,Weekday,Friday,Light_Load
15/06/2018 00:30,3.53,57.06,100.00,5.08,0.00,Weekday,Friday,Light_Load
22/09/2018 23:00,2.77,37.87,100.00,6.77,0.00,Weekend,Saturday,Light_Load
20/12/2018 05:15,3.35,82.44,99.91,2.30,0.14,Weekday,Thursday,Light_Load
25/07/2018 08:15,17.75,68.73,100.00,18.76,0.00,Weekday,Wednesday,Light_Load
21/11/2018 20:30,98.60,95.25,100.00,31.54,0.00,Weekday,Wednesday,Medium_Load
07/11/2018 17:00,62.06,86.31,100.00,36.32,0.00,Weekday,Wednesday,Medium_Load
26/06/2018 14:45,55.33,91.09,100.00,25.06,0.00,Weekday,Tuesday,Maximum_Load
27/11/2018 23:15,23.62,85.03,100.00,14.62,0.00,Weekday,Tuesday,Light_Load
10/09/2018 23:15,2.63,46.77,100.00,4.97,0.00,Weekday,Monday,Light_Load
19/06/2018 18:15,35.82,88.37,99.91,18.97,1.48,Weekday,Tuesday,Medium_Load
16/02/2018 08:45,3.17,61.83,99.90,4.03,0.14,Weekday,Friday,Light_Load
29/07/2018 17:45,2.99,100.00,18.11,0.00,16.24,Weekend,Sunday,Medium_Load
08/03/2018 04:45,3.67,72.76,100.00,3.46,0.00,Weekday,Thursday,Light_Load
26/07/2018 21:30,3.78,100.00,21.80,0.00,16.92,Weekday,Thursday,Medium_Load
28/01/2018 22:15,4.28,96.35,38.28,1.19,10.33,Weekend,Sunday,Maximum_Load
01/06/2018 15:45,41.26,94.37,100.00,14.47,0.00,Weekday,Friday,Maximum_Load
26/01/2018 14:30,87.80,93.78,100.00,32.51,0.00,Weekday,Friday,Medium_Load
18/02/2018 07:45,3.10,64.12,100.00,3.71,0.00,Weekend,Sunday,Light_Load
12/12/2018 12:00,49.64,95.78,99.93,14.90,1.80,Weekday,Wednesday,Maximum_Load
02/02/2018 15:15,55.62,97.87,100.00,11.66,0.00,Weekday,Friday,Medium_Load
15/08/2018 17:15,5.40,100.00,26.91,0.00,19.33,Weekday,Wednesday,Medium_Load
27/02/2018 15:30,48.56,94.08,100.00,17.50,0.00,Weekday,Tuesday,Medium_Load
02/08/2018 19:00,2.95,100.00,17.68,0.00,16.42,Weekday,Thursday,Light_Load
23/06/2018 15:45,29.12,99.87,99.87,1.51,1.51,Weekend,Saturday,Maximum_Load
03/07/2018 15:15,67.00,88.80,100.00,34.70,0.00,Weekday,Tuesday,Maximum_Load
19/04/2018 18:00,29.70,100.00,95.60,0.00,9.11,Weekday,Thursday,Medium_Load
12/12/2018 12:15,27.97,100.00,97.69,0.00,6.12,Weekday,Wednesday,Medium_Load
28/06/2018 12:00,50.94,80.55,100.00,37.48,0.00,Weekday,Thursday,Maximum_Load
02/10/2018 04:00,2.56,49.78,100.00,4.46,0.00,Weekday,Tuesday,Light_Load
04/10/2018 22:15,3.42,50.34,99.99,5.87,0.04,Weekday,Thursday,Medium_Load
16/01/2018 18:15,49.79,86.40,99.99,29.02,0.54,Weekday,Tuesday,Maximum_Load
08/04/2018 10:00,79.09,98.08,99.99,15.73,0.94,Weekend,Sunday,Medium_Load
03/12/2018 09:45,66.38,91.99,100.00,28.30,0.00,Weekday,Monday,Medium_Load
22/11/2018 08:30,101.48,86.44,100.00,59.04,0.00,Weekday,Thursday,Light_Load
02/11/2018 21:00,48.02,89.89,99.94,23.40,1.73,Weekday,Friday,Medium_Load
19/03/2018 15:00,56.41,90.49,100.00,26.53,0.00,Weekday,Monday,Maximum_Load
12/12/2018 22:45,4.25,77.91,99.95,3.42,0.14,Weekday,Wednesday,Maximum_Load
20/08/2018 05:30,2.59,47.56,100.00,4.79,0.00,Weekday,Monday,Light_Load
08/12/2018 01:15,5.15,80.32,100.00,3.82,0.00,Weekend,Saturday,Light_Load
05/11/2018 04:15,3.64,50.27,100.00,6.26,0.00,Weekday,Monday,Light_Load
05/11/2018 16:45,54.65,85.94,100.00,32.51,0.00,Weekday,Monday,Medium_Load
20/03/2018 19:00,40.28,99.84,99.96,2.30,1.12,Weekday,Tuesday,Medium_Load
09/06/2018 04:15,2.99,47.23,100.00,5.58,0.00,Weekend,Saturday,Light_Load
25/11/2018 06:00,3.53,75.14,100.00,3.10,0.00,Weekend,Sunday,Light_Load
18/09/2018 02:30,2.95,47.94,100.00,5.40,0.00,Weekday,Tuesday,Light_Load
12/06/2018 02:30,3.10,49.03,100.00,5.51,0.00,Weekday,Tuesday,Light_Load
31/08/2018 03:45,2.74,45.25,100.00,5.40,0.00,Weekday,Friday,Light_Load
13/03/2018 13:45,106.70,91.75,100.00,46.26,0.00,Weekday,Tuesday,Maximum_Load
26/06/2018 02:45,2.66,58.69,100.00,3.67,0.00,Weekday,Tuesday,Light_Load
15/02/2018 06:00,3.42,56.46,100.00,5.00,0.00,Weekday,Thursday,Light_Load
19/06/2018 20:30,32.87,99.00,100.00,4.68,0.04,Weekday,Tuesday,Medium_Load
10/12/2018 15:15,69.62,90.66,100.00,32.40,0.00,Weekday,Monday,Medium_Load
12/07/2018 23:30,2.66,55.76,100.00,3.96,0.00,Weekday,Thursday,Light_Load
22/03/2018 19:00,43.20,99.55,100.00,4.10,0.43,Weekday,Thursday,Medium_Load
15/02/2018 21:15,3.85,100.00,16.61,0.00,22.86,Weekday,Thursday,Light_Load
20/05/2018 13:15,6.95,100.00,35.95,0.00,18.04,Weekend,Sunday,Maximum_Load
31/03/2018 17:15,2.92,100.00,16.46,0.00,17.50,Weekend,Saturday,Light_Load
05/02/2018 14:45,110.41,96.51,100.00,29.95,0.00,Weekday,Monday,Medium_Load
26/03/2018 14:30,88.16,96.62,100.00,23.51,0.00,Weekday,Monday,Maximum_Load
05/10/2018 16:15,50.40,91.58,100.00,22.10,0.00,Weekday,Friday,Maximum_Load
31/05/2018 22:00,3.67,100.00,18.26,0.00,19.76,Weekday,Thursday,Medium_Load
31/05/2018 01:00,2.95,47.20,100.00,5.51,0.00,Weekday,Thursday,Light_Load
26/09/2018 07:15,2.52,41.59,100.00,5.51,0.00,Weekday,Wednesday,Light_Load
07/10/2018 21:15,2.99,100.00,22.97,0.00,12.67,Weekend,Sunday,Light_Load
04/11/2018 08:00,3.17,47.96,100.00,5.80,0.00,Weekend,Sunday,Light_Load
26/09/2018 03:30,2.63,43.53,100.00,5.44,0.00,Weekday,Wednesday,Light_Load
18/06/2018 20:00,37.37,97.07,100.00,9.25,0.00,Weekday,Monday,Medium_Load
25/10/2018 02:45,3.71,44.72,100.00,7.42,0.00,Weekday,Thursday,Light_Load
25/06/2018 17:30,42.44,95.89,99.96,12.56,1.15,Weekday,Monday,Medium_Load
10/02/2018 02:45,6.66,75.86,100.00,5.72,0.00,Weekend,Saturday,Light_Load
15/04/2018 19:00,3.28,100.00,18.58,0.00,17.35,Weekend,Sunday,Light_Load
05/01/2018 04:30,4.61,69.87,100.00,4.72,0.00,Weekday,Friday,Light_Load
25/03/2018 18:15,3.82,100.00,41.44,0.00,8.39,Weekend,Sunday,Medium_Load
19/11/2018 21:30,3.82,100.00,17.38,0.00,21.64,Weekday,Monday,Medium_Load
17/02/2018 08:45,3.20,56.44,99.90,4.68,0.14,Weekend,Saturday,Light_Load
21/03/2018 08:00,7.27,80.49,100.00,5.36,0.00,Weekday,Wednesday,Light_Load
07/09/2018 09:45,103.90,93.70,100.00,38.74,0.00,Weekday,Friday,Medium_Load
31/05/2018 16:00,116.93,93.07,100.00,45.97,0.00,Weekday,Thursday,Maximum_Load
01/12/2018 21:15,4.75,100.00,22.44,0.00,20.63,Weekend,Saturday,Medium_Load
12/08/2018 02:00,2.81,45.69,100.00,5.47,0.00,Weekend,Sunday,Light_Load
20/08/2018 00:45,2.95,54.49,100.00,4.54,0.00,Weekday,Monday,Light_Load
02/10/2018 22:00,3.67,100.00,22.24,0.00,16.09,Weekday,Tuesday,Medium_Load
07/03/2018 07:15,3.64,72.88,100.00,3.42,0.00,Weekday,Wednesday,Light_Load
11/08/2018 17:15,5.62,100.00,22.59,0.00,24.23,Weekend,Saturday,Medium_Load
30/10/2018 17:45,30.10,99.99,99.60,0.43,2.70,Weekday,Tuesday,Medium_Load
10/10/2018 06:45,2.74,50.85,100.00,4.64,0.00,Weekday,Wednesday,Light_Load
30/12/2018 20:00,3.24,100.00,21.89,0.00,14.44,Weekend,Sunday,Light_Load
26/07/2018 23:30,2.74,46.97,100.00,5.15,0.00,Weekday,Thursday,Light_Load
20/12/2018 07:00,4.03,81.74,99.69,2.84,0.32,Weekday,Thursday,Light_Load
28/08/2018 14:30,50.40,89.24,100.00,25.49,0.00,Weekday,Tuesday,Maximum_Load
18/11/2018 06:15,3.35,50.28,100.00,5.76,0.00,Weekend,Sunday,Light_Load
20/02/2018 20:15,68.69,95.91,100.00,20.27,0.00,Weekday,Tuesday,Medium_Load
13/09/2018 11:15,50.33,90.08,100.00,24.26,0.00,Weekday,Thursday,Maximum_Load
29/05/2018 09:15,49.18,89.42,100.00,24.62,0.00,Weekday,Tuesday,Medium_Load
20/12/2018 13:45,71.50,91.63,100.00,31.25,0.00,Weekday,Thursday,Medium_Load
18/08/2018 13:30,44.28,93.26,100.00,17.14,0.00,Weekend,Saturday,Maximum_Load
30/05/2018 02:00,2.95,51.89,100.00,4.86,0.00,Weekday,Wednesday,Light_Load
10/07/2018 08:45,53.60,70.38,100.00,54.11,0.00,Weekday,Tuesday,Light_Load
16/03/2018 18:45,84.53,93.24,100.00,32.76,0.00,Weekday,Friday,Medium_Load
15/10/2018 16:45,108.32,88.70,100.00,56.38,0.00,Weekday,Monday,Maximum_Load
07/06/2018 06:00,2.95,45.34,100.00,5.80,0.00,Weekday,Thursday,Light_Load
14/09/2018 22:45,2.84,43.98,100.00,5.80,0.00,Weekday,Friday,Medium_Load
11/11/2018 11:30,3.02,100.00,24.22,0.00,12.10,Weekend,Sunday,Light_Load
25/11/2018 19:00,2.99,100.00,20.24,0.00,14.47,Weekend,Sunday,Light_Load
13/09/2018 04:45,2.81,51.80,100.00,4.64,0.00,Weekday,Thursday,Light_Load
07/01/2018 11:30,3.42,100.00,55.85,0.00,5.08,Weekend,Sunday,Light_Load
07/08/2018 12:45,5.80,100.00,34.04,0.00,16.02,Weekday,Tuesday,Medium_Load
05/07/2018 22:00,4.00,100.00,18.47,0.00,21.28,Weekday,Thursday,Medium_Load
08/12/2018 10:30,31.43,100.00,99.17,0.29,4.07,Weekend,Saturday,Maximum_Load
06/10/2018 23:15,3.56,48.96,100.00,6.34,0.00,Weekend,Saturday,Light_Load
18/11/2018 21:30,3.13,100.00,25.70,0.00,11.77,Weekend,Sunday,Medium_Load
14/06/2018 19:30,49.97,89.32,100.00,25.16,0.00,Weekday,Thursday,Medium_Load
27/07/2018 17:00,54.40,95.20,100.00,17.50,0.00,Weekday,Friday,Maximum_Load
08/02/2018 23:15,84.24,86.28,100.00,49.36,0.00,Weekday,Thursday,Light_Load
04/11/2018 17:30,3.89,100.00,21.37,0.00,17.78,Weekend,Sunday,Maximum_Load
05/07/2018 15:00,47.59,94.75,100.00,16.06,0.00,Weekday,Thursday,Maximum_Load
05/11/2018 23:30,3.78,48.37,100.00,6.84,0.00,Weekday,Monday,Light_Load
04/08/2018 01:45,3.42,48.78,100.00,6.12,0.00,Weekend,Saturday,Light_Load
21/01/2018 04:30,37.33,80.24,100.00,27.76,0.00,Weekend,Sunday,Light_Load
14/07/2018 11:45,38.16,76.72,100.00,31.90,0.00,Weekend,Saturday,Maximum_Load
13/10/2018 10:00,37.22,96.45,100.00,10.19,0.00,Weekend,Saturday,Medium_Load
18/04/2018 22:00,3.89,100.00,14.58,0.00,26.39,Weekday,Wednesday,Medium_Load
20/04/2018 11:00,68.69,88.36,100.00,36.40,0.00,Weekday,Friday,Maximum_Load
19/09/2018 11:00,43.34,94.63,100.00,14.80,0.00,Weekday,Wednesday,Maximum_Load
17/11/2018 11:45,127.98,90.97,100.00,58.43,0.00,Weekend,Saturday,Maximum_Load
04/05/2018 23:00,3.60,67.27,100.00,3.96,0.00,Weekday,Friday,Medium_Load
14/02/2018 20:15,3.53,100.00,20.50,0.00,16.85,Weekday,Wednesday,Light_Load
13/03/2018 08:15,21.06,71.74,100.00,20.45,0.00,Weekday,Tuesday,Light_Load
15/02/2018 07:00,3.24,54.38,100.00,5.00,0.00,Weekday,Thursday,Light_Load
12/12/2018 17:45,32.90,100.00,98.91,0.04,4.90,Weekday,Wednesday,Maximum_Load
14/12/2018 23:45,4.03,78.98,99.90,3.13,0.18,Weekday,Friday,Light_Load
14/06/2018 00:45,2.84,54.93,100.00,4.32,0.00,Weekday,Thursday,Light_Load
01/06/2018 22:00,3.71,100.00,14.64,0.00,25.06,Weekday,Friday,Medium_Load
26/09/2018 04:30,2.56,42.84,100.00,5.40,0.00,Weekday,Wednesday,Light_Load
02/10/2018 17:45,31.03,99.89,99.93,1.44,1.15,Weekday,Tuesday,Medium_Load
31/05/2018 15:45,82.76,91.26,100.00,37.08,0.00,Weekday,Thursday,Maximum_Load
16/10/2018 10:00,114.62,90.67,100.00,53.32,0.00,Weekday,Tuesday,Medium_Load
01/02/2018 09:45,79.74,93.13,100.00,31.18,0.00,Weekday,Thursday,Medium_Load
04/02/2018 20:15,4.10,100.00,22.77,0.00,17.53,Weekend,Sunday,Light_Load
29/05/2018 23:00,3.53,61.72,100.00,4.50,0.00,Weekday,Tuesday,Medium_Load
18/07/2018 17:00,53.17,92.69,100.00,21.53,0.00,Weekday,Wednesday,Maximum_Load
01/01/2018 08:45,3.49,61.63,99.87,4.46,0.18,Weekday,Monday,Light_Load
15/11/2018 11:45,121.64,88.25,100.00,64.84,0.00,Weekday,Thursday,Maximum_Load
12/12/2018 05:15,3.46,80.83,100.00,2.52,0.00,Weekday,Wednesday,Light_Load
28/12/2018 00:30,3.78,85.03,99.14,2.34,0.50,Weekday,Friday,Light_Load
24/11/2018 14:15,4.57,100.00,20.83,0.00,21.46,Weekend,Saturday,Light_Load
15/09/2018 13:30,40.97,93.98,100.00,14.90,0.00,Weekend,Saturday,Maximum_Load
14/08/2018 10:30,91.80,88.66,100.00,47.88,0.00,Weekday,Tuesday,Maximum_Load
17/11/2018 06:00,3.28,61.46,100.00,4.21,0.00,Weekend,Saturday,Light_Load
18/04/2018 07:15,3.49,65.46,100.00,4.03,0.00,Weekday,Wednesday,Light_Load
21/01/2018 21:15,4.28,100.00,21.09,0.00,19.84,Weekend,Sunday,Light_Load
14/07/2018 12:00,24.59,76.01,100.00,21.02,0.00,Weekend,Saturday,Maximum_Load
22/02/2018 14:00,110.48,94.36,100.00,38.77,0.00,Weekday,Thursday,Medium_Load
25/10/2018 08:00,5.90,66.93,100.00,6.55,0.00,Weekday,Thursday,Light_Load
06/11/2018 16:15,58.64,85.31,100.00,35.86,0.00,Weekday,Tuesday,Medium_Load
18/12/2018 23:15,4.14,77.46,99.96,3.38,0.11,Weekday,Tuesday,Light_Load
05/02/2018 05:00,4.43,68.74,100.00,4.68,0.00,Weekday,Monday,Light_Load
11/02/2018 07:15,3.60,73.21,100.00,3.35,0.00,Weekend,Sunday,Light_Load
18/12/2018 09:45,77.72,88.85,100.00,40.14,0.00,Weekday,Tuesday,Medium_Load
01/06/2018 09:30,58.90,90.67,100.00,27.40,0.00,Weekday,Friday,Medium_Load
19/04/2018 05:30,3.53,67.20,100.00,3.89,0.00,Weekday,Thursday,Light_Load
10/02/2018 21:00,4.57,100.00,18.40,0.00,24.41,Weekend,Saturday,Light_Load
18/10/2018 18:30,38.84,88.72,100.00,20.20,0.00,Weekday,Thursday,Medium_Load
02/04/2018 22:15,3.96,90.42,25.62,1.87,14.94,Weekday,Monday,Medium_Load
12/05/2018 13:00,4.07,100.00,15.73,0.00,25.56,Weekend,Saturday,Medium_Load
17/03/2018 05:15,3.13,68.27,100.00,3.35,0.00,Weekend,Saturday,Light_Load
04/05/2018 05:30,2.95,61.52,100.00,3.78,0.00,Weekday,Friday,Light_Load
05/11/2018 14:45,45.68,87.56,100.00,25.20,0.00,Weekday,Monday,Medium_Load
26/08/2018 04:15,2.84,55.29,100.00,4.28,0.00,Weekend,Sunday,Light_Load
05/03/2018 02:15,3.06,61.83,100.00,3.89,0.00,Weekday,Monday,Light_Load
15/06/2018 15:15,62.64,86.16,100.00,36.90,0.00,Weekday,Friday,Maximum_Load
02/04/2018 17:30,59.83,94.22,100.00,21.28,0.36,Weekday,Monday,Medium_Load
20/03/2018 12:30,5.36,100.00,19.80,0.00,26.53,Weekday,Tuesday,Medium_Load
03/12/2018 10:00,56.88,90.91,100.00,26.06,0.00,Weekday,Monday,Medium_Load
01/07/2018 14:30,2.99,100.00,16.95,0.00,17.39,Weekend,Sunday,Light_Load
19/01/2018 22:45,91.80,90.11,100.00,44.17,0.00,Weekday,Friday,Maximum_Load
31/12/2018 04:15,3.74,76.99,99.96,3.10,0.11,Weekday,Monday,Light_Load
11/12/2018 18:00,31.25,99.30,99.80,3.71,1.98,Weekday,Tuesday,Maximum_Load
30/03/2018 10:00,68.36,86.53,100.00,39.60,0.00,Weekday,Friday,Medium_Load
22/03/2018 00:45,3.92,63.33,100.00,4.79,0.00,Weekday,Thursday,Light_Load
11/05/2018 01:15,3.64,68.70,100.00,3.85,0.00,Weekday,Friday,Light_Load
12/11/2018 19:15,108.50,94.35,100.00,38.09,0.00,Weekday,Monday,Maximum_Load
08/01/2018 19:00,117.14,93.00,100.00,46.30,0.00,Weekday,Monday,Maximum_Load
09/06/2018 18:00,3.06,100.00,18.44,0.00,16.31,Weekend,Saturday,Light_Load
09/12/2018 01:15,3.78,74.15,99.99,3.42,0.04,Weekend,Sunday,Light_Load
28/09/2018 00:45,2.84,46.55,100.00,5.40,0.00,Weekday,Friday,Light_Load
30/03/2018 07:30,3.28,65.54,100.00,3.78,0.00,Weekday,Friday,Light_Load
09/07/2018 22:45,3.46,62.87,100.00,4.28,0.00,Weekday,Monday,Medium_Load
01/12/2018 18:30,5.40,100.00,37.67,0.00,13.28,Weekend,Saturday,Maximum_Load
30/03/2018 05:15,2.92,62.26,100.00,3.67,0.00,Weekday,Friday,Light_Load
22/09/2018 16:30,2.84,100.00,25.34,0.00,10.84,Weekend,Saturday,Light_Load
21/01/2018 00:30,38.09,79.33,100.00,29.23,0.00,Weekend,Sunday,Light_Load
26/07/2018 19:00,60.91,92.84,100.00,24.37,0.00,Weekday,Thursday,Medium_Load
15/07/2018 08:00,8.86,68.74,100.00,9.36,0.00,Weekend,Sunday,Light_Load
07/03/2018 02:15,3.13,73.12,100.00,2.92,0.00,Weekday,Wednesday,Light_Load
04/12/2018 19:00,41.65,96.82,100.00,10.76,0.00,Weekday,Tuesday,Maximum_Load
02/05/2018 12:45,5.98,100.00,22.54,0.00,25.85,Weekday,Wednesday,Medium_Load
06/03/2018 10:45,71.21,93.17,100.00,27.76,0.00,Weekday,Tuesday,Maximum_Load
03/05/2018 00:00,3.53,71.82,100.00,3.42,0.00,Weekday,Thursday,Light_Load
23/09/2018 02:45,2.84,41.87,100.00,6.16,0.00,Weekend,Sunday,Light_Load
05/10/2018 07:30,2.99,49.21,100.00,5.29,0.00,Weekday,Friday,Light_Load
04/10/2018 17:00,51.95,84.62,100.00,32.72,0.00,Weekday,Thursday,Maximum_Load
16/04/2018 00:00,3.71,70.71,100.00,3.71,0.00,Weekday,Monday,Light_Load
21/04/2018 05:00,3.02,63.13,100.00,3.71,0.00,Weekend,Saturday,Light_Load
13/12/2018 01:30,4.18,81.06,99.82,3.02,0.25,Weekday,Thursday,Light_Load
20/08/2018 09:45,111.31,87.32,100.00,62.14,0.00,Weekday,Monday,Medium_Load
06/04/2018 08:45,57.64,78.25,100.00,45.86,0.00,Weekday,Friday,Light_Load
07/06/2018 09:15,105.48,92.19,100.00,44.32,0.00,Weekday,Thursday,Medium_Load
04/02/2018 08:45,4.61,67.79,99.70,5.00,0.36,Weekend,Sunday,Light_Load
09/11/2018 01:00,3.38,53.06,100.00,5.40,0.00,Weekday,Friday,Light_Load
26/07/2018 11:30,45.58,81.90,100.00,31.93,0.00,Weekday,Thursday,Maximum_Load
24/09/2018 20:00,2.92,100.00,23.79,0.00,11.92,Weekday,Monday,Light_Load
05/08/2018 06:00,2.81,42.53,100.00,5.98,0.00,Weekend,Sunday,Light_Load
23/11/2018 06:45,2.92,86.55,98.57,1.69,0.50,Weekday,Friday,Light_Load
09/12/2018 08:45,3.82,93.25,57.26,1.48,5.47,Weekend,Sunday,Light_Load
28/10/2018 07:15,2.81,47.90,100.00,5.15,0.00,Weekend,Sunday,Light_Load
13/09/2018 13:45,58.18,85.34,100.00,35.53,0.00,Weekday,Thursday,Maximum_Load
17/10/2018 14:45,74.16,82.95,100.00,49.93,0.00,Weekday,Wednesday,Maximum_Load
06/03/2018 06:30,4.61,66.98,100.00,5.11,0.00,Weekday,Tuesday,Light_Load
30/10/2018 01:45,3.71,46.16,100.00,7.13,0.00,Weekday,Tuesday,Light_Load
06/08/2018 09:00,83.81,89.75,100.00,41.18,0.00,Weekday,Monday,Light_Load
31/03/2018 18:30,3.38,100.00,38.23,0.00,8.17,Weekend,Saturday,Light_Load
16/04/2018 23:30,3.78,71.75,100.00,3.67,0.00,Weekday,Monday,Light_Load
16/02/2018 20:15,3.31,100.00,18.12,0.00,17.96,Weekday,Friday,Light_Load
01/04/2018 21:00,3.42,100.00,15.42,0.00,21.92,Weekend,Sunday,Light_Load
30/07/2018 05:00,2.74,47.47,100.00,5.08,0.00,Weekday,Monday,Light_Load
24/02/2018 10:15,76.21,99.19,100.00,9.76,0.68,Weekend,Saturday,Maximum_Load
15/05/2018 09:15,67.50,89.83,100.00,33.01,0.00,Weekday,Tuesday,Medium_Load
19/11/2018 10:45,61.31,89.31,100.00,30.89,0.00,Weekday,Monday,Maximum_Load
27/02/2018 03:30,3.85,74.38,100.00,3.46,0.00,Weekday,Tuesday,Light_Load
13/10/2018 08:30,51.98,69.42,100.00,53.89,0.00,Weekend,Saturday,Light_Load
15/02/2018 18:00,3.35,100.00,19.03,0.00,17.28,Weekday,Thursday,Light_Load
16/03/2018 00:00,3.60,67.92,100.00,3.89,0.00,Weekday,Friday,Light_Load
14/03/2018 07:00,3.71,62.70,100.00,4.61,0.00,Weekday,Wednesday,Light_Load
23/02/2018 12:45,7.88,100.00,29.58,0.00,25.45,Weekday,Friday,Medium_Load
14/05/2018 06:15,3.24,59.65,100.00,4.36,0.00,Weekday,Monday,Light_Load
24/06/2018 13:45,29.34,99.87,99.94,1.48,1.04,Weekend,Sunday,Maximum_Load
29/08/2018 13:45,50.40,91.07,100.00,22.86,0.00,Weekday,Wednesday,Maximum_Load
23/07/2018 02:45,2.92,100.00,54.43,0.00,4.50,Weekday,Monday,Light_Load
01/11/2018 13:15,49.64,91.42,99.34,22.00,5.72,Weekday,Thursday,Medium_Load
26/08/2018 15:15,6.12,100.00,37.14,0.00,15.30,Weekend,Sunday,Maximum_Load
13/02/2018 15:30,54.72,97.38,100.00,12.78,0.00,Weekday,Tuesday,Medium_Load
16/12/2018 18:45,5.72,100.00,25.80,0.00,21.42,Weekend,Sunday,Maximum_Load
15/10/2018 17:30,99.90,94.01,100.00,36.22,0.00,Weekday,Monday,Medium_Load
06/06/2018 10:30,43.16,91.66,100.00,18.83,0.00,Weekday,Wednesday,Maximum_Load
25/03/2018 11:00,31.50,100.00,97.63,0.04,6.98,Weekend,Sunday,Maximum_Load
02/03/2018 21:00,35.24,99.84,99.30,2.02,4.18,Weekday,Friday,Medium_Load
05/12/2018 15:30,87.16,93.34,100.00,33.52,0.00,Weekday,Wednesday,Medium_Load
20/10/2018 18:30,10.51,97.88,77.25,2.20,8.64,Weekend,Saturday,Medium_Load
15/07/2018 07:45,3.67,60.82,100.00,4.79,0.00,Weekend,Sunday,Light_Load
01/12/2018 13:15,11.30,100.00,63.30,0.07,13.82,Weekend,Saturday,Medium_Load
24/02/2018 07:00,3.96,74.37,100.00,3.56,0.00,Weekend,Saturday,Light_Load
20/05/2018 21:45,3.46,100.00,21.34,0.00,15.84,Weekend,Sunday,Medium_Load
09/01/2018 08:15,99.43,85.74,100.00,59.69,0.00,Weekday,Tuesday,Light_Load
08/03/2018 05:00,3.10,78.09,100.00,2.48,0.00,Weekday,Thursday,Light_Load
16/08/2018 00:45,2.70,45.46,100.00,5.29,0.00,Weekday,Thursday,Light_Load
22/02/2018 12:15,18.86,91.49,71.86,8.32,18.25,Weekday,Thursday,Medium_Load
09/03/2018 01:15,4.90,81.14,100.00,3.53,0.00,Weekday,Friday,Light_Load
20/03/2018 14:30,60.16,91.58,100.00,26.39,0.00,Weekday,Tuesday,Maximum_Load
01/07/2018 05:45,2.81,60.07,100.00,3.74,0.00,Weekend,Sunday,Light_Load
18/01/2018 21:00,72.43,97.72,100.00,15.73,0.32,Weekday,Thursday,Medium_Load
27/07/2018 21:30,4.36,100.00,23.82,0.00,17.78,Weekday,Friday,Medium_Load
29/09/2018 12:45,3.38,100.00,27.60,0.00,11.77,Weekend,Saturday,Medium_Load
13/06/2018 14:00,7.49,100.00,30.78,0.00,23.15,Weekday,Wednesday,Maximum_Load
19/01/2018 03:30,63.11,86.93,100.00,35.89,0.00,Weekday,Friday,Light_Load
16/04/2018 03:00,3.13,61.63,100.00,4.00,0.00,Weekday,Monday,Light_Load
01/09/2018 22:00,2.81,100.00,24.13,0.00,11.30,Weekend,Saturday,Medium_Load
21/02/2018 19:45,65.41,99.38,99.96,7.34,1.80,Weekday,Wednesday,Maximum_Load
29/04/2018 23:15,2.81,56.16,100.00,4.14,0.00,Weekend,Sunday,Light_Load
02/12/2018 07:45,3.46,69.29,100.00,3.60,0.00,Weekend,Sunday,Light_Load
21/07/2018 17:30,3.78,100.00,15.74,0.00,23.72,Weekend,Saturday,Medium_Load
08/04/2018 18:15,3.82,100.00,37.65,0.00,9.40,Weekend,Sunday,Medium_Load
24/02/2018 09:15,88.38,98.99,100.00,12.67,0.04,Weekend,Saturday,Medium_Load
21/07/2018 13:45,37.73,89.88,100.00,18.40,0.00,Weekend,Saturday,Maximum_Load
04/02/2018 01:15,15.62,76.19,100.00,13.28,0.00,Weekend,Sunday,Light_Load
08/03/2018 14:15,73.04,91.06,100.00,33.16,0.00,Weekday,Thursday,Maximum_Load
07/03/2018 20:00,5.26,100.00,19.15,0.00,26.96,Weekday,Wednesday,Medium_Load
14/09/2018 10:00,39.60,90.12,100.00,19.04,0.00,Weekday,Friday,Medium_Load
27/12/2018 01:15,3.67,76.09,99.98,3.13,0.07,Weekday,Thursday,Light_Load
02/04/2018 07:30,3.85,66.53,100.00,4.32,0.00,Weekday,Monday,Light_Load
03/02/2018 07:30,4.03,74.21,100.00,3.64,0.00,Weekend,Saturday,Light_Load
09/01/2018 07:00,4.57,76.15,100.00,3.89,0.00,Weekday,Tuesday,Light_Load
21/09/2018 03:45,2.84,48.58,100.00,5.11,0.00,Weekday,Friday,Light_Load
23/01/2018 11:30,65.12,86.72,100.00,37.40,0.00,Weekday,Tuesday,Maximum_Load
28/12/2018 10:15,55.91,93.26,100.00,21.64,0.00,Weekday,Friday,Maximum_Load
14/02/2018 01:00,86.51,90.15,100.00,41.54,0.00,Weekday,Wednesday,Light_Load
22/07/2018 00:00,2.88,100.00,52.74,0.00,4.64,Weekend,Sunday,Light_Load
03/12/2018 12:00,35.35,98.96,99.30,5.15,4.21,Weekday,Monday,Maximum_Load
01/10/2018 01:45,2.66,46.68,100.00,5.04,0.00,Weekday,Monday,Light_Load
05/11/2018 23:00,4.86,51.97,100.00,7.99,0.00,Weekday,Monday,Maximum_Load
10/04/2018 18:30,44.60,81.49,100.00,31.72,0.00,Weekday,Tuesday,Medium_Load
22/03/2018 00:15,3.89,61.10,100.00,5.04,0.00,Weekday,Thursday,Light_Load
23/02/2018 21:45,35.32,100.00,99.01,0.11,5.00,Weekday,Friday,Medium_Load
21/10/2018 14:45,3.06,100.00,26.44,0.00,11.16,Weekend,Sunday,Light_Load
06/08/2018 15:30,46.51,96.85,100.00,11.95,0.00,Weekday,Monday,Maximum_Load
12/07/2018 18:45,56.92,89.00,100.00,29.16,0.00,Weekday,Thursday,Medium_Load
16/07/2018 02:00,2.95,100.00,53.00,0.00,4.72,Weekday,Monday,Light_Load
23/02/2018 14:30,74.20,94.31,100.00,26.17,0.00,Weekday,Friday,Medium_Load
12/01/2018 13:00,12.20,100.00,44.24,0.00,24.73,Weekday,Friday,Medium_Load
06/05/2018 09:45,3.17,100.00,18.19,0.00,17.14,Weekend,Sunday,Light_Load
11/01/2018 03:00,4.61,73.84,100.00,4.21,0.00,Weekday,Thursday,Light_Load
30/07/2018 10:30,50.76,95.19,100.00,16.34,0.00,Weekday,Monday,Maximum_Load
01/07/2018 17:15,2.99,100.00,16.88,0.00,17.46,Weekend,Sunday,Light_Load
25/03/2018 22:30,3.13,63.38,100.00,3.82,0.00,Weekend,Sunday,Medium_Load
01/09/2018 21:45,2.81,100.00,22.82,0.00,11.99,Weekend,Saturday,Medium_Load
08/05/2018 14:15,58.36,90.54,100.00,27.36,0.00,Weekday,Tuesday,Maximum_Load
09/11/2018 06:30,2.84,55.92,100.00,4.21,0.00,Weekday,Friday,Light_Load
10/05/2018 12:00,56.41,83.32,100.00,37.44,0.00,Weekday,Thursday,Maximum_Load
30/11/2018 00:45,4.00,64.10,100.00,4.79,0.00,Weekday,Friday,Light_Load
23/07/2018 20:45,61.38,95.85,100.00,18.25,0.00,Weekday,Monday,Medium_Load
22/01/2018 19:00,65.63,91.27,100.00,29.38,0.00,Weekday,Monday,Maximum_Load
17/05/2018 01:45,3.74,57.22,100.00,5.36,0.00,Weekday,Thursday,Light_Load
17/11/2018 11:00,106.49,94.72,100.00,36.04,0.00,Weekend,Saturday,Maximum_Load
21/05/2018 16:45,69.73,86.18,100.00,41.04,0.00,Weekday,Monday,Maximum_Load
24/09/2018 08:45,2.74,68.93,82.04,2.88,1.91,Weekday,Monday,Light_Load
06/05/2018 08:45,2.95,60.13,100.00,3.92,0.00,Weekend,Sunday,Light_Load
12/11/2018 06:15,2.74,66.23,100.00,3.10,0.00,Weekday,Monday,Light_Load
18/02/2018 01:15,3.10,64.12,100.00,3.71,0.00,Weekend,Sunday,Light_Load
14/06/2018 03:45,2.81,55.15,100.00,4.25,0.00,Weekday,Thursday,Light_Load
29/05/2018 02:30,3.02,50.88,100.00,5.11,0.00,Weekday,Tuesday,Light_Load
23/05/2018 09:45,95.65,94.24,100.00,33.95,0.00,Weekday,Wednesday,Medium_Load
02/06/2018 18:15,3.60,100.00,57.82,0.00,5.08,Weekend,Saturday,Light_Load
10/08/2018 04:45,2.63,53.25,100.00,4.18,0.00,Weekday,Friday,Light_Load
28/12/2018 23:45,4.86,86.03,100.00,2.88,0.00,Weekday,Friday,Light_Load
31/03/2018 11:30,2.84,100.00,47.79,0.00,5.22,Weekend,Saturday,Light_Load
06/06/2018 03:30,3.02,49.79,100.00,5.26,0.00,Weekday,Wednesday,Light_Load
12/09/2018 06:15,2.92,49.32,100.00,5.15,0.00,Weekday,Wednesday,Light_Load
12/09/2018 03:30,3.20,47.86,100.00,5.87,0.00,Weekday,Wednesday,Light_Load
11/10/2018 03:45,3.06,44.49,100.00,6.16,0.00,Weekday,Thursday,Light_Load
17/11/2018 23:45,3.13,55.27,100.00,4.72,0.00,Weekend,Saturday,Light_Load
23/07/2018 00:30,2.95,100.00,53.32,0.00,4.68,Weekday,Monday,Light_Load
05/03/2018 21:45,7.45,100.00,28.77,0.00,24.80,Weekday,Monday,Medium_Load
22/10/2018 04:45,2.92,46.37,100.00,5.58,0.00,Weekday,Monday,Light_Load
21/01/2018 12:15,5.08,100.00,24.72,0.00,19.91,Weekend,Sunday,Light_Load
01/05/2018 01:15,3.20,58.30,100.00,4.46,0.00,Weekday,Tuesday,Light_Load
25/07/2018 23:15,2.66,57.55,100.00,3.78,0.00,Weekday,Wednesday,Light_Load
02/02/2018 13:30,48.42,98.34,100.00,8.93,0.00,Weekday,Friday,Medium_Load
02/06/2018 20:30,3.71,100.00,20.26,0.00,17.93,Weekend,Saturday,Light_Load
06/12/2018 23:30,4.00,73.04,100.00,3.74,0.04,Weekday,Thursday,Light_Load
12/02/2018 03:30,4.28,69.48,100.00,4.43,0.00,Weekday,Monday,Light_Load
16/07/2018 05:30,2.77,48.46,100.00,5.00,0.00,Weekday,Monday,Light_Load
04/05/2018 15:15,43.20,95.60,100.00,13.25,0.00,Weekday,Friday,Maximum_Load
20/06/2018 09:30,109.08,91.48,100.00,48.17,0.00,Weekday,Wednesday,Medium_Load
29/11/2018 04:15,4.07,64.52,100.00,4.82,0.00,Weekday,Thursday,Light_Load
20/02/2018 08:00,6.84,82.76,100.00,4.64,0.00,Weekday,Tuesday,Light_Load
04/02/2018 13:00,5.11,100.00,24.04,0.00,20.63,Weekend,Sunday,Light_Load
06/09/2018 18:00,29.20,97.39,99.98,6.80,0.61,Weekday,Thursday,Medium_Load
30/09/2018 02:30,2.56,49.78,100.00,4.46,0.00,Weekend,Sunday,Light_Load
03/08/2018 08:30,2.74,42.53,100.00,5.83,0.00,Weekday,Friday,Light_Load
15/04/2018 03:30,3.13,62.01,100.00,3.96,0.00,Weekend,Sunday,Light_Load
22/02/2018 10:45,89.10,94.93,100.00,29.52,0.00,Weekday,Thursday,Maximum_Load
10/02/2018 01:00,63.58,85.87,100.00,37.94,0.00,Weekend,Saturday,Light_Load
03/02/2018 03:00,6.05,75.96,100.00,5.18,0.00,Weekend,Saturday,Light_Load
20/11/2018 13:30,53.24,91.11,100.00,24.08,0.00,Weekday,Tuesday,Medium_Load
12/02/2018 17:30,66.71,95.17,100.00,21.53,0.00,Weekday,Monday,Maximum_Load
27/09/2018 03:30,2.81,42.35,100.00,6.01,0.00,Weekday,Thursday,Light_Load
14/08/2018 18:45,85.03,91.11,100.00,38.48,0.00,Weekday,Tuesday,Medium_Load
19/04/2018 20:15,39.82,99.52,99.99,3.92,0.58,Weekday,Thursday,Medium_Load
06/10/2018 21:30,3.49,100.00,19.22,0.00,17.82,Weekend,Saturday,Medium_Load
22/02/2018 19:15,130.86,91.80,100.00,56.52,0.00,Weekday,Thursday,Maximum_Load
11/07/2018 18:45,43.92,94.14,100.00,15.73,0.04,Weekday,Wednesday,Medium_Load
28/11/2018 01:45,23.62,84.04,100.00,15.23,0.00,Weekday,Wednesday,Light_Load
13/05/2018 02:00,3.46,64.13,100.00,4.14,0.00,Weekend,Sunday,Light_Load
29/08/2018 22:00,3.74,100.00,28.09,0.00,12.78,Weekday,Wednesday,Medium_Load
26/10/2018 13:30,66.02,85.47,100.00,40.10,0.00,Weekday,Friday,Maximum_Load
24/01/2018 17:15,74.59,94.07,100.00,26.89,0.00,Weekday,Wednesday,Maximum_Load
17/05/2018 05:45,3.13,49.19,100.00,5.54,0.00,Weekday,Thursday,Light_Load
24/06/2018 04:45,2.56,60.38,100.00,3.38,0.00,Weekend,Sunday,Light_Load
18/11/2018 05:15,3.31,48.93,100.00,5.90,0.00,Weekend,Sunday,Light_Load
16/12/2018 12:00,11.81,99.85,59.34,0.65,16.02,Weekend,Sunday,Maximum_Load
05/12/2018 07:00,3.85,78.28,99.89,3.06,0.18,Weekday,Wednesday,Light_Load
10/02/2018 15:30,4.57,100.00,16.99,0.00,26.50,Weekend,Saturday,Light_Load
17/05/2018 01:30,3.20,53.07,100.00,5.11,0.00,Weekday,Thursday,Light_Load
18/07/2018 00:00,3.38,100.00,54.35,0.00,5.22,Weekday,Wednesday,Light_Load
04/02/2018 13:45,4.97,100.00,18.66,0.00,26.17,Weekend,Sunday,Light_Load
30/12/2018 16:30,3.35,100.00,23.15,0.00,14.08,Weekend,Sunday,Light_Load
16/08/2018 07:45,4.10,65.34,100.00,4.75,0.00,Weekday,Thursday,Light_Load
27/07/2018 08:00,3.96,64.03,100.00,4.75,0.00,Weekday,Friday,Light_Load
12/01/2018 19:30,120.53,92.20,100.00,50.62,0.00,Weekday,Friday,Maximum_Load
09/12/2018 00:15,3.74,76.28,99.96,3.17,0.11,Weekend,Sunday,Light_Load
28/12/2018 18:15,5.08,100.00,40.67,0.00,11.41,Weekday,Friday,Maximum_Load
15/01/2018 22:30,4.79,60.77,100.00,6.26,0.00,Weekday,Monday,Maximum_Load
23/06/2018 20:45,2.92,100.00,16.49,0.00,17.46,Weekend,Saturday,Medium_Load
06/11/2018 13:45,60.34,86.73,100.00,34.63,0.00,Weekday,Tuesday,Medium_Load
08/12/2018 04:45,3.42,78.04,100.00,2.74,0.00,Weekend,Saturday,Light_Load
17/12/2018 17:30,52.99,94.55,100.00,18.25,0.11,Weekday,Monday,Maximum_Load
20/10/2018 09:00,39.92,95.39,100.00,12.56,0.00,Weekend,Saturday,Light_Load
06/03/2018 03:15,4.68,63.32,100.00,5.72,0.00,Weekday,Tuesday,Light_Load
05/03/2018 05:00,3.06,60.76,100.00,4.00,0.00,Weekday,Monday,Light_Load
23/01/2018 07:30,41.83,81.77,100.00,29.45,0.00,Weekday,Tuesday,Light_Load
02/09/2018 00:45,2.66,49.10,100.00,4.72,0.00,Weekend,Sunday,Light_Load
06/07/2018 17:00,102.89,94.07,100.00,37.12,0.00,Weekday,Friday,Maximum_Load
20/03/2018 21:00,33.84,99.98,99.15,0.72,4.43,Weekday,Tuesday,Medium_Load
22/08/2018 03:00,2.95,57.02,100.00,4.25,0.00,Weekday,Wednesday,Light_Load
09/12/2018 03:45,3.06,82.58,99.90,2.09,0.14,Weekend,Sunday,Light_Load
29/05/2018 01:30,3.02,50.37,100.00,5.18,0.00,Weekday,Tuesday,Light_Load
18/02/2018 14:30,3.49,100.00,19.53,0.00,17.53,Weekend,Sunday,Light_Load
28/03/2018 06:00,3.02,69.43,100.00,3.13,0.00,Weekday,Wednesday,Light_Load
13/09/2018 11:45,56.45,86.54,100.00,32.69,0.00,Weekday,Thursday,Maximum_Load
14/07/2018 15:45,84.28,98.88,100.00,12.74,0.00,Weekend,Saturday,Maximum_Load
20/10/2018 07:00,2.84,50.15,100.00,4.90,0.00,Weekend,Saturday,Light_Load
28/03/2018 08:45,51.05,76.84,100.00,42.52,0.00,Weekday,Wednesday,Light_Load
05/02/2018 06:00,4.36,70.71,100.00,4.36,0.00,Weekday,Monday,Light_Load
16/05/2018 17:15,103.57,92.82,100.00,41.51,0.00,Weekday,Wednesday,Medium_Load
16/07/2018 06:15,2.92,51.19,100.00,4.90,0.00,Weekday,Monday,Light_Load
03/11/2018 15:45,30.96,99.99,99.92,0.40,1.26,Weekend,Saturday,Medium_Load
14/08/2018 14:15,74.48,89.73,100.00,36.65,0.00,Weekday,Tuesday,Maximum_Load
26/01/2018 09:00,80.71,90.14,100.00,38.77,0.00,Weekday,Friday,Light_Load
14/06/2018 10:45,92.74,95.72,100.00,28.04,0.00,Weekday,Thursday,Maximum_Load
22/02/2018 04:45,3.96,73.35,100.00,3.67,0.00,Weekday,Thursday,Light_Load
24/06/2018 15:30,28.19,99.98,99.84,0.50,1.62,Weekend,Sunday,Maximum_Load
05/01/2018 01:00,4.72,64.58,100.00,5.58,0.00,Weekday,Friday,Light_Load
06/05/2018 08:15,2.88,60.20,100.00,3.82,0.00,Weekend,Sunday,Light_Load
13/03/2018 18:15,37.26,87.91,99.99,20.20,0.61,Weekday,Tuesday,Medium_Load
19/12/2018 14:45,105.48,91.80,100.00,45.58,0.00,Weekday,Wednesday,Medium_Load
26/03/2018 09:30,99.25,97.39,100.00,23.11,0.00,Weekday,Monday,Medium_Load
21/08/2018 23:30,2.59,54.35,100.00,4.00,0.00,Weekday,Tuesday,Light_Load
06/01/2018 14:45,3.46,100.00,19.40,0.00,17.50,Weekend,Saturday,Light_Load
20/06/2018 12:00,103.18,85.16,100.00,63.50,0.00,Weekday,Wednesday,Maximum_Load
08/10/2018 11:45,111.20,90.05,100.00,53.71,0.00,Weekday,Monday,Maximum_Load
11/04/2018 02:00,3.78,58.36,100.00,5.26,0.00,Weekday,Wednesday,Light_Load
11/06/2018 08:45,55.44,68.81,100.00,58.46,0.00,Weekday,Monday,Light_Load
20/11/2018 19:30,7.38,100.00,34.17,0.00,20.30,Weekday,Tuesday,Maximum_Load
13/05/2018 15:30,3.13,100.00,18.23,0.00,16.88,Weekend,Sunday,Light_Load
20/08/2018 07:15,2.74,45.52,100.00,5.36,0.00,Weekday,Monday,Light_Load
18/09/2018 01:00,2.95,47.67,100.00,5.44,0.00,Weekday,Tuesday,Light_Load
01/03/2018 22:45,3.60,75.47,100.00,3.13,0.00,Weekday,Thursday,Medium_Load
01/05/2018 13:45,3.17,100.00,17.41,0.00,17.93,Weekday,Tuesday,Light_Load
13/10/2018 17:15,4.54,100.00,24.60,0.00,17.89,Weekend,Saturday,Medium_Load
29/04/2018 16:30,3.17,100.00,19.16,0.00,16.24,Weekend,Sunday,Light_Load
28/01/2018 03:15,4.21,65.78,100.00,4.82,0.00,Weekend,Sunday,Light_Load
17/05/2018 02:45,3.17,52.20,100.00,5.18,0.00,Weekday,Thursday,Light_Load
19/04/2018 17:15,66.74,89.52,100.00,33.23,0.00,Weekday,Thursday,Medium_Load
10/03/2018 11:30,9.43,100.00,84.77,0.00,5.90,Weekend,Saturday,Maximum_Load
18/02/2018 13:00,3.49,100.00,20.54,0.00,16.63,Weekend,Sunday,Light_Load
28/02/2018 00:15,5.94,72.46,100.00,5.65,0.00,Weekday,Wednesday,Light_Load
07/06/2018 09:00,95.22,90.24,100.00,45.47,0.00,Weekday,Thursday,Light_Load
14/03/2018 22:15,4.28,88.34,31.76,2.27,12.78,Weekday,Wednesday,Medium_Load
13/10/2018 12:00,41.22,88.67,99.99,21.49,0.47,Weekend,Saturday,Maximum_Load
17/04/2018 16:30,109.66,94.07,100.00,39.56,0.00,Weekday,Tuesday,Maximum_Load
13/04/2018 08:45,47.63,75.67,100.00,41.15,0.00,Weekday,Friday,Light_Load
07/06/2018 12:00,46.73,77.75,100.00,37.80,0.00,Weekday,Thursday,Maximum_Load
14/07/2018 06:30,2.70,47.22,100.00,5.04,0.00,Weekend,Saturday,Light_Load
17/01/2018 15:45,76.07,92.00,100.00,32.40,0.00,Weekday,Wednesday,Medium_Load
03/05/2018 21:45,4.07,100.00,15.51,0.00,25.92,Weekday,Thursday,Medium_Load
11/04/2018 17:00,56.48,90.04,100.00,27.29,0.00,Weekday,Wednesday,Maximum_Load
12/07/2018 21:15,7.99,100.00,33.41,0.00,22.54,Weekday,Thursday,Medium_Load
07/09/2018 10:45,100.15,93.49,100.00,38.02,0.00,Weekday,Friday,Maximum_Load
06/05/2018 09:30,3.17,100.00,18.23,0.00,17.10,Weekend,Sunday,Light_Load
08/07/2018 19:00,3.89,100.00,14.58,0.00,26.39,Weekend,Sunday,Medium_Load
05/05/2018 04:00,2.95,59.35,100.00,4.00,0.00,Weekend,Saturday,Light_Load
23/01/2018 05:15,39.56,80.46,100.00,29.20,0.00,Weekday,Tuesday,Light_Load
05/05/2018 22:45,2.92,58.67,100.00,4.03,0.00,Weekend,Saturday,Light_Load
14/09/2018 04:00,3.31,57.74,100.00,4.68,0.00,Weekday,Friday,Light_Load
08/10/2018 21:00,27.32,94.91,98.05,9.07,5.47,Weekday,Monday,Medium_Load
02/10/2018 19:15,117.47,86.11,100.00,69.37,0.00,Weekday,Tuesday,Medium_Load
10/02/2018 22:45,3.60,75.78,100.00,3.10,0.00,Weekend,Saturday,Light_Load
20/01/2018 18:00,32.40,100.00,95.69,0.04,9.83,Weekend,Saturday,Maximum_Load
14/12/2018 23:15,4.86,82.89,99.99,3.28,0.07,Weekday,Friday,Light_Load
19/01/2018 20:15,103.21,93.69,100.00,38.52,0.00,Weekday,Friday,Medium_Load
04/05/2018 06:15,3.49,62.23,100.00,4.39,0.00,Weekday,Friday,Light_Load
18/12/2018 04:45,4.18,80.05,100.00,3.13,0.00,Weekday,Tuesday,Light_Load
31/07/2018 09:15,78.41,92.62,100.00,31.93,0.00,Weekday,Tuesday,Medium_Load
08/09/2018 09:45,47.81,92.97,100.00,18.94,0.00,Weekend,Saturday,Medium_Load
21/12/2018 05:15,3.28,81.41,99.98,2.34,0.07,Weekday,Friday,Light_Load
25/11/2018 02:00,3.46,76.42,99.99,2.92,0.04,Weekend,Sunday,Light_Load
31/05/2018 10:45,49.75,89.68,100.00,24.55,0.00,Weekday,Thursday,Maximum_Load
27/11/2018 13:30,121.25,90.90,100.00,55.58,0.00,Weekday,Tuesday,Medium_Load
16/10/2018 11:15,54.61,83.32,100.00,36.25,0.00,Weekday,Tuesday,Maximum_Load
09/11/2018 09:45,83.63,88.28,100.00,44.50,0.00,Weekday,Friday,Medium_Load
24/01/2018 14:45,95.65,89.44,100.00,47.84,0.00,Weekday,Wednesday,Medium_Load
12/04/2018 16:30,68.29,84.61,100.00,43.02,0.00,Weekday,Thursday,Maximum_Load
20/03/2018 22:15,4.28,90.76,27.61,1.98,14.90,Weekday,Tuesday,Medium_Load
01/05/2018 22:00,3.20,100.00,18.82,0.00,16.70,Weekday,Tuesday,Light_Load
01/04/2018 22:30,2.81,53.91,100.00,4.39,0.00,Weekend,Sunday,Light_Load
22/05/2018 19:45,3.82,100.00,14.36,0.00,26.32,Weekday,Tuesday,Medium_Load
20/01/2018 16:45,41.29,99.98,99.89,0.72,1.94,Weekend,Saturday,Medium_Load
11/03/2018 02:00,3.10,72.44,100.00,2.95,0.00,Weekend,Sunday,Light_Load
23/08/2018 21:45,3.78,100.00,22.87,0.00,16.09,Weekday,Thursday,Medium_Load
03/04/2018 12:15,19.08,92.17,71.51,8.03,18.65,Weekday,Tuesday,Medium_Load
19/04/2018 19:00,40.39,99.76,99.99,2.81,0.58,Weekday,Thursday,Medium_Load
21/09/2018 03:30,2.84,49.39,100.00,5.00,0.00,Weekday,Friday,Light_Load
08/05/2018 04:15,2.99,63.16,100.00,3.67,0.00,Weekday,Tuesday,Light_Load
03/09/2018 19:45,25.67,100.00,99.30,0.25,3.06,Weekday,Monday,Medium_Load
19/06/2018 02:30,2.74,52.01,100.00,4.50,0.00,Weekday,Tuesday,Light_Load
14/08/2018 05:15,2.92,43.70,100.00,6.01,0.00,Weekday,Tuesday,Light_Load
09/05/2018 22:15,3.92,95.20,25.56,1.26,14.83,Weekday,Wednesday,Medium_Load
07/01/2018 01:00,3.20,72.73,100.00,3.02,0.00,Weekend,Sunday,Light_Load
13/10/2018 19:00,3.56,100.00,19.18,0.00,18.22,Weekend,Saturday,Medium_Load
01/05/2018 18:15,3.10,100.00,49.51,0.00,5.44,Weekday,Tuesday,Light_Load
27/03/2018 13:00,6.41,100.00,24.78,0.00,25.06,Weekday,Tuesday,Medium_Load
05/12/2018 19:45,5.44,100.00,25.42,0.00,20.70,Weekday,Wednesday,Maximum_Load
10/08/2018 13:15,30.06,93.93,97.22,10.98,7.24,Weekday,Friday,Maximum_Load
16/12/2018 21:15,4.50,100.00,20.66,0.00,21.31,Weekend,Sunday,Medium_Load
15/08/2018 22:00,3.28,100.00,23.73,0.00,13.43,Weekday,Wednesday,Medium_Load
04/09/2018 16:15,118.69,89.52,100.00,59.08,0.00,Weekday,Tuesday,Maximum_Load
06/05/2018 13:45,3.20,100.00,18.58,0.00,16.92,Weekend,Sunday,Light_Load
15/02/2018 04:00,3.28,57.39,100.00,4.68,0.00,Weekday,Thursday,Light_Load
06/12/2018 07:45,4.21,80.25,99.99,3.13,0.07,Weekday,Thursday,Light_Load
03/07/2018 19:30,103.36,94.80,100.00,34.70,0.00,Weekday,Tuesday,Medium_Load
18/07/2018 09:15,55.94,81.96,100.00,39.10,0.00,Weekday,Wednesday,Medium_Load
01/12/2018 14:30,26.28,100.00,96.00,0.04,7.67,Weekend,Saturday,Medium_Load
19/02/2018 22:45,87.52,89.27,100.00,44.17,0.00,Weekday,Monday,Maximum_Load
06/02/2018 17:30,65.48,97.48,100.00,14.98,0.00,Weekday,Tuesday,Maximum_Load
28/10/2018 06:30,2.92,46.11,100.00,5.62,0.00,Weekend,Sunday,Light_Load
25/01/2018 21:45,39.28,99.98,99.83,0.86,2.27,Weekday,Thursday,Medium_Load
08/08/2018 09:15,84.56,89.91,100.00,41.18,0.00,Weekday,Wednesday,Medium_Load
07/05/2018 21:00,79.38,96.85,99.97,20.41,1.84,Weekday,Monday,Medium_Load
18/07/2018 02:00,3.24,100.00,54.38,0.00,5.00,Weekday,Wednesday,Light_Load
14/02/2018 07:45,5.80,74.58,100.00,5.18,0.00,Weekday,Wednesday,Light_Load
09/05/2018 14:45,65.99,88.98,100.00,33.84,0.00,Weekday,Wednesday,Maximum_Load
22/05/2018 13:45,90.68,98.69,100.00,14.80,0.00,Weekday,Tuesday,Maximum_Load
22/05/2018 01:45,3.60,63.07,100.00,4.43,0.00,Weekday,Tuesday,Light_Load
26/11/2018 16:30,61.45,92.88,100.00,24.52,0.00,Weekday,Monday,Medium_Load
24/02/2018 09:30,76.03,99.26,100.00,9.29,0.76,Weekend,Saturday,Medium_Load
23/10/2018 11:45,69.05,87.98,100.00,37.30,0.00,Weekday,Tuesday,Maximum_Load
03/11/2018 09:45,57.24,96.76,100.00,14.94,0.00,Weekend,Saturday,Medium_Load
13/08/2018 07:30,3.53,53.19,100.00,5.62,0.00,Weekday,Monday,Light_Load
04/12/2018 06:45,3.64,69.75,100.00,3.74,0.00,Weekday,Tuesday,Light_Load
30/09/2018 15:45,2.70,100.00,22.29,0.00,11.81,Weekend,Sunday,Light_Load
14/06/2018 23:15,4.46,54.40,100.00,6.88,0.00,Weekday,Thursday,Light_Load
25/08/2018 17:45,3.42,100.00,23.67,0.00,14.04,Weekend,Saturday,Light_Load
04/08/2018 00:00,2.70,48.03,100.00,4.93,0.00,Weekend,Saturday,Light_Load
16/10/2018 19:30,61.78,81.35,100.00,44.17,0.00,Weekday,Tuesday,Medium_Load
09/07/2018 23:45,3.31,66.57,100.00,3.71,0.00,Weekday,Monday,Light_Load
05/07/2018 05:30,3.56,57.39,100.00,5.08,0.00,Weekday,Thursday,Light_Load
08/01/2018 08:30,130.54,85.90,100.00,77.80,0.00,Weekday,Monday,Light_Load
31/05/2018 13:45,68.54,85.00,100.00,42.48,0.00,Weekday,Thursday,Maximum_Load
13/07/2018 22:45,3.67,53.27,100.00,5.83,0.00,Weekday,Friday,Medium_Load
21/06/2018 17:00,49.39,89.81,100.00,24.19,0.00,Weekday,Thursday,Maximum_Load
13/02/2018 22:15,35.32,95.95,99.57,10.37,3.28,Weekday,Tuesday,Maximum_Load
02/09/2018 22:00,2.88,100.00,24.17,0.00,11.56,Weekend,Sunday,Medium_Load
25/10/2018 05:00,3.10,45.84,100.00,6.01,0.00,Weekday,Thursday,Light_Load
22/09/2018 03:15,2.56,49.45,100.00,4.50,0.00,Weekend,Saturday,Light_Load
02/12/2018 15:00,3.64,100.00,23.73,0.00,14.90,Weekend,Sunday,Light_Load
14/02/2018 04:30,5.15,71.19,100.00,5.08,0.00,Weekday,Wednesday,Light_Load
19/09/2018 13:00,4.90,100.00,27.88,0.00,16.88,Weekday,Wednesday,Medium_Load
08/10/2018 02:00,2.63,46.26,100.00,5.04,0.00,Weekday,Monday,Light_Load
28/09/2018 20:00,35.32,91.80,100.00,15.26,0.00,Weekday,Friday,Medium_Load
07/09/2018 09:15,107.93,93.55,100.00,40.75,0.00,Weekday,Friday,Medium_Load
14/03/2018 21:15,4.50,100.00,18.16,0.00,24.37,Weekday,Wednesday,Medium_Load
02/12/2018 10:00,3.56,100.00,24.46,0.00,14.11,Weekend,Sunday,Light_Load
18/11/2018 17:00,7.16,100.00,40.89,0.00,15.98,Weekend,Sunday,Medium_Load
09/03/2018 13:15,31.03,99.99,95.95,0.50,9.11,Weekday,Friday,Maximum_Load
26/02/2018 01:45,3.89,74.05,100.00,3.53,0.00,Weekday,Monday,Light_Load
26/02/2018 23:00,5.76,76.43,100.00,4.86,0.00,Weekday,Monday,Maximum_Load
17/02/2018 04:15,3.71,57.42,100.00,5.29,0.00,Weekend,Saturday,Light_Load
25/03/2018 03:30,3.10,66.73,100.00,3.46,0.00,Weekend,Sunday,Light_Load
21/01/2018 13:15,5.11,100.00,19.52,0.00,25.67,Weekend,Sunday,Light_Load
21/12/2018 21:45,5.44,100.00,24.42,0.00,21.60,Weekday,Friday,Medium_Load
27/10/2018 20:15,3.67,100.00,20.45,0.00,17.57,Weekend,Saturday,Medium_Load
30/12/2018 14:00,4.03,100.00,18.70,0.00,21.17,Weekend,Sunday,Light_Load
06/04/2018 06:45,3.20,53.07,100.00,5.11,0.00,Weekday,Friday,Light_Load
22/09/2018 23:15,2.95,40.15,100.00,6.73,0.00,Weekend,Saturday,Light_Load
21/10/2018 08:00,3.42,44.15,100.00,6.95,0.00,Weekend,Sunday,Light_Load
09/06/2018 07:45,2.92,45.91,100.00,5.65,0.00,Weekend,Saturday,Light_Load
05/10/2018 17:00,46.98,89.51,100.00,23.40,0.00,Weekday,Friday,Maximum_Load
22/08/2018 09:45,60.01,87.24,100.00,33.62,0.00,Weekday,Wednesday,Medium_Load
18/01/2018 22:00,85.82,98.99,100.00,12.28,0.00,Weekday,Thursday,Medium_Load
27/08/2018 02:00,2.95,51.35,100.00,4.93,0.00,Weekday,Monday,Light_Load
21/10/2018 01:45,2.74,51.09,100.00,4.61,0.00,Weekend,Sunday,Light_Load
22/11/2018 15:30,80.24,90.45,100.00,37.84,0.00,Weekday,Thursday,Medium_Load
03/02/2018 19:45,38.84,99.99,99.60,0.47,3.49,Weekend,Saturday,Maximum_Load
26/04/2018 21:15,11.23,100.00,46.50,0.00,21.38,Weekday,Thursday,Medium_Load
31/03/2018 15:15,3.53,100.00,13.87,0.00,25.20,Weekend,Saturday,Light_Load
03/05/2018 00:30,3.71,70.71,100.00,3.71,0.00,Weekday,Thursday,Light_Load
02/07/2018 17:00,58.03,89.17,100.00,29.45,0.00,Weekday,Monday,Maximum_Load
09/09/2018 12:45,4.10,100.00,38.03,0.00,9.97,Weekend,Sunday,Medium_Load
02/09/2018 20:30,3.64,100.00,19.31,0.00,18.50,Weekend,Sunday,Medium_Load
23/02/2018 10:15,85.36,85.01,100.00,52.88,0.00,Weekday,Friday,Maximum_Load
22/07/2018 14:30,3.02,100.00,17.53,0.00,16.96,Weekend,Sunday,Light_Load
09/03/2018 00:00,3.74,72.72,100.00,3.53,0.00,Weekday,Friday,Light_Load
30/01/2018 03:45,5.76,73.40,100.00,5.33,0.00,Weekday,Tuesday,Light_Load
23/07/2018 01:00,3.10,100.00,57.95,0.00,4.36,Weekday,Monday,Light_Load
28/01/2018 07:45,4.25,62.63,100.00,5.29,0.00,Weekend,Sunday,Light_Load
01/03/2018 05:30,3.67,61.14,100.00,4.75,0.00,Weekday,Thursday,Light_Load
10/06/2018 08:30,2.81,48.99,100.00,5.00,0.00,Weekend,Sunday,Light_Load
28/03/2018 13:45,50.54,96.75,100.00,13.21,0.00,Weekday,Wednesday,Maximum_Load
22/02/2018 10:00,86.15,94.00,100.00,31.28,0.00,Weekday,Thursday,Medium_Load
07/10/2018 09:30,3.17,100.00,18.80,0.00,16.56,Weekend,Sunday,Light_Load
23/05/2018 02:30,3.06,54.16,100.00,4.75,0.00,Weekday,Wednesday,Light_Load
22/06/2018 01:00,3.02,47.34,100.00,5.62,0.00,Weekday,Friday,Light_Load
06/05/2018 06:15,3.35,60.32,100.00,4.43,0.00,Weekend,Sunday,Light_Load
10/01/2018 04:15,4.57,70.94,100.00,4.54,0.00,Weekday,Wednesday,Light_Load
18/11/2018 03:30,3.28,49.03,100.00,5.83,0.00,Weekend,Sunday,Light_Load
08/08/2018 14:15,104.00,91.18,100.00,46.84,0.00,Weekday,Wednesday,Maximum_Load
13/02/2018 10:15,63.58,96.57,100.00,17.10,0.00,Weekday,Tuesday,Maximum_Load
15/02/2018 10:30,3.35,100.00,18.92,0.00,17.39,Weekday,Thursday,Light_Load
29/01/2018 05:45,4.79,67.61,100.00,5.22,0.00,Weekday,Monday,Light_Load
14/06/2018 16:15,57.28,93.74,100.00,21.28,0.00,Weekday,Thursday,Maximum_Load
13/01/2018 23:45,4.61,74.96,100.00,4.07,0.00,Weekend,Saturday,Light_Load
07/01/2018 22:15,3.82,93.25,27.49,1.48,13.36,Weekend,Sunday,Light_Load
26/07/2018 13:15,28.62,99.48,97.03,2.92,7.13,Weekday,Thursday,Maximum_Load
20/06/2018 07:30,3.92,56.26,100.00,5.76,0.00,Weekday,Wednesday,Light_Load
28/10/2018 03:45,2.84,47.51,100.00,5.26,0.00,Weekend,Sunday,Light_Load
15/10/2018 02:30,2.81,47.12,100.00,5.26,0.00,Weekday,Monday,Light_Load
19/12/2018 07:30,4.07,82.01,99.75,2.84,0.29,Weekday,Wednesday,Light_Load
06/11/2018 14:15,51.19,87.73,100.00,28.01,0.00,Weekday,Tuesday,Medium_Load
30/01/2018 05:30,3.92,73.28,100.00,3.64,0.00,Weekday,Tuesday,Light_Load
09/07/2018 11:30,69.62,79.35,100.00,53.39,0.00,Weekday,Monday,Maximum_Load
10/05/2018 08:45,66.02,70.90,100.00,65.66,0.00,Weekday,Thursday,Light_Load
29/07/2018 14:45,32.72,99.82,99.88,1.94,1.58,Weekend,Sunday,Maximum_Load
26/02/2018 12:30,6.16,100.00,22.16,0.00,27.11,Weekday,Monday,Medium_Load
21/06/2018 12:00,45.32,85.79,100.00,27.14,0.00,Weekday,Thursday,Maximum_Load
13/03/2018 14:15,107.50,92.08,100.00,45.54,0.00,Weekday,Tuesday,Maximum_Load
03/01/2018 17:30,114.01,94.06,100.00,41.15,0.00,Weekday,Wednesday,Maximum_Load
22/07/2018 12:45,3.38,100.00,42.30,0.00,7.24,Weekend,Sunday,Light_Load
29/08/2018 21:45,3.82,100.00,27.36,0.00,13.43,Weekday,Wednesday,Medium_Load
11/09/2018 04:30,2.56,46.31,100.00,4.90,0.00,Weekday,Tuesday,Light_Load
20/08/2018 03:00,2.66,47.19,100.00,4.97,0.00,Weekday,Monday,Light_Load
16/01/2018 09:00,91.58,88.23,100.00,48.85,0.00,Weekday,Tuesday,Light_Load
29/07/2018 21:00,3.02,100.00,18.09,0.00,16.42,Weekend,Sunday,Medium_Load
27/08/2018 02:30,2.92,51.50,100.00,4.86,0.00,Weekday,Monday,Light_Load
28/06/2018 15:00,53.60,90.82,100.00,24.70,0.00,Weekday,Thursday,Maximum_Load
04/01/2018 21:45,5.26,100.00,19.99,0.00,25.78,Weekday,Thursday,Medium_Load
07/02/2018 23:00,32.72,80.70,100.00,23.94,0.00,Weekday,Wednesday,Maximum_Load
19/10/2018 06:00,2.99,45.39,100.00,5.87,0.00,Weekday,Friday,Light_Load
25/07/2018 18:15,48.78,91.61,99.95,21.35,1.58,Weekday,Wednesday,Medium_Load
22/12/2018 13:30,4.25,100.00,19.78,0.00,21.06,Weekend,Saturday,Light_Load
12/06/2018 09:45,51.91,93.61,100.00,19.51,0.00,Weekday,Tuesday,Medium_Load
05/08/2018 13:15,2.99,100.00,18.03,0.00,16.31,Weekend,Sunday,Light_Load
24/12/2018 16:15,47.20,98.18,100.00,9.14,0.04,Weekday,Monday,Medium_Load
31/10/2018 04:15,2.95,57.39,100.00,4.21,0.00,Weekday,Wednesday,Light_Load
07/01/2018 17:15,3.56,100.00,20.67,0.00,16.85,Weekend,Sunday,Light_Load
22/10/2018 18:45,82.26,88.85,100.00,42.48,0.00,Weekday,Monday,Medium_Load
02/08/2018 08:30,2.63,52.35,100.00,4.28,0.00,Weekday,Thursday,Light_Load
16/10/2018 13:45,54.83,85.64,100.00,33.05,0.00,Weekday,Tuesday,Maximum_Load
02/06/2018 02:45,2.88,49.61,100.00,5.04,0.00,Weekend,Saturday,Light_Load
05/04/2018 12:15,17.71,91.63,82.11,7.74,12.31,Weekday,Thursday,Medium_Load
23/02/2018 23:30,89.21,90.68,100.00,41.47,0.00,Weekday,Friday,Light_Load
23/08/2018 01:00,2.92,49.11,100.00,5.18,0.00,Weekday,Thursday,Light_Load
17/03/2018 23:45,2.99,71.54,100.00,2.92,0.00,Weekend,Saturday,Light_Load
02/04/2018 05:30,2.81,56.16,100.00,4.14,0.00,Weekday,Monday,Light_Load
27/09/2018 01:00,3.10,40.93,100.00,6.91,0.00,Weekday,Thursday,Light_Load
20/09/2018 20:00,41.11,90.19,100.00,19.69,0.00,Weekday,Thursday,Medium_Load
28/12/2018 05:00,3.82,82.06,99.65,2.66,0.32,Weekday,Friday,Light_Load
27/12/2018 17:15,54.58,97.64,100.00,12.06,0.29,Weekday,Thursday,Maximum_Load
17/09/2018 14:30,111.64,90.83,100.00,51.41,0.00,Weekday,Monday,Maximum_Load
17/11/2018 05:45,3.13,59.94,100.00,4.18,0.00,Weekend,Saturday,Light_Load
06/12/2018 06:30,3.28,80.94,99.94,2.38,0.11,Weekday,Thursday,Light_Load
21/08/2018 19:00,48.71,86.58,100.00,28.15,0.00,Weekday,Tuesday,Medium_Load
26/06/2018 19:30,34.60,99.89,99.98,1.62,0.61,Weekday,Tuesday,Medium_Load
15/12/2018 05:45,3.42,76.93,100.00,2.84,0.00,Weekend,Saturday,Light_Load
09/02/2018 17:30,61.96,95.03,100.00,20.30,0.00,Weekday,Friday,Maximum_Load
11/04/2018 12:15,8.82,96.95,42.62,2.23,18.72,Weekday,Wednesday,Medium_Load
12/11/2018 10:15,51.98,93.56,100.00,19.62,0.00,Weekday,Monday,Maximum_Load
27/10/2018 09:30,44.71,91.44,100.00,19.80,0.00,Weekend,Saturday,Medium_Load
22/12/2018 02:30,4.07,78.24,99.90,3.24,0.18,Weekend,Saturday,Light_Load
20/08/2018 10:30,55.98,83.49,100.00,36.90,0.00,Weekday,Monday,Maximum_Load
14/04/2018 21:00,3.85,100.00,15.23,0.00,24.98,Weekend,Saturday,Medium_Load
02/01/2018 19:30,35.96,99.76,99.93,2.52,1.37,Weekday,Tuesday,Maximum_Load
08/10/2018 10:45,103.25,90.13,100.00,49.64,0.00,Weekday,Monday,Maximum_Load
13/03/2018 19:15,57.31,91.20,100.00,25.78,0.00,Weekday,Tuesday,Medium_Load
20/01/2018 22:00,37.80,100.00,99.43,0.22,4.07,Weekend,Saturday,Medium_Load
04/07/2018 23:15,3.60,68.97,100.00,3.78,0.00,Weekday,Wednesday,Light_Load
13/10/2018 15:30,106.67,92.08,100.00,45.18,0.00,Weekend,Saturday,Maximum_Load
20/11/2018 17:45,27.83,100.00,97.25,0.00,6.66,Weekday,Tuesday,Maximum_Load
25/11/2018 03:30,2.84,73.37,100.00,2.63,0.00,Weekend,Sunday,Light_Load
02/03/2018 06:15,3.28,76.40,100.00,2.77,0.00,Weekday,Friday,Light_Load
14/04/2018 04:15,3.10,60.31,100.00,4.10,0.00,Weekend,Saturday,Light_Load
15/06/2018 07:15,3.02,48.33,100.00,5.47,0.00,Weekday,Friday,Light_Load
19/03/2018 23:15,3.67,62.04,100.00,4.64,0.00,Weekday,Monday,Light_Load
26/12/2018 22:00,4.07,100.00,18.97,0.00,21.06,Weekday,Wednesday,Medium_Load
04/05/2018 11:15,65.84,79.99,100.00,49.39,0.00,Weekday,Friday,Maximum_Load
26/01/2018 01:30,41.51,79.70,100.00,31.46,0.00,Weekday,Friday,Light_Load
09/09/2018 18:00,3.64,100.00,33.23,0.00,10.33,Weekend,Sunday,Medium_Load
18/09/2018 19:00,42.01,87.30,100.00,23.47,0.00,Weekday,Tuesday,Medium_Load
24/06/2018 22:30,2.81,53.91,100.00,4.39,0.00,Weekend,Sunday,Medium_Load
08/08/2018 22:45,2.70,52.39,100.00,4.39,0.00,Weekday,Wednesday,Medium_Load
28/06/2018 08:00,3.92,59.76,100.00,5.26,0.00,Weekday,Thursday,Light_Load
06/08/2018 06:15,2.59,48.42,100.00,4.68,0.00,Weekday,Monday,Light_Load
31/01/2018 11:15,114.23,89.78,100.00,56.05,0.00,Weekday,Wednesday,Maximum_Load
30/09/2018 16:15,2.95,100.00,21.18,0.00,13.61,Weekend,Sunday,Light_Load
02/01/2018 05:15,3.46,67.52,100.00,3.78,0.00,Weekday,Tuesday,Light_Load
11/11/2018 20:30,3.20,100.00,20.80,0.00,15.05,Weekend,Sunday,Light_Load
31/12/2018 06:45,3.02,81.85,99.93,2.12,0.11,Weekday,Monday,Light_Load
27/03/2018 22:15,4.03,91.64,26.16,1.76,14.87,Weekday,Tuesday,Medium_Load
11/05/2018 00:30,4.14,65.39,100.00,4.79,0.00,Weekday,Friday,Light_Load
26/11/2018 21:45,5.26,100.00,24.55,0.00,20.77,Weekday,Monday,Medium_Load
31/01/2018 17:00,109.12,94.14,100.00,39.10,0.00,Weekday,Wednesday,Medium_Load
04/12/2018 14:15,58.82,88.18,100.00,31.46,0.00,Weekday,Tuesday,Medium_Load
31/08/2018 15:15,48.17,89.20,100.00,24.41,0.00,Weekday,Friday,Maximum_Load
02/02/2018 06:15,4.28,69.24,100.00,4.46,0.00,Weekday,Friday,Light_Load
24/06/2018 02:00,2.59,59.93,100.00,3.46,0.00,Weekend,Sunday,Light_Load
22/06/2018 13:15,40.07,93.65,98.80,15.01,6.26,Weekday,Friday,Maximum_Load
20/03/2018 22:45,3.92,60.57,100.00,5.15,0.00,Weekday,Tuesday,Medium_Load
02/05/2018 16:45,111.53,92.94,100.00,44.28,0.00,Weekday,Wednesday,Maximum_Load
30/01/2018 16:15,72.04,93.93,100.00,26.32,0.00,Weekday,Tuesday,Medium_Load
09/10/2018 11:00,67.10,83.50,100.00,44.21,0.00,Weekday,Tuesday,Maximum_Load
24/09/2018 23:00,3.20,45.06,100.00,6.34,0.00,Weekday,Monday,Light_Load
11/07/2018 11:45,60.98,80.42,100.00,45.07,0.00,Weekday,Wednesday,Maximum_Load
10/10/2018 18:45,82.62,94.87,100.00,27.54,0.00,Weekday,Wednesday,Medium_Load
26/11/2018 16:45,51.52,95.17,100.00,16.63,0.00,Weekday,Monday,Medium_Load
23/08/2018 02:45,3.20,50.49,100.00,5.47,0.00,Weekday,Thursday,Light_Load
28/08/2018 02:45,2.59,52.67,100.00,4.18,0.00,Weekday,Tuesday,Light_Load
27/03/2018 17:45,30.46,100.00,95.94,0.00,8.96,Weekday,Tuesday,Medium_Load
30/04/2018 06:45,3.20,61.16,100.00,4.14,0.00,Weekday,Monday,Light_Load
03/08/2018 03:15,2.84,43.55,100.00,5.87,0.00,Weekday,Friday,Light_Load
15/11/2018 22:15,3.89,47.33,99.94,7.24,0.14,Weekday,Thursday,Maximum_Load
07/04/2018 09:30,89.21,98.45,100.00,15.88,0.07,Weekend,Saturday,Medium_Load
17/11/2018 22:00,4.03,100.00,23.22,0.00,16.88,Weekend,Saturday,Medium_Load
14/02/2018 05:45,5.15,70.51,100.00,5.18,0.00,Weekday,Wednesday,Light_Load
18/04/2018 17:45,40.68,98.44,100.00,7.27,0.40,Weekday,Wednesday,Medium_Load
19/11/2018 13:00,5.11,100.00,23.43,0.00,21.20,Weekday,Monday,Medium_Load
02/10/2018 04:30,2.59,49.31,100.00,4.57,0.00,Weekday,Tuesday,Light_Load
01/10/2018 13:45,38.20,90.13,100.00,18.36,0.00,Weekday,Monday,Maximum_Load
05/09/2018 20:45,46.26,90.20,100.00,22.14,0.00,Weekday,Wednesday,Medium_Load
16/08/2018 17:15,55.22,79.79,100.00,41.72,0.00,Weekday,Thursday,Medium_Load
06/12/2018 10:45,71.06,88.03,100.00,38.30,0.00,Weekday,Thursday,Maximum_Load
13/02/2018 18:15,65.34,96.27,100.00,18.36,0.00,Weekday,Tuesday,Maximum_Load
25/04/2018 11:30,80.96,85.49,100.00,49.14,0.00,Weekday,Wednesday,Maximum_Load
25/11/2018 13:30,3.64,100.00,18.28,0.00,19.58,Weekend,Sunday,Light_Load
25/10/2018 05:30,3.06,47.17,100.00,5.72,0.00,Weekday,Thursday,Light_Load
30/01/2018 23:15,95.22,89.93,100.00,46.30,0.00,Weekday,Tuesday,Light_Load
06/09/2018 10:15,50.94,87.21,100.00,28.58,0.00,Weekday,Thursday,Maximum_Load
31/05/2018 20:15,3.89,100.00,14.80,0.00,25.99,Weekday,Thursday,Medium_Load
01/02/2018 09:30,93.85,93.88,100.00,34.45,0.00,Weekday,Thursday,Medium_Load
28/03/2018 15:45,62.78,90.82,100.00,28.94,0.00,Weekday,Wednesday,Maximum_Load
21/01/2018 18:15,4.75,100.00,39.92,0.00,10.91,Weekend,Sunday,Light_Load
16/04/2018 09:00,62.06,89.00,100.00,31.79,0.00,Weekday,Monday,Light_Load
19/08/2018 05:00,2.70,48.26,100.00,4.90,0.00,Weekend,Sunday,Light_Load
11/12/2018 14:30,72.00,90.00,100.00,34.88,0.00,Weekday,Tuesday,Medium_Load
13/12/2018 12:30,10.91,100.00,51.98,0.00,17.93,Weekday,Thursday,Medium_Load
04/08/2018 18:15,2.66,100.00,32.09,0.00,7.85,Weekend,Saturday,Light_Load
09/02/2018 03:30,5.90,70.23,100.00,5.98,0.00,Weekday,Friday,Light_Load
07/01/2018 12:00,3.64,100.00,53.89,0.00,5.69,Weekend,Sunday,Light_Load
09/10/2018 01:15,3.24,47.64,100.00,5.98,0.00,Weekday,Tuesday,Light_Load
31/05/2018 21:45,3.71,100.00,15.57,0.00,23.54,Weekday,Thursday,Medium_Load
24/01/2018 20:45,37.01,99.98,99.26,0.68,4.54,Weekday,Wednesday,Medium_Load
27/09/2018 06:15,2.45,44.50,100.00,4.93,0.00,Weekday,Thursday,Light_Load
28/08/2018 14:45,41.69,92.18,100.00,17.53,0.00,Weekday,Tuesday,Maximum_Load
30/10/2018 03:00,3.20,55.55,100.00,4.79,0.00,Weekday,Tuesday,Light_Load
06/01/2018 17:45,3.38,100.00,18.64,0.00,17.82,Weekend,Saturday,Light_Load
26/08/2018 05:45,2.77,44.72,100.00,5.54,0.00,Weekend,Sunday,Light_Load
08/07/2018 08:45,112.36,85.98,100.00,66.74,0.00,Weekend,Sunday,Light_Load
25/03/2018 11:30,29.92,93.88,100.00,10.98,0.00,Weekend,Sunday,Maximum_Load
27/04/2018 17:45,30.74,100.00,95.44,0.00,9.61,Weekday,Friday,Medium_Load
24/07/2018 06:15,2.95,48.70,100.00,5.29,0.00,Weekday,Tuesday,Light_Load
07/04/2018 18:00,4.14,100.00,15.88,0.00,25.74,Weekend,Saturday,Medium_Load
20/02/2018 23:15,98.35,89.85,100.00,48.06,0.00,Weekday,Tuesday,Light_Load
06/12/2018 04:00,3.42,76.05,100.00,2.92,0.00,Weekday,Thursday,Light_Load
28/09/2018 19:00,38.63,91.76,100.00,16.74,0.00,Weekday,Friday,Medium_Load
02/08/2018 17:30,2.92,100.00,17.32,0.00,16.60,Weekday,Thursday,Light_Load
19/02/2018 14:45,78.77,87.41,100.00,43.78,0.00,Weekday,Monday,Medium_Load
12/12/2018 19:30,60.19,92.38,100.00,24.95,0.00,Weekday,Wednesday,Maximum_Load
29/08/2018 03:15,2.70,51.79,100.00,4.46,0.00,Weekday,Wednesday,Light_Load
22/05/2018 22:30,3.10,51.06,100.00,5.22,0.00,Weekday,Tuesday,Medium_Load
24/11/2018 21:00,3.20,100.00,22.39,0.00,13.93,Weekend,Saturday,Light_Load
07/10/2018 14:30,2.70,100.00,22.69,0.00,11.59,Weekend,Sunday,Light_Load
23/04/2018 19:30,43.85,99.75,99.99,3.10,0.47,Weekday,Monday,Medium_Load
18/11/2018 07:45,4.07,51.36,100.00,6.80,0.00,Weekend,Sunday,Light_Load
26/01/2018 11:15,108.29,90.63,100.00,50.51,0.00,Weekday,Friday,Maximum_Load
05/08/2018 22:45,3.31,51.98,100.00,5.44,0.00,Weekend,Sunday,Light_Load
21/09/2018 17:45,3.31,100.00,17.35,0.00,18.79,Weekday,Friday,Medium_Load
09/06/2018 04:30,2.92,45.47,100.00,5.72,0.00,Weekend,Saturday,Light_Load
04/11/2018 09:00,36.40,97.53,100.00,8.24,0.00,Weekend,Sunday,Light_Load
05/02/2018 10:45,103.43,93.37,100.00,39.67,0.00,Weekday,Monday,Maximum_Load
13/06/2018 17:45,3.10,100.00,18.36,0.00,16.60,Weekday,Wednesday,Medium_Load
22/08/2018 14:45,60.70,86.54,100.00,35.14,0.00,Weekday,Wednesday,Maximum_Load
16/01/2018 01:15,4.61,63.96,100.00,5.54,0.00,Weekday,Tuesday,Light_Load
13/04/2018 01:45,3.71,60.68,100.00,4.86,0.00,Weekday,Friday,Light_Load
29/09/2018 14:15,34.60,96.32,100.00,9.65,0.00,Weekend,Saturday,Maximum_Load
28/08/2018 15:45,47.41,89.02,100.00,24.26,0.00,Weekday,Tuesday,Maximum_Load
20/04/2018 14:15,66.53,81.31,100.00,47.63,0.00,Weekday,Friday,Maximum_Load
10/11/2018 03:15,3.74,44.01,100.00,7.63,0.00,Weekend,Saturday,Light_Load
04/01/2018 09:00,131.18,92.57,100.00,53.60,0.00,Weekday,Thursday,Light_Load
07/03/2018 01:45,3.24,71.48,100.00,3.17,0.00,Weekday,Wednesday,Light_Load
12/05/2018 23:30,2.88,61.01,100.00,3.74,0.00,Weekend,Saturday,Light_Load
09/07/2018 16:15,58.54,87.63,100.00,32.18,0.00,Weekday,Monday,Maximum_Load
14/06/2018 16:30,48.17,95.08,100.00,15.70,0.00,Weekday,Thursday,Maximum_Load
11/04/2018 05:30,3.28,54.85,100.00,5.00,0.00,Weekday,Wednesday,Light_Load
05/07/2018 13:00,4.86,100.00,19.47,0.00,24.48,Weekday,Thursday,Medium_Load
22/07/2018 02:15,3.28,100.00,58.31,0.00,4.57,Weekend,Sunday,Light_Load
05/09/2018 15:00,48.49,91.19,100.00,21.82,0.00,Weekday,Wednesday,Maximum_Load
18/01/2018 15:00,108.83,94.07,100.00,39.24,0.00,Weekday,Thursday,Medium_Load
24/12/2018 06:30,3.60,82.35,99.68,2.48,0.29,Weekday,Monday,Light_Load
24/10/2018 08:30,58.75,72.48,100.00,55.84,0.00,Weekday,Wednesday,Light_Load
28/07/2018 09:30,36.83,97.92,100.00,7.63,0.00,Weekend,Saturday,Medium_Load
07/09/2018 21:45,4.21,100.00,23.85,0.00,17.14,Weekday,Friday,Medium_Load
11/06/2018 01:00,2.92,47.09,100.00,5.47,0.00,Weekday,Monday,Light_Load
05/06/2018 04:30,3.24,49.48,100.00,5.69,0.00,Weekday,Tuesday,Light_Load
07/08/2018 21:45,4.14,100.00,24.82,0.00,16.16,Weekday,Tuesday,Medium_Load
20/09/2018 18:45,39.42,89.16,100.00,20.02,0.00,Weekday,Thursday,Medium_Load
05/08/2018 11:45,2.81,100.00,54.88,0.00,4.28,Weekend,Sunday,Light_Load
04/01/2018 13:30,135.43,93.37,100.00,51.95,0.00,Weekday,Thursday,Medium_Load
14/07/2018 18:45,2.88,100.00,24.33,0.00,11.48,Weekend,Saturday,Medium_Load
06/07/2018 12:45,5.15,100.00,28.13,0.00,17.57,Weekday,Friday,Medium_Load
10/08/2018 18:30,79.96,87.90,100.00,43.38,0.00,Weekday,Friday,Medium_Load
13/03/2018 10:30,84.56,94.06,100.00,30.53,0.00,Weekday,Tuesday,Maximum_Load
15/05/2018 05:30,2.81,55.52,100.00,4.21,0.00,Weekday,Tuesday,Light_Load
17/07/2018 14:15,79.74,94.48,100.00,27.65,0.00,Weekday,Tuesday,Maximum_Load
01/04/2018 04:45,3.42,56.15,100.00,5.04,0.00,Weekend,Sunday,Light_Load
06/03/2018 11:00,57.53,94.41,100.00,20.09,0.00,Weekday,Tuesday,Maximum_Load
14/09/2018 12:45,4.64,100.00,31.30,0.00,14.08,Weekday,Friday,Medium_Load
21/09/2018 21:15,2.66,100.00,21.30,0.00,12.20,Weekday,Friday,Medium_Load
09/01/2018 16:30,127.48,93.95,100.00,46.48,0.00,Weekday,Tuesday,Medium_Load
08/03/2018 21:00,37.76,99.80,99.93,2.38,1.37,Weekday,Thursday,Medium_Load
22/02/2018 22:30,51.16,82.14,100.00,35.53,0.00,Weekday,Thursday,Maximum_Load
31/05/2018 07:15,2.92,48.54,100.00,5.26,0.00,Weekday,Thursday,Light_Load
01/11/2018 13:30,110.66,87.79,100.00,60.37,0.00,Weekday,Thursday,Medium_Load
28/02/2018 04:15,4.10,68.84,100.00,4.32,0.00,Weekday,Wednesday,Light_Load
19/11/2018 01:15,2.92,54.78,100.00,4.46,0.00,Weekday,Monday,Light_Load
11/06/2018 07:15,2.92,47.84,100.00,5.36,0.00,Weekday,Monday,Light_Load
29/04/2018 15:15,3.17,100.00,19.05,0.00,16.34,Weekend,Sunday,Light_Load
01/10/2018 15:15,48.13,85.24,100.00,29.52,0.00,Weekday,Monday,Maximum_Load
26/08/2018 12:30,3.06,100.00,21.89,0.00,13.64,Weekend,Sunday,Medium_Load
12/02/2018 19:45,34.81,100.00,97.03,0.00,8.68,Weekday,Monday,Maximum_Load
16/01/2018 17:15,91.98,87.67,100.00,50.47,0.00,Weekday,Tuesday,Maximum_Load
31/12/2018 12:15,4.03,100.00,19.40,0.00,20.38,Weekday,Monday,Light_Load
11/08/2018 00:00,2.70,48.87,100.00,4.82,0.00,Weekend,Saturday,Light_Load
03/10/2018 02:15,3.53,44.37,100.00,7.13,0.00,Weekday,Wednesday,Light_Load
16/06/2018 04:30,2.92,47.84,100.00,5.36,0.00,Weekend,Saturday,Light_Load
06/03/2018 12:30,24.44,100.00,86.33,0.00,14.29,Weekday,Tuesday,Medium_Load
08/04/2018 21:30,3.28,100.00,18.53,0.00,17.39,Weekend,Sunday,Medium_Load
10/06/2018 19:00,3.06,100.00,18.44,0.00,16.31,Weekend,Sunday,Light_Load
09/12/2018 18:00,3.24,100.00,29.08,0.00,10.66,Weekend,Sunday,Light_Load
04/07/2018 08:45,93.85,82.32,100.00,64.73,0.00,Weekday,Wednesday,Light_Load
05/02/2018 09:45,76.64,94.84,100.00,25.63,0.00,Weekday,Monday,Medium_Load
09/07/2018 09:15,50.98,92.24,100.00,21.35,0.00,Weekday,Monday,Medium_Load
17/06/2018 01:15,3.46,63.13,100.00,4.25,0.00,Weekend,Sunday,Light_Load
02/02/2018 02:45,6.37,78.18,100.00,5.08,0.00,Weekday,Friday,Light_Load
02/06/2018 02:15,2.92,50.13,100.00,5.04,0.00,Weekend,Saturday,Light_Load
14/12/2018 20:30,30.06,99.99,99.19,0.43,3.85,Weekday,Friday,Medium_Load
12/02/2018 12:15,15.52,97.22,63.18,3.74,19.04,Weekday,Monday,Medium_Load
24/12/2018 23:30,3.82,82.77,99.37,2.59,0.43,Weekday,Monday,Light_Load
05/01/2018 22:45,4.14,70.12,100.00,4.21,0.00,Weekday,Friday,Maximum_Load
06/06/2018 15:00,110.74,88.73,100.00,57.56,0.00,Weekday,Wednesday,Maximum_Load
27/07/2018 14:45,51.05,96.22,100.00,14.44,0.00,Weekday,Friday,Maximum_Load
13/10/2018 20:00,3.60,100.00,19.50,0.00,18.11,Weekend,Saturday,Medium_Load
16/01/2018 04:30,4.57,62.62,100.00,5.69,0.00,Weekday,Tuesday,Light_Load
04/01/2018 00:45,4.64,70.41,100.00,4.68,0.00,Weekday,Thursday,Light_Load
13/10/2018 10:15,43.92,95.09,100.00,14.29,0.00,Weekend,Saturday,Maximum_Load
10/09/2018 15:15,73.33,91.28,100.00,32.80,0.00,Weekday,Monday,Maximum_Load
04/06/2018 17:45,37.58,99.86,99.10,1.98,5.08,Weekday,Monday,Medium_Load
19/12/2018 07:15,4.10,82.49,99.75,2.81,0.29,Weekday,Wednesday,Light_Load
15/08/2018 03:00,2.81,54.17,100.00,4.36,0.00,Weekday,Wednesday,Light_Load
19/09/2018 16:15,50.58,85.70,100.00,30.42,0.00,Weekday,Wednesday,Maximum_Load
17/10/2018 00:30,3.67,49.69,100.00,6.41,0.00,Weekday,Wednesday,Light_Load
14/10/2018 01:15,3.38,46.25,100.00,6.48,0.00,Weekend,Sunday,Light_Load
21/12/2018 09:15,43.78,99.58,100.00,4.03,0.18,Weekday,Friday,Medium_Load
12/06/2018 20:00,78.84,88.64,100.00,41.18,0.00,Weekday,Tuesday,Medium_Load
06/05/2018 21:45,3.28,100.00,18.88,0.00,17.06,Weekend,Sunday,Light_Load
23/01/2018 07:45,41.26,82.61,100.00,28.15,0.00,Weekday,Tuesday,Light_Load
10/04/2018 18:15,33.80,92.11,99.98,14.29,0.65,Weekday,Tuesday,Medium_Load
21/01/2018 13:45,5.11,100.00,19.44,0.00,25.78,Weekend,Sunday,Light_Load
21/09/2018 14:15,27.07,99.96,99.70,0.76,2.09,Weekday,Friday,Maximum_Load
12/10/2018 03:15,4.54,49.08,100.00,8.06,0.00,Weekday,Friday,Light_Load
24/11/2018 03:00,3.56,76.57,99.98,2.99,0.07,Weekend,Saturday,Light_Load
22/05/2018 14:30,68.26,99.17,99.98,8.86,1.22,Weekday,Tuesday,Maximum_Load
16/12/2018 03:00,4.14,73.85,100.00,3.78,0.00,Weekend,Sunday,Light_Load
22/03/2018 18:00,28.33,100.00,90.80,0.00,13.07,Weekday,Thursday,Medium_Load
09/09/2018 04:30,3.17,46.65,100.00,6.01,0.00,Weekend,Sunday,Light_Load
30/09/2018 16:00,2.74,100.00,22.73,0.00,11.74,Weekend,Sunday,Light_Load
06/06/2018 13:45,56.99,89.81,100.00,27.90,0.00,Weekday,Wednesday,Maximum_Load
07/05/2018 22:15,3.85,94.21,24.34,1.37,15.34,Weekday,Monday,Medium_Load
31/05/2018 15:00,64.91,94.79,100.00,21.82,0.00,Weekday,Thursday,Maximum_Load
23/08/2018 17:30,41.04,96.63,100.00,10.94,0.14,Weekday,Thursday,Medium_Load
03/01/2018 15:15,57.46,95.31,100.00,18.25,0.00,Weekday,Wednesday,Medium_Load
20/03/2018 21:30,4.57,100.00,17.18,0.00,26.21,Weekday,Tuesday,Medium_Load
18/12/2018 22:00,4.39,100.00,20.18,0.00,21.31,Weekday,Tuesday,Medium_Load
07/12/2018 05:00,3.42,72.60,100.00,3.24,0.00,Weekday,Friday,Light_Load
07/09/2018 14:30,96.34,91.25,100.00,43.20,0.00,Weekday,Friday,Maximum_Load
26/08/2018 09:45,5.80,100.00,29.24,0.00,18.97,Weekend,Sunday,Medium_Load
05/08/2018 03:15,2.84,43.79,100.00,5.83,0.00,Weekend,Sunday,Light_Load
06/08/2018 07:00,2.77,50.38,100.00,4.75,0.00,Weekday,Monday,Light_Load
26/01/2018 03:45,36.47,79.80,100.00,27.54,0.00,Weekday,Friday,Light_Load
29/03/2018 08:00,3.71,69.39,100.00,3.85,0.00,Weekday,Thursday,Light_Load
24/01/2018 18:15,30.02,99.08,99.96,4.10,0.90,Weekday,Wednesday,Maximum_Load
31/07/2018 19:15,2.88,100.00,16.96,0.00,16.74,Weekday,Tuesday,Medium_Load
30/05/2018 20:00,67.10,93.25,100.00,25.99,0.00,Weekday,Wednesday,Medium_Load
05/10/2018 19:30,45.79,83.41,100.00,30.28,0.00,Weekday,Friday,Medium_Load
28/06/2018 03:00,2.95,55.43,100.00,4.43,0.00,Weekday,Thursday,Light_Load
28/10/2018 19:30,2.99,100.00,25.50,0.00,11.34,Weekend,Sunday,Light_Load
22/09/2018 11:15,3.28,100.00,29.79,0.00,10.51,Weekend,Saturday,Light_Load
05/12/2018 22:15,4.03,70.10,99.60,4.10,0.36,Weekday,Wednesday,Maximum_Load
24/07/2018 14:00,94.21,87.29,100.00,52.67,0.00,Weekday,Tuesday,Maximum_Load
19/11/2018 17:15,56.05,92.94,100.00,22.25,0.00,Weekday,Monday,Maximum_Load
18/04/2018 01:00,3.67,71.39,100.00,3.60,0.00,Weekday,Wednesday,Light_Load
06/09/2018 22:15,3.49,43.08,99.95,7.31,0.11,Weekday,Thursday,Medium_Load
25/03/2018 09:45,32.40,100.00,98.03,0.07,6.52,Weekend,Sunday,Medium_Load
02/06/2018 15:30,4.68,100.00,24.52,0.00,18.50,Weekend,Saturday,Light_Load
30/09/2018 17:15,2.70,100.00,22.36,0.00,11.77,Weekend,Sunday,Light_Load
25/03/2018 21:45,3.46,100.00,19.44,0.00,17.46,Weekend,Sunday,Medium_Load
09/04/2018 23:45,3.53,68.64,100.00,3.74,0.00,Weekday,Monday,Light_Load
04/10/2018 15:00,55.58,84.55,100.00,35.10,0.00,Weekday,Thursday,Maximum_Load
03/04/2018 16:45,89.42,90.58,100.00,41.83,0.00,Weekday,Tuesday,Maximum_Load
11/03/2018 08:30,25.99,78.54,100.00,20.48,0.00,Weekend,Sunday,Light_Load
01/10/2018 03:30,2.63,45.48,100.00,5.15,0.00,Weekday,Monday,Light_Load
19/11/2018 10:00,67.50,87.37,100.00,37.58,0.00,Weekday,Monday,Medium_Load
06/08/2018 05:45,2.63,48.44,100.00,4.75,0.00,Weekday,Monday,Light_Load
17/10/2018 00:15,3.71,45.45,100.00,7.27,0.00,Weekday,Wednesday,Light_Load
07/09/2018 11:15,101.12,93.64,100.00,37.91,0.00,Weekday,Friday,Maximum_Load
16/04/2018 20:00,43.52,99.86,100.00,2.27,0.04,Weekday,Monday,Medium_Load
05/07/2018 10:00,85.97,94.12,100.00,30.85,0.00,Weekday,Thursday,Medium_Load
26/10/2018 13:00,4.28,100.00,24.04,0.00,17.28,Weekday,Friday,Medium_Load
27/10/2018 01:30,3.64,45.32,100.00,7.16,0.00,Weekend,Saturday,Light_Load
27/08/2018 21:30,2.81,100.00,20.06,0.00,13.72,Weekday,Monday,Medium_Load
11/06/2018 21:45,4.14,100.00,19.78,0.00,20.52,Weekday,Monday,Medium_Load
03/07/2018 17:15,72.47,93.11,100.00,28.40,0.00,Weekday,Tuesday,Medium_Load
04/07/2018 02:15,2.81,60.79,100.00,3.67,0.00,Weekday,Wednesday,Light_Load
06/10/2018 08:15,37.48,68.84,100.00,39.49,0.00,Weekend,Saturday,Light_Load
11/09/2018 02:00,2.92,44.97,100.00,5.80,0.00,Weekday,Tuesday,Light_Load
16/07/2018 14:30,62.50,88.74,100.00,32.47,0.00,Weekday,Monday,Maximum_Load
16/11/2018 14:15,51.37,90.32,100.00,24.41,0.00,Weekday,Friday,Medium_Load
05/01/2018 19:00,65.05,92.03,100.00,27.65,0.00,Weekday,Friday,Maximum_Load
09/03/2018 20:45,4.10,100.00,14.78,0.00,27.43,Weekday,Friday,Medium_Load
30/07/2018 01:30,2.81,49.22,100.00,4.97,0.00,Weekday,Monday,Light_Load
21/09/2018 11:30,31.25,99.78,99.95,2.09,0.94,Weekday,Friday,Maximum_Load
09/02/2018 00:30,74.30,86.16,100.00,43.78,0.00,Weekday,Friday,Light_Load
28/10/2018 04:45,2.81,46.91,100.00,5.29,0.00,Weekend,Sunday,Light_Load
25/06/2018 05:45,3.38,56.78,100.00,4.90,0.00,Weekday,Monday,Light_Load
09/07/2018 13:00,6.12,100.00,30.48,0.00,19.12,Weekday,Monday,Medium_Load
15/02/2018 08:00,4.54,52.04,100.00,7.45,0.00,Weekday,Thursday,Light_Load
28/08/2018 03:15,2.59,53.69,100.00,4.07,0.00,Weekday,Tuesday,Light_Load
13/12/2018 14:15,58.25,92.62,100.00,23.72,0.00,Weekday,Thursday,Medium_Load
03/03/2018 15:15,43.13,99.81,99.87,2.66,2.16,Weekend,Saturday,Maximum_Load
15/04/2018 13:00,3.28,100.00,18.42,0.00,17.50,Weekend,Sunday,Light_Load
10/06/2018 17:15,3.06,100.00,18.32,0.00,16.42,Weekend,Sunday,Light_Load
18/12/2018 03:30,3.42,82.53,99.95,2.34,0.11,Weekday,Tuesday,Light_Load
04/10/2018 16:15,62.50,85.43,100.00,38.02,0.00,Weekday,Thursday,Maximum_Load
25/11/2018 22:15,3.46,80.83,99.34,2.52,0.40,Weekend,Sunday,Light_Load
12/07/2018 20:00,44.10,97.34,100.00,10.37,0.00,Weekday,Thursday,Medium_Load
06/12/2018 02:15,3.46,76.42,100.00,2.92,0.00,Weekday,Thursday,Light_Load
25/04/2018 06:30,3.10,60.31,100.00,4.10,0.00,Weekday,Wednesday,Light_Load
23/10/2018 09:15,66.85,85.45,100.00,40.64,0.00,Weekday,Tuesday,Medium_Load
29/10/2018 09:45,112.00,94.61,100.00,38.34,0.00,Weekday,Monday,Medium_Load
02/11/2018 08:45,51.37,80.49,100.00,37.87,0.00,Weekday,Friday,Light_Load
20/08/2018 08:30,59.04,70.26,100.00,59.80,0.00,Weekday,Monday,Light_Load
09/12/2018 21:30,4.14,100.00,19.17,0.00,21.20,Weekend,Sunday,Light_Load
01/07/2018 07:00,2.74,60.56,100.00,3.60,0.00,Weekend,Sunday,Light_Load
06/03/2018 01:15,6.73,77.77,100.00,5.44,0.00,Weekday,Tuesday,Light_Load
13/04/2018 12:30,4.43,100.00,22.14,0.00,19.51,Weekday,Friday,Medium_Load
14/07/2018 14:45,70.20,95.28,100.00,22.36,0.00,Weekend,Saturday,Maximum_Load
12/01/2018 20:45,90.97,96.52,100.00,24.66,0.04,Weekday,Friday,Medium_Load
05/05/2018 09:45,3.28,100.00,18.65,0.00,17.28,Weekend,Saturday,Light_Load
05/04/2018 09:30,62.06,91.60,100.00,27.18,0.00,Weekday,Thursday,Medium_Load
08/04/2018 23:00,3.20,61.16,100.00,4.14,0.00,Weekend,Sunday,Medium_Load
17/04/2018 21:15,6.44,100.00,24.66,0.00,25.31,Weekday,Tuesday,Medium_Load
04/08/2018 02:30,2.84,43.37,100.00,5.90,0.00,Weekend,Saturday,Light_Load
06/08/2018 09:30,79.81,87.22,100.00,44.75,0.00,Weekday,Monday,Medium_Load
05/09/2018 10:45,53.82,83.04,100.00,36.11,0.00,Weekday,Wednesday,Maximum_Load
01/07/2018 23:45,2.81,60.07,100.00,3.74,0.00,Weekend,Sunday,Light_Load
19/02/2018 02:30,3.56,51.86,100.00,5.87,0.00,Weekday,Monday,Light_Load
31/05/2018 23:30,2.84,52.20,100.00,4.64,0.00,Weekday,Thursday,Light_Load
19/11/2018 13:30,69.52,88.25,100.00,37.04,0.00,Weekday,Monday,Medium_Load
25/05/2018 00:45,3.60,65.98,100.00,4.10,0.00,Weekday,Friday,Light_Load
10/09/2018 06:00,2.95,45.84,100.00,5.72,0.00,Weekday,Monday,Light_Load
12/06/2018 10:45,46.01,92.01,100.00,19.58,0.00,Weekday,Tuesday,Maximum_Load
14/11/2018 20:30,5.11,100.00,27.62,0.00,17.78,Weekday,Wednesday,Medium_Load
01/11/2018 00:45,5.11,67.08,100.00,5.65,0.00,Weekday,Thursday,Light_Load
04/05/2018 13:30,56.70,91.12,100.00,25.63,0.00,Weekday,Friday,Maximum_Load
08/09/2018 13:00,3.28,100.00,28.29,0.00,11.12,Weekend,Saturday,Medium_Load
31/07/2018 15:00,49.79,96.55,100.00,13.43,0.00,Weekday,Tuesday,Maximum_Load
22/03/2018 10:45,52.99,96.65,100.00,14.08,0.00,Weekday,Thursday,Maximum_Load
15/06/2018 01:00,3.46,55.54,100.00,5.18,0.00,Weekday,Friday,Light_Load
15/10/2018 09:15,112.39,91.47,100.00,49.64,0.00,Weekday,Monday,Medium_Load
20/03/2018 02:30,3.10,62.32,100.00,3.89,0.00,Weekday,Tuesday,Light_Load
20/10/2018 12:00,28.73,85.60,98.58,17.35,4.90,Weekend,Saturday,Maximum_Load
11/12/2018 11:15,63.83,90.82,100.00,29.41,0.00,Weekday,Tuesday,Maximum_Load
20/05/2018 07:30,3.06,46.92,100.00,5.76,0.00,Weekend,Sunday,Light_Load
17/05/2018 00:00,3.64,63.49,100.00,4.43,0.00,Weekday,Thursday,Light_Load
01/04/2018 18:30,2.99,100.00,47.96,0.00,5.47,Weekend,Sunday,Light_Load
31/08/2018 17:30,43.92,96.35,99.98,12.20,0.90,Weekday,Friday,Medium_Load
24/08/2018 04:45,2.92,46.11,100.00,5.62,0.00,Weekday,Friday,Light_Load
30/03/2018 11:15,61.70,79.23,100.00,47.52,0.00,Weekday,Friday,Maximum_Load
12/05/2018 12:15,20.20,99.89,88.84,0.94,10.44,Weekend,Saturday,Medium_Load
16/04/2018 05:00,3.13,63.78,100.00,3.78,0.00,Weekday,Monday,Light_Load
27/01/2018 10:45,33.41,100.00,95.42,0.00,10.48,Weekend,Saturday,Maximum_Load
17/07/2018 22:00,3.85,100.00,23.18,0.00,16.16,Weekday,Tuesday,Medium_Load
08/04/2018 17:45,4.07,100.00,15.47,0.00,25.99,Weekend,Sunday,Medium_Load
01/11/2018 15:45,50.83,88.93,100.00,26.14,0.00,Weekday,Thursday,Medium_Load
07/07/2018 13:30,79.78,96.70,100.00,21.02,0.00,Weekend,Saturday,Maximum_Load
12/09/2018 12:30,5.18,100.00,27.46,0.00,18.14,Weekday,Wednesday,Medium_Load
05/09/2018 20:15,47.99,89.05,100.00,24.52,0.00,Weekday,Wednesday,Medium_Load
25/09/2018 13:45,2.63,100.00,22.06,0.00,11.63,Weekday,Tuesday,Light_Load
28/01/2018 07:00,4.21,65.17,100.00,4.90,0.00,Weekend,Sunday,Light_Load
08/12/2018 21:00,4.10,100.00,19.11,0.00,21.06,Weekend,Saturday,Medium_Load
28/07/2018 23:45,2.59,56.93,100.00,3.74,0.00,Weekend,Saturday,Light_Load
05/02/2018 07:00,5.36,74.56,100.00,4.79,0.00,Weekday,Monday,Light_Load
30/10/2018 00:45,3.71,47.46,100.00,6.88,0.00,Weekday,Tuesday,Light_Load
25/04/2018 12:30,4.68,100.00,17.23,0.00,26.75,Weekday,Wednesday,Medium_Load
15/11/2018 00:45,3.64,50.27,100.00,6.26,0.00,Weekday,Thursday,Light_Load
27/11/2018 08:30,72.36,78.88,100.00,56.38,0.00,Weekday,Tuesday,Light_Load
30/05/2018 05:45,2.95,47.00,100.00,5.54,0.00,Weekday,Wednesday,Light_Load
21/06/2018 02:00,2.92,51.19,100.00,4.90,0.00,Weekday,Thursday,Light_Load
10/01/2018 03:45,4.54,71.02,100.00,4.50,0.00,Weekday,Wednesday,Light_Load
03/12/2018 11:30,58.10,93.03,100.00,22.90,0.00,Weekday,Monday,Maximum_Load
19/03/2018 17:45,29.84,100.00,93.78,0.04,11.05,Weekday,Monday,Medium_Load
02/01/2018 13:45,124.45,92.85,100.00,49.79,0.00,Weekday,Tuesday,Medium_Load
27/03/2018 07:15,3.06,61.83,100.00,3.89,0.00,Weekday,Tuesday,Light_Load
23/07/2018 19:45,88.34,95.76,100.00,26.57,0.00,Weekday,Monday,Medium_Load
14/09/2018 17:15,43.02,93.71,100.00,16.02,0.00,Weekday,Friday,Medium_Load
22/09/2018 17:00,2.77,100.00,24.76,0.00,10.84,Weekend,Saturday,Light_Load
17/04/2018 07:30,3.71,63.95,100.00,4.46,0.00,Weekday,Tuesday,Light_Load
15/09/2018 15:30,42.37,94.36,100.00,14.87,0.00,Weekend,Saturday,Maximum_Load
02/08/2018 15:30,2.88,100.00,17.09,0.00,16.60,Weekday,Thursday,Light_Load
16/08/2018 15:45,55.84,87.58,100.00,30.78,0.00,Weekday,Thursday,Maximum_Load
02/09/2018 17:15,3.60,100.00,19.31,0.00,18.29,Weekend,Sunday,Medium_Load
22/03/2018 19:30,38.56,99.67,99.93,3.13,1.40,Weekday,Thursday,Medium_Load
12/03/2018 23:45,4.50,58.99,100.00,6.16,0.00,Weekday,Monday,Light_Load
23/02/2018 07:30,4.82,67.35,100.00,5.29,0.00,Weekday,Friday,Light_Load
22/08/2018 22:15,2.88,93.20,71.58,1.12,2.81,Weekday,Wednesday,Medium_Load
27/08/2018 06:15,2.88,52.41,100.00,4.68,0.00,Weekday,Monday,Light_Load
22/10/2018 18:15,40.10,87.34,100.00,22.36,0.00,Weekday,Monday,Medium_Load
01/12/2018 19:15,4.79,100.00,22.66,0.00,20.59,Weekend,Saturday,Maximum_Load
08/12/2018 18:15,5.18,100.00,45.32,0.00,10.19,Weekend,Saturday,Maximum_Load
01/08/2018 05:45,2.66,46.68,100.00,5.04,0.00,Weekday,Wednesday,Light_Load
06/04/2018 16:30,82.40,96.43,100.00,22.64,0.00,Weekday,Friday,Maximum_Load
04/05/2018 13:45,64.08,89.68,100.00,31.61,0.00,Weekday,Friday,Maximum_Load
28/11/2018 23:45,3.92,69.37,100.00,4.07,0.00,Weekday,Wednesday,Light_Load
24/07/2018 16:00,58.46,91.56,100.00,25.67,0.00,Weekday,Tuesday,Maximum_Load
14/07/2018 23:15,2.77,100.00,46.60,0.00,5.26,Weekend,Saturday,Light_Load
03/10/2018 16:30,64.01,84.42,100.00,40.64,0.00,Weekday,Wednesday,Maximum_Load
03/05/2018 20:30,55.58,94.95,100.00,18.36,0.00,Weekday,Thursday,Medium_Load
08/05/2018 13:45,60.66,87.77,100.00,33.12,0.00,Weekday,Tuesday,Maximum_Load
31/12/2018 23:45,3.78,77.72,99.96,3.06,0.11,Weekday,Monday,Light_Load
01/08/2018 11:45,2.59,100.00,41.43,0.00,5.69,Weekday,Wednesday,Light_Load
18/02/2018 16:30,3.60,100.00,21.74,0.00,16.16,Weekend,Sunday,Light_Load
05/03/2018 18:00,31.25,100.00,95.80,0.00,9.36,Weekday,Monday,Medium_Load
29/12/2018 06:30,3.67,74.97,99.99,3.24,0.04,Weekend,Saturday,Light_Load
06/01/2018 01:30,4.18,67.49,100.00,4.57,0.00,Weekend,Saturday,Light_Load
17/02/2018 09:15,4.03,100.00,17.15,0.00,23.15,Weekend,Saturday,Light_Load
07/07/2018 15:00,96.01,95.07,100.00,31.32,0.00,Weekend,Saturday,Maximum_Load
18/08/2018 19:30,2.74,100.00,19.25,0.00,13.97,Weekend,Saturday,Medium_Load
04/06/2018 19:30,102.28,90.68,100.00,47.56,0.00,Weekday,Monday,Medium_Load
13/07/2018 09:45,65.52,86.70,100.00,37.66,0.00,Weekday,Friday,Medium_Load
14/02/2018 18:15,3.67,100.00,48.49,0.00,6.62,Weekday,Wednesday,Light_Load
08/09/2018 15:15,35.24,96.06,100.00,10.19,0.00,Weekend,Saturday,Maximum_Load
20/03/2018 20:00,36.36,99.96,99.77,1.01,2.45,Weekday,Tuesday,Medium_Load
14/06/2018 16:00,62.17,92.23,100.00,26.06,0.00,Weekday,Thursday,Maximum_Load
13/03/2018 22:45,3.92,62.24,100.00,4.93,0.00,Weekday,Tuesday,Medium_Load
26/07/2018 05:00,3.17,59.52,100.00,4.28,0.00,Weekday,Thursday,Light_Load
04/04/2018 18:00,30.85,98.05,95.91,6.19,9.11,Weekday,Wednesday,Medium_Load
18/03/2018 10:00,3.74,100.00,14.95,0.00,24.73,Weekend,Sunday,Light_Load
14/11/2018 12:45,7.13,100.00,38.35,0.00,17.17,Weekday,Wednesday,Medium_Load
26/01/2018 17:00,134.89,94.86,100.00,45.00,0.00,Weekday,Friday,Medium_Load
11/02/2018 03:30,3.71,71.77,100.00,3.60,0.00,Weekend,Sunday,Light_Load
07/06/2018 22:00,3.67,100.00,17.22,0.00,20.99,Weekday,Thursday,Medium_Load
27/07/2018 09:15,66.31,91.65,100.00,28.94,0.00,Weekday,Friday,Medium_Load
17/06/2018 03:30,2.77,56.26,100.00,4.07,0.00,Weekend,Sunday,Light_Load
21/03/2018 11:15,69.98,81.11,100.00,50.47,0.00,Weekday,Wednesday,Maximum_Load
28/03/2018 04:45,3.02,69.43,100.00,3.13,0.00,Weekday,Wednesday,Light_Load
28/08/2018 19:45,41.22,92.17,100.00,17.35,0.00,Weekday,Tuesday,Medium_Load
20/06/2018 04:45,3.13,46.62,100.00,5.94,0.00,Weekday,Wednesday,Light_Load
10/05/2018 00:15,3.56,75.41,100.00,3.10,0.00,Weekday,Thursday,Light_Load
05/10/2018 00:15,3.56,48.96,100.00,6.34,0.00,Weekday,Friday,Light_Load
19/03/2018 01:00,3.10,63.82,100.00,3.74,0.00,Weekday,Monday,Light_Load
05/04/2018 10:15,66.20,93.14,100.00,25.88,0.00,Weekday,Thursday,Maximum_Load
01/03/2018 01:00,3.92,61.70,100.00,5.00,0.00,Weekday,Thursday,Light_Load
29/05/2018 18:15,33.62,88.48,99.82,17.71,2.02,Weekday,Tuesday,Medium_Load
14/11/2018 19:00,5.18,100.00,27.40,0.00,18.18,Weekday,Wednesday,Maximum_Load
28/07/2018 04:15,3.42,48.54,100.00,6.16,0.00,Weekend,Saturday,Light_Load
24/04/2018 20:00,47.34,95.91,100.00,13.97,0.00,Weekday,Tuesday,Medium_Load
18/03/2018 01:45,3.06,67.44,100.00,3.35,0.00,Weekend,Sunday,Light_Load
18/12/2018 15:00,68.00,94.68,100.00,23.11,0.00,Weekday,Tuesday,Medium_Load
09/12/2018 14:30,3.42,100.00,24.37,0.00,13.61,Weekend,Sunday,Light_Load
03/07/2018 14:45,71.32,87.71,100.00,39.06,0.00,Weekday,Tuesday,Maximum_Load
15/02/2018 06:15,3.28,57.39,100.00,4.68,0.00,Weekday,Thursday,Light_Load
01/10/2018 06:45,2.45,48.99,100.00,4.36,0.00,Weekday,Monday,Light_Load
16/11/2018 14:00,59.15,86.30,100.00,34.63,0.00,Weekday,Friday,Medium_Load
28/03/2018 20:15,37.48,98.20,100.00,7.20,0.07,Weekday,Wednesday,Medium_Load
23/03/2018 14:00,100.91,92.80,100.00,40.50,0.00,Weekday,Friday,Maximum_Load
19/01/2018 19:15,75.24,91.96,100.00,32.15,0.00,Weekday,Friday,Maximum_Load
20/01/2018 05:15,66.35,88.45,100.00,34.99,0.00,Weekend,Saturday,Light_Load
28/03/2018 12:15,7.49,100.00,34.13,0.07,20.63,Weekday,Wednesday,Medium_Load
17/04/2018 06:45,3.17,60.43,100.00,4.18,0.00,Weekday,Tuesday,Light_Load
26/04/2018 14:30,38.77,97.51,100.00,8.82,0.00,Weekday,Thursday,Maximum_Load
17/06/2018 05:00,3.35,64.59,100.00,3.96,0.00,Weekend,Sunday,Light_Load
13/02/2018 00:15,54.65,83.05,100.00,36.65,0.00,Weekday,Tuesday,Light_Load
03/10/2018 23:00,2.77,46.11,100.00,5.33,0.00,Weekday,Wednesday,Medium_Load
17/11/2018 18:15,4.03,100.00,58.55,0.00,5.58,Weekend,Saturday,Maximum_Load
10/04/2018 08:00,4.07,72.91,100.00,3.82,0.00,Weekday,Tuesday,Light_Load
07/04/2018 05:30,3.28,52.41,100.00,5.33,0.00,Weekend,Saturday,Light_Load
30/04/2018 01:00,2.88,54.25,100.00,4.46,0.00,Weekday,Monday,Light_Load
30/04/2018 08:15,33.55,74.80,100.00,29.77,0.00,Weekday,Monday,Light_Load
24/04/2018 01:30,3.24,58.77,100.00,4.46,0.00,Weekday,Tuesday,Light_Load
05/01/2018 03:30,4.68,68.05,100.00,5.04,0.00,Weekday,Friday,Light_Load
12/12/2018 23:00,4.21,78.61,99.91,3.31,0.18,Weekday,Wednesday,Maximum_Load
17/12/2018 22:00,4.46,100.00,20.76,0.00,21.02,Weekday,Monday,Medium_Load
07/05/2018 14:00,98.75,93.70,100.00,36.83,0.00,Weekday,Monday,Maximum_Load
07/08/2018 15:45,52.02,88.41,100.00,27.50,0.00,Weekday,Tuesday,Maximum_Load
01/10/2018 08:45,46.12,76.49,100.00,38.84,0.00,Weekday,Monday,Light_Load
13/06/2018 07:15,2.99,49.99,100.00,5.18,0.00,Weekday,Wednesday,Light_Load
04/11/2018 06:30,3.49,45.45,100.00,6.84,0.00,Weekend,Sunday,Light_Load
11/04/2018 06:30,3.28,54.85,100.00,5.00,0.00,Weekday,Wednesday,Light_Load
18/12/2018 10:30,58.68,93.81,100.00,21.67,0.00,Weekday,Tuesday,Maximum_Load
13/12/2018 06:45,3.38,83.81,99.86,2.20,0.18,Weekday,Thursday,Light_Load
05/01/2018 17:00,69.80,92.91,100.00,27.79,0.00,Weekday,Friday,Medium_Load
03/12/2018 23:45,4.61,72.97,100.00,4.32,0.00,Weekday,Monday,Light_Load
26/12/2018 03:30,3.28,77.21,100.00,2.70,0.00,Weekday,Wednesday,Light_Load
25/12/2018 12:30,3.56,100.00,25.82,0.00,13.32,Weekday,Tuesday,Light_Load
16/02/2018 14:15,3.85,100.00,17.18,0.00,22.07,Weekday,Friday,Light_Load
24/07/2018 20:00,46.66,95.82,100.00,13.93,0.00,Weekday,Tuesday,Medium_Load
19/06/2018 04:45,2.84,53.71,100.00,4.46,0.00,Weekday,Tuesday,Light_Load
22/04/2018 13:15,17.35,99.96,85.53,0.50,10.51,Weekend,Sunday,Maximum_Load
28/10/2018 01:15,2.84,48.07,100.00,5.18,0.00,Weekend,Sunday,Light_Load
19/06/2018 06:00,2.70,49.10,100.00,4.79,0.00,Weekday,Tuesday,Light_Load
17/11/2018 03:30,3.38,52.29,100.00,5.51,0.00,Weekend,Saturday,Light_Load
08/01/2018 19:15,70.74,94.60,100.00,24.23,0.00,Weekday,Monday,Maximum_Load
04/04/2018 16:30,54.29,91.34,100.00,24.19,0.00,Weekday,Wednesday,Maximum_Load
14/10/2018 03:30,2.74,49.97,100.00,4.75,0.00,Weekend,Sunday,Light_Load
06/01/2018 02:00,4.18,61.50,100.00,5.36,0.00,Weekend,Saturday,Light_Load
30/03/2018 19:30,3.67,100.00,13.77,0.00,26.39,Weekday,Friday,Medium_Load
01/11/2018 04:45,3.28,63.12,100.00,4.03,0.00,Weekday,Thursday,Light_Load
14/08/2018 11:30,72.68,74.94,100.00,64.22,0.00,Weekday,Tuesday,Maximum_Load
09/04/2018 04:00,3.17,63.86,100.00,3.82,0.00,Weekday,Monday,Light_Load
19/11/2018 15:45,65.52,88.39,100.00,34.67,0.00,Weekday,Monday,Medium_Load
22/09/2018 15:15,2.84,100.00,25.34,0.00,10.84,Weekend,Saturday,Light_Load
27/12/2018 07:00,3.60,81.50,99.68,2.56,0.29,Weekday,Thursday,Light_Load
03/10/2018 09:30,69.37,83.22,100.00,46.22,0.00,Weekday,Wednesday,Medium_Load
07/04/2018 09:00,92.48,97.33,100.00,21.82,0.00,Weekend,Saturday,Light_Load
27/09/2018 16:45,48.53,88.61,100.00,25.38,0.00,Weekday,Thursday,Maximum_Load
23/02/2018 12:00,125.60,88.00,100.00,67.79,0.00,Weekday,Friday,Maximum_Load
27/10/2018 02:00,4.50,49.07,100.00,7.99,0.00,Weekend,Saturday,Light_Load
06/04/2018 17:15,78.77,97.07,100.00,19.51,0.00,Weekday,Friday,Medium_Load
10/01/2018 16:00,123.19,94.14,100.00,44.14,0.00,Weekday,Wednesday,Medium_Load
28/02/2018 20:00,42.91,99.23,100.00,5.36,0.07,Weekday,Wednesday,Maximum_Load
14/04/2018 14:45,38.66,99.95,99.99,1.26,0.54,Weekend,Saturday,Maximum_Load
20/05/2018 08:30,25.74,71.96,100.00,24.84,0.00,Weekend,Sunday,Light_Load
05/04/2018 08:45,64.66,73.11,100.00,60.34,0.00,Weekday,Thursday,Light_Load
08/12/2018 22:00,4.10,100.00,19.21,0.00,20.95,Weekend,Saturday,Medium_Load
25/03/2018 19:30,4.03,100.00,15.06,0.00,26.46,Weekend,Sunday,Medium_Load
30/12/2018 00:30,3.82,76.66,99.99,3.20,0.04,Weekend,Sunday,Light_Load
26/04/2018 10:45,111.64,90.54,100.00,52.34,0.00,Weekday,Thursday,Maximum_Load
09/10/2018 08:30,53.96,72.19,100.00,51.73,0.00,Weekday,Tuesday,Light_Load
26/06/2018 06:30,2.59,56.93,100.00,3.74,0.00,Weekday,Tuesday,Light_Load
20/01/2018 20:15,39.53,100.00,99.82,0.25,2.38,Weekend,Saturday,Medium_Load
03/02/2018 10:45,40.86,99.97,99.96,0.97,1.12,Weekend,Saturday,Maximum_Load
27/10/2018 21:00,4.14,100.00,22.80,0.00,17.68,Weekend,Saturday,Medium_Load
13/01/2018 09:45,57.31,98.12,100.00,11.27,0.00,Weekend,Saturday,Medium_Load
28/07/2018 05:00,3.42,45.90,100.00,6.62,0.00,Weekend,Saturday,Light_Load
14/08/2018 20:15,95.44,94.38,100.00,33.41,0.00,Weekday,Tuesday,Medium_Load
05/07/2018 17:00,64.04,89.03,100.00,32.76,0.00,Weekday,Thursday,Maximum_Load
06/01/2018 21:00,4.10,100.00,16.73,0.00,24.16,Weekend,Saturday,Light_Load
22/04/2018 10:15,31.75,99.97,99.51,0.72,3.17,Weekend,Sunday,Maximum_Load
08/11/2018 09:30,56.34,89.61,100.00,27.90,0.00,Weekday,Thursday,Medium_Load
25/05/2018 02:15,2.99,60.65,100.00,3.92,0.00,Weekday,Friday,Light_Load
27/10/2018 02:15,3.60,44.72,100.00,7.20,0.00,Weekend,Saturday,Light_Load
25/09/2018 02:30,2.77,42.03,100.00,5.98,0.00,Weekday,Tuesday,Light_Load
13/04/2018 02:30,3.42,61.46,100.00,4.39,0.00,Weekday,Friday,Light_Load
24/02/2018 17:30,89.32,99.18,100.00,11.48,0.00,Weekend,Saturday,Maximum_Load
09/03/2018 06:15,4.97,78.21,100.00,3.96,0.00,Weekday,Friday,Light_Load
28/12/2018 22:00,5.22,100.00,24.06,0.00,21.06,Weekday,Friday,Medium_Load
05/01/2018 20:15,44.17,99.56,100.00,4.18,0.04,Weekday,Friday,Medium_Load
14/07/2018 21:30,3.02,100.00,16.42,0.00,18.14,Weekend,Saturday,Medium_Load
29/11/2018 20:00,40.57,97.98,100.00,8.28,0.00,Weekday,Thursday,Maximum_Load
20/03/2018 21:45,4.36,100.00,16.41,0.00,26.21,Weekday,Tuesday,Medium_Load
04/01/2018 16:00,118.94,92.19,100.00,49.97,0.00,Weekday,Thursday,Medium_Load
28/03/2018 09:30,51.55,97.98,100.00,10.51,0.32,Weekday,Wednesday,Medium_Load
24/04/2018 02:00,3.28,58.31,100.00,4.57,0.00,Weekday,Tuesday,Light_Load
16/08/2018 20:15,54.61,86.10,100.00,32.26,0.00,Weekday,Thursday,Medium_Load
29/08/2018 16:45,52.96,88.77,100.00,27.47,0.00,Weekday,Wednesday,Maximum_Load
17/02/2018 08:00,3.13,62.69,100.00,3.89,0.00,Weekend,Saturday,Light_Load
22/09/2018 06:00,2.52,46.56,100.00,4.79,0.00,Weekend,Saturday,Light_Load
18/07/2018 23:00,2.81,100.00,51.15,0.00,4.72,Weekday,Wednesday,Medium_Load
24/12/2018 22:45,3.89,77.52,99.89,3.17,0.18,Weekday,Monday,Maximum_Load
11/12/2018 01:15,4.32,75.86,100.00,3.71,0.04,Weekday,Tuesday,Light_Load
02/07/2018 17:45,34.70,99.69,99.36,2.74,3.96,Weekday,Monday,Medium_Load
05/09/2018 04:00,2.52,47.41,100.00,4.68,0.00,Weekday,Wednesday,Light_Load
29/09/2018 10:30,44.50,93.30,100.00,17.17,0.00,Weekend,Saturday,Maximum_Load
12/05/2018 05:15,3.02,58.56,100.00,4.18,0.00,Weekend,Saturday,Light_Load
06/02/2018 05:00,4.39,78.28,100.00,3.49,0.00,Weekday,Tuesday,Light_Load
07/12/2018 09:15,58.86,97.27,100.00,14.04,0.00,Weekday,Friday,Medium_Load
07/03/2018 10:15,58.93,98.96,100.00,8.57,0.00,Weekday,Wednesday,Maximum_Load
04/03/2018 00:30,2.99,64.63,100.00,3.53,0.00,Weekend,Sunday,Light_Load
16/04/2018 03:45,3.10,62.03,100.00,3.92,0.00,Weekday,Monday,Light_Load
20/04/2018 04:15,3.02,63.54,100.00,3.67,0.00,Weekday,Friday,Light_Load
23/03/2018 18:45,75.92,93.44,100.00,28.94,0.00,Weekday,Friday,Medium_Load
18/07/2018 19:15,3.42,100.00,13.05,0.00,25.99,Weekday,Wednesday,Medium_Load
19/10/2018 18:30,63.90,81.26,100.00,45.83,0.00,Weekday,Friday,Medium_Load
21/02/2018 19:15,84.20,98.88,100.00,12.71,0.72,Weekday,Wednesday,Maximum_Load
19/08/2018 19:00,2.70,100.00,18.94,0.00,14.00,Weekend,Sunday,Light_Load
11/01/2018 17:30,109.91,94.90,100.00,36.50,0.00,Weekday,Thursday,Maximum_Load
25/06/2018 17:45,28.04,100.00,94.97,0.00,9.25,Weekday,Monday,Medium_Load
25/11/2018 09:00,3.46,100.00,22.93,0.00,14.69,Weekend,Sunday,Light_Load
16/07/2018 01:00,2.88,100.00,49.91,0.00,5.00,Weekday,Monday,Light_Load
23/11/2018 19:45,66.17,92.12,100.00,27.94,0.00,Weekday,Friday,Maximum_Load
11/06/2018 01:30,2.88,46.59,100.00,5.47,0.00,Weekday,Monday,Light_Load
24/01/2018 18:30,27.79,98.81,100.00,4.32,0.00,Weekday,Wednesday,Maximum_Load
14/08/2018 08:45,93.49,78.89,100.00,72.83,0.00,Weekday,Tuesday,Light_Load
05/03/2018 10:00,50.29,95.57,100.00,15.48,0.00,Weekday,Monday,Medium_Load
04/07/2018 19:00,50.90,96.08,100.00,14.69,0.22,Weekday,Wednesday,Medium_Load
01/11/2018 10:15,58.43,89.67,100.00,28.84,0.00,Weekday,Thursday,Maximum_Load
05/07/2018 21:15,4.72,100.00,18.06,0.00,25.70,Weekday,Thursday,Medium_Load
11/12/2018 02:45,4.21,74.76,100.00,3.74,0.04,Weekday,Tuesday,Light_Load
13/02/2018 05:15,4.72,65.06,100.00,5.51,0.00,Weekday,Tuesday,Light_Load
20/02/2018 13:00,8.17,100.00,30.60,0.00,25.42,Weekday,Tuesday,Medium_Load
12/01/2018 08:00,7.09,86.14,100.00,4.18,0.00,Weekday,Friday,Light_Load
03/03/2018 02:30,3.74,67.66,100.00,4.07,0.00,Weekend,Saturday,Light_Load
22/10/2018 15:00,65.63,89.94,100.00,31.90,0.00,Weekday,Monday,Maximum_Load
11/02/2018 04:45,4.10,70.02,100.00,4.18,0.00,Weekend,Sunday,Light_Load
29/12/2018 21:00,4.10,100.00,19.23,0.00,20.92,Weekend,Saturday,Light_Load
11/11/2018 10:15,2.99,100.00,24.33,0.00,11.92,Weekend,Sunday,Light_Load
24/12/2018 10:00,56.27,94.48,100.00,19.51,0.00,Weekday,Monday,Medium_Load
26/02/2018 22:15,6.01,96.10,36.19,1.73,15.48,Weekday,Monday,Maximum_Load
16/08/2018 17:45,27.79,99.99,99.38,0.32,3.10,Weekday,Thursday,Medium_Load
22/05/2018 18:15,3.64,100.00,51.12,0.00,6.12,Weekday,Tuesday,Medium_Load
09/09/2018 02:45,2.84,46.82,100.00,5.36,0.00,Weekend,Sunday,Light_Load
11/12/2018 15:00,78.55,87.22,100.00,44.06,0.00,Weekday,Tuesday,Medium_Load
07/10/2018 20:45,2.77,100.00,22.91,0.00,11.77,Weekend,Sunday,Light_Load
15/04/2018 00:45,3.56,62.04,100.00,4.50,0.00,Weekend,Sunday,Light_Load
03/08/2018 19:30,2.99,100.00,17.91,0.00,16.42,Weekday,Friday,Light_Load
13/06/2018 20:45,3.02,100.00,17.32,0.00,17.17,Weekday,Wednesday,Medium_Load
06/09/2018 18:15,49.25,82.59,100.00,33.62,0.00,Weekday,Thursday,Medium_Load
07/03/2018 12:30,6.44,100.00,23.80,0.00,26.28,Weekday,Wednesday,Medium_Load
05/06/2018 13:45,87.48,86.86,100.00,49.90,0.00,Weekday,Tuesday,Maximum_Load
15/11/2018 05:45,3.53,59.33,100.00,4.79,0.00,Weekday,Thursday,Light_Load
19/06/2018 02:00,2.81,52.97,100.00,4.50,0.00,Weekday,Tuesday,Light_Load
08/09/2018 03:15,3.10,52.39,100.00,5.04,0.00,Weekend,Saturday,Light_Load
27/08/2018 13:00,25.52,99.98,98.79,0.50,4.00,Weekday,Monday,Medium_Load
25/02/2018 13:15,5.18,100.00,20.17,0.00,25.16,Weekend,Sunday,Light_Load
07/12/2018 00:30,4.03,69.75,100.00,4.14,0.00,Weekday,Friday,Light_Load
05/02/2018 16:30,113.15,95.84,100.00,33.70,0.00,Weekday,Monday,Medium_Load
18/08/2018 10:45,72.07,89.69,100.00,35.53,0.00,Weekend,Saturday,Maximum_Load
07/01/2018 08:00,3.28,65.14,100.00,3.82,0.00,Weekend,Sunday,Light_Load
10/10/2018 09:30,79.45,86.01,100.00,47.12,0.00,Weekday,Wednesday,Medium_Load
17/09/2018 10:30,55.19,86.11,100.00,32.58,0.00,Weekday,Monday,Maximum_Load
22/05/2018 14:45,32.72,99.99,99.57,0.54,3.06,Weekday,Tuesday,Maximum_Load
07/04/2018 18:30,3.85,100.00,46.25,0.00,7.38,Weekend,Saturday,Medium_Load
22/10/2018 12:00,112.61,85.76,100.00,67.54,0.29,Weekday,Monday,Maximum_Load
21/10/2018 20:45,3.24,100.00,24.18,0.00,13.00,Weekend,Sunday,Light_Load
08/11/2018 06:45,3.02,53.65,100.00,4.75,0.00,Weekday,Thursday,Light_Load
12/06/2018 13:15,39.06,96.57,99.65,10.51,3.28,Weekday,Tuesday,Maximum_Load
19/06/2018 08:30,32.90,74.88,100.00,29.12,0.00,Weekday,Tuesday,Light_Load
02/02/2018 12:15,15.01,99.04,63.29,2.09,18.36,Weekday,Friday,Medium_Load
31/03/2018 18:00,2.95,100.00,16.79,0.00,17.32,Weekend,Saturday,Light_Load
24/05/2018 01:45,3.46,59.45,100.00,4.68,0.00,Weekday,Thursday,Light_Load
29/07/2018 23:45,3.24,62.00,100.00,4.10,0.00,Weekend,Sunday,Light_Load
02/10/2018 05:15,2.63,48.99,100.00,4.68,0.00,Weekday,Tuesday,Light_Load
14/12/2018 17:15,63.94,91.77,100.00,27.68,0.00,Weekday,Friday,Maximum_Load
25/03/2018 20:30,4.10,100.00,15.27,0.00,26.53,Weekend,Sunday,Medium_Load
18/01/2018 11:15,143.93,89.39,100.00,72.18,0.00,Weekday,Thursday,Maximum_Load
03/06/2018 19:15,2.99,100.00,17.36,0.00,16.96,Weekend,Sunday,Light_Load
15/12/2018 20:30,3.42,100.00,22.41,0.00,14.87,Weekend,Saturday,Light_Load
18/05/2018 04:00,3.17,50.35,100.00,5.44,0.00,Weekday,Friday,Light_Load
30/01/2018 01:30,23.51,76.20,100.00,19.98,0.00,Weekday,Tuesday,Light_Load
28/01/2018 06:30,4.18,66.30,100.00,4.72,0.00,Weekend,Sunday,Light_Load
17/11/2018 10:30,117.72,93.93,100.00,42.98,0.00,Weekend,Saturday,Maximum_Load
16/05/2018 05:30,3.24,51.94,100.00,5.33,0.00,Weekday,Wednesday,Light_Load
19/03/2018 02:45,3.10,63.82,100.00,3.74,0.00,Weekday,Monday,Light_Load
10/02/2018 18:45,3.96,100.00,25.45,0.00,15.05,Weekend,Saturday,Light_Load
11/07/2018 07:30,2.92,56.99,100.00,4.21,0.00,Weekday,Wednesday,Light_Load
15/10/2018 01:00,3.17,43.73,100.00,6.52,0.00,Weekday,Monday,Light_Load
01/10/2018 14:00,45.47,90.08,100.00,21.92,0.00,Weekday,Monday,Maximum_Load
22/03/2018 01:30,3.89,60.80,100.00,5.08,0.00,Weekday,Thursday,Light_Load
27/10/2018 09:00,45.72,92.39,100.00,18.94,0.00,Weekend,Saturday,Light_Load
18/06/2018 23:45,2.74,53.56,100.00,4.32,0.00,Weekday,Monday,Light_Load
19/09/2018 13:15,30.74,96.21,98.68,8.71,5.04,Weekday,Wednesday,Maximum_Load
03/11/2018 21:30,3.71,100.00,19.44,0.00,18.72,Weekend,Saturday,Medium_Load
26/03/2018 14:45,96.98,96.86,100.00,24.91,0.00,Weekday,Monday,Maximum_Load
20/09/2018 00:15,2.70,50.29,100.00,4.64,0.00,Weekday,Thursday,Light_Load
21/07/2018 20:15,2.92,100.00,16.60,0.00,17.35,Weekend,Saturday,Medium_Load
12/10/2018 09:00,121.72,87.49,100.00,67.39,0.00,Weekday,Friday,Light_Load
27/06/2018 03:30,2.81,57.20,100.00,4.03,0.00,Weekday,Wednesday,Light_Load
19/10/2018 17:30,39.71,95.83,100.00,11.84,0.04,Weekday,Friday,Medium_Load
03/09/2018 16:30,63.83,85.00,100.00,39.56,0.00,Weekday,Monday,Maximum_Load
14/06/2018 06:30,2.81,52.97,100.00,4.50,0.00,Weekday,Thursday,Light_Load
03/05/2018 10:30,63.97,92.77,100.00,25.74,0.00,Weekday,Thursday,Maximum_Load
15/07/2018 10:45,80.46,90.80,100.00,37.12,0.00,Weekend,Sunday,Maximum_Load
22/01/2018 06:30,4.39,73.67,100.00,4.03,0.00,Weekday,Monday,Light_Load
09/04/2018 22:45,7.60,80.81,100.00,5.54,0.00,Weekday,Monday,Medium_Load
03/04/2018 17:00,81.43,83.63,100.00,53.39,0.00,Weekday,Tuesday,Maximum_Load
02/08/2018 12:15,2.77,100.00,24.23,0.00,11.09,Weekday,Thursday,Light_Load
17/09/2018 08:30,63.11,74.75,100.00,56.09,0.00,Weekday,Monday,Light_Load
20/09/2018 01:30,2.70,50.29,100.00,4.64,0.00,Weekday,Thursday,Light_Load
08/09/2018 02:45,3.17,51.12,100.00,5.33,0.00,Weekend,Saturday,Light_Load
07/09/2018 17:45,28.84,99.91,99.76,1.19,2.02,Weekday,Friday,Medium_Load
03/09/2018 14:45,54.94,82.18,100.00,38.09,0.00,Weekday,Monday,Maximum_Load
01/02/2018 18:45,81.72,87.73,100.00,44.71,0.00,Weekday,Thursday,Maximum_Load
21/12/2018 19:00,5.54,100.00,25.49,0.00,21.02,Weekday,Friday,Maximum_Load
15/10/2018 09:45,112.43,90.96,100.00,51.37,0.00,Weekday,Monday,Medium_Load
26/02/2018 03:45,3.82,76.26,100.00,3.24,0.00,Weekday,Monday,Light_Load
26/08/2018 14:00,6.59,100.00,33.03,0.00,18.83,Weekend,Sunday,Maximum_Load
06/01/2018 06:45,4.21,61.49,100.00,5.40,0.00,Weekend,Saturday,Light_Load
09/01/2018 21:30,5.26,100.00,19.27,0.00,26.78,Weekday,Tuesday,Medium_Load
30/12/2018 02:15,3.06,77.69,100.00,2.48,0.00,Weekend,Sunday,Light_Load
23/01/2018 06:15,40.10,80.57,100.00,29.48,0.00,Weekday,Tuesday,Light_Load
18/05/2018 11:15,51.95,80.62,100.00,38.12,0.00,Weekday,Friday,Maximum_Load
08/11/2018 15:00,59.76,86.95,100.00,33.95,0.00,Weekday,Thursday,Medium_Load
09/12/2018 10:00,3.89,100.00,19.73,0.00,19.33,Weekend,Sunday,Light_Load
28/04/2018 23:00,4.21,66.02,100.00,4.79,0.00,Weekend,Saturday,Medium_Load
14/08/2018 03:45,3.31,50.55,100.00,5.65,0.00,Weekday,Tuesday,Light_Load
26/07/2018 13:00,5.00,100.00,23.52,0.00,20.66,Weekday,Thursday,Medium_Load
21/03/2018 14:15,54.97,96.66,100.00,14.58,0.00,Weekday,Wednesday,Maximum_Load
23/11/2018 19:30,69.48,90.92,100.00,31.82,0.00,Weekday,Friday,Maximum_Load
19/03/2018 21:00,23.83,100.00,85.52,0.00,14.44,Weekday,Monday,Medium_Load
09/06/2018 18:15,2.92,100.00,50.96,0.00,4.93,Weekend,Saturday,Light_Load
20/06/2018 18:45,44.39,86.45,100.00,25.81,0.00,Weekday,Wednesday,Medium_Load
09/02/2018 02:15,6.01,72.44,100.00,5.72,0.00,Weekday,Friday,Light_Load
21/11/2018 16:00,79.16,96.21,100.00,22.43,0.00,Weekday,Wednesday,Medium_Load
19/08/2018 05:15,2.63,47.07,100.00,4.93,0.00,Weekend,Sunday,Light_Load
10/06/2018 08:00,2.84,49.09,100.00,5.04,0.00,Weekend,Sunday,Light_Load
03/06/2018 06:15,2.99,42.27,100.00,6.41,0.00,Weekend,Sunday,Light_Load
07/09/2018 04:00,2.99,51.32,100.00,5.00,0.00,Weekday,Friday,Light_Load
30/03/2018 13:00,4.97,99.99,28.52,0.07,16.70,Weekday,Friday,Medium_Load
09/07/2018 19:00,48.82,95.89,100.00,14.44,0.00,Weekday,Monday,Medium_Load
02/01/2018 20:15,33.23,99.90,99.30,1.51,3.96,Weekday,Tuesday,Medium_Load
29/06/2018 02:15,3.02,53.65,100.00,4.75,0.00,Weekday,Friday,Light_Load
22/05/2018 20:15,4.39,100.00,16.50,0.00,26.24,Weekday,Tuesday,Medium_Load
16/11/2018 17:45,36.29,94.98,100.00,11.95,0.00,Weekday,Friday,Maximum_Load
05/12/2018 01:15,3.78,79.14,99.78,2.92,0.25,Weekday,Wednesday,Light_Load
04/04/2018 08:15,49.36,72.54,100.00,46.84,0.00,Weekday,Wednesday,Light_Load
17/05/2018 05:30,3.13,50.43,100.00,5.36,0.00,Weekday,Thursday,Light_Load
06/07/2018 16:00,81.11,90.72,100.00,37.62,0.00,Weekday,Friday,Maximum_Load
23/12/2018 06:15,3.35,79.91,100.00,2.52,0.00,Weekend,Sunday,Light_Load
12/11/2018 05:00,2.74,62.97,100.00,3.38,0.00,Weekday,Monday,Light_Load
28/01/2018 10:30,27.86,100.00,93.19,0.00,10.84,Weekend,Sunday,Maximum_Load
30/06/2018 16:45,42.44,94.97,100.00,14.00,0.11,Weekend,Saturday,Maximum_Load
29/05/2018 17:15,54.50,94.26,100.00,19.30,0.00,Weekday,Tuesday,Medium_Load
24/06/2018 06:15,2.56,57.95,100.00,3.60,0.00,Weekend,Sunday,Light_Load
08/02/2018 15:45,113.90,92.15,100.00,47.99,0.00,Weekday,Thursday,Medium_Load
28/09/2018 22:30,3.17,43.73,100.00,6.52,0.00,Weekday,Friday,Medium_Load
21/06/2018 22:30,3.60,57.82,100.00,5.08,0.00,Weekday,Thursday,Medium_Load
10/12/2018 23:00,4.18,76.76,99.97,3.49,0.11,Weekday,Monday,Maximum_Load
18/11/2018 02:15,3.24,50.48,100.00,5.54,0.00,Weekend,Sunday,Light_Load
25/01/2018 17:15,74.70,94.07,100.00,26.93,0.00,Weekday,Thursday,Maximum_Load
18/05/2018 10:15,49.36,92.17,100.00,20.77,0.00,Weekday,Friday,Maximum_Load
19/05/2018 16:15,33.05,100.00,99.06,0.14,4.57,Weekend,Saturday,Maximum_Load
17/11/2018 19:30,4.14,100.00,23.71,0.00,16.96,Weekend,Saturday,Maximum_Load
25/05/2018 03:00,2.84,67.20,100.00,3.13,0.00,Weekday,Friday,Light_Load
03/08/2018 20:00,2.99,100.00,17.81,0.00,16.52,Weekday,Friday,Light_Load
20/01/2018 19:30,40.07,100.00,99.85,0.36,2.20,Weekend,Saturday,Maximum_Load
18/06/2018 23:00,3.49,56.63,100.00,5.08,0.00,Weekday,Monday,Medium_Load
04/07/2018 13:30,40.14,93.50,100.00,15.23,0.00,Weekday,Wednesday,Maximum_Load
31/12/2018 05:45,3.02,83.12,99.89,2.02,0.14,Weekday,Monday,Light_Load
04/05/2018 21:15,3.82,100.00,14.56,0.00,25.96,Weekday,Friday,Medium_Load
14/05/2018 14:30,48.24,91.87,100.00,20.74,0.00,Weekday,Monday,Maximum_Load
29/03/2018 22:00,4.61,100.00,17.25,0.00,26.32,Weekday,Thursday,Medium_Load
22/12/2018 09:45,4.32,100.00,20.06,0.00,21.10,Weekend,Saturday,Light_Load
22/07/2018 04:00,2.81,51.48,100.00,4.68,0.00,Weekend,Sunday,Light_Load
17/03/2018 13:00,3.85,100.00,21.66,0.00,17.35,Weekend,Saturday,Medium_Load
22/08/2018 02:15,2.63,52.35,100.00,4.28,0.00,Weekday,Wednesday,Light_Load
05/03/2018 01:30,3.53,59.09,100.00,4.82,0.00,Weekday,Monday,Light_Load
22/01/2018 17:15,61.49,92.05,100.00,26.10,0.00,Weekday,Monday,Maximum_Load
14/11/2018 16:45,120.85,89.78,100.00,59.29,0.00,Weekday,Wednesday,Medium_Load
10/05/2018 05:45,3.46,68.60,100.00,3.67,0.00,Weekday,Thursday,Light_Load
08/06/2018 19:00,37.15,98.67,100.00,6.12,0.00,Weekday,Friday,Medium_Load
15/12/2018 19:45,3.35,100.00,21.94,0.00,14.90,Weekend,Saturday,Light_Load
15/08/2018 07:45,3.64,61.72,100.00,4.64,0.00,Weekday,Wednesday,Light_Load
13/09/2018 19:15,54.76,80.88,100.00,39.82,0.00,Weekday,Thursday,Medium_Load
05/04/2018 19:15,40.93,100.00,99.91,0.18,1.76,Weekday,Thursday,Medium_Load
25/11/2018 11:30,2.95,100.00,20.41,0.00,14.15,Weekend,Sunday,Light_Load
04/06/2018 08:00,3.35,53.21,100.00,5.33,0.00,Weekday,Monday,Light_Load
09/04/2018 05:45,3.02,65.01,100.00,3.53,0.00,Weekday,Monday,Light_Load
04/07/2018 05:45,2.81,57.87,100.00,3.96,0.00,Weekday,Wednesday,Light_Load
14/11/2018 02:15,3.60,48.97,100.00,6.41,0.00,Weekday,Wednesday,Light_Load
16/06/2018 09:00,27.47,97.33,98.92,6.48,4.07,Weekend,Saturday,Light_Load
21/06/2018 01:00,2.92,52.93,100.00,4.68,0.00,Weekday,Thursday,Light_Load
10/12/2018 21:30,4.57,100.00,21.27,0.00,20.99,Weekday,Monday,Medium_Load
29/10/2018 09:15,107.64,95.00,100.00,35.39,0.00,Weekday,Monday,Medium_Load
14/03/2018 09:15,56.92,92.87,100.00,22.72,0.00,Weekday,Wednesday,Medium_Load
24/02/2018 08:00,5.40,73.58,100.00,4.97,0.00,Weekend,Saturday,Light_Load
30/03/2018 15:45,61.27,87.58,100.00,33.77,0.00,Weekday,Friday,Maximum_Load
03/12/2018 00:30,4.36,81.50,100.00,3.10,0.00,Weekday,Monday,Light_Load
06/11/2018 02:00,3.71,46.16,100.00,7.13,0.00,Weekday,Tuesday,Light_Load
09/11/2018 20:15,66.49,90.33,100.00,31.57,0.00,Weekday,Friday,Medium_Load
14/09/2018 11:45,64.48,83.61,100.00,42.30,0.00,Weekday,Friday,Maximum_Load
25/06/2018 17:00,58.68,92.37,100.00,24.34,0.00,Weekday,Monday,Maximum_Load
16/02/2018 06:15,3.06,70.25,100.00,3.10,0.00,Weekday,Friday,Light_Load
20/03/2018 23:15,3.85,65.60,100.00,4.43,0.00,Weekday,Tuesday,Light_Load
15/02/2018 19:45,3.38,100.00,18.86,0.00,17.60,Weekday,Thursday,Light_Load
02/08/2018 17:45,2.95,100.00,17.54,0.00,16.56,Weekday,Thursday,Light_Load
13/05/2018 04:00,3.56,58.23,100.00,4.97,0.00,Weekend,Sunday,Light_Load
26/11/2018 12:45,6.30,100.00,28.35,0.00,21.31,Weekday,Monday,Medium_Load
25/01/2018 05:00,40.61,80.41,100.00,30.02,0.00,Weekday,Thursday,Light_Load
19/09/2018 19:15,3.60,100.00,19.84,0.00,17.78,Weekday,Wednesday,Medium_Load
17/05/2018 07:45,3.42,60.51,100.00,4.50,0.00,Weekday,Thursday,Light_Load
21/01/2018 22:30,3.85,78.28,100.00,3.06,0.00,Weekend,Sunday,Light_Load
23/01/2018 20:45,75.06,91.76,100.00,32.51,0.00,Weekday,Tuesday,Medium_Load
27/11/2018 15:00,107.42,94.39,100.00,37.58,0.00,Weekday,Tuesday,Medium_Load
11/11/2018 17:15,3.49,100.00,19.41,0.00,17.64,Weekend,Sunday,Light_Load
03/08/2018 12:00,2.81,100.00,53.31,0.00,4.46,Weekday,Friday,Light_Load
16/02/2018 21:45,4.14,100.00,15.00,0.00,27.29,Weekday,Friday,Light_Load
07/07/2018 04:00,3.17,47.96,100.00,5.80,0.00,Weekend,Saturday,Light_Load
29/12/2018 21:30,3.85,100.00,20.41,0.00,18.47,Weekend,Saturday,Light_Load
22/05/2018 21:15,3.28,100.00,19.43,0.00,16.56,Weekday,Tuesday,Medium_Load
11/07/2018 01:30,2.77,58.00,100.00,3.89,0.00,Weekday,Wednesday,Light_Load
22/06/2018 05:45,2.95,45.34,100.00,5.80,0.00,Weekday,Friday,Light_Load
05/06/2018 12:15,10.01,97.52,46.59,2.27,19.01,Weekday,Tuesday,Medium_Load
20/01/2018 10:15,54.18,97.65,100.00,11.95,0.00,Weekend,Saturday,Maximum_Load
31/08/2018 21:00,19.22,98.95,94.55,2.81,6.62,Weekday,Friday,Medium_Load
15/12/2018 11:45,3.35,100.00,22.08,0.00,14.80,Weekend,Saturday,Light_Load
25/09/2018 03:15,2.59,41.25,100.00,5.72,0.00,Weekday,Tuesday,Light_Load
24/02/2018 11:00,77.33,99.21,100.00,9.79,0.65,Weekend,Saturday,Maximum_Load
08/08/2018 01:15,3.31,48.43,100.00,5.98,0.00,Weekday,Wednesday,Light_Load
02/12/2018 16:45,3.89,100.00,22.82,0.00,16.60,Weekend,Sunday,Light_Load
06/04/2018 21:45,23.44,100.00,88.47,0.00,12.35,Weekday,Friday,Medium_Load
02/12/2018 22:00,3.56,100.00,22.61,0.00,15.34,Weekend,Sunday,Light_Load
06/04/2018 18:15,51.41,94.89,99.99,17.10,0.65,Weekday,Friday,Medium_Load
19/04/2018 07:45,4.57,67.98,100.00,4.93,0.00,Weekday,Thursday,Light_Load
18/01/2018 10:00,69.98,95.00,100.00,23.00,0.00,Weekday,Thursday,Medium_Load
25/10/2018 17:15,60.19,88.03,100.00,32.44,0.00,Weekday,Thursday,Medium_Load
22/03/2018 08:45,113.18,83.57,100.00,74.38,0.00,Weekday,Thursday,Light_Load
11/02/2018 14:45,3.96,100.00,22.39,0.00,17.24,Weekend,Sunday,Light_Load
26/05/2018 20:15,3.56,100.00,15.88,0.00,22.14,Weekend,Saturday,Medium_Load
03/05/2018 19:45,66.53,86.44,100.00,38.70,0.00,Weekday,Thursday,Medium_Load
27/01/2018 21:45,4.46,100.00,25.49,0.00,16.92,Weekend,Saturday,Medium_Load
05/09/2018 07:00,2.99,43.10,100.00,6.26,0.00,Weekday,Wednesday,Light_Load
13/01/2018 16:00,104.44,96.15,100.00,29.84,0.00,Weekend,Saturday,Medium_Load
09/08/2018 01:15,2.77,48.68,100.00,4.97,0.00,Weekday,Thursday,Light_Load
17/11/2018 08:15,45.65,82.37,100.00,31.43,0.00,Weekend,Saturday,Light_Load
02/04/2018 19:45,102.35,94.64,100.00,34.92,0.00,Weekday,Monday,Medium_Load
24/08/2018 23:00,3.24,52.45,100.00,5.26,0.00,Weekday,Friday,Medium_Load
08/09/2018 08:30,32.83,70.47,100.00,33.05,0.00,Weekend,Saturday,Light_Load
01/07/2018 21:30,3.06,100.00,17.40,0.00,17.32,Weekend,Sunday,Light_Load
24/02/2018 09:45,51.30,99.69,99.91,4.03,2.23,Weekend,Saturday,Medium_Load
11/12/2018 05:45,4.25,74.11,100.00,3.85,0.00,Weekday,Tuesday,Light_Load
15/08/2018 07:15,2.66,51.22,100.00,4.46,0.00,Weekday,Wednesday,Light_Load
12/08/2018 05:15,3.20,48.31,100.00,5.80,0.00,Weekend,Sunday,Light_Load
07/02/2018 10:45,70.67,93.17,100.00,27.54,0.00,Weekday,Wednesday,Maximum_Load
19/09/2018 22:15,2.92,42.27,99.99,6.26,0.04,Weekday,Wednesday,Medium_Load
23/12/2018 13:30,3.67,100.00,25.98,0.00,13.64,Weekend,Sunday,Light_Load
21/04/2018 05:30,2.99,61.64,100.00,3.82,0.00,Weekend,Saturday,Light_Load
07/12/2018 20:15,57.64,93.87,100.00,21.17,0.00,Weekday,Friday,Medium_Load
31/01/2018 04:45,5.94,75.12,100.00,5.22,0.00,Weekday,Wednesday,Light_Load
25/05/2018 03:15,3.10,66.41,100.00,3.49,0.00,Weekday,Friday,Light_Load
19/05/2018 03:00,3.10,52.92,100.00,4.97,0.00,Weekend,Saturday,Light_Load
14/06/2018 07:15,2.95,58.03,100.00,4.14,0.00,Weekday,Thursday,Light_Load
28/04/2018 21:00,3.49,100.00,13.01,0.00,26.60,Weekend,Saturday,Medium_Load
27/12/2018 14:45,54.14,94.80,100.00,18.18,0.00,Weekday,Thursday,Medium_Load
08/01/2018 09:45,136.15,93.56,100.00,51.37,0.00,Weekday,Monday,Medium_Load
07/07/2018 04:15,3.20,47.43,100.00,5.94,0.00,Weekend,Saturday,Light_Load
08/02/2018 12:45,9.61,100.00,35.91,0.00,24.98,Weekday,Thursday,Medium_Load
01/11/2018 23:45,3.71,48.28,100.00,6.73,0.00,Weekday,Thursday,Light_Load
05/11/2018 14:15,52.74,86.42,100.00,30.71,0.00,Weekday,Monday,Medium_Load
31/12/2018 10:15,3.20,100.00,20.52,0.00,15.26,Weekday,Monday,Light_Load
21/07/2018 20:45,2.92,100.00,16.62,0.00,17.32,Weekend,Saturday,Medium_Load
01/05/2018 12:15,3.13,100.00,23.98,0.00,12.67,Weekday,Tuesday,Light_Load
28/12/2018 07:15,3.38,84.26,99.63,2.16,0.29,Weekday,Friday,Light_Load
18/05/2018 08:15,77.29,80.56,100.00,56.84,0.00,Weekday,Friday,Light_Load
22/07/2018 17:15,2.92,100.00,16.90,0.00,17.03,Weekend,Sunday,Light_Load
08/08/2018 20:30,94.14,93.73,100.00,34.99,0.00,Weekday,Wednesday,Medium_Load
21/12/2018 21:30,5.40,100.00,24.30,0.00,21.56,Weekday,Friday,Medium_Load
22/11/2018 21:00,43.60,98.37,99.97,7.96,1.04,Weekday,Thursday,Medium_Load
27/10/2018 22:00,3.67,100.00,20.94,0.00,17.14,Weekend,Saturday,Medium_Load
10/06/2018 13:15,3.06,100.00,18.48,0.00,16.27,Weekend,Sunday,Light_Load
10/10/2018 10:30,119.59,90.21,100.00,57.20,0.00,Weekday,Wednesday,Maximum_Load
07/06/2018 10:30,47.05,93.04,100.00,18.54,0.00,Weekday,Thursday,Maximum_Load
21/04/2018 21:30,3.92,100.00,15.08,0.00,25.70,Weekend,Saturday,Medium_Load
14/07/2018 07:00,2.70,48.03,100.00,4.93,0.00,Weekend,Saturday,Light_Load
12/09/2018 00:00,3.35,48.87,100.00,5.98,0.00,Weekday,Wednesday,Light_Load
08/09/2018 18:15,3.46,100.00,47.73,0.00,6.37,Weekend,Saturday,Medium_Load
02/12/2018 14:15,3.60,100.00,22.75,0.00,15.41,Weekend,Sunday,Light_Load
12/07/2018 16:45,48.92,96.75,100.00,12.78,0.00,Weekday,Thursday,Maximum_Load
27/03/2018 00:00,3.64,63.49,100.00,4.43,0.00,Weekday,Tuesday,Light_Load
14/01/2018 18:30,4.75,100.00,44.83,0.00,9.47,Weekend,Sunday,Maximum_Load
31/05/2018 03:30,2.92,48.82,100.00,5.22,0.00,Weekday,Thursday,Light_Load
13/06/2018 19:15,3.02,100.00,17.61,0.00,16.88,Weekday,Wednesday,Medium_Load
11/08/2018 23:00,3.17,51.12,100.00,5.33,0.00,Weekend,Saturday,Medium_Load
23/12/2018 20:00,4.25,100.00,18.97,0.00,22.00,Weekend,Sunday,Light_Load
04/11/2018 13:15,37.69,96.76,99.08,9.83,5.15,Weekend,Sunday,Medium_Load
25/03/2018 15:15,34.34,100.00,99.51,0.07,3.42,Weekend,Sunday,Maximum_Load
14/02/2018 01:45,5.58,69.58,100.00,5.76,0.00,Weekday,Wednesday,Light_Load
30/05/2018 15:00,106.74,95.49,100.00,33.19,0.00,Weekday,Wednesday,Maximum_Load
16/01/2018 04:00,4.64,61.82,100.00,5.90,0.00,Weekday,Tuesday,Light_Load
16/01/2018 02:45,4.64,61.56,100.00,5.94,0.00,Weekday,Tuesday,Light_Load
19/09/2018 04:15,3.89,48.47,100.00,7.02,0.00,Weekday,Wednesday,Light_Load
29/01/2018 07:45,5.65,74.89,100.00,5.00,0.00,Weekday,Monday,Light_Load
08/02/2018 02:00,6.05,68.02,100.00,6.52,0.00,Weekday,Thursday,Light_Load
04/09/2018 09:15,81.65,84.08,100.00,52.56,0.00,Weekday,Tuesday,Medium_Load
16/05/2018 13:30,109.76,91.11,100.00,49.64,0.00,Weekday,Wednesday,Maximum_Load
16/05/2018 06:45,3.28,52.70,100.00,5.29,0.00,Weekday,Wednesday,Light_Load
26/12/2018 18:45,5.08,100.00,22.40,0.00,22.10,Weekday,Wednesday,Maximum_Load
27/05/2018 06:30,2.74,48.06,100.00,5.00,0.00,Weekend,Sunday,Light_Load
29/09/2018 22:00,2.81,100.00,24.05,0.00,11.34,Weekend,Saturday,Medium_Load
23/04/2018 17:15,50.83,96.98,100.00,12.78,0.00,Weekday,Monday,Medium_Load
01/07/2018 22:30,2.88,59.21,100.00,3.92,0.00,Weekend,Sunday,Light_Load
17/07/2018 04:30,2.92,43.29,100.00,6.08,0.00,Weekday,Tuesday,Light_Load
01/09/2018 00:00,3.85,53.94,100.00,6.01,0.00,Weekend,Saturday,Light_Load
06/11/2018 06:00,3.31,50.09,100.00,5.72,0.00,Weekday,Tuesday,Light_Load
06/02/2018 10:45,102.71,94.55,100.00,35.39,0.00,Weekday,Tuesday,Maximum_Load
19/10/2018 04:00,3.06,44.72,100.00,6.12,0.00,Weekday,Friday,Light_Load
24/03/2018 07:30,3.28,59.85,100.00,4.39,0.00,Weekend,Saturday,Light_Load
30/07/2018 00:15,2.66,50.30,100.00,4.57,0.00,Weekday,Monday,Light_Load
09/06/2018 01:15,2.88,49.10,100.00,5.11,0.00,Weekend,Saturday,Light_Load
12/07/2018 02:45,2.99,52.09,100.00,4.90,0.00,Weekday,Thursday,Light_Load
01/12/2018 02:30,4.03,76.90,99.94,3.35,0.14,Weekend,Saturday,Light_Load
05/11/2018 16:15,59.26,84.96,100.00,36.79,0.00,Weekday,Monday,Medium_Load
12/01/2018 00:15,4.68,70.71,100.00,4.68,0.00,Weekday,Friday,Light_Load
06/08/2018 04:15,2.63,47.59,100.00,4.86,0.00,Weekday,Monday,Light_Load
12/05/2018 09:00,5.04,100.00,25.14,0.00,19.40,Weekend,Saturday,Light_Load
20/11/2018 15:15,51.16,93.72,100.00,19.04,0.00,Weekday,Tuesday,Medium_Load
27/01/2018 07:30,6.95,81.18,100.00,5.00,0.00,Weekend,Saturday,Light_Load
21/04/2018 21:00,3.89,100.00,15.97,0.00,24.05,Weekend,Saturday,Medium_Load
21/04/2018 22:15,3.17,90.28,31.53,1.51,9.54,Weekend,Saturday,Medium_Load
23/07/2018 12:15,6.16,83.43,75.62,4.07,5.33,Weekday,Monday,Medium_Load
12/03/2018 00:15,3.78,61.95,100.00,4.79,0.00,Weekday,Monday,Light_Load
10/04/2018 20:15,48.85,95.70,100.00,14.80,0.00,Weekday,Tuesday,Medium_Load
05/06/2018 07:30,3.13,51.14,100.00,5.26,0.00,Weekday,Tuesday,Light_Load
09/01/2018 21:15,11.41,100.00,44.55,0.00,22.93,Weekday,Tuesday,Medium_Load
04/04/2018 19:00,4.10,100.00,14.98,0.00,27.07,Weekday,Wednesday,Medium_Load
19/05/2018 12:30,5.94,100.00,25.11,0.00,22.90,Weekend,Saturday,Medium_Load
11/05/2018 15:00,63.61,91.56,100.00,27.94,0.00,Weekday,Friday,Maximum_Load
28/03/2018 08:15,31.61,79.89,100.00,23.80,0.00,Weekday,Wednesday,Light_Load
07/03/2018 23:15,3.10,78.09,100.00,2.48,0.00,Weekday,Wednesday,Light_Load
02/03/2018 02:45,3.24,77.64,100.00,2.63,0.00,Weekday,Friday,Light_Load
28/03/2018 03:45,2.99,69.08,100.00,3.13,0.00,Weekday,Wednesday,Light_Load
18/05/2018 19:30,48.60,87.96,100.00,26.28,0.00,Weekday,Friday,Medium_Load
08/08/2018 10:15,87.08,89.24,100.00,44.03,0.00,Weekday,Wednesday,Maximum_Load
08/06/2018 15:00,53.39,89.69,100.00,26.32,0.00,Weekday,Friday,Maximum_Load
03/05/2018 22:00,4.07,100.00,15.37,0.00,26.17,Weekday,Thursday,Medium_Load
07/12/2018 13:00,10.76,100.00,47.88,0.00,19.73,Weekday,Friday,Medium_Load
29/04/2018 03:45,3.17,60.43,100.00,4.18,0.00,Weekend,Sunday,Light_Load
15/01/2018 11:15,99.25,81.89,100.00,69.55,0.00,Weekday,Monday,Maximum_Load
28/02/2018 08:30,108.94,83.63,100.00,71.42,0.00,Weekday,Wednesday,Light_Load
22/10/2018 11:15,58.10,85.21,100.00,35.68,0.00,Weekday,Monday,Maximum_Load
17/03/2018 17:45,4.03,100.00,15.00,0.00,26.57,Weekend,Saturday,Medium_Load
08/03/2018 10:30,100.44,94.31,100.00,35.42,0.00,Weekday,Thursday,Maximum_Load
25/03/2018 13:45,32.33,100.00,99.21,0.22,4.10,Weekend,Sunday,Maximum_Load
25/11/2018 14:30,2.95,100.00,20.66,0.00,13.97,Weekend,Sunday,Light_Load
21/04/2018 22:45,3.06,58.43,100.00,4.25,0.00,Weekend,Saturday,Medium_Load
10/06/2018 18:30,2.92,100.00,57.27,0.00,4.18,Weekend,Sunday,Light_Load
17/03/2018 12:30,4.64,100.00,17.27,0.00,26.46,Weekend,Saturday,Medium_Load
19/07/2018 06:45,2.59,50.22,100.00,4.46,0.00,Weekday,Thursday,Light_Load
05/08/2018 00:30,3.06,54.16,100.00,4.75,0.00,Weekend,Sunday,Light_Load
25/06/2018 21:45,3.56,100.00,13.27,0.00,26.60,Weekday,Monday,Medium_Load
24/07/2018 22:15,3.64,96.15,55.40,1.04,5.47,Weekday,Tuesday,Medium_Load
30/04/2018 13:45,51.84,91.73,100.00,22.50,0.00,Weekday,Monday,Maximum_Load
14/10/2018 16:15,2.92,100.00,25.08,0.00,11.27,Weekend,Sunday,Light_Load
02/09/2018 03:30,2.63,49.55,100.00,4.61,0.00,Weekend,Sunday,Light_Load
05/10/2018 02:30,2.81,52.63,100.00,4.54,0.00,Weekday,Friday,Light_Load
11/05/2018 03:30,3.10,57.95,100.00,4.36,0.00,Weekday,Friday,Light_Load
14/09/2018 19:45,8.32,100.00,52.47,0.00,13.50,Weekday,Friday,Medium_Load
18/05/2018 09:45,44.78,90.24,100.00,21.38,0.00,Weekday,Friday,Medium_Load
28/04/2018 01:45,3.24,72.25,100.00,3.10,0.00,Weekend,Saturday,Light_Load
11/08/2018 14:00,109.33,92.79,100.00,43.92,0.00,Weekend,Saturday,Maximum_Load
14/04/2018 11:15,36.68,92.61,100.00,14.94,0.00,Weekend,Saturday,Maximum_Load
15/02/2018 22:15,3.28,94.00,30.56,1.19,10.22,Weekday,Thursday,Light_Load
24/05/2018 15:00,51.23,91.23,100.00,23.00,0.00,Weekday,Thursday,Maximum_Load
19/04/2018 00:30,3.06,64.35,100.00,3.64,0.00,Weekday,Thursday,Light_Load
11/09/2018 19:30,37.76,92.74,100.00,15.23,0.00,Weekday,Tuesday,Medium_Load
26/01/2018 10:30,107.03,95.17,100.00,34.52,0.00,Weekday,Friday,Maximum_Load
10/06/2018 15:30,3.10,100.00,18.67,0.00,16.31,Weekend,Sunday,Light_Load
27/02/2018 10:30,66.02,93.22,100.00,25.63,0.00,Weekday,Tuesday,Maximum_Load
04/12/2018 15:00,62.96,85.39,100.00,38.38,0.00,Weekday,Tuesday,Medium_Load
26/10/2018 10:15,93.20,92.63,100.00,37.91,0.00,Weekday,Friday,Maximum_Load
14/05/2018 08:00,3.35,66.72,100.00,3.74,0.00,Weekday,Monday,Light_Load
10/11/2018 12:15,4.07,100.00,35.90,0.00,10.58,Weekend,Saturday,Medium_Load
08/07/2018 10:00,92.52,96.03,100.00,26.89,0.00,Weekend,Sunday,Medium_Load
31/12/2018 22:45,3.82,64.38,100.00,4.54,0.00,Weekday,Monday,Light_Load
06/05/2018 07:00,2.92,58.01,100.00,4.10,0.00,Weekend,Sunday,Light_Load
17/04/2018 08:45,41.44,75.56,100.00,35.93,0.00,Weekday,Tuesday,Light_Load
19/09/2018 05:30,2.74,46.97,100.00,5.15,0.00,Weekday,Wednesday,Light_Load
09/10/2018 06:15,2.59,47.87,100.00,4.75,0.00,Weekday,Tuesday,Light_Load
08/08/2018 23:00,2.66,52.08,100.00,4.36,0.00,Weekday,Wednesday,Medium_Load
07/03/2018 11:45,51.66,86.35,100.00,30.17,0.00,Weekday,Wednesday,Maximum_Load
22/03/2018 11:15,64.58,85.95,100.00,38.41,0.00,Weekday,Thursday,Maximum_Load
03/03/2018 19:45,4.86,100.00,17.53,0.00,27.29,Weekend,Saturday,Medium_Load
01/11/2018 20:00,3.85,100.00,20.79,0.00,18.11,Weekday,Thursday,Maximum_Load
12/11/2018 20:00,123.73,92.28,100.00,51.66,0.00,Weekday,Monday,Maximum_Load
18/06/2018 09:45,82.33,95.35,100.00,26.03,0.00,Weekday,Monday,Medium_Load
26/07/2018 16:45,56.09,94.60,100.00,19.22,0.00,Weekday,Thursday,Maximum_Load
20/02/2018 18:00,75.71,99.21,99.99,9.58,0.97,Weekday,Tuesday,Maximum_Load
11/01/2018 22:00,5.15,100.00,18.98,0.00,26.64,Weekday,Thursday,Medium_Load
24/04/2018 10:00,58.82,95.21,100.00,18.90,0.00,Weekday,Tuesday,Medium_Load
05/02/2018 00:45,4.57,66.66,100.00,5.11,0.00,Weekday,Monday,Light_Load
14/09/2018 09:15,47.41,88.44,100.00,25.02,0.00,Weekday,Friday,Medium_Load
27/07/2018 03:15,2.88,43.21,100.00,6.01,0.00,Weekday,Friday,Light_Load
24/06/2018 19:15,2.99,100.00,17.29,0.00,17.03,Weekend,Sunday,Medium_Load
16/11/2018 08:00,5.80,69.44,100.00,6.01,0.00,Weekday,Friday,Light_Load
14/12/2018 16:30,118.12,89.32,100.00,59.47,0.00,Weekday,Friday,Medium_Load
24/06/2018 05:00,2.59,60.37,100.00,3.42,0.00,Weekend,Sunday,Light_Load
11/04/2018 06:45,3.28,53.50,100.00,5.18,0.00,Weekday,Wednesday,Light_Load
23/08/2018 06:00,3.13,45.77,100.00,6.08,0.00,Weekday,Thursday,Light_Load
20/12/2018 00:15,4.03,83.46,99.51,2.66,0.40,Weekday,Thursday,Light_Load
17/10/2018 07:45,4.82,54.12,100.00,7.49,0.00,Weekday,Wednesday,Light_Load
25/06/2018 08:00,5.33,65.01,100.00,6.23,0.00,Weekday,Monday,Light_Load
17/03/2018 19:00,4.03,100.00,14.96,0.00,26.64,Weekend,Saturday,Medium_Load
30/08/2018 23:30,2.63,47.59,100.00,4.86,0.00,Weekday,Thursday,Light_Load
01/12/2018 03:15,4.72,81.55,100.00,3.35,0.04,Weekend,Saturday,Light_Load
12/09/2018 14:00,66.53,83.95,100.00,43.06,0.00,Weekday,Wednesday,Maximum_Load
11/11/2018 03:15,2.92,54.78,100.00,4.46,0.00,Weekend,Sunday,Light_Load
19/04/2018 23:30,3.56,74.37,100.00,3.20,0.00,Weekday,Thursday,Light_Load
27/09/2018 22:45,3.46,40.20,100.00,7.88,0.00,Weekday,Thursday,Medium_Load
03/06/2018 03:00,3.02,44.49,100.00,6.08,0.00,Weekend,Sunday,Light_Load
01/02/2018 13:00,9.76,100.00,36.07,0.00,25.24,Weekday,Thursday,Medium_Load
27/07/2018 19:15,50.87,92.76,100.00,20.48,0.00,Weekday,Friday,Medium_Load
28/12/2018 06:30,3.10,85.63,99.33,1.87,0.36,Weekday,Friday,Light_Load
09/01/2018 06:30,4.68,77.79,100.00,3.78,0.00,Weekday,Tuesday,Light_Load
10/08/2018 20:15,100.33,94.20,100.00,35.75,0.00,Weekday,Friday,Medium_Load
08/05/2018 11:45,55.58,79.40,100.00,42.55,0.00,Weekday,Tuesday,Maximum_Load
06/10/2018 15:15,104.47,92.83,100.00,41.83,0.00,Weekend,Saturday,Maximum_Load
08/01/2018 00:45,3.31,61.45,100.00,4.25,0.00,Weekday,Monday,Light_Load
08/08/2018 20:45,70.63,96.17,100.00,20.12,0.04,Weekday,Wednesday,Medium_Load
07/02/2018 12:30,9.04,100.00,32.73,0.00,26.10,Weekday,Wednesday,Medium_Load
24/05/2018 23:00,3.71,64.81,100.00,4.36,0.00,Weekday,Thursday,Medium_Load
16/09/2018 02:00,2.77,47.37,100.00,5.15,0.00,Weekend,Sunday,Light_Load
01/03/2018 06:15,3.67,62.04,100.00,4.64,0.00,Weekday,Thursday,Light_Load
13/09/2018 05:30,2.81,51.48,100.00,4.68,0.00,Weekday,Thursday,Light_Load
12/12/2018 08:00,5.80,89.32,99.88,2.92,0.29,Weekday,Wednesday,Light_Load
26/01/2018 22:30,35.89,80.73,100.00,26.24,0.00,Weekday,Friday,Maximum_Load
08/10/2018 04:00,3.10,44.95,100.00,6.16,0.00,Weekday,Monday,Light_Load
01/08/2018 20:30,2.84,100.00,16.42,0.00,17.06,Weekday,Wednesday,Light_Load
27/10/2018 23:15,3.38,48.59,100.00,6.08,0.00,Weekend,Saturday,Light_Load
02/02/2018 01:30,7.20,81.17,100.00,5.18,0.00,Weekday,Friday,Light_Load
31/01/2018 07:00,4.07,69.76,100.00,4.18,0.00,Weekday,Wednesday,Light_Load
21/06/2018 01:15,2.92,52.61,100.00,4.72,0.00,Weekday,Thursday,Light_Load
01/03/2018 13:00,22.18,100.00,85.80,0.00,13.28,Weekday,Thursday,Medium_Load
30/01/2018 09:00,77.26,94.65,100.00,26.35,0.00,Weekday,Tuesday,Light_Load
24/11/2018 19:00,3.74,100.00,20.87,0.00,17.53,Weekend,Saturday,Light_Load
27/07/2018 10:15,52.56,93.83,100.00,19.37,0.00,Weekday,Friday,Maximum_Load
26/02/2018 01:00,3.85,74.38,100.00,3.46,0.00,Weekday,Monday,Light_Load
17/11/2018 08:00,4.90,59.49,100.00,6.62,0.00,Weekend,Saturday,Light_Load
12/02/2018 18:30,36.94,95.65,100.00,11.27,0.00,Weekday,Monday,Maximum_Load
20/01/2018 13:45,65.20,95.95,100.00,19.15,0.00,Weekend,Saturday,Medium_Load
06/10/2018 05:30,2.92,45.91,100.00,5.65,0.00,Weekend,Saturday,Light_Load
26/04/2018 04:15,3.60,65.62,100.00,4.14,0.00,Weekday,Thursday,Light_Load
02/09/2018 12:30,3.17,100.00,25.64,0.00,11.95,Weekend,Sunday,Medium_Load
19/06/2018 12:15,10.01,98.17,54.30,1.94,15.48,Weekday,Tuesday,Medium_Load
02/08/2018 02:30,2.74,48.28,100.00,4.97,0.00,Weekday,Thursday,Light_Load
24/02/2018 03:45,6.01,76.62,100.00,5.04,0.00,Weekend,Saturday,Light_Load
10/12/2018 04:00,3.10,79.32,100.00,2.38,0.00,Weekday,Monday,Light_Load
14/01/2018 13:45,30.96,99.93,99.04,1.12,4.32,Weekend,Sunday,Medium_Load
01/08/2018 07:30,2.74,46.97,100.00,5.15,0.00,Weekday,Wednesday,Light_Load
07/12/2018 11:30,58.00,95.01,100.00,19.04,0.00,Weekday,Friday,Maximum_Load
21/02/2018 17:15,99.86,95.80,100.00,29.88,0.00,Weekday,Wednesday,Maximum_Load
18/08/2018 07:15,2.66,49.73,100.00,4.64,0.00,Weekend,Saturday,Light_Load
19/10/2018 15:45,61.42,83.51,100.00,40.46,0.00,Weekday,Friday,Maximum_Load
16/08/2018 17:30,57.42,83.62,100.00,37.66,0.14,Weekday,Thursday,Medium_Load
03/12/2018 22:00,4.93,100.00,24.80,0.00,19.26,Weekday,Monday,Medium_Load
14/01/2018 22:45,4.57,74.43,100.00,4.10,0.00,Weekend,Sunday,Maximum_Load
10/03/2018 19:15,4.18,100.00,15.32,0.00,26.96,Weekend,Saturday,Medium_Load
31/05/2018 19:15,3.67,100.00,14.33,0.00,25.34,Weekday,Thursday,Medium_Load
01/10/2018 00:15,3.13,45.12,100.00,6.19,0.00,Weekday,Monday,Light_Load
31/07/2018 10:15,53.24,95.08,100.00,17.35,0.00,Weekday,Tuesday,Maximum_Load
20/06/2018 03:30,3.31,48.93,100.00,5.90,0.00,Weekday,Wednesday,Light_Load
18/08/2018 15:45,67.10,87.03,100.00,37.98,0.00,Weekend,Saturday,Maximum_Load
21/06/2018 22:45,3.60,58.12,100.00,5.04,0.00,Weekday,Thursday,Medium_Load
30/11/2018 21:30,5.58,100.00,25.06,0.00,21.56,Weekday,Friday,Medium_Load
03/04/2018 14:30,111.46,91.45,100.00,49.32,0.00,Weekday,Tuesday,Maximum_Load
13/03/2018 11:15,79.63,84.27,100.00,50.87,0.00,Weekday,Tuesday,Maximum_Load
06/01/2018 05:30,4.18,62.00,100.00,5.29,0.00,Weekend,Saturday,Light_Load
09/08/2018 03:00,2.81,47.90,100.00,5.15,0.00,Weekday,Thursday,Light_Load
24/10/2018 18:30,3.89,100.00,36.70,0.00,9.86,Weekday,Wednesday,Medium_Load
16/10/2018 18:00,30.06,97.12,99.99,7.38,0.36,Weekday,Tuesday,Medium_Load
30/07/2018 04:30,2.74,49.42,100.00,4.82,0.00,Weekday,Monday,Light_Load
31/10/2018 15:30,61.16,84.75,100.00,38.30,0.00,Weekday,Wednesday,Maximum_Load
31/03/2018 19:45,3.02,100.00,17.11,0.00,17.39,Weekend,Saturday,Light_Load
03/04/2018 06:15,3.10,60.31,100.00,4.10,0.00,Weekday,Tuesday,Light_Load
15/12/2018 17:30,3.35,100.00,21.94,0.00,14.90,Weekend,Saturday,Light_Load
08/11/2018 18:45,73.94,91.74,100.00,32.08,0.00,Weekday,Thursday,Maximum_Load
10/08/2018 05:30,2.56,50.98,100.00,4.32,0.00,Weekday,Friday,Light_Load
03/03/2018 04:00,3.38,73.70,100.00,3.10,0.00,Weekend,Saturday,Light_Load
03/09/2018 13:30,46.26,88.36,100.00,24.52,0.00,Weekday,Monday,Maximum_Load
22/11/2018 09:00,124.49,92.34,100.00,51.73,0.00,Weekday,Thursday,Light_Load
10/02/2018 20:30,4.10,100.00,20.68,0.00,19.40,Weekend,Saturday,Light_Load
02/07/2018 00:45,2.88,56.74,100.00,4.18,0.00,Weekday,Monday,Light_Load
17/04/2018 17:00,93.71,96.25,100.00,26.42,0.00,Weekday,Tuesday,Maximum_Load
17/11/2018 17:15,4.54,100.00,26.34,0.00,16.63,Weekend,Saturday,Maximum_Load
06/02/2018 04:30,5.29,73.92,100.00,4.82,0.00,Weekday,Tuesday,Light_Load
14/05/2018 05:15,2.88,53.57,100.00,4.54,0.00,Weekday,Monday,Light_Load
19/11/2018 11:45,60.34,88.14,100.00,32.33,0.00,Weekday,Monday,Maximum_Load
02/05/2018 15:30,117.54,93.94,100.00,42.91,0.00,Weekday,Wednesday,Maximum_Load
07/07/2018 19:00,3.60,100.00,16.85,0.00,21.06,Weekend,Saturday,Medium_Load
30/04/2018 18:00,31.21,100.00,97.09,0.11,7.70,Weekday,Monday,Medium_Load
18/12/2018 08:30,72.86,78.86,100.00,56.81,0.00,Weekday,Tuesday,Light_Load
13/05/2018 17:15,3.28,100.00,19.07,0.00,16.88,Weekend,Sunday,Light_Load
09/04/2018 16:30,53.86,92.30,100.00,22.46,0.00,Weekday,Monday,Maximum_Load
24/08/2018 19:30,53.39,88.83,100.00,27.61,0.00,Weekday,Friday,Medium_Load
26/03/2018 02:15,3.10,64.84,100.00,3.64,0.00,Weekday,Monday,Light_Load
10/07/2018 02:00,3.42,57.23,100.00,4.90,0.00,Weekday,Tuesday,Light_Load
14/01/2018 07:15,4.46,68.45,100.00,4.75,0.00,Weekend,Sunday,Light_Load
13/07/2018 19:00,48.89,94.54,100.00,16.85,0.00,Weekday,Friday,Medium_Load
10/06/2018 08:15,2.77,46.60,100.00,5.26,0.00,Weekend,Sunday,Light_Load
30/03/2018 17:30,65.74,91.91,100.00,28.19,0.00,Weekday,Friday,Medium_Load
24/04/2018 05:30,3.20,58.90,100.00,4.39,0.00,Weekday,Tuesday,Light_Load
14/09/2018 07:30,3.49,52.76,100.00,5.62,0.00,Weekday,Friday,Light_Load
27/09/2018 00:30,2.48,44.65,100.00,4.97,0.00,Weekday,Thursday,Light_Load
17/01/2018 17:00,62.24,93.73,100.00,23.15,0.00,Weekday,Wednesday,Medium_Load
21/07/2018 16:30,45.68,97.44,100.00,10.55,0.36,Weekend,Saturday,Maximum_Load
03/11/2018 06:30,3.24,54.38,100.00,5.00,0.00,Weekend,Saturday,Light_Load
10/01/2018 02:15,4.61,69.87,100.00,4.72,0.00,Weekday,Wednesday,Light_Load
08/08/2018 00:15,2.92,48.33,100.00,5.29,0.00,Weekday,Wednesday,Light_Load
29/08/2018 15:45,56.20,87.35,100.00,31.32,0.00,Weekday,Wednesday,Maximum_Load
27/08/2018 12:15,28.12,94.81,100.00,9.43,0.14,Weekday,Monday,Medium_Load
20/12/2018 10:45,75.53,90.17,100.00,36.22,0.00,Weekday,Thursday,Maximum_Load
15/10/2018 02:45,2.84,48.07,100.00,5.18,0.00,Weekday,Monday,Light_Load
31/07/2018 09:00,64.84,91.52,100.00,28.55,0.00,Weekday,Tuesday,Light_Load
26/05/2018 17:00,11.74,100.00,54.33,0.00,18.14,Weekend,Saturday,Maximum_Load
16/10/2018 19:45,61.16,78.72,100.00,47.92,0.00,Weekday,Tuesday,Medium_Load
13/04/2018 20:00,37.33,99.96,99.84,1.08,2.09,Weekday,Friday,Medium_Load
01/08/2018 09:00,3.06,100.00,19.18,0.00,15.66,Weekday,Wednesday,Light_Load
21/05/2018 05:45,2.95,53.00,100.00,4.72,0.00,Weekday,Monday,Light_Load
01/05/2018 14:45,3.10,100.00,17.98,0.00,16.96,Weekday,Tuesday,Light_Load
15/08/2018 09:00,62.42,88.46,100.00,32.90,0.00,Weekday,Wednesday,Light_Load
11/04/2018 11:30,55.51,79.26,100.00,42.70,0.00,Weekday,Wednesday,Maximum_Load
10/07/2018 02:45,2.88,51.85,100.00,4.75,0.00,Weekday,Tuesday,Light_Load
23/10/2018 15:30,84.10,82.80,100.00,56.95,0.00,Weekday,Tuesday,Maximum_Load
17/11/2018 22:30,3.78,49.14,100.00,6.70,0.00,Weekend,Saturday,Maximum_Load
11/11/2018 18:45,3.02,100.00,23.43,0.00,12.53,Weekend,Sunday,Light_Load
27/06/2018 12:00,57.10,80.33,100.00,42.34,0.00,Weekday,Wednesday,Maximum_Load
03/05/2018 12:45,6.91,100.00,27.17,0.00,24.48,Weekday,Thursday,Medium_Load
10/02/2018 23:00,4.18,72.60,100.00,3.96,0.00,Weekend,Saturday,Light_Load
22/02/2018 00:30,86.94,89.77,100.00,42.66,0.00,Weekday,Thursday,Light_Load
08/05/2018 20:30,70.02,89.69,100.00,34.52,0.00,Weekday,Tuesday,Medium_Load
09/12/2018 04:00,3.06,81.70,99.97,2.16,0.07,Weekend,Sunday,Light_Load
17/09/2018 17:45,34.92,98.90,99.97,5.22,0.83,Weekday,Monday,Medium_Load
10/08/2018 23:30,2.70,49.10,100.00,4.79,0.00,Weekday,Friday,Light_Load
29/05/2018 16:15,45.83,95.80,100.00,13.72,0.00,Weekday,Tuesday,Maximum_Load
24/08/2018 02:30,2.95,47.00,100.00,5.54,0.00,Weekday,Friday,Light_Load
05/06/2018 14:45,109.76,90.32,100.00,52.16,0.00,Weekday,Tuesday,Maximum_Load
09/04/2018 09:15,58.21,93.73,100.00,21.64,0.00,Weekday,Monday,Medium_Load
24/08/2018 00:45,2.92,47.57,100.00,5.40,0.00,Weekday,Friday,Light_Load
09/08/2018 03:15,2.74,46.76,100.00,5.18,0.00,Weekday,Thursday,Light_Load
29/04/2018 08:00,2.81,60.79,100.00,3.67,0.00,Weekend,Sunday,Light_Load
25/11/2018 12:00,2.99,100.00,20.77,0.00,14.08,Weekend,Sunday,Light_Load
19/06/2018 23:15,3.67,59.40,100.00,4.97,0.00,Weekday,Tuesday,Light_Load
26/04/2018 23:00,3.60,75.05,100.00,3.17,0.00,Weekday,Thursday,Medium_Load
13/08/2018 17:45,35.21,99.46,99.58,3.67,3.24,Weekday,Monday,Medium_Load
17/10/2018 21:00,7.99,100.00,47.06,0.00,14.98,Weekday,Wednesday,Medium_Load
16/10/2018 16:30,59.26,81.86,100.00,41.58,0.00,Weekday,Tuesday,Maximum_Load
08/11/2018 08:45,63.04,79.85,100.00,47.52,0.00,Weekday,Thursday,Light_Load
09/09/2018 02:15,2.84,47.30,100.00,5.29,0.00,Weekend,Sunday,Light_Load
27/05/2018 01:15,2.77,52.08,100.00,4.54,0.00,Weekend,Sunday,Light_Load
06/03/2018 20:15,55.98,93.16,100.00,21.85,0.00,Weekday,Tuesday,Medium_Load
05/08/2018 07:00,2.77,43.58,100.00,5.72,0.00,Weekend,Sunday,Light_Load
21/10/2018 16:15,24.62,99.95,99.46,0.79,2.56,Weekend,Sunday,Light_Load
18/12/2018 22:45,5.15,81.44,100.00,3.67,0.00,Weekday,Tuesday,Maximum_Load
15/10/2018 09:30,97.34,90.85,100.00,44.78,0.00,Weekday,Monday,Medium_Load
10/08/2018 13:30,123.80,89.34,100.00,62.24,0.00,Weekday,Friday,Maximum_Load
21/02/2018 16:45,115.81,92.21,100.00,48.60,0.00,Weekday,Wednesday,Medium_Load
29/01/2018 16:15,83.45,96.64,100.00,22.21,0.00,Weekday,Monday,Medium_Load
01/01/2018 08:30,3.28,65.94,100.00,3.74,0.00,Weekday,Monday,Light_Load
13/11/2018 09:15,92.16,89.35,100.00,46.33,0.00,Weekday,Tuesday,Medium_Load
25/11/2018 10:15,2.95,100.00,20.16,0.00,14.33,Weekend,Sunday,Light_Load
26/10/2018 01:45,3.49,52.28,100.00,5.69,0.00,Weekday,Friday,Light_Load
25/12/2018 05:00,3.35,79.11,99.99,2.59,0.04,Weekday,Tuesday,Light_Load
31/08/2018 19:30,40.25,95.21,100.00,12.92,0.00,Weekday,Friday,Medium_Load
08/06/2018 11:15,63.54,77.23,100.00,52.27,0.00,Weekday,Friday,Maximum_Load
19/03/2018 05:45,3.06,65.93,100.00,3.49,0.00,Weekday,Monday,Light_Load
22/02/2018 03:30,5.94,74.68,100.00,5.29,0.00,Weekday,Thursday,Light_Load
12/07/2018 09:45,70.13,86.46,100.00,40.75,0.00,Weekday,Thursday,Medium_Load
24/11/2018 06:00,3.02,74.55,100.00,2.70,0.00,Weekend,Saturday,Light_Load
20/04/2018 08:15,37.33,73.45,100.00,34.49,0.00,Weekday,Friday,Light_Load
09/07/2018 16:30,54.25,90.55,100.00,25.42,0.00,Weekday,Monday,Maximum_Load
04/11/2018 14:45,81.58,96.50,100.00,22.18,0.00,Weekend,Sunday,Medium_Load
09/12/2018 14:15,3.78,100.00,20.91,0.00,17.68,Weekend,Sunday,Light_Load
13/03/2018 12:00,92.99,87.22,100.00,52.16,0.00,Weekday,Tuesday,Maximum_Load
28/09/2018 07:45,3.20,53.07,100.00,5.11,0.00,Weekday,Friday,Light_Load
07/06/2018 23:15,3.35,58.54,100.00,4.64,0.00,Weekday,Thursday,Light_Load
15/05/2018 06:00,2.92,55.65,100.00,4.36,0.00,Weekday,Tuesday,Light_Load
23/05/2018 20:15,34.42,99.78,100.00,2.27,0.32,Weekday,Wednesday,Medium_Load
17/03/2018 05:30,3.17,68.73,100.00,3.35,0.00,Weekend,Saturday,Light_Load
21/10/2018 19:00,3.02,100.00,25.65,0.00,11.38,Weekend,Sunday,Light_Load
28/05/2018 01:00,2.92,46.37,100.00,5.58,0.00,Weekday,Monday,Light_Load
19/03/2018 07:15,3.60,66.90,100.00,4.00,0.00,Weekday,Monday,Light_Load
03/01/2018 19:15,37.94,99.97,99.91,0.86,1.58,Weekday,Wednesday,Maximum_Load
04/05/2018 06:30,3.64,63.23,100.00,4.46,0.00,Weekday,Friday,Light_Load
17/07/2018 18:45,87.05,93.68,100.00,32.51,0.00,Weekday,Tuesday,Medium_Load
11/05/2018 03:00,3.38,62.60,100.00,4.21,0.00,Weekday,Friday,Light_Load
31/01/2018 05:30,5.83,73.80,100.00,5.33,0.00,Weekday,Wednesday,Light_Load
12/10/2018 23:30,3.64,56.90,100.00,5.26,0.00,Weekday,Friday,Light_Load
01/02/2018 17:30,71.60,91.26,100.00,32.08,0.00,Weekday,Thursday,Maximum_Load
10/08/2018 17:15,83.27,90.83,100.00,38.34,0.00,Weekday,Friday,Medium_Load
31/01/2018 19:00,88.81,98.80,100.00,13.86,0.40,Weekday,Wednesday,Maximum_Load
14/11/2018 06:00,3.35,54.01,100.00,5.22,0.00,Weekday,Wednesday,Light_Load
06/06/2018 21:45,3.82,100.00,21.42,0.00,17.42,Weekday,Wednesday,Medium_Load
02/12/2018 02:15,3.38,77.34,100.00,2.77,0.00,Weekend,Sunday,Light_Load
18/11/2018 17:15,4.03,100.00,22.40,0.00,17.53,Weekend,Sunday,Maximum_Load
27/04/2018 08:15,63.54,82.37,100.00,43.74,0.00,Weekday,Friday,Light_Load
05/08/2018 02:15,2.81,45.24,100.00,5.54,0.00,Weekend,Sunday,Light_Load
16/10/2018 12:45,5.51,100.00,32.65,0.00,15.95,Weekday,Tuesday,Medium_Load
03/04/2018 09:15,99.68,96.07,100.00,28.80,0.00,Weekday,Tuesday,Medium_Load
28/05/2018 20:15,55.80,93.28,100.00,21.56,0.00,Weekday,Monday,Medium_Load
12/12/2018 02:15,4.25,78.27,99.99,3.38,0.07,Weekday,Wednesday,Light_Load
21/01/2018 05:00,40.10,78.94,100.00,31.18,0.00,Weekend,Sunday,Light_Load
17/11/2018 01:15,3.96,53.22,100.00,6.30,0.00,Weekend,Saturday,Light_Load
17/10/2018 16:00,51.66,85.67,100.00,31.10,0.00,Weekday,Wednesday,Maximum_Load
24/11/2018 05:00,3.13,73.59,100.00,2.88,0.00,Weekend,Saturday,Light_Load
01/02/2018 22:00,65.95,98.82,99.97,10.22,1.58,Weekday,Thursday,Medium_Load
15/10/2018 09:00,85.68,93.42,100.00,32.72,0.00,Weekday,Monday,Light_Load
10/03/2018 01:00,3.06,74.50,100.00,2.74,0.00,Weekend,Saturday,Light_Load
14/06/2018 07:30,3.31,59.60,100.00,4.46,0.00,Weekday,Thursday,Light_Load
07/08/2018 23:30,2.88,49.10,100.00,5.11,0.00,Weekday,Tuesday,Light_Load
31/08/2018 00:30,2.70,46.22,100.00,5.18,0.00,Weekday,Friday,Light_Load
01/10/2018 21:45,3.46,100.00,18.88,0.00,18.00,Weekday,Monday,Medium_Load
10/08/2018 16:00,107.46,87.74,100.00,58.75,0.00,Weekday,Friday,Maximum_Load
18/03/2018 13:15,3.85,100.00,14.06,0.00,27.11,Weekend,Sunday,Light_Load
09/05/2018 18:30,46.69,78.51,100.00,36.83,0.00,Weekday,Wednesday,Medium_Load
08/07/2018 07:00,2.81,53.91,100.00,4.39,0.00,Weekend,Sunday,Light_Load
28/09/2018 08:15,28.48,68.18,100.00,30.56,0.00,Weekday,Friday,Light_Load
07/11/2018 14:00,66.49,88.31,100.00,35.32,0.00,Weekday,Wednesday,Medium_Load
27/07/2018 02:45,3.06,48.55,100.00,5.51,0.00,Weekday,Friday,Light_Load
07/01/2018 10:15,3.82,100.00,18.84,0.00,19.91,Weekend,Sunday,Light_Load
03/12/2018 12:45,6.30,100.00,30.22,0.00,19.87,Weekday,Monday,Medium_Load
04/05/2018 15:30,52.27,94.69,100.00,17.75,0.00,Weekday,Friday,Maximum_Load
05/12/2018 10:15,49.28,94.79,100.00,16.56,0.00,Weekday,Wednesday,Maximum_Load
19/07/2018 02:00,3.02,100.00,54.55,0.00,4.64,Weekday,Thursday,Light_Load
28/11/2018 02:30,23.65,84.32,100.00,15.08,0.00,Weekday,Wednesday,Light_Load
18/09/2018 08:00,4.90,57.84,100.00,6.91,0.00,Weekday,Tuesday,Light_Load
05/04/2018 05:15,3.17,63.56,100.00,3.85,0.00,Weekday,Thursday,Light_Load
09/06/2018 03:15,2.92,46.63,100.00,5.54,0.00,Weekend,Saturday,Light_Load
01/02/2018 12:00,145.51,87.13,100.00,81.94,0.00,Weekday,Thursday,Maximum_Load
01/12/2018 08:15,3.71,82.00,99.93,2.59,0.14,Weekend,Saturday,Light_Load
14/04/2018 10:30,38.16,99.97,99.95,0.86,1.19,Weekend,Saturday,Maximum_Load
