Date,Start_Hour,End_Hour,Source,Production
12/18/2022,21,22,Wind,11400
1/29/2024,14,15,Wind,7917
8/1/2024,15,16,Solar,8835
11/10/2020,1,2,Wind,989
12/19/2022,1,2,Wind,12526
10/18/2024,13,14,Solar,4855
4/10/2020,17,18,Solar,3692
1/25/2023,0,1,Wind,2156
12/12/2021,12,13,Wind,5813
10/11/2020,13,14,Wind,6106
1/8/2024,23,0,Wind,5515
1/8/2020,18,19,Wind,2785
1/29/2022,20,21,Wind,8498
6/2/2021,15,16,Solar,5561
6/11/2024,7,8,Wind,2328
6/5/2020,21,22,Wind,6664
5/2/2021,13,14,Solar,4993
1/13/2022,0,1,Wind,3276
7/24/2020,3,4,Wind,1739
8/29/2024,5,6,Wind,2083
1/3/2024,0,1,Wind,17272
4/2/2024,2,3,Wind,12285
7/29/2020,16,17,Solar,3480
11/5/2024,6,7,Wind,1690
10/24/2022,8,9,Wind,11508
2/27/2023,10,11,Wind,15692
4/2/2020,15,16,Solar,4169
5/13/2020,3,4,Wind,3174
11/22/2023,14,15,Wind,7314
9/11/2021,11,12,Solar,4969
4/7/2025,15,16,Solar,9862
7/27/2025,22,23,Wind,3862
3/11/2021,13,14,Wind,16144
4/30/2022,16,17,Solar,8188
1/19/2023,23,0,Wind,1710
9/11/2022,4,5,Wind,472
9/25/2021,16,17,Solar,3402
8/8/2020,12,13,Solar,3996
6/8/2021,1,2,Wind,1148
6/10/2024,21,22,Wind,4062
6/18/2020,0,1,Wind,1443
5/30/2023,17,18,Wind,13363
2/17/2022,1,2,Wind,15609
5/11/2022,19,20,Wind,8878
5/7/2024,7,8,Wind,2974
11/22/2025,12,13,Wind,12324
4/9/2021,21,22,Wind,5279
12/24/2021,11,12,Wind,3872
3/11/2023,12,13,Wind,6406
8/13/2021,13,14,Solar,5323
2/1/2021,15,16,Wind,7166
9/11/2023,13,14,Solar,7117
7/1/2020,13,14,Wind,5874
3/10/2025,9,10,Solar,4807
6/23/2023,15,16,Solar,7976
2/9/2023,13,14,Solar,5168
5/24/2020,0,1,Wind,4384
7/26/2021,23,0,Wind,1465
9/28/2020,6,7,Wind,3962
8/25/2021,0,1,Wind,6786
12/16/2021,14,15,Wind,5553
3/11/2022,22,23,Wind,10557
4/13/2020,17,18,Wind,10961
10/4/2022,23,0,Wind,2160
6/12/2025,1,2,Wind,8382
8/18/2022,10,11,Solar,3688
10/25/2025,18,19,Wind,8209
10/24/2023,22,23,Wind,6448
10/13/2021,18,19,Wind,2194
7/19/2025,11,12,Wind,10173
6/1/2021,5,6,Wind,5221
6/30/2022,22,23,Wind,2181
1/4/2020,5,6,Wind,3143
4/23/2020,3,4,Wind,2541
9/19/2021,9,10,Wind,4133
2/1/2021,5,6,Wind,5020
7/8/2022,8,9,Wind,3748
7/8/2025,13,14,Solar,13125
7/7/2021,14,15,Solar,5096
1/22/2020,15,16,Wind,4074
6/28/2025,17,18,Solar,7681
2/25/2021,3,4,Wind,4820
5/22/2021,17,18,Wind,10961
2/16/2022,5,6,Wind,14822
6/22/2023,4,5,Wind,3376
6/18/2022,22,23,Wind,8199
6/8/2022,15,16,Wind,10512
12/1/2022,3,4,Wind,3869
4/17/2023,16,17,Wind,10404
12/9/2020,9,10,Wind,3334
2/7/2023,18,19,Wind,5042
9/28/2020,20,21,Wind,4228
2/12/2023,15,16,Solar,5718
11/23/2023,2,3,Wind,2948
12/12/2024,19,20,Wind,3528
5/11/2025,1,2,Wind,7504
5/30/2024,19,20,Wind,8561
7/29/2024,16,17,Solar,8215
8/27/2024,23,0,Wind,3000
11/13/2021,9,10,Wind,5084
9/20/2021,19,20,Wind,3112
2/13/2023,12,13,Solar,6722
11/14/2020,2,3,Wind,4362
1/29/2025,0,1,Wind,18199
3/2/2022,4,5,Wind,2961
6/6/2025,16,17,Wind,7448
7/15/2025,2,3,Wind,3144
5/15/2022,15,16,Solar,9252
6/6/2024,16,17,Solar,7935
12/1/2020,6,7,Wind,7577
2/1/2020,20,21,Wind,10073
12/5/2022,7,8,Wind,723
11/2/2021,17,18,Wind,1723
3/30/2024,15,16,Solar,7864
5/7/2020,14,15,Solar,4403
7/22/2024,4,5,Wind,3323
1/23/2022,23,0,Wind,3658
4/16/2024,8,9,Wind,14410
2/2/2021,17,18,Wind,9228
4/6/2025,12,13,Solar,8484
10/24/2025,20,21,Wind,12993
9/12/2024,19,20,Wind,4668
6/1/2021,20,21,Wind,3220
6/10/2022,4,5,Wind,2337
5/12/2024,4,5,Wind,3727
11/1/2025,1,2,Wind,13837
5/29/2022,9,10,Solar,7338
8/30/2023,18,19,Wind,7641
4/29/2023,20,21,Wind,2453
5/22/2022,15,16,Solar,5188
8/12/2022,12,13,Solar,8910
8/31/2020,13,14,Solar,4731
9/17/2020,1,2,Wind,5365
5/13/2023,10,11,Solar,7155
10/16/2021,15,16,Solar,4121
1/4/2022,8,9,Wind,6398
11/10/2024,22,23,Wind,2532
4/25/2022,21,22,Wind,2493
5/14/2021,11,12,Wind,7152
10/14/2020,8,9,Wind,3082
9/29/2021,13,14,Wind,11398
2/2/2020,2,3,Wind,6412
7/10/2021,19,20,Wind,3038
6/9/2022,0,1,Wind,6305
12/4/2021,2,3,Wind,8913
8/5/2020,4,5,Wind,1018
1/22/2020,16,17,Wind,3930
2/21/2024,0,1,Wind,3618
1/1/2021,12,13,Solar,1994
7/20/2021,22,23,Wind,3054
7/9/2025,11,12,Solar,9719
12/8/2024,6,7,Wind,16946
10/21/2024,20,21,Wind,4621
7/3/2025,13,14,Solar,9835
6/3/2022,8,9,Wind,3026
6/15/2022,13,14,Solar,6208
3/18/2022,5,6,Wind,8159
3/9/2021,8,9,Wind,2948
2/17/2022,19,20,Wind,8507
11/11/2021,5,6,Wind,982
6/6/2020,1,2,Wind,5766
10/24/2020,8,9,Wind,8585
9/18/2023,9,10,Wind,8347
11/24/2025,7,8,Wind,8309
9/9/2021,1,2,Wind,2685
9/25/2025,18,19,Wind,3302
5/12/2021,17,18,Wind,4435
6/2/2022,9,10,Solar,4378
1/14/2025,15,16,Solar,4353
3/22/2023,14,15,Wind,15456
7/7/2024,19,20,Wind,4892
1/28/2021,4,5,Wind,9675
2/12/2025,1,2,Wind,2685
8/25/2021,14,15,Solar,9454
7/17/2023,6,7,Wind,2269
6/25/2025,13,14,Solar,9397
3/3/2021,9,10,Wind,1845
6/22/2021,14,15,Wind,6749
3/19/2025,13,14,Solar,13786
5/31/2020,19,20,Wind,5250
2/21/2020,16,17,Wind,7148
6/4/2023,8,9,Wind,4706
3/3/2025,18,19,Wind,2282
8/17/2025,12,13,Solar,11455
1/3/2020,21,22,Wind,4570
5/19/2023,18,19,Wind,8236
4/3/2021,5,6,Wind,7508
7/16/2025,12,13,Solar,16160
6/8/2024,5,6,Wind,2141
9/29/2022,15,16,Solar,3999
9/19/2024,8,9,Wind,8855
5/23/2021,20,21,Wind,6519
11/19/2024,2,3,Wind,16568
11/2/2025,12,13,Wind,17124
3/6/2020,19,20,Wind,4409
9/24/2025,14,15,Wind,10617
3/6/2021,0,1,Wind,6907
1/8/2024,1,2,Wind,11458
1/29/2024,9,10,Wind,8026
6/8/2024,21,22,Wind,2990
9/5/2020,2,3,Wind,2313
8/29/2023,16,17,Solar,6026
3/31/2023,21,22,Wind,17308
8/2/2021,12,13,Solar,4915
11/12/2021,19,20,Wind,4622
4/7/2024,13,14,Wind,6534
8/23/2022,20,21,Wind,692
3/31/2025,12,13,Solar,12441
12/12/2024,23,0,Wind,3205
10/30/2023,14,15,Wind,6382
7/13/2025,23,0,Wind,2819
3/10/2020,16,17,Wind,12787
1/9/2021,3,4,Wind,2353
4/2/2021,2,3,Wind,7071
11/24/2022,21,22,Wind,10233
8/4/2025,4,5,Wind,2819
9/24/2021,10,11,Solar,3708
11/14/2020,14,15,Wind,9092
2/12/2025,11,12,Solar,3734
11/18/2024,17,18,Wind,7419
8/25/2025,11,12,Solar,7160
11/11/2025,13,14,Wind,13901
9/15/2021,9,10,Wind,2675
8/21/2022,7,8,Wind,794
11/14/2025,3,4,Wind,10916
4/30/2022,10,11,Solar,6810
10/9/2022,3,4,Wind,4965
4/26/2024,0,1,Wind,2294
3/12/2022,15,16,Wind,9696
2/21/2023,12,13,Solar,4252
3/29/2023,11,12,Solar,8491
4/27/2021,22,23,Wind,2003
2/17/2020,4,5,Wind,6453
1/19/2024,23,0,Wind,3521
3/31/2025,7,8,Wind,5090
11/2/2021,12,13,Wind,6192
11/11/2022,7,8,Wind,3461
10/26/2021,12,13,Solar,5605
9/22/2022,19,20,Wind,399
5/11/2025,13,14,Solar,4563
1/28/2022,1,2,Wind,2439
11/20/2022,10,11,Wind,9228
7/12/2022,1,2,Wind,4082
11/24/2024,12,13,Wind,22929
2/1/2020,4,5,Wind,9131
11/6/2024,5,6,Wind,189
10/28/2021,9,10,Wind,6796
10/22/2020,12,13,Wind,5144
3/10/2022,0,1,Wind,6808
11/3/2021,5,6,Wind,3819
12/8/2024,2,3,Wind,16670
6/3/2020,5,6,Wind,631
6/27/2020,11,12,Wind,9506
6/4/2021,3,4,Wind,1527
11/17/2020,22,23,Wind,2667
10/21/2021,8,9,Wind,11321
8/19/2021,23,0,Wind,940
6/4/2020,23,0,Wind,2918
8/14/2023,11,12,Solar,7955
5/13/2024,3,4,Wind,2321
8/11/2024,16,17,Solar,5870
5/4/2021,7,8,Wind,13322
4/26/2025,11,12,Solar,4018
1/21/2020,18,19,Wind,3303
11/2/2021,19,20,Wind,2311
7/29/2023,1,2,Wind,3618
5/21/2023,8,9,Wind,4686
2/7/2025,18,19,Wind,9119
7/25/2022,11,12,Wind,10186
10/16/2024,16,17,Wind,11196
1/11/2022,18,19,Wind,2621
4/19/2024,2,3,Wind,6475
7/28/2024,23,0,Wind,6281
4/5/2025,18,19,Wind,8043
1/4/2022,20,21,Wind,9372
7/6/2023,4,5,Wind,1028
3/22/2024,23,0,Wind,7326
1/16/2024,9,10,Wind,2207
5/8/2024,20,21,Wind,3372
1/26/2025,19,20,Wind,19633
7/20/2020,7,8,Wind,3155
3/2/2024,1,2,Wind,11147
5/17/2021,13,14,Wind,15419
9/22/2024,4,5,Wind,3577
7/18/2021,3,4,Wind,5140
3/20/2020,15,16,Wind,7700
4/14/2025,23,0,Wind,5469
2/19/2020,7,8,Wind,7659
11/21/2021,4,5,Wind,556
10/25/2023,10,11,Wind,10951
7/16/2023,19,20,Wind,5612
7/22/2020,12,13,Solar,3790
3/8/2024,1,2,Wind,10506
12/10/2020,14,15,Wind,3341
6/19/2022,8,9,Wind,7096
10/23/2024,20,21,Wind,5480
6/11/2024,23,0,Wind,2863
9/9/2021,5,6,Wind,1689
6/11/2020,15,16,Wind,5051
6/7/2024,4,5,Wind,1976
3/26/2024,23,0,Wind,8226
2/9/2022,9,10,Wind,4407
2/15/2025,20,21,Wind,5334
4/28/2021,6,7,Wind,857
8/27/2020,11,12,Solar,4553
10/1/2024,7,8,Wind,6398
5/21/2021,0,1,Wind,9704
12/5/2021,22,23,Wind,4707
8/1/2022,14,15,Solar,6729
9/18/2022,23,0,Wind,4648
1/14/2025,4,5,Wind,2738
1/4/2025,9,10,Wind,4819
8/23/2020,20,21,Wind,3074
12/11/2022,11,12,Solar,4059
7/5/2024,2,3,Wind,3591
7/12/2021,10,11,Wind,3055
12/4/2022,18,19,Wind,1267
9/29/2023,15,16,Wind,10069
10/6/2024,10,11,Wind,7982
2/27/2023,20,21,Wind,11622
6/6/2021,7,8,Wind,2047
4/6/2022,17,18,Wind,13616
1/29/2025,14,15,Wind,13601
10/30/2024,21,22,Wind,3374
6/14/2024,18,19,Wind,11508
2/5/2024,19,20,Wind,7217
11/16/2020,2,3,Wind,9712
11/3/2025,12,13,Wind,14275
5/28/2023,22,23,Wind,9225
1/24/2020,22,23,Wind,628
2/4/2022,5,6,Wind,6025
1/2/2020,18,19,Wind,5346
8/30/2022,0,1,Wind,5425
11/29/2025,0,1,Wind,5241
5/14/2025,10,11,Solar,7025
12/25/2024,2,3,Wind,1698
9/16/2024,11,12,Solar,8063
6/13/2020,2,3,Wind,3116
5/26/2025,10,11,Solar,10578
1/29/2022,9,10,Wind,8062
8/29/2021,7,8,Wind,3373
8/17/2023,4,5,Wind,2138
11/1/2021,16,17,Wind,6650
4/27/2025,13,14,Solar,4171
3/25/2020,20,21,Wind,7278
11/13/2025,13,14,Wind,10055
10/29/2022,9,10,Wind,8680
5/12/2025,3,4,Wind,2071
12/26/2021,18,19,Wind,2979
11/27/2022,5,6,Wind,6949
6/10/2025,19,20,Wind,4337
1/14/2020,11,12,Wind,13956
4/19/2025,14,15,Wind,4692
10/16/2022,4,5,Wind,3203
11/8/2025,12,13,Solar,5483
6/3/2023,0,1,Wind,7045
12/21/2022,4,5,Wind,5289
8/15/2022,6,7,Wind,2354
6/14/2025,21,22,Wind,2617
11/11/2021,19,20,Wind,904
4/2/2024,19,20,Wind,9355
12/3/2024,0,1,Wind,6322
8/18/2021,10,11,Solar,4153
2/18/2022,0,1,Wind,6361
6/15/2020,9,10,Solar,3227
6/6/2020,3,4,Wind,5774
10/31/2022,6,7,Wind,3071
8/2/2023,18,19,Wind,18182
6/8/2023,6,7,Wind,4578
4/21/2024,15,16,Wind,10808
11/2/2025,9,10,Wind,11230
1/11/2023,22,23,Wind,15390
3/19/2020,11,12,Solar,3951
8/17/2025,8,9,Wind,6183
8/7/2020,6,7,Wind,2021
11/22/2025,9,10,Wind,8243
9/4/2025,5,6,Wind,6876
7/22/2020,10,11,Solar,2606
4/26/2021,3,4,Wind,9366
8/19/2021,4,5,Wind,1485
10/25/2022,14,15,Solar,5213
4/6/2020,9,10,Wind,6188
7/8/2023,15,16,Solar,8194
5/10/2020,10,11,Wind,2276
1/17/2020,1,2,Wind,9434
1/10/2024,9,10,Wind,2524
3/29/2022,14,15,Solar,4278
12/7/2022,14,15,Solar,3789
6/6/2024,1,2,Wind,1268
1/30/2020,6,7,Wind,6684
8/18/2020,9,10,Solar,1797
12/12/2024,7,8,Wind,3380
4/4/2022,23,0,Wind,8520
10/13/2025,4,5,Wind,6073
6/18/2024,4,5,Wind,2793
5/10/2022,6,7,Wind,2478
4/26/2023,15,16,Solar,4624
6/16/2021,2,3,Wind,1499
9/3/2021,6,7,Wind,2094
4/7/2025,3,4,Wind,6184
7/21/2020,8,9,Wind,3014
5/12/2022,10,11,Solar,4025
12/22/2022,11,12,Wind,13135
10/8/2024,22,23,Wind,13096
6/13/2021,5,6,Wind,2592
3/9/2021,22,23,Wind,2083
1/3/2022,17,18,Wind,8634
2/15/2025,21,22,Wind,5507
12/3/2021,13,14,Wind,13277
5/7/2021,8,9,Wind,3061
6/27/2025,2,3,Wind,3511
2/1/2020,11,12,Wind,11252
7/1/2020,20,21,Wind,4054
5/1/2023,20,21,Wind,3856
7/8/2025,18,19,Solar,8997
2/18/2021,20,21,Wind,6214
11/28/2022,13,14,Wind,5047
7/1/2021,17,18,Solar,3901
11/15/2023,20,21,Wind,4554
1/14/2021,10,11,Wind,8411
5/27/2020,11,12,Solar,5832
4/16/2020,21,22,Wind,1491
6/29/2020,16,17,Wind,10010
4/2/2024,6,7,Wind,13175
5/8/2022,1,2,Wind,4285
12/29/2023,15,16,Wind,13922
3/15/2024,3,4,Wind,10445
6/7/2021,6,7,Wind,1268
3/31/2020,17,18,Wind,10262
9/13/2021,1,2,Wind,2586
1/16/2023,14,15,Wind,16385
2/1/2021,20,21,Wind,3405
9/13/2022,5,6,Wind,1654
7/29/2023,15,16,Wind,11966
8/9/2020,16,17,Solar,3364
9/23/2021,1,2,Wind,1404
3/18/2021,9,10,Wind,4597
1/13/2024,0,1,Wind,2503
6/27/2023,6,7,Wind,2239
12/15/2023,0,1,Wind,2968
6/12/2023,19,20,Wind,3168
12/14/2020,6,7,Wind,8437
5/4/2023,13,14,Solar,11275
1/6/2022,11,12,Solar,5010
5/5/2023,6,7,Wind,2188
3/24/2021,19,20,Wind,2191
11/6/2020,5,6,Wind,6584
10/13/2025,0,1,Wind,7395
4/9/2025,22,23,Wind,11401
6/13/2022,3,4,Wind,3888
12/6/2020,0,1,Wind,3896
12/26/2022,23,0,Wind,5200
7/7/2022,18,19,Wind,8067
9/27/2021,16,17,Wind,10010
1/29/2024,18,19,Wind,7099
3/25/2024,21,22,Wind,8820
12/27/2022,9,10,Wind,4677
12/3/2021,18,19,Wind,11102
4/4/2023,15,16,Solar,10833
3/28/2024,7,8,Wind,15504
12/23/2022,0,1,Wind,11216
4/27/2025,22,23,Wind,3364
4/20/2020,0,1,Wind,5506
10/17/2022,12,13,Wind,6996
1/2/2025,0,1,Wind,12035
7/24/2020,15,16,Solar,6901
11/21/2020,10,11,Wind,4830
8/22/2022,19,20,Wind,2515
12/29/2022,4,5,Wind,11261
11/11/2022,23,0,Wind,4623
7/15/2021,23,0,Wind,5085
6/29/2020,18,19,Wind,8918
11/2/2020,17,18,Wind,8515
6/8/2022,14,15,Wind,10122
11/27/2020,1,2,Wind,1637
3/1/2022,18,19,Wind,1775
8/19/2025,16,17,Solar,6355
11/13/2022,22,23,Wind,2673
11/6/2025,21,22,Wind,2696
7/13/2022,12,13,Solar,6334
12/27/2021,9,10,Wind,8156
10/25/2021,20,21,Wind,3029
9/12/2023,4,5,Wind,705
4/2/2023,4,5,Wind,8890
9/28/2021,2,3,Wind,2108
5/17/2024,14,15,Solar,7184
11/13/2025,1,2,Wind,12913
10/13/2020,16,17,Wind,5579
2/17/2021,22,23,Wind,7964
10/9/2020,18,19,Wind,3322
2/19/2025,20,21,Wind,7629
11/16/2021,16,17,Wind,1087
12/30/2020,23,0,Wind,5476
7/14/2022,14,15,Solar,8923
3/19/2023,13,14,Wind,7895
7/24/2024,11,12,Solar,6845
10/31/2024,20,21,Wind,1073
5/9/2023,19,20,Wind,7431
3/9/2021,6,7,Wind,2088
5/6/2024,20,21,Wind,3270
10/26/2022,17,18,Wind,3223
12/7/2021,12,13,Wind,11221
5/5/2024,23,0,Wind,2081
4/23/2023,18,19,Wind,14741
11/2/2022,19,20,Wind,7737
3/14/2021,15,16,Wind,13538
11/29/2021,10,11,Wind,3702
6/14/2025,14,15,Solar,4546
4/28/2024,9,10,Wind,7916
5/13/2020,1,2,Wind,3264
6/4/2025,16,17,Solar,8625
6/23/2024,12,13,Solar,4144
1/24/2024,10,11,Wind,15539
10/14/2021,4,5,Wind,1720
10/8/2021,23,0,Wind,5380
3/17/2023,23,0,Wind,6418
8/28/2023,5,6,Wind,2801
9/7/2022,12,13,Solar,7186
12/23/2023,11,12,Wind,15819
8/5/2023,10,11,Wind,11382
5/28/2023,23,0,Wind,9894
7/20/2022,1,2,Wind,3765
1/18/2023,2,3,Wind,4661
9/29/2024,2,3,Wind,1731
2/23/2024,12,13,Wind,16403
10/4/2021,23,0,Wind,7024
10/20/2025,0,1,Wind,13425
3/24/2023,8,9,Wind,12405
7/23/2020,18,19,Solar,1954
5/13/2020,23,0,Wind,7165
9/6/2022,23,0,Wind,2214
2/17/2021,7,8,Wind,7775
5/29/2021,12,13,Solar,6169
7/25/2024,21,22,Wind,2257
4/16/2022,20,21,Wind,6001
7/28/2020,5,6,Wind,4107
5/31/2021,19,20,Wind,3587
6/27/2024,21,22,Wind,4170
10/23/2021,22,23,Wind,3701
11/22/2022,20,21,Wind,10307
3/26/2020,20,21,Wind,4960
8/9/2020,7,8,Wind,963
11/23/2025,22,23,Wind,6568
6/17/2022,3,4,Wind,3147
9/6/2020,6,7,Wind,1309
1/8/2023,12,13,Wind,13363
5/27/2020,2,3,Wind,4422
12/29/2023,12,13,Wind,15941
1/6/2022,3,4,Wind,2846
3/8/2025,0,1,Wind,10805
6/25/2023,16,17,Solar,8815
10/31/2023,12,13,Wind,11825
4/18/2021,7,8,Wind,2893
5/5/2020,14,15,Wind,6849
5/3/2023,9,10,Solar,7624
9/3/2023,19,20,Wind,5905
10/25/2024,21,22,Wind,1798
5/11/2022,6,7,Wind,3550
1/30/2025,14,15,Wind,8803
4/29/2020,5,6,Wind,4808
4/3/2020,5,6,Wind,2053
5/14/2020,1,2,Wind,7248
8/22/2020,9,10,Wind,7218
4/24/2021,19,20,Wind,6192
6/26/2025,17,18,Wind,14166
10/7/2020,20,21,Wind,4044
2/11/2020,13,14,Wind,14541
10/21/2024,23,0,Wind,6386
8/7/2022,8,9,Wind,5411
1/8/2021,7,8,Wind,1043
3/27/2020,12,13,Solar,5875
9/14/2022,13,14,Solar,6213
2/9/2021,17,18,Wind,5404
4/25/2021,5,6,Wind,8275
12/20/2022,1,2,Wind,13886
3/15/2023,8,9,Wind,3420
1/9/2024,18,19,Wind,3646
6/5/2021,15,16,Solar,5731
11/28/2024,22,23,Wind,4321
4/28/2020,3,4,Wind,3006
10/8/2025,2,3,Wind,730
7/24/2025,12,13,Solar,8701
5/18/2021,20,21,Wind,3351
4/7/2023,6,7,Wind,1998
2/28/2022,18,19,Wind,2179
11/3/2023,23,0,Wind,10599
4/28/2021,23,0,Wind,2245
10/22/2023,19,20,Wind,1963
12/4/2023,16,17,Wind,14332
3/12/2023,10,11,Wind,11363
6/10/2024,16,17,Wind,9028
12/7/2023,7,8,Wind,7243
1/11/2020,13,14,Wind,6243
6/20/2022,18,19,Wind,6057
12/9/2021,12,13,Wind,6822
10/22/2021,4,5,Wind,2148
8/18/2023,12,13,Solar,7556
8/26/2020,15,16,Wind,10494
5/17/2023,1,2,Wind,7393
12/10/2024,14,15,Wind,9436
9/4/2023,16,17,Wind,10840
6/15/2023,21,22,Wind,2306
1/12/2021,6,7,Wind,12614
4/23/2021,7,8,Wind,5325
5/28/2020,21,22,Wind,4838
4/17/2023,0,1,Wind,3728
1/12/2020,6,7,Wind,7023
11/29/2024,4,5,Wind,7114
4/28/2025,20,21,Wind,4319
6/10/2020,10,11,Solar,3435
2/15/2025,17,18,Wind,3299
3/25/2023,18,19,Wind,9938
10/4/2021,19,20,Wind,4512
8/3/2023,6,7,Wind,11952
8/27/2022,1,2,Wind,2886
2/8/2021,17,18,Wind,1809
2/5/2023,16,17,Wind,10704
4/27/2021,21,22,Wind,1594
12/8/2021,1,2,Wind,10646
9/29/2022,21,22,Wind,1181
8/14/2025,0,1,Wind,3432
8/12/2023,8,9,Wind,2514
4/25/2022,0,1,Wind,3834
3/12/2025,6,7,Wind,2812
1/2/2023,23,0,Wind,4165
6/23/2021,23,0,Wind,2524
1/27/2024,14,15,Solar,5047
4/19/2022,12,13,Solar,5004
11/2/2020,6,7,Wind,11975
2/25/2025,22,23,Wind,11904
9/30/2025,4,5,Wind,1402
3/18/2023,22,23,Wind,3908
11/25/2020,7,8,Wind,6287
11/11/2020,15,16,Wind,3805
5/26/2022,5,6,Wind,3427
4/27/2020,20,21,Wind,2041
7/26/2021,6,7,Wind,1744
7/1/2024,7,8,Wind,2190
10/13/2022,12,13,Wind,6261
4/9/2021,18,19,Wind,5113
10/10/2021,0,1,Wind,2713
4/22/2023,11,12,Wind,8274
1/22/2022,23,0,Wind,1705
10/6/2024,21,22,Wind,8155
5/4/2020,4,5,Wind,772
11/6/2022,5,6,Wind,7347
8/16/2024,12,13,Solar,8933
12/15/2020,16,17,Wind,2633
1/4/2021,19,20,Wind,3018
2/17/2022,15,16,Wind,14562
2/22/2020,7,8,Wind,8585
2/3/2025,12,13,Solar,6618
5/16/2022,12,13,Solar,7824
3/20/2025,15,16,Wind,8861
10/8/2021,17,18,Wind,6180
1/11/2025,4,5,Wind,2047
10/29/2024,3,4,Wind,1443
5/25/2021,8,9,Wind,9963
4/20/2022,18,19,Wind,4079
7/28/2023,20,21,Wind,4401
1/25/2022,8,9,Wind,376
11/12/2024,0,1,Wind,8295
7/2/2021,4,5,Wind,524
4/30/2022,22,23,Wind,4244
3/18/2024,6,7,Wind,2178
12/28/2023,23,0,Wind,13532
4/4/2023,22,23,Wind,4225
6/19/2022,19,20,Wind,7351
10/27/2021,12,13,Solar,5370
1/24/2025,16,17,Wind,14158
6/22/2021,21,22,Wind,3591
7/25/2021,18,19,Wind,5105
12/1/2021,7,8,Wind,13835
3/1/2020,20,21,Wind,8419
3/28/2024,4,5,Wind,14967
1/3/2020,22,23,Wind,4207
11/25/2024,23,0,Wind,6573
5/5/2023,15,16,Solar,8449
4/27/2025,5,6,Wind,4156
5/21/2024,17,18,Solar,6724
10/17/2023,18,19,Wind,7943
5/15/2023,15,16,Wind,12236
4/20/2024,7,8,Wind,6623
4/28/2024,21,22,Wind,3181
6/17/2022,8,9,Wind,3818
3/26/2021,16,17,Wind,10584
10/7/2023,7,8,Wind,2231
2/2/2025,13,14,Solar,5898
7/28/2025,6,7,Wind,3946
10/25/2025,8,9,Wind,12427
12/2/2020,3,4,Wind,4378
6/10/2022,10,11,Solar,6486
11/17/2024,19,20,Wind,5733
11/13/2022,23,0,Wind,3184
6/17/2024,23,0,Wind,2344
10/27/2020,4,5,Wind,5881
5/6/2025,22,23,Wind,9412
7/1/2023,6,7,Wind,7665
11/10/2023,0,1,Wind,12598
7/4/2024,15,16,Wind,8892
6/15/2021,2,3,Wind,2314
8/9/2025,2,3,Wind,1411
10/18/2023,8,9,Wind,11434
5/23/2022,15,16,Wind,11353
9/27/2020,6,7,Wind,11628
4/15/2021,0,1,Wind,5536
11/5/2023,18,19,Wind,13494
11/3/2022,23,0,Wind,10983
5/2/2021,11,12,Solar,4597
2/20/2024,1,2,Wind,3775
7/11/2024,15,16,Solar,6569
10/23/2025,2,3,Wind,18020
6/26/2021,10,11,Solar,3463
1/26/2023,7,8,Wind,2785
4/21/2024,5,6,Wind,5440
2/7/2024,20,21,Wind,10078
11/19/2023,19,20,Wind,12727
1/14/2020,5,6,Wind,11947
10/10/2025,10,11,Solar,6209
5/6/2020,12,13,Solar,5389
6/11/2023,17,18,Solar,5511
7/10/2020,11,12,Wind,5812
8/6/2023,18,19,Wind,12828
9/28/2022,12,13,Solar,6478
4/17/2025,21,22,Wind,2201
2/28/2023,22,23,Wind,7116
8/17/2020,16,17,Wind,6027
5/13/2021,16,17,Solar,4826
8/28/2020,16,17,Wind,8440
2/28/2021,1,2,Wind,8031
3/22/2024,10,11,Solar,7476
5/4/2022,20,21,Wind,1854
9/27/2022,12,13,Wind,12571
8/8/2025,2,3,Wind,1497
7/20/2021,20,21,Wind,2246
11/6/2023,16,17,Wind,9657
10/9/2022,18,19,Wind,2019
3/3/2021,17,18,Wind,1043
6/27/2021,0,1,Wind,3833
5/27/2024,12,13,Solar,6999
10/26/2021,18,19,Wind,2863
7/31/2020,15,16,Solar,5827
3/27/2023,16,17,Solar,7513
10/8/2023,8,9,Wind,1493
7/4/2020,14,15,Wind,12039
1/29/2025,23,0,Wind,6217
4/20/2025,23,0,Wind,4459
9/11/2022,7,8,Wind,587
2/15/2020,15,16,Wind,10985
5/14/2025,23,0,Wind,6132
3/5/2021,10,11,Wind,7772
10/26/2023,1,2,Wind,4909
10/24/2025,1,2,Wind,14684
10/27/2023,2,3,Wind,8268
6/16/2025,15,16,Solar,10527
1/7/2020,3,4,Wind,3967
7/22/2025,0,1,Wind,7645
3/15/2023,9,10,Solar,4554
10/6/2020,11,12,Wind,11671
10/15/2024,7,8,Wind,3772
2/18/2025,19,20,Wind,11327
11/25/2020,14,15,Wind,4090
5/22/2024,23,0,Wind,3024
1/22/2021,10,11,Wind,3354
9/10/2023,16,17,Solar,6517
2/14/2020,19,20,Wind,4429
1/11/2022,12,13,Solar,5018
4/6/2022,10,11,Wind,7764
12/19/2020,10,11,Wind,10892
1/24/2023,12,13,Wind,6696
7/1/2021,18,19,Solar,3022
10/25/2024,12,13,Wind,6893
11/14/2021,12,13,Wind,4665
4/17/2021,4,5,Wind,4834
8/6/2024,22,23,Wind,2097
8/23/2024,2,3,Wind,9509
2/26/2023,17,18,Wind,18051
1/7/2023,5,6,Wind,10262
6/3/2020,23,0,Wind,3683
10/11/2024,17,18,Solar,3556
9/26/2020,9,10,Wind,11246
6/11/2020,22,23,Wind,3909
1/28/2020,10,11,Wind,12987
1/21/2025,0,1,Wind,1210
2/7/2023,11,12,Wind,9517
8/17/2024,22,23,Wind,2408
4/7/2020,19,20,Wind,1971
11/18/2021,8,9,Wind,1817
10/19/2020,18,19,Wind,6659
10/13/2025,17,18,Wind,9362
1/18/2024,8,9,Wind,7755
12/9/2020,3,4,Wind,2518
5/18/2022,11,12,Solar,5814
11/26/2021,14,15,Wind,12653
4/21/2022,4,5,Wind,3354
11/16/2021,17,18,Wind,997
3/3/2025,2,3,Wind,3177
11/15/2021,22,23,Wind,1190
1/28/2024,22,23,Wind,9203
11/24/2020,15,16,Wind,3478
12/28/2020,10,11,Wind,8666
5/26/2021,17,18,Wind,8501
3/20/2023,12,13,Solar,8613
9/29/2023,0,1,Wind,6503
5/28/2024,12,13,Wind,12992
5/7/2023,4,5,Wind,1644
3/7/2020,13,14,Wind,5851
8/21/2025,18,19,Wind,9974
8/16/2023,7,8,Wind,2047
11/14/2020,17,18,Wind,9187
6/9/2024,9,10,Solar,2265
4/28/2024,14,15,Wind,7361
10/20/2025,1,2,Wind,13116
6/10/2025,22,23,Wind,1822
8/25/2022,10,11,Solar,4870
7/11/2025,13,14,Solar,13057
6/19/2020,8,9,Solar,2120
10/2/2023,1,2,Wind,2511
12/24/2024,6,7,Wind,3087
6/21/2024,18,19,Wind,8537
11/10/2024,3,4,Wind,699
6/9/2024,16,17,Solar,4699
9/16/2020,10,11,Solar,2486
4/19/2020,0,1,Wind,1476
5/22/2020,4,5,Wind,3981
1/13/2021,14,15,Wind,8363
8/26/2020,22,23,Wind,2102
1/3/2023,15,16,Wind,9035
6/1/2024,0,1,Wind,6325
12/27/2021,4,5,Wind,4859
3/10/2020,19,20,Wind,11560
1/12/2024,10,11,Wind,7101
5/13/2025,3,4,Wind,778
7/11/2023,12,13,Solar,9090
5/2/2024,22,23,Wind,10099
4/11/2024,15,16,Solar,7830
4/2/2024,3,4,Wind,12881
1/5/2020,20,21,Wind,1866
5/6/2025,2,3,Wind,10973
11/1/2024,11,12,Solar,5193
11/5/2021,11,12,Solar,4471
1/23/2022,14,15,Solar,5443
7/12/2021,6,7,Wind,2449
12/17/2021,9,10,Wind,7522
4/12/2025,10,11,Wind,9316
12/2/2022,22,23,Wind,6777
12/26/2023,15,16,Wind,4387
1/11/2024,22,23,Wind,7264
1/30/2022,8,9,Wind,1935
5/9/2021,0,1,Wind,6909
6/8/2024,8,9,Solar,3057
1/3/2022,3,4,Wind,9945
3/23/2021,2,3,Wind,2209
12/24/2020,6,7,Wind,10656
10/10/2024,19,20,Wind,3695
5/6/2023,12,13,Solar,6882
6/26/2021,4,5,Wind,185
9/17/2025,21,22,Wind,2855
4/24/2023,16,17,Wind,9691
9/6/2020,10,11,Solar,3044
9/6/2023,5,6,Wind,2295
4/17/2020,2,3,Wind,2140
3/20/2025,16,17,Wind,7679
7/16/2021,11,12,Wind,6977
3/18/2025,10,11,Wind,15177
9/25/2025,17,18,Wind,4486
2/22/2024,23,0,Wind,15643
6/20/2022,13,14,Solar,7456
6/12/2022,8,9,Solar,3007
3/9/2023,18,19,Wind,13804
5/9/2022,6,7,Wind,2226
5/5/2024,7,8,Wind,2579
12/4/2023,7,8,Wind,13712
8/4/2023,14,15,Solar,9711
4/6/2020,3,4,Wind,8031
9/15/2024,5,6,Wind,3382
4/5/2021,3,4,Wind,3346
1/27/2024,3,4,Wind,2096
3/12/2023,4,5,Wind,6830
6/8/2022,21,22,Wind,6976
2/17/2021,13,14,Wind,11476
8/16/2020,1,2,Wind,2149
7/7/2020,12,13,Solar,5078
10/31/2023,13,14,Wind,12274
2/11/2024,20,21,Wind,8630
6/12/2025,10,11,Solar,9373
10/28/2024,4,5,Wind,1027
7/11/2022,23,0,Wind,4311
12/25/2023,19,20,Wind,12990
3/27/2022,12,13,Solar,6255
2/14/2022,23,0,Wind,6512
1/29/2025,6,7,Wind,12896
3/12/2021,0,1,Wind,12379
7/5/2022,2,3,Wind,3640
8/19/2021,13,14,Solar,4835
8/5/2025,12,13,Solar,7071
8/28/2024,22,23,Wind,2348
12/27/2021,16,17,Wind,9445
9/18/2021,2,3,Wind,1168
9/23/2025,14,15,Wind,13351
3/20/2020,6,7,Wind,3577
4/27/2020,17,18,Wind,2626
3/22/2025,16,17,Wind,7212
6/12/2020,4,5,Wind,4286
9/12/2020,1,2,Wind,1147
4/18/2021,11,12,Solar,5661
7/10/2024,13,14,Solar,10399
10/7/2023,6,7,Wind,1898
12/8/2024,8,9,Wind,17304
3/17/2024,4,5,Wind,3960
9/19/2023,3,4,Wind,3900
10/21/2020,9,10,Wind,13322
9/16/2025,16,17,Wind,13968
7/8/2022,18,19,Wind,6914
8/29/2022,20,21,Wind,3839
3/7/2024,9,10,Wind,9031
6/16/2021,19,20,Wind,1787
10/21/2020,10,11,Wind,14414
1/10/2025,6,7,Wind,3643
3/27/2024,23,0,Wind,13594
1/20/2022,19,20,Wind,5272
10/23/2023,20,21,Wind,4431
11/13/2023,2,3,Wind,10550
10/24/2023,13,14,Wind,9197
9/13/2024,15,16,Solar,11435
5/8/2025,3,4,Wind,5647
6/26/2023,12,13,Solar,9710
8/17/2024,16,17,Solar,5446
3/9/2022,15,16,Wind,7922
11/29/2020,4,5,Wind,4505
5/23/2020,19,20,Wind,7295
11/4/2022,23,0,Wind,4294
6/2/2024,23,0,Wind,3481
12/16/2024,10,11,Wind,7735
2/6/2021,20,21,Wind,5019
11/9/2021,23,0,Wind,871
5/12/2022,0,1,Wind,5274
5/11/2020,18,19,Wind,11450
3/11/2021,10,11,Wind,15343
7/19/2021,17,18,Wind,7420
7/11/2020,18,19,Wind,4848
3/20/2024,20,21,Wind,1807
1/29/2025,5,6,Wind,13127
2/4/2024,3,4,Wind,6061
3/2/2025,12,13,Solar,12731
2/6/2025,2,3,Wind,3446
9/12/2024,22,23,Wind,3733
4/22/2020,0,1,Wind,4913
11/2/2020,10,11,Wind,12708
9/17/2022,17,18,Wind,8890
4/20/2025,8,9,Wind,8177
1/25/2021,16,17,Wind,4070
12/4/2020,8,9,Wind,9046
8/1/2023,15,16,Wind,16234
10/31/2022,23,0,Wind,12858
11/12/2022,12,13,Solar,5376
8/20/2023,16,17,Solar,6206
6/14/2023,21,22,Wind,3516
4/23/2022,11,12,Wind,7331
10/2/2023,18,19,Wind,4842
1/3/2024,18,19,Wind,18044
10/14/2021,8,9,Wind,2391
1/12/2020,7,8,Wind,7395
7/8/2023,18,19,Solar,4324
4/6/2025,18,19,Wind,10223
11/1/2021,4,5,Wind,8718
4/20/2023,13,14,Wind,12448
6/29/2024,23,0,Wind,3681
11/28/2022,19,20,Wind,3265
3/10/2024,4,5,Wind,2756
3/28/2021,3,4,Wind,3508
8/25/2023,1,2,Wind,2215
10/19/2021,22,23,Wind,10753
9/2/2024,9,10,Solar,4316
5/23/2023,7,8,Wind,6042
5/3/2020,4,5,Wind,1977
5/9/2024,4,5,Wind,3813
5/17/2024,8,9,Solar,3361
2/12/2023,6,7,Wind,2940
7/29/2025,16,17,Solar,10808
9/29/2021,23,0,Wind,2764
7/4/2020,20,21,Wind,7973
12/27/2022,20,21,Wind,9837
11/12/2024,5,6,Wind,9736
9/6/2022,22,23,Wind,2980
11/26/2025,11,12,Solar,6772
5/20/2020,13,14,Solar,5433
8/30/2025,5,6,Wind,4447
4/14/2024,17,18,Solar,5047
9/30/2021,16,17,Wind,6986
8/25/2024,2,3,Wind,6839
3/23/2024,17,18,Wind,15588
3/7/2022,14,15,Wind,10522
8/29/2021,13,14,Solar,7380
5/3/2020,16,17,Solar,4316
3/4/2025,6,7,Wind,2904
8/19/2022,19,20,Wind,4511
11/5/2024,21,22,Wind,91
11/26/2020,13,14,Solar,3501
11/22/2023,20,21,Wind,4282
3/30/2021,6,7,Wind,2984
9/25/2025,7,8,Wind,3047
8/31/2022,10,11,Solar,4337
1/15/2024,8,9,Wind,3779
8/19/2022,6,7,Wind,2570
7/17/2022,11,12,Solar,8145
2/14/2022,8,9,Wind,11199
12/7/2020,0,1,Wind,1051
1/3/2025,20,21,Wind,3705
10/10/2024,6,7,Wind,8274
7/13/2024,19,20,Solar,2289
10/13/2021,10,11,Solar,4051
2/19/2021,7,8,Wind,5554
3/8/2025,20,21,Wind,12639
11/3/2020,22,23,Wind,3571
6/6/2024,22,23,Wind,2561
9/30/2024,16,17,Wind,11102
4/11/2020,2,3,Wind,3011
6/29/2022,8,9,Solar,2385
6/15/2021,8,9,Solar,2124
8/14/2022,2,3,Wind,4666
5/5/2022,3,4,Wind,2050
8/7/2022,20,21,Wind,6195
8/31/2024,16,17,Solar,7347
6/23/2022,18,19,Wind,3896
8/10/2025,7,8,Wind,3182
6/7/2020,6,7,Wind,2147
1/1/2021,4,5,Wind,998
1/25/2021,2,3,Wind,6191
8/20/2022,23,0,Wind,981
3/8/2021,22,23,Wind,2943
10/11/2023,23,0,Wind,7262
12/31/2020,1,2,Wind,5746
3/31/2021,9,10,Wind,3600
8/23/2020,13,14,Wind,8729
12/1/2021,21,22,Wind,5719
1/11/2024,14,15,Wind,8407
4/19/2022,21,22,Wind,4160
7/30/2023,22,23,Wind,5928
5/20/2025,18,19,Wind,8914
6/13/2025,17,18,Solar,8341
4/30/2025,12,13,Solar,5410
7/6/2022,14,15,Solar,7868
6/7/2020,10,11,Solar,3437
2/19/2021,16,17,Wind,6776
5/11/2024,0,1,Wind,6497
7/7/2021,12,13,Solar,5172
7/20/2020,14,15,Solar,5919
2/24/2025,16,17,Wind,9544
4/15/2020,20,21,Wind,3450
6/2/2023,6,7,Wind,7517
1/19/2023,2,3,Wind,3478
11/16/2021,19,20,Wind,1157
7/1/2025,4,5,Wind,1055
2/21/2023,9,10,Wind,3045
8/9/2024,7,8,Wind,5677
3/25/2020,9,10,Wind,4738
9/19/2024,15,16,Wind,15959
8/24/2025,21,22,Wind,3236
3/4/2022,18,19,Wind,3151
7/21/2023,21,22,Wind,3094
7/4/2025,18,19,Solar,5949
1/3/2024,7,8,Wind,17121
9/14/2025,18,19,Wind,13786
6/30/2024,2,3,Wind,3727
12/19/2023,16,17,Wind,12111
3/26/2022,13,14,Wind,13203
2/9/2021,5,6,Wind,1784
2/5/2025,3,4,Wind,2214
5/31/2025,5,6,Wind,1059
10/31/2021,7,8,Wind,10139
4/27/2025,14,15,Solar,4067
2/13/2022,21,22,Wind,15035
6/23/2024,5,6,Wind,2326
4/21/2025,11,12,Solar,8025
3/16/2021,5,6,Wind,3210
4/29/2023,2,3,Wind,1638
12/23/2022,20,21,Wind,12401
1/30/2021,16,17,Wind,6987
7/30/2020,1,2,Wind,2163
5/5/2021,18,19,Wind,8828
2/4/2021,23,0,Wind,3467
1/19/2021,9,10,Wind,11722
7/21/2023,23,0,Wind,3035
6/8/2023,4,5,Wind,4806
5/14/2023,21,22,Wind,3817
6/19/2025,6,7,Wind,4893
5/18/2023,10,11,Solar,7144
2/15/2025,7,8,Wind,5705
11/20/2024,12,13,Wind,9330
9/22/2020,15,16,Solar,2638
12/15/2024,17,18,Wind,8504
11/20/2024,8,9,Wind,5746
6/14/2023,0,1,Wind,4779
3/11/2022,17,18,Wind,11304
4/28/2023,18,19,Wind,6113
4/1/2024,14,15,Wind,9631
9/13/2023,14,15,Solar,5717
5/29/2021,10,11,Solar,4347
4/1/2024,19,20,Wind,9379
12/3/2021,2,3,Wind,2724
11/9/2023,18,19,Wind,13237
1/13/2023,7,8,Wind,14510
1/22/2023,8,9,Wind,5974
4/13/2020,7,8,Wind,5354
6/29/2022,3,4,Wind,1211
4/29/2020,20,21,Wind,6006
10/5/2021,14,15,Wind,12713
8/27/2025,8,9,Wind,3210
6/23/2023,4,5,Wind,1872
5/4/2021,4,5,Wind,13020
5/3/2021,3,4,Wind,632
9/10/2023,2,3,Wind,3759
7/22/2024,10,11,Solar,7974
6/20/2020,20,21,Wind,1472
9/1/2024,1,2,Wind,4179
8/7/2023,15,16,Solar,9917
8/9/2022,19,20,Wind,7289
5/11/2021,0,1,Wind,2157
2/5/2021,23,0,Wind,2434
11/23/2024,14,15,Wind,19392
2/4/2025,18,19,Wind,3899
12/24/2020,0,1,Wind,11579
6/19/2023,11,12,Solar,5286
2/24/2024,6,7,Wind,7785
11/20/2023,20,21,Wind,8192
10/26/2021,10,11,Wind,3866
9/3/2021,18,19,Solar,1713
8/21/2022,2,3,Wind,603
5/17/2024,22,23,Wind,897
3/5/2024,20,21,Wind,3263
5/24/2023,7,8,Wind,5947
9/13/2020,12,13,Solar,3974
10/7/2021,2,3,Wind,1888
10/26/2025,3,4,Wind,9730
11/13/2024,19,20,Wind,5232
3/5/2025,0,1,Wind,2433
3/17/2022,0,1,Wind,5222
11/3/2022,8,9,Wind,10595
4/22/2023,18,19,Wind,6589
9/6/2024,15,16,Solar,6409
8/23/2021,17,18,Wind,7555
2/6/2020,14,15,Solar,4784
10/24/2020,21,22,Wind,11731
4/6/2021,9,10,Wind,4798
11/12/2020,3,4,Wind,7385
4/22/2021,5,6,Wind,5855
6/18/2021,22,23,Wind,3480
12/6/2022,21,22,Wind,2155
11/17/2021,4,5,Wind,1951
10/18/2025,10,11,Solar,8416
4/15/2020,2,3,Wind,6207
2/17/2020,22,23,Wind,10239
3/16/2025,4,5,Wind,8436
5/9/2021,3,4,Wind,7771
8/12/2020,8,9,Wind,2236
10/13/2021,22,23,Wind,2205
9/11/2024,21,22,Wind,5700
11/7/2024,8,9,Wind,2657
3/31/2020,23,0,Wind,7111
10/18/2023,9,10,Wind,11888
12/30/2021,5,6,Wind,8676
6/5/2021,9,10,Solar,4441
2/18/2024,14,15,Wind,13623
8/7/2020,11,12,Solar,3922
2/12/2024,22,23,Wind,3745
3/9/2024,4,5,Wind,11240
9/5/2022,8,9,Wind,3208
10/14/2020,3,4,Wind,1902
10/12/2023,13,14,Solar,9093
12/20/2023,0,1,Wind,9136
11/28/2021,22,23,Wind,5114
8/29/2024,3,4,Wind,2495
4/22/2023,9,10,Wind,6597
10/2/2024,14,15,Solar,5400
5/25/2023,11,12,Wind,14511
1/21/2024,17,18,Wind,14481
5/21/2020,0,1,Wind,2748
3/4/2023,18,19,Wind,3131
3/21/2022,9,10,Wind,5460
1/2/2023,10,11,Wind,5987
1/20/2023,20,21,Wind,5467
7/22/2023,7,8,Wind,2381
11/17/2025,9,10,Wind,8893
1/15/2025,22,23,Wind,3441
10/15/2023,18,19,Wind,3213
7/5/2024,15,16,Solar,11741
8/15/2024,17,18,Solar,8514
10/1/2021,13,14,Wind,9911
1/21/2022,4,5,Wind,4963
12/19/2022,7,8,Wind,13202
8/13/2025,5,6,Wind,1029
12/22/2021,9,10,Wind,3623
5/26/2025,17,18,Wind,10107
3/19/2024,21,22,Wind,1227
1/17/2022,1,2,Wind,1358
10/15/2023,19,20,Wind,3573
2/16/2025,12,13,Solar,8762
10/7/2022,2,3,Wind,1154
9/15/2021,4,5,Wind,1977
3/6/2025,22,23,Wind,10880
12/9/2021,15,16,Wind,5400
1/2/2023,0,1,Wind,11969
4/17/2021,23,0,Wind,5520
7/30/2021,2,3,Wind,1817
8/24/2020,19,20,Wind,1914
5/15/2020,3,4,Wind,7329
11/24/2023,16,17,Wind,11600
9/6/2023,22,23,Wind,3137
11/3/2025,16,17,Wind,8685
10/27/2025,16,17,Wind,15610
6/28/2025,0,1,Wind,1627
6/10/2025,3,4,Wind,1674
5/31/2022,2,3,Wind,1818
10/14/2020,14,15,Wind,7046
8/14/2023,7,8,Wind,2587
7/23/2020,4,5,Wind,1527
4/16/2022,12,13,Solar,10869
4/16/2025,18,19,Wind,4853
6/5/2021,0,1,Wind,2191
4/24/2020,22,23,Wind,2176
11/23/2023,12,13,Wind,7931
11/10/2023,4,5,Wind,12591
9/24/2024,9,10,Wind,8855
2/22/2025,15,16,Wind,10495
5/5/2025,5,6,Wind,9828
3/5/2025,10,11,Solar,8585
6/28/2024,4,5,Wind,3214
10/16/2020,11,12,Wind,4358
1/6/2023,5,6,Wind,7744
9/5/2022,5,6,Wind,2599
11/25/2022,12,13,Wind,6116
12/14/2020,0,1,Wind,9700
12/23/2023,9,10,Wind,14222
10/4/2022,19,20,Wind,937
8/26/2020,7,8,Wind,8615
10/7/2023,2,3,Wind,1790
1/26/2020,9,10,Wind,3118
1/5/2022,20,21,Wind,4018
11/26/2025,20,21,Wind,2920
6/15/2022,22,23,Wind,2879
9/26/2021,1,2,Wind,2233
7/28/2023,21,22,Wind,3768
6/4/2022,8,9,Wind,3189
1/10/2020,10,11,Wind,6407
9/30/2024,4,5,Wind,12240
10/1/2024,5,6,Wind,7834
11/18/2025,21,22,Wind,8784
4/3/2024,23,0,Wind,11683
10/31/2025,2,3,Wind,10049
2/22/2025,2,3,Wind,10894
7/27/2023,14,15,Wind,16122
9/17/2024,18,19,Wind,13680
12/6/2021,10,11,Wind,3931
11/25/2023,2,3,Wind,8586
2/26/2021,10,11,Wind,3948
7/3/2020,23,0,Wind,2522
3/19/2024,1,2,Wind,1178
11/12/2021,12,13,Solar,4637
9/20/2023,16,17,Wind,14551
1/23/2022,16,17,Wind,3865
9/30/2024,12,13,Wind,20041
11/11/2020,22,23,Wind,7638
1/17/2021,4,5,Wind,5008
11/26/2020,6,7,Wind,2436
9/14/2023,5,6,Wind,710
12/17/2020,7,8,Wind,5368
11/10/2022,17,18,Wind,3142
7/2/2022,22,23,Wind,1832
3/17/2023,9,10,Wind,9108
3/29/2023,12,13,Solar,9902
6/27/2025,11,12,Solar,9500
2/9/2025,5,6,Wind,3088
9/18/2020,14,15,Wind,6021
11/18/2024,7,8,Wind,9481
4/19/2022,11,12,Solar,4623
11/27/2020,10,11,Wind,2632
11/16/2020,11,12,Wind,9214
2/12/2020,2,3,Wind,9274
7/15/2021,0,1,Wind,7907
11/27/2025,4,5,Wind,6967
8/5/2024,14,15,Solar,8671
5/16/2021,20,21,Wind,9142
2/24/2021,21,22,Wind,6699
3/5/2020,6,7,Wind,5871
6/3/2024,1,2,Wind,3047
2/6/2025,7,8,Wind,5595
9/2/2023,2,3,Wind,2089
11/14/2022,16,17,Wind,4420
1/31/2020,9,10,Wind,6229
6/13/2021,7,8,Wind,2420
8/14/2024,19,20,Wind,3688
5/25/2024,18,19,Solar,3720
12/27/2020,22,23,Wind,7389
4/1/2020,13,14,Solar,5326
1/18/2023,18,19,Wind,5216
3/13/2021,23,0,Wind,11499
7/25/2024,9,10,Solar,4811
12/25/2024,11,12,Solar,3467
6/23/2023,6,7,Wind,1435
4/22/2022,14,15,Solar,8327
3/16/2020,14,15,Wind,3423
6/6/2022,1,2,Wind,2710
12/11/2021,0,1,Wind,10034
10/12/2021,8,9,Wind,2616
4/8/2025,11,12,Solar,9010
7/30/2025,11,12,Solar,7443
12/19/2020,8,9,Wind,11340
7/6/2023,13,14,Solar,7124
6/13/2021,15,16,Solar,4905
7/11/2020,10,11,Solar,4169
9/4/2020,18,19,Solar,2508
8/18/2020,21,22,Wind,697
6/23/2024,19,20,Solar,3387
12/18/2020,5,6,Wind,5793
10/4/2025,6,7,Wind,17093
3/12/2024,22,23,Wind,8894
10/21/2024,9,10,Wind,5133
3/11/2025,22,23,Wind,4647
8/6/2021,13,14,Wind,12722
1/25/2025,15,16,Wind,5523
3/12/2020,3,4,Wind,10434
12/28/2021,1,2,Wind,12227
6/8/2023,7,8,Wind,4772
10/3/2024,11,12,Wind,11198
1/18/2023,19,20,Wind,5226
6/6/2022,4,5,Wind,1864
12/8/2021,18,19,Wind,5364
3/15/2020,1,2,Wind,3727
3/18/2022,12,13,Wind,14015
3/11/2022,20,21,Wind,10416
2/6/2025,16,17,Wind,12071
4/23/2022,0,1,Wind,5823
2/13/2023,14,15,Solar,6344
12/26/2023,20,21,Wind,2721
8/24/2020,0,1,Wind,2460
10/29/2020,13,14,Wind,8549
5/24/2022,23,0,Wind,1737
10/21/2024,8,9,Wind,4204
4/16/2022,18,19,Wind,8184
5/16/2022,19,20,Solar,1701
5/19/2024,23,0,Wind,1146
10/9/2022,17,18,Solar,3480
5/19/2022,10,11,Wind,7130
7/1/2022,7,8,Wind,2336
5/9/2023,8,9,Wind,4052
2/3/2022,16,17,Wind,2472
6/6/2021,14,15,Solar,5111
9/20/2021,4,5,Wind,1552
5/8/2024,19,20,Wind,4590
5/31/2020,17,18,Wind,6587
3/27/2022,22,23,Wind,2412
9/12/2022,18,19,Wind,2581
8/18/2024,11,12,Solar,8765
5/4/2020,15,16,Solar,5337
10/23/2024,6,7,Wind,1709
2/10/2022,6,7,Wind,5360
4/8/2020,17,18,Solar,2595
9/2/2022,1,2,Wind,2750
5/22/2022,2,3,Wind,2963
1/28/2022,8,9,Wind,1216
7/12/2021,5,6,Wind,2454
11/5/2023,1,2,Wind,14785
2/12/2024,7,8,Wind,2207
6/9/2024,4,5,Wind,3499
5/3/2023,18,19,Wind,8694
2/22/2025,9,10,Wind,10315
11/23/2024,3,4,Wind,9018
4/20/2024,23,0,Wind,6161
1/14/2022,10,11,Solar,2655
12/22/2024,14,15,Wind,18534
1/1/2023,16,17,Wind,9041
7/31/2023,6,7,Wind,8004
6/19/2021,15,16,Solar,4434
6/15/2025,7,8,Wind,2381
7/13/2023,11,12,Solar,8460
11/20/2022,14,15,Wind,11679
7/29/2023,16,17,Wind,11633
6/26/2024,17,18,Solar,5746
5/27/2025,2,3,Wind,6782
5/17/2023,11,12,Solar,12591
11/5/2021,8,9,Wind,3138
9/20/2024,9,10,Wind,6343
8/2/2023,15,16,Wind,20359
5/13/2024,23,0,Wind,6358
12/25/2024,16,17,Wind,1322
9/29/2020,18,19,Wind,1250
2/4/2021,9,10,Wind,2756
1/26/2021,12,13,Wind,5374
3/2/2023,11,12,Solar,5920
8/29/2020,0,1,Wind,3168
8/28/2020,14,15,Wind,8716
5/10/2023,8,9,Wind,7126
4/24/2023,17,18,Wind,8130
4/19/2022,2,3,Wind,2920
4/23/2022,13,14,Wind,8065
9/25/2025,1,2,Wind,3175
5/17/2023,10,11,Solar,10667
3/17/2020,21,22,Wind,596
7/6/2023,12,13,Solar,6939
4/9/2020,9,10,Solar,2595
5/1/2023,12,13,Solar,7715
4/21/2023,18,19,Solar,4021
5/5/2023,22,23,Wind,1319
4/24/2020,1,2,Wind,1022
7/17/2023,12,13,Solar,9207
11/6/2020,18,19,Wind,6817
3/17/2020,9,10,Solar,1714
7/28/2020,7,8,Wind,3211
7/19/2022,6,7,Wind,5940
7/9/2020,18,19,Wind,5677
6/24/2023,7,8,Wind,3270
11/27/2021,10,11,Wind,9185
2/12/2022,14,15,Solar,7521
11/6/2021,4,5,Wind,2796
2/14/2021,15,16,Wind,9763
6/24/2024,18,19,Solar,5797
4/4/2020,9,10,Wind,3591
10/23/2022,0,1,Wind,6954
12/10/2023,20,21,Wind,15601
5/26/2023,21,22,Wind,7754
5/22/2025,20,21,Wind,5574
12/27/2021,1,2,Wind,3966
6/27/2022,6,7,Wind,1238
3/24/2022,16,17,Solar,4803
9/27/2020,18,19,Wind,8052
5/2/2022,6,7,Wind,2029
1/5/2020,9,10,Wind,2245
2/15/2021,0,1,Wind,9792
1/16/2024,1,2,Wind,2010
1/16/2025,16,17,Wind,3827
6/20/2025,14,15,Solar,11681
5/14/2023,8,9,Wind,3884
6/16/2025,9,10,Solar,6557
2/4/2021,17,18,Wind,2798
10/22/2023,3,4,Wind,8628
5/19/2024,10,11,Solar,2455
5/17/2022,9,10,Solar,4347
6/4/2022,15,16,Solar,5828
2/22/2025,5,6,Wind,10238
12/7/2021,14,15,Wind,12122
9/6/2024,17,18,Solar,4893
7/12/2022,6,7,Wind,2572
11/15/2024,14,15,Solar,4951
3/22/2020,13,14,Wind,10827
9/30/2023,7,8,Wind,889
8/15/2025,1,2,Wind,4242
1/7/2023,14,15,Wind,15880
2/28/2024,2,3,Wind,3703
4/15/2023,17,18,Wind,13143
4/1/2021,15,16,Solar,6405
9/22/2025,12,13,Wind,15222
3/29/2023,2,3,Wind,4865
2/7/2021,8,9,Wind,4598
8/3/2022,18,19,Solar,3379
3/11/2022,16,17,Wind,12628
9/22/2021,20,21,Wind,1945
7/24/2024,6,7,Wind,1089
4/2/2025,18,19,Wind,15030
8/1/2024,0,1,Wind,1649
2/15/2020,9,10,Wind,8611
12/28/2020,16,17,Wind,9395
6/30/2023,13,14,Solar,8565
5/31/2022,0,1,Wind,2131
6/21/2024,6,7,Wind,1717
8/5/2021,17,18,Wind,9475
5/13/2022,16,17,Solar,6107
12/19/2022,11,12,Wind,14450
4/21/2024,7,8,Wind,5871
11/2/2023,0,1,Wind,17146
11/4/2023,13,14,Wind,18105
11/29/2020,16,17,Wind,2659
1/4/2021,7,8,Wind,1589
12/23/2020,22,23,Wind,12177
12/28/2024,23,0,Wind,638
5/28/2020,17,18,Wind,6840
4/12/2020,0,1,Wind,978
12/15/2020,21,22,Wind,4427
3/21/2022,18,19,Wind,3512
12/31/2022,19,20,Wind,16435
5/31/2021,15,16,Solar,7096
11/13/2024,4,5,Wind,6882
4/9/2023,12,13,Solar,7478
2/22/2021,1,2,Wind,7591
2/25/2025,4,5,Wind,3644
12/19/2021,18,19,Wind,3022
11/24/2020,23,0,Wind,6768
9/10/2021,22,23,Wind,1997
4/13/2021,1,2,Wind,1796
8/4/2022,0,1,Wind,1586
5/4/2025,18,19,Wind,12606
8/29/2020,14,15,Wind,5103
7/19/2023,8,9,Wind,4118
12/4/2023,3,4,Wind,13158
12/4/2022,4,5,Wind,3430
6/13/2024,20,21,Wind,4639
5/7/2025,1,2,Wind,8947
8/28/2023,19,20,Wind,4554
8/5/2023,20,21,Wind,14188
1/18/2025,3,4,Wind,1157
5/23/2022,0,1,Wind,3636
11/30/2025,6,7,Wind,4387
10/7/2021,16,17,Solar,4917
3/12/2020,6,7,Wind,9223
1/20/2021,15,16,Wind,14624
8/5/2024,22,23,Wind,1034
10/23/2025,3,4,Wind,12997
10/20/2020,6,7,Wind,10003
5/5/2022,12,13,Solar,5897
1/23/2020,22,23,Wind,2779
7/7/2021,13,14,Solar,5429
7/25/2020,1,2,Wind,1543
7/18/2020,1,2,Wind,1515
9/26/2021,6,7,Wind,2281
4/29/2024,1,2,Wind,2419
9/19/2021,22,23,Wind,2332
8/30/2022,4,5,Wind,3592
9/16/2023,13,14,Solar,8664
6/22/2022,1,2,Wind,3887
4/19/2020,19,20,Wind,4931
4/9/2024,22,23,Wind,8756
3/11/2025,17,18,Wind,5580
10/1/2024,9,10,Wind,7164
8/16/2024,19,20,Wind,3335
9/5/2024,1,2,Wind,3657
9/29/2025,11,12,Solar,7678
5/24/2020,5,6,Wind,3046
4/15/2023,10,11,Wind,10771
6/7/2023,3,4,Wind,4685
9/2/2021,17,18,Wind,5612
1/2/2023,22,23,Wind,4218
11/4/2021,16,17,Wind,3606
12/6/2024,11,12,Wind,12425
12/13/2023,4,5,Wind,9180
11/30/2024,13,14,Solar,4668
9/16/2025,6,7,Wind,9715
3/3/2023,20,21,Wind,5832
2/17/2023,3,4,Wind,7265
7/19/2024,3,4,Wind,1551
5/9/2022,10,11,Solar,4782
4/8/2022,9,10,Wind,6382
8/30/2023,19,20,Wind,5549
2/15/2023,16,17,Solar,3695
6/9/2022,16,17,Solar,8567
2/13/2020,6,7,Wind,11612
3/20/2023,16,17,Solar,5436
11/15/2023,14,15,Wind,10772
12/12/2024,22,23,Wind,3318
5/14/2021,21,22,Wind,3668
5/18/2024,9,10,Solar,3617
10/24/2020,0,1,Wind,5673
11/19/2020,11,12,Wind,10362
5/17/2023,0,1,Wind,7939
8/19/2021,14,15,Solar,5079
8/7/2024,9,10,Solar,3763
8/10/2022,7,8,Wind,5109
5/30/2020,0,1,Wind,5257
10/14/2021,19,20,Wind,884
10/30/2020,0,1,Wind,8074
11/30/2021,23,0,Wind,12923
10/18/2024,3,4,Wind,5240
11/13/2021,10,11,Wind,5285
6/17/2023,14,15,Solar,6725
3/26/2021,9,10,Wind,5822
7/11/2022,15,16,Solar,8839
10/6/2022,8,9,Wind,1848
11/21/2020,18,19,Wind,2645
6/2/2020,20,21,Wind,1623
12/8/2021,8,9,Wind,7536
6/10/2021,5,6,Wind,1077
8/31/2021,15,16,Solar,8581
1/14/2022,8,9,Wind,891
4/17/2023,9,10,Solar,5631
4/28/2023,4,5,Wind,4743
2/2/2023,16,17,Wind,7966
5/26/2024,22,23,Wind,3079
3/17/2022,18,19,Wind,5041
6/12/2021,5,6,Wind,1612
8/22/2022,23,0,Wind,1343
4/13/2021,5,6,Wind,2747
5/25/2024,22,23,Wind,1939
7/23/2024,4,5,Wind,5296
10/22/2024,14,15,Solar,5151
9/8/2025,1,2,Wind,3247
2/5/2024,0,1,Wind,7250
11/2/2025,0,1,Wind,8891
5/30/2021,20,21,Wind,3606
7/18/2021,15,16,Wind,8491
10/4/2023,8,9,Wind,2909
12/16/2020,20,21,Wind,7854
11/18/2022,15,16,Wind,4771
8/6/2022,19,20,Wind,7487
8/10/2022,5,6,Wind,5582
4/8/2024,4,5,Wind,3115
12/30/2021,14,15,Wind,8402
11/27/2022,16,17,Wind,6863
4/25/2024,3,4,Wind,1051
2/7/2022,21,22,Wind,4624
5/29/2022,7,8,Wind,4550
11/26/2021,9,10,Wind,5880
3/6/2022,20,21,Wind,7259
4/9/2024,18,19,Wind,14993
7/5/2020,19,20,Wind,9243
11/8/2020,14,15,Solar,3198
7/3/2021,4,5,Wind,2200
8/18/2024,21,22,Wind,3802
2/3/2024,15,16,Wind,7256
2/22/2020,5,6,Wind,8212
8/24/2025,17,18,Solar,7445
1/31/2025,7,8,Wind,4032
1/29/2022,6,7,Wind,6295
5/16/2024,4,5,Wind,1985
9/9/2025,5,6,Wind,1712
5/7/2025,22,23,Wind,5970
11/4/2021,5,6,Wind,3125
8/26/2024,14,15,Solar,10162
5/24/2022,5,6,Wind,6008
8/21/2022,17,18,Solar,4032
11/3/2021,8,9,Wind,3933
4/8/2020,16,17,Solar,3264
8/30/2024,8,9,Wind,4148
6/30/2022,0,1,Wind,1528
8/27/2022,12,13,Solar,7198
11/5/2021,12,13,Solar,4648
5/3/2022,2,3,Wind,4519
6/14/2020,20,21,Wind,1888
10/9/2024,0,1,Wind,12523
11/24/2024,20,21,Wind,19513
12/17/2024,20,21,Wind,9136
4/2/2024,4,5,Wind,13180
9/2/2021,5,6,Wind,5765
12/29/2020,8,9,Wind,4269
3/16/2023,20,21,Wind,10081
2/4/2024,19,20,Wind,8459
4/20/2023,18,19,Wind,6268
3/23/2022,9,10,Solar,5419
3/5/2024,19,20,Wind,3141
1/17/2020,2,3,Wind,9390
9/7/2023,1,2,Wind,2893
12/23/2024,22,23,Wind,4916
6/23/2024,14,15,Solar,4090
9/27/2021,11,12,Wind,10123
7/18/2025,2,3,Wind,1564
12/10/2022,4,5,Wind,1533
4/19/2023,18,19,Wind,7115
5/30/2025,15,16,Solar,4444
11/15/2024,10,11,Solar,5039
8/22/2022,3,4,Wind,1609
6/14/2022,16,17,Solar,5556
1/29/2023,20,21,Wind,4213
12/1/2022,23,0,Wind,2895
12/5/2024,18,19,Wind,16688
10/16/2022,20,21,Wind,7022
8/21/2020,3,4,Wind,6690
12/22/2021,6,7,Wind,2824
7/21/2025,6,7,Wind,11030
1/2/2024,5,6,Wind,17248
4/11/2025,7,8,Wind,3644
8/2/2025,15,16,Solar,12289
4/2/2021,19,20,Wind,11290
3/13/2023,8,9,Wind,15437
11/2/2024,2,3,Wind,1771
5/16/2023,11,12,Wind,13805
9/22/2024,18,19,Wind,4071
10/28/2021,10,11,Wind,7333
8/31/2021,1,2,Wind,4199
2/6/2023,1,2,Wind,8096
10/3/2025,9,10,Wind,6874
7/8/2023,20,21,Wind,1493
11/7/2024,15,16,Wind,3966
8/1/2023,20,21,Wind,7412
12/4/2024,4,5,Wind,1527
3/18/2024,8,9,Wind,2921
12/30/2020,19,20,Wind,5298
5/20/2023,13,14,Wind,11018
2/23/2022,6,7,Wind,915
6/24/2024,6,7,Wind,3013
12/9/2020,22,23,Wind,4120
12/2/2020,6,7,Wind,3538
4/18/2025,20,21,Wind,7067
4/17/2022,22,23,Wind,5787
10/6/2020,21,22,Wind,11000
7/28/2024,18,19,Solar,7133
9/14/2021,6,7,Wind,2764
9/3/2025,6,7,Wind,13678
5/5/2025,17,18,Wind,12722
9/1/2020,14,15,Solar,4740
6/6/2022,5,6,Wind,1806
10/4/2020,2,3,Wind,8818
6/26/2021,7,8,Solar,633
6/2/2023,2,3,Wind,7043
2/15/2025,4,5,Wind,5875
1/29/2022,10,11,Wind,9123
2/13/2025,20,21,Wind,4432
9/19/2022,11,12,Solar,6983
6/29/2024,3,4,Wind,4100
7/11/2025,12,13,Solar,12811
3/7/2021,14,15,Solar,2799
3/7/2022,4,5,Wind,6613
6/17/2020,20,21,Wind,1500
3/14/2022,2,3,Wind,6130
5/2/2024,2,3,Wind,5050
3/8/2025,22,23,Wind,12431
5/5/2022,6,7,Wind,1715
6/23/2024,0,1,Wind,2581
2/14/2020,8,9,Wind,3683
8/2/2025,1,2,Wind,4270
5/5/2024,1,2,Wind,3256
4/30/2023,9,10,Wind,4169
2/9/2025,17,18,Wind,1709
8/11/2025,18,19,Solar,6420
3/10/2025,8,9,Wind,3471
4/3/2020,19,20,Wind,1256
2/1/2022,14,15,Wind,14323
4/9/2024,21,22,Wind,9329
5/2/2022,19,20,Wind,3754
10/8/2022,0,1,Wind,3051
11/11/2022,6,7,Wind,3328
10/5/2022,11,12,Wind,11975
5/26/2025,14,15,Solar,6702
2/16/2023,4,5,Wind,3973
12/14/2022,15,16,Wind,2542
2/14/2020,12,13,Wind,5860
3/13/2020,7,8,Wind,6097
12/7/2021,8,9,Wind,5489
9/23/2021,19,20,Wind,1224
9/5/2024,6,7,Wind,5710
11/16/2022,22,23,Wind,15448
3/12/2022,6,7,Wind,6239
2/19/2024,17,18,Wind,7758
3/8/2022,10,11,Wind,7990
9/7/2020,9,10,Solar,3027
9/6/2020,15,16,Solar,4473
1/21/2022,8,9,Wind,4551
9/16/2021,10,11,Solar,1635
4/6/2024,18,19,Wind,8976
11/12/2024,1,2,Wind,8188
10/19/2025,2,3,Wind,6818
5/13/2023,22,23,Wind,5777
12/8/2022,21,22,Wind,2632
3/22/2022,11,12,Solar,8531
12/25/2023,15,16,Wind,12985
2/6/2025,20,21,Wind,12160
2/7/2022,2,3,Wind,13497
1/18/2023,16,17,Wind,5234
1/26/2025,1,2,Wind,10365
5/4/2024,23,0,Wind,3298
6/4/2024,23,0,Wind,4473
1/18/2021,8,9,Wind,2915
11/22/2021,15,16,Wind,11582
2/28/2024,6,7,Wind,2370
11/12/2020,9,10,Wind,5105
8/24/2022,12,13,Solar,6402
11/8/2021,14,15,Solar,4153
1/14/2022,5,6,Wind,1127
6/3/2025,13,14,Wind,6959
1/1/2020,15,16,Wind,1323
5/19/2023,5,6,Wind,5256
7/3/2022,20,21,Wind,2890
6/16/2020,23,0,Wind,1468
2/19/2024,12,13,Wind,10225
1/9/2020,21,22,Wind,10944
6/12/2022,18,19,Wind,5222
4/11/2020,20,21,Wind,725
9/6/2022,4,5,Wind,3166
6/8/2020,1,2,Wind,1496
12/13/2022,3,4,Wind,6816
10/7/2024,15,16,Wind,7138
8/13/2024,0,1,Wind,1600
5/26/2024,8,9,Wind,5565
8/19/2024,15,16,Solar,9088
11/4/2023,18,19,Wind,15770
4/14/2021,10,11,Solar,5528
11/2/2023,7,8,Wind,15300
7/31/2023,22,23,Wind,10752
8/1/2022,18,19,Solar,3859
2/13/2025,1,2,Wind,1112
11/6/2021,7,8,Wind,2797
10/11/2025,9,10,Wind,5515
11/28/2020,4,5,Wind,3659
9/17/2025,19,20,Wind,3567
2/1/2024,22,23,Wind,1902
8/9/2025,5,6,Wind,1061
10/22/2021,22,23,Wind,2376
12/16/2022,2,3,Wind,6144
2/22/2022,12,13,Wind,14675
9/15/2023,21,22,Wind,4226
8/6/2021,21,22,Wind,2893
9/6/2024,3,4,Wind,1393
7/28/2025,12,13,Solar,11478
7/26/2024,16,17,Solar,6307
9/15/2021,8,9,Wind,2190
3/26/2025,15,16,Solar,7167
7/22/2025,21,22,Wind,1826
6/9/2020,12,13,Solar,4970
12/31/2022,11,12,Wind,17264
2/15/2025,15,16,Solar,7084
8/9/2020,18,19,Wind,3103
10/18/2023,23,0,Wind,11879
3/9/2023,21,22,Wind,15820
9/17/2023,16,17,Wind,5366
11/18/2023,18,19,Wind,12524
11/22/2020,13,14,Solar,3338
12/31/2024,16,17,Wind,8495
11/9/2025,14,15,Solar,7371
6/29/2021,16,17,Solar,5193
10/20/2025,18,19,Wind,16757
5/3/2024,19,20,Wind,2964
9/16/2025,20,21,Wind,3536
4/12/2025,18,19,Wind,11549
5/24/2021,18,19,Wind,12791
3/10/2025,10,11,Solar,6063
6/20/2021,9,10,Wind,3324
8/16/2020,7,8,Wind,1272
8/25/2023,4,5,Wind,2460
1/22/2025,17,18,Wind,5102
1/6/2025,9,10,Wind,18975
5/15/2023,12,13,Solar,9340
7/12/2020,10,11,Solar,4498
6/13/2024,21,22,Wind,5123
7/3/2025,14,15,Solar,9855
8/26/2024,16,17,Solar,8375
9/29/2025,15,16,Solar,8318
4/19/2020,9,10,Wind,2105
3/4/2023,4,5,Wind,4490
7/13/2021,15,16,Wind,7535
10/9/2025,11,12,Solar,5069
9/6/2021,10,11,Solar,3616
10/3/2025,18,19,Wind,10465
4/24/2024,16,17,Wind,10914
7/3/2023,9,10,Wind,6964
4/9/2020,1,2,Wind,894
8/8/2020,1,2,Wind,1875
9/26/2021,15,16,Solar,5531
12/25/2023,11,12,Wind,15160
4/2/2022,22,23,Wind,4539
12/14/2023,5,6,Wind,7047
1/23/2020,16,17,Wind,3347
10/15/2023,15,16,Solar,6957
5/31/2020,6,7,Wind,4859
3/29/2025,21,22,Wind,5649
10/8/2020,22,23,Wind,4432
2/17/2021,2,3,Wind,8531
5/11/2020,5,6,Wind,10139
9/5/2022,7,8,Wind,2789
7/7/2021,3,4,Wind,4006
10/12/2024,6,7,Wind,6023
6/20/2022,4,5,Wind,3009
10/26/2024,7,8,Wind,2152
5/18/2020,3,4,Wind,2064
8/2/2022,0,1,Wind,1397
1/14/2022,2,3,Wind,1410
7/25/2024,16,17,Solar,8796
5/26/2023,11,12,Solar,10688
8/22/2024,10,11,Solar,10231
3/22/2024,5,6,Wind,2130
10/26/2021,16,17,Wind,5120
7/19/2025,13,14,Wind,14450
7/28/2024,6,7,Wind,2348
2/1/2024,15,16,Wind,3444
12/26/2022,13,14,Wind,10092
7/30/2024,17,18,Solar,4665
8/18/2022,2,3,Wind,1182
4/16/2025,17,18,Solar,6246
11/15/2020,21,22,Wind,12149
2/26/2025,9,10,Wind,9755
2/20/2022,7,8,Wind,12571
2/20/2025,9,10,Wind,9967
2/27/2022,3,4,Wind,9685
12/31/2021,18,19,Wind,3904
7/28/2022,12,13,Solar,5588
4/28/2021,2,3,Wind,1371
12/23/2021,5,6,Wind,6602
3/14/2024,23,0,Wind,10690
7/14/2023,9,10,Solar,6490
10/18/2025,4,5,Wind,5140
4/7/2021,3,4,Wind,4251
1/14/2024,13,14,Solar,3639
4/18/2022,3,4,Wind,4344
6/1/2024,9,10,Wind,8993
4/24/2020,15,16,Solar,3799
3/13/2022,18,19,Wind,5913
2/23/2025,12,13,Wind,11643
11/6/2021,12,13,Solar,5852
4/4/2025,15,16,Wind,6218
2/10/2022,13,14,Solar,6325
8/15/2021,2,3,Wind,1057
6/22/2023,14,15,Wind,9306
2/23/2020,10,11,Wind,13480
3/10/2022,22,23,Wind,7481
8/14/2021,0,1,Wind,1478
6/5/2020,3,4,Wind,3542
5/22/2020,21,22,Wind,2177
8/26/2025,20,21,Wind,3405
7/5/2022,7,8,Wind,2105
3/30/2024,13,14,Solar,7615
1/4/2022,11,12,Wind,5975
8/19/2025,10,11,Solar,4540
8/12/2023,3,4,Wind,1596
3/23/2024,10,11,Wind,17377
7/7/2025,23,0,Wind,4873
1/20/2023,10,11,Wind,4641
3/2/2024,16,17,Wind,6629
1/5/2022,14,15,Wind,7511
9/12/2025,13,14,Wind,15434
2/8/2025,18,19,Wind,3104
4/11/2020,7,8,Wind,1900
1/23/2020,18,19,Wind,3556
9/30/2025,8,9,Wind,2872
5/1/2020,22,23,Wind,6712
8/10/2021,13,14,Solar,5911
9/16/2021,18,19,Solar,1495
10/27/2023,12,13,Wind,12650
11/11/2025,3,4,Wind,7897
3/24/2020,7,8,Wind,5774
10/20/2023,17,18,Wind,6907
10/29/2025,15,16,Wind,8506
11/21/2023,16,17,Wind,6703
3/26/2024,20,21,Wind,8261
6/30/2022,20,21,Wind,2522
12/25/2020,4,5,Wind,6542
6/26/2021,15,16,Solar,4697
8/4/2020,0,1,Wind,3666
8/22/2022,2,3,Wind,1927
4/17/2022,16,17,Solar,7694
1/7/2021,5,6,Wind,487
5/12/2025,9,10,Solar,5922
6/26/2024,18,19,Solar,4295
7/1/2025,2,3,Wind,778
6/9/2023,5,6,Wind,4644
8/24/2023,17,18,Wind,9861
7/28/2025,9,10,Solar,6834
8/15/2021,3,4,Wind,883
9/23/2024,16,17,Wind,9135
3/25/2024,13,14,Wind,10853
10/7/2025,4,5,Wind,1733
11/15/2020,1,2,Wind,10998
9/14/2023,14,15,Solar,6131
7/1/2024,4,5,Wind,1845
3/13/2022,12,13,Wind,10835
3/4/2021,22,23,Wind,3145
8/24/2022,5,6,Wind,956
6/6/2025,18,19,Wind,10880
12/30/2021,9,10,Wind,8720
4/1/2021,2,3,Wind,1907
8/6/2023,22,23,Wind,5369
6/13/2025,19,20,Wind,5374
10/10/2022,19,20,Wind,2196
9/20/2025,18,19,Wind,11616
9/8/2023,17,18,Solar,4384
12/30/2021,22,23,Wind,5452
3/30/2024,7,8,Wind,3497
5/8/2023,17,18,Solar,5446
4/25/2021,11,12,Wind,10262
7/15/2022,4,5,Wind,4379
11/26/2021,1,2,Wind,2597
10/15/2025,23,0,Wind,5351
1/18/2025,10,11,Solar,3129
3/16/2025,16,17,Wind,9489
10/18/2022,14,15,Solar,5808
2/10/2020,4,5,Wind,10052
4/25/2020,5,6,Wind,1788
5/18/2023,5,6,Wind,5769
4/16/2022,23,0,Wind,8150
3/29/2020,10,11,Wind,13965
3/28/2025,20,21,Wind,8242
12/18/2024,9,10,Wind,15999
3/9/2020,8,9,Wind,6477
5/22/2023,0,1,Wind,3806
11/2/2024,13,14,Solar,7954
3/7/2022,0,1,Wind,7417
1/25/2023,8,9,Wind,2111
1/15/2021,9,10,Wind,6240
5/19/2022,5,6,Wind,3542
10/24/2020,6,7,Wind,7495
10/28/2021,8,9,Wind,5807
1/8/2025,21,22,Wind,12892
4/4/2024,0,1,Wind,12543
12/18/2020,8,9,Wind,6733
9/25/2022,15,16,Solar,6102
10/19/2020,3,4,Wind,1464
2/6/2024,11,12,Wind,14493
4/18/2023,6,7,Wind,6520
5/2/2023,18,19,Wind,7162
6/26/2025,9,10,Wind,9995
9/18/2024,16,17,Wind,16325
11/22/2024,1,2,Wind,6061
3/20/2023,1,2,Wind,1521
1/13/2022,1,2,Wind,3054
6/15/2021,5,6,Wind,1611
1/9/2021,9,10,Wind,4051
2/15/2022,0,1,Wind,6687
3/18/2020,12,13,Solar,4055
8/31/2025,1,2,Wind,8549
11/23/2023,8,9,Wind,3718
9/12/2023,12,13,Solar,4437
9/10/2020,21,22,Wind,2030
7/11/2023,15,16,Solar,9554
9/15/2021,13,14,Solar,3942
5/21/2023,9,10,Wind,5307
4/15/2021,10,11,Solar,6346
11/26/2024,19,20,Wind,4935
10/14/2025,5,6,Wind,5919
3/22/2021,18,19,Wind,2993
2/9/2025,10,11,Solar,4315
7/14/2024,8,9,Solar,2477
2/5/2021,16,17,Wind,1998
8/26/2020,6,7,Wind,8678
4/27/2023,4,5,Wind,1206
3/6/2023,0,1,Wind,1228
5/12/2025,1,2,Wind,2951
2/6/2023,15,16,Wind,8670
8/4/2020,14,15,Solar,5625
3/1/2023,21,22,Wind,7713
10/1/2022,22,23,Wind,7629
11/17/2023,13,14,Wind,7387
10/2/2023,5,6,Wind,2482
2/26/2025,1,2,Wind,10324
12/12/2021,0,1,Wind,5469
9/8/2022,20,21,Wind,5147
5/26/2020,17,18,Wind,6931
3/10/2021,23,0,Wind,13439
5/24/2024,4,5,Wind,712
6/9/2020,13,14,Solar,5042
9/3/2023,0,1,Wind,4539
9/16/2020,12,13,Solar,3732
9/19/2024,1,2,Wind,8994
6/7/2023,23,0,Wind,5602
10/14/2023,0,1,Wind,14148
1/12/2022,7,8,Wind,2263
5/13/2022,6,7,Wind,1900
11/4/2021,2,3,Wind,2836
5/2/2020,2,3,Wind,5334
9/18/2022,0,1,Wind,3466
6/8/2023,15,16,Solar,8328
9/15/2022,4,5,Wind,1546
3/17/2023,1,2,Wind,8075
1/9/2025,13,14,Wind,13396
4/12/2024,15,16,Solar,4291
9/2/2024,10,11,Solar,5818
8/16/2020,2,3,Wind,1867
9/30/2020,7,8,Wind,1223
6/20/2022,17,18,Solar,6713
6/5/2021,3,4,Wind,2400
4/21/2022,16,17,Wind,6557
6/22/2024,3,4,Wind,6081
10/27/2024,5,6,Wind,1792
5/30/2023,21,22,Wind,9690
5/20/2024,5,6,Wind,1434
4/3/2025,23,0,Wind,6528
8/18/2025,14,15,Solar,8983
9/16/2022,23,0,Wind,5346
1/30/2020,0,1,Wind,5384
4/10/2022,17,18,Solar,5961
7/29/2024,21,22,Wind,2404
12/3/2020,1,2,Wind,3330
7/30/2022,6,7,Wind,936
10/20/2023,3,4,Wind,4769
8/17/2022,17,18,Solar,3938
7/7/2022,1,2,Wind,3488
12/27/2024,6,7,Wind,1298
9/13/2024,23,0,Wind,4267
5/20/2020,15,16,Solar,5220
9/19/2020,21,22,Wind,2449
2/19/2022,22,23,Wind,13745
6/22/2023,10,11,Wind,5018
12/17/2024,16,17,Wind,5399
3/4/2023,2,3,Wind,4916
1/19/2022,3,4,Wind,1605
6/8/2023,9,10,Solar,6235
9/10/2023,17,18,Solar,4930
4/29/2021,11,12,Wind,3791
11/19/2025,16,17,Wind,13285
11/6/2023,9,10,Wind,12593
7/18/2022,11,12,Solar,6471
9/15/2021,2,3,Wind,2419
5/8/2022,8,9,Wind,4118
5/27/2022,15,16,Solar,8174
10/4/2022,20,21,Wind,1168
6/19/2020,1,2,Wind,2319
6/12/2022,10,11,Solar,4684
10/8/2022,9,10,Wind,2465
5/24/2025,19,20,Wind,8852
9/30/2025,20,21,Wind,2697
7/6/2025,20,21,Wind,8639
7/6/2020,15,16,Wind,9681
8/11/2023,7,8,Wind,1918
8/20/2025,16,17,Wind,8881
4/19/2021,22,23,Wind,906
5/10/2021,7,8,Wind,7041
3/7/2021,2,3,Wind,2521
1/22/2021,16,17,Wind,3696
4/23/2021,10,11,Solar,5659
12/8/2021,5,6,Wind,9297
8/4/2020,22,23,Wind,1340
2/18/2023,23,0,Wind,8067
12/14/2022,21,22,Wind,2161
7/9/2023,3,4,Wind,2355
7/11/2024,2,3,Wind,1053
2/24/2020,10,11,Wind,11258
2/3/2021,2,3,Wind,9275
12/5/2022,23,0,Wind,1854
4/23/2023,0,1,Wind,6724
6/8/2021,10,11,Solar,4183
2/26/2023,10,11,Wind,20500
3/2/2024,10,11,Wind,12926
5/18/2024,1,2,Wind,713
8/30/2020,11,12,Wind,5251
9/29/2021,14,15,Wind,11739
8/3/2021,0,1,Wind,930
1/11/2023,1,2,Wind,14468
2/21/2024,15,16,Wind,15550
3/16/2020,6,7,Wind,3309
11/10/2020,21,22,Wind,805
11/8/2022,1,2,Wind,12163
11/14/2022,2,3,Wind,3659
2/15/2024,18,19,Wind,10200
11/3/2023,0,1,Wind,12874
1/24/2025,8,9,Wind,18114
1/2/2024,0,1,Wind,17307
8/4/2023,21,22,Wind,3747
7/18/2020,23,0,Wind,1750
7/21/2021,4,5,Wind,2191
3/31/2023,15,16,Wind,21172
1/5/2023,12,13,Wind,7199
3/27/2022,19,20,Wind,1675
9/24/2023,10,11,Solar,7784
7/7/2021,20,21,Wind,2231
5/18/2024,4,5,Wind,556
4/1/2022,18,19,Wind,13751
12/1/2023,7,8,Wind,2590
3/10/2024,18,19,Wind,975
3/2/2020,20,21,Wind,8827
9/19/2025,10,11,Solar,9787
12/21/2020,1,2,Wind,6095
6/30/2023,4,5,Wind,2629
5/13/2024,12,13,Solar,6365
11/25/2024,2,3,Wind,17724
6/2/2022,23,0,Wind,4438
3/1/2022,10,11,Solar,4347
9/12/2020,9,10,Solar,2461
5/8/2021,19,20,Wind,6309
9/25/2022,2,3,Wind,2749
3/6/2021,9,10,Wind,6040
1/15/2022,21,22,Wind,1036
11/17/2023,7,8,Wind,4109
7/5/2025,20,21,Wind,5175
6/12/2021,12,13,Solar,4821
7/31/2022,19,20,Wind,5209
3/20/2024,15,16,Solar,5622
4/23/2020,7,8,Wind,1746
5/9/2022,20,21,Wind,514
3/6/2024,10,11,Solar,5162
2/26/2021,5,6,Wind,2352
11/20/2025,5,6,Wind,7116
5/9/2020,5,6,Wind,1685
8/21/2025,1,2,Wind,3653
6/11/2025,20,21,Wind,5029
8/27/2022,11,12,Solar,6767
9/10/2023,12,13,Solar,8323
4/20/2023,0,1,Wind,8926
3/24/2021,4,5,Wind,1493
11/19/2022,12,13,Solar,5271
12/5/2024,10,11,Wind,16407
4/22/2025,3,4,Wind,2038
9/14/2021,19,20,Wind,1986
11/23/2020,3,4,Wind,245
2/3/2023,16,17,Wind,7659
11/2/2023,4,5,Wind,15164
5/29/2025,14,15,Solar,5853
1/12/2020,12,13,Wind,9137
8/28/2021,20,21,Wind,4826
12/11/2023,0,1,Wind,13562
8/20/2021,20,21,Wind,525
2/14/2024,9,10,Wind,10647
11/9/2022,17,18,Wind,4408
10/13/2020,9,10,Wind,4332
9/25/2023,21,22,Wind,525
10/8/2024,7,8,Wind,10208
8/16/2021,2,3,Wind,4074
4/25/2022,9,10,Wind,4334
6/5/2025,22,23,Wind,12352
5/30/2023,12,13,Solar,13676
8/22/2020,3,4,Wind,4955
12/9/2021,16,17,Wind,5379
1/25/2020,12,13,Solar,2654
5/16/2023,1,2,Wind,7661
10/28/2023,11,12,Wind,16187
6/19/2021,0,1,Wind,3276
2/14/2023,15,16,Solar,5164
3/21/2022,10,11,Solar,6419
9/22/2023,21,22,Wind,5871
10/17/2021,1,2,Wind,1752
7/29/2024,4,5,Wind,5316
2/9/2024,4,5,Wind,16307
3/17/2022,13,14,Wind,5469
4/2/2022,19,20,Wind,7493
9/25/2022,7,8,Wind,2772
9/26/2025,18,19,Solar,1324
10/28/2024,0,1,Wind,477
1/21/2023,4,5,Wind,7168
10/23/2024,18,19,Wind,2844
6/27/2020,22,23,Wind,4430
7/29/2020,20,21,Wind,708
7/9/2022,9,10,Solar,4215
12/31/2021,4,5,Wind,5884
3/1/2025,10,11,Wind,12156
2/16/2021,23,0,Wind,9342
1/13/2022,7,8,Wind,2614
2/14/2024,20,21,Wind,7478
11/9/2024,2,3,Wind,1560
3/2/2020,2,3,Wind,8017
6/18/2020,19,20,Wind,3276
9/8/2021,18,19,Wind,3479
4/16/2022,8,9,Wind,5476
1/26/2024,18,19,Wind,3375
9/5/2020,15,16,Solar,5374
11/28/2021,6,7,Wind,9221
12/13/2021,12,13,Solar,3477
4/7/2024,19,20,Wind,6864
10/23/2023,7,8,Wind,7522
10/26/2021,19,20,Wind,3013
4/25/2020,10,11,Solar,3420
12/10/2022,7,8,Wind,1455
9/7/2022,21,22,Wind,3796
9/10/2022,23,0,Wind,1212
1/31/2023,9,10,Wind,4810
5/24/2025,22,23,Wind,6806
10/18/2022,12,13,Solar,5685
11/8/2023,13,14,Wind,18274
11/18/2020,17,18,Wind,6191
12/7/2020,10,11,Wind,1923
3/30/2024,17,18,Wind,6296
5/13/2023,9,10,Wind,6102
12/19/2022,15,16,Wind,13925
5/27/2022,12,13,Solar,6760
4/18/2022,13,14,Solar,5569
2/7/2023,4,5,Wind,8388
6/13/2022,4,5,Wind,3562
5/20/2022,9,10,Wind,5745
8/31/2025,8,9,Wind,4739
7/16/2024,8,9,Wind,9494
6/22/2025,22,23,Wind,2524
12/6/2023,21,22,Wind,2268
8/29/2025,12,13,Wind,16980
5/24/2022,18,19,Wind,4509
9/10/2023,23,0,Wind,2891
4/14/2025,15,16,Solar,8284
2/14/2025,12,13,Solar,9622
5/24/2025,1,2,Wind,2417
7/19/2022,10,11,Solar,6985
11/30/2023,23,0,Wind,1459
2/3/2025,0,1,Wind,1663
7/2/2020,17,18,Wind,6989
3/29/2025,15,16,Wind,12588
10/20/2025,21,22,Wind,17019
7/11/2020,8,9,Wind,2387
8/13/2021,10,11,Solar,3071
5/13/2025,19,20,Wind,3028
5/28/2022,7,8,Wind,3736
5/25/2024,19,20,Solar,2497
3/1/2024,16,17,Wind,15488
2/1/2025,12,13,Solar,6265
1/29/2020,11,12,Wind,8656
6/24/2025,6,7,Wind,2381
7/25/2024,19,20,Wind,3757
12/12/2021,15,16,Wind,3406
7/30/2023,10,11,Wind,10162
8/10/2021,12,13,Solar,5674
4/19/2023,6,7,Wind,6801
9/12/2025,21,22,Wind,6028
3/14/2023,13,14,Wind,20075
8/19/2022,13,14,Solar,8025
8/28/2021,16,17,Wind,9387
3/3/2022,12,13,Solar,4140
2/19/2020,12,13,Wind,8496
3/9/2022,22,23,Wind,6290
8/25/2023,10,11,Wind,7231
8/26/2023,18,19,Wind,3633
1/5/2025,2,3,Wind,11792
6/15/2023,17,18,Solar,6607
6/22/2022,10,11,Solar,4827
7/28/2021,12,13,Wind,8959
8/9/2022,2,3,Wind,6809
9/19/2021,0,1,Wind,3579
6/5/2022,22,23,Wind,3284
5/17/2021,1,2,Wind,10855
1/6/2024,22,23,Wind,7362
6/22/2025,8,9,Wind,4620
5/24/2021,15,16,Wind,13322
12/16/2021,4,5,Wind,1969
9/9/2021,14,15,Wind,5286
11/28/2020,23,0,Wind,4754
6/5/2020,15,16,Wind,14071
11/15/2024,16,17,Wind,1821
9/13/2024,16,17,Solar,10679
7/19/2022,17,18,Wind,8845
6/17/2021,2,3,Wind,4974
2/22/2022,21,22,Wind,8837
1/17/2024,20,21,Wind,7330
4/8/2022,2,3,Wind,7881
10/30/2022,18,19,Wind,1624
7/9/2023,9,10,Solar,4410
6/2/2020,11,12,Solar,3384
7/21/2025,4,5,Wind,10394
10/18/2024,18,19,Wind,2532
9/2/2022,22,23,Wind,1024
5/27/2023,14,15,Solar,5976
3/15/2020,8,9,Wind,5982
10/23/2024,9,10,Wind,3405
12/25/2020,9,10,Wind,6570
3/12/2025,21,22,Wind,2248
3/3/2023,21,22,Wind,5856
10/10/2022,22,23,Wind,2564
6/24/2020,8,9,Wind,3766
10/26/2020,2,3,Wind,5700
1/10/2022,21,22,Wind,2603
9/3/2024,2,3,Wind,513
2/3/2021,7,8,Wind,9834
10/5/2020,6,7,Wind,9314
8/18/2021,18,19,Wind,3918
7/8/2021,3,4,Wind,1458
8/20/2022,12,13,Solar,6090
2/24/2023,13,14,Solar,6198
7/5/2025,9,10,Solar,6839
1/21/2024,2,3,Wind,11855
2/27/2021,23,0,Wind,8380
10/13/2024,5,6,Wind,2418
6/20/2022,3,4,Wind,4084
12/3/2023,5,6,Wind,6861
8/4/2021,14,15,Solar,3337
7/7/2020,9,10,Solar,3236
10/10/2023,15,16,Solar,6674
2/11/2020,2,3,Wind,12337
7/2/2021,13,14,Solar,4836
8/27/2024,0,1,Wind,2350
7/18/2022,19,20,Wind,3281
10/8/2025,18,19,Wind,2375
12/6/2023,1,2,Wind,3323
9/30/2024,9,10,Wind,15849
5/5/2022,1,2,Wind,2097
4/17/2020,18,19,Wind,2983
9/29/2020,12,13,Solar,3747
3/29/2023,17,18,Wind,9807
2/26/2025,5,6,Wind,7888
2/1/2025,23,0,Wind,3977
4/30/2025,6,7,Wind,3827
4/23/2021,3,4,Wind,6116
7/11/2022,22,23,Wind,3652
6/26/2020,6,7,Wind,3199
8/2/2025,7,8,Wind,4482
5/11/2025,17,18,Wind,4090
11/16/2021,18,19,Wind,1101
4/20/2021,19,20,Wind,1160
3/24/2022,14,15,Solar,6833
12/9/2020,7,8,Wind,2764
2/21/2020,10,11,Wind,5295
4/5/2025,21,22,Wind,8059
9/6/2024,0,1,Wind,764
4/5/2025,4,5,Wind,7492
7/13/2025,0,1,Wind,4224
3/9/2024,21,22,Wind,5774
4/7/2023,19,20,Wind,3276
8/2/2022,12,13,Solar,6726
6/17/2022,14,15,Solar,6767
8/14/2020,14,15,Solar,4993
12/3/2024,20,21,Wind,1073
10/13/2024,22,23,Wind,2745
8/29/2023,0,1,Wind,2934
2/22/2023,4,5,Wind,3066
9/8/2021,5,6,Wind,5438
5/5/2022,10,11,Solar,4537
11/4/2022,7,8,Wind,6522
7/16/2021,23,0,Wind,3250
7/23/2022,7,8,Wind,1348
3/18/2025,15,16,Wind,14023
9/21/2023,22,23,Wind,6683
4/24/2023,9,10,Wind,7316
9/3/2021,7,8,Wind,2116
9/2/2023,23,0,Wind,4684
10/20/2021,6,7,Wind,10876
3/12/2021,23,0,Wind,13614
10/3/2025,6,7,Wind,5127
9/19/2023,23,0,Wind,6877
2/17/2020,1,2,Wind,8444
10/17/2022,6,7,Wind,7788
1/5/2022,3,4,Wind,7616
7/17/2025,9,10,Solar,5531
9/22/2021,18,19,Wind,2088
6/20/2025,11,12,Solar,10259
2/18/2022,15,16,Wind,14791
4/3/2022,22,23,Wind,1510
10/16/2020,18,19,Wind,1636
10/6/2022,5,6,Wind,2090
4/28/2020,23,0,Wind,4946
3/13/2023,23,0,Wind,15758
5/26/2020,21,22,Wind,4408
9/29/2022,6,7,Wind,1419
6/29/2025,4,5,Wind,2696
6/26/2025,12,13,Wind,14264
5/26/2020,18,19,Wind,6277
9/7/2021,17,18,Wind,6012
10/16/2020,5,6,Wind,3142
6/20/2025,22,23,Wind,4161
12/2/2020,14,15,Wind,2577
4/3/2020,13,14,Solar,5002
6/19/2023,12,13,Solar,6321
7/14/2022,21,22,Wind,5239
3/17/2021,21,22,Wind,5437
12/8/2022,3,4,Wind,1242
12/12/2020,19,20,Wind,6484
9/15/2022,18,19,Wind,3250
11/19/2023,6,7,Wind,11720
3/8/2024,11,12,Wind,10265
11/13/2025,18,19,Wind,10591
3/22/2020,21,22,Wind,9593
5/22/2024,1,2,Wind,4611
7/25/2022,23,0,Wind,5596
1/1/2023,1,2,Wind,11283
12/11/2020,1,2,Wind,6767
7/1/2023,5,6,Wind,7440
5/3/2021,4,5,Wind,657
8/27/2020,15,16,Wind,7459
12/27/2023,12,13,Wind,13912
4/11/2024,17,18,Solar,5597
10/1/2021,22,23,Wind,4034
9/23/2025,12,13,Wind,12969
3/19/2021,20,21,Wind,7181
12/27/2020,19,20,Wind,8326
5/10/2021,18,19,Wind,4506
11/3/2020,5,6,Wind,3252
11/3/2024,22,23,Wind,2791
5/9/2021,4,5,Wind,8251
6/10/2025,9,10,Solar,7037
3/6/2024,22,23,Wind,2314
11/3/2020,11,12,Wind,7836
9/18/2021,7,8,Wind,1755
5/4/2020,19,20,Wind,4587
2/14/2022,18,19,Wind,6618
10/18/2020,18,19,Wind,522
11/11/2020,6,7,Wind,733
5/13/2024,20,21,Wind,3925
1/14/2025,23,0,Wind,2984
8/26/2022,17,18,Solar,5462
6/26/2020,18,19,Wind,3680
4/24/2025,21,22,Wind,4076
11/24/2025,22,23,Wind,9801
7/13/2023,5,6,Wind,2155
8/28/2021,6,7,Wind,3722
9/23/2025,15,16,Wind,12917
9/16/2022,10,11,Solar,4975
3/10/2022,17,18,Wind,4799
6/7/2025,8,9,Wind,9072
7/25/2025,4,5,Wind,2111
12/14/2020,13,14,Wind,6019
4/21/2021,20,21,Wind,5054
10/19/2022,21,22,Wind,7426
4/13/2025,13,14,Wind,4783
11/7/2025,0,1,Wind,2662
8/20/2024,7,8,Wind,3600
7/30/2024,21,22,Wind,2502
3/7/2023,22,23,Wind,6916
12/13/2020,3,4,Wind,4008
3/17/2023,13,14,Wind,12263
9/11/2023,4,5,Wind,1317
3/12/2023,1,2,Wind,6082
10/14/2020,18,19,Wind,5325
11/6/2025,12,13,Wind,6278
4/26/2024,16,17,Solar,5775
11/3/2024,3,4,Wind,3106
6/22/2022,23,0,Wind,1640
3/20/2020,23,0,Wind,8105
8/19/2025,19,20,Wind,4330
9/28/2021,10,11,Solar,3345
8/22/2021,12,13,Wind,8102
5/4/2024,12,13,Wind,9129
10/4/2024,3,4,Wind,4898
3/4/2022,23,0,Wind,3137
12/10/2022,19,20,Wind,1861
1/29/2025,3,4,Wind,15556
1/10/2021,10,11,Wind,4394
11/15/2020,0,1,Wind,10818
4/18/2020,15,16,Solar,2973
2/3/2022,5,6,Wind,2929
9/13/2022,21,22,Wind,2822
11/26/2024,17,18,Wind,3769
1/27/2021,10,11,Wind,5277
8/21/2025,17,18,Wind,10878
7/11/2025,1,2,Wind,4862
12/31/2022,4,5,Wind,15764
8/8/2023,10,11,Solar,7019
12/29/2020,21,22,Wind,3155
9/1/2021,11,12,Wind,9100
12/7/2020,5,6,Wind,910
10/4/2025,15,16,Wind,13739
6/19/2025,5,6,Wind,4974
9/3/2022,17,18,Wind,5467
7/1/2024,16,17,Solar,9539
9/18/2021,15,16,Solar,3777
1/14/2020,12,13,Wind,14254
9/20/2021,2,3,Wind,1783
12/11/2021,3,4,Wind,7886
4/4/2020,21,22,Wind,5074
11/5/2022,18,19,Wind,5536
7/26/2021,20,21,Wind,2420
11/26/2022,12,13,Wind,5590
9/18/2020,13,14,Wind,6346
2/4/2020,16,17,Wind,11924
5/14/2024,4,5,Wind,7995
7/28/2023,19,20,Wind,5624
6/29/2022,17,18,Solar,5001
6/24/2023,23,0,Wind,2828
5/27/2023,8,9,Wind,5721
6/16/2025,20,21,Wind,2901
6/10/2023,18,19,Solar,4468
8/1/2025,8,9,Solar,3518
10/18/2023,2,3,Wind,10652
3/18/2020,16,17,Solar,2387
3/14/2024,8,9,Wind,7457
5/16/2025,23,0,Wind,8373
2/18/2023,0,1,Wind,5548
7/23/2022,16,17,Solar,6197
8/16/2022,12,13,Solar,6043
2/18/2024,12,13,Wind,14825
12/20/2024,3,4,Wind,8808
10/25/2022,22,23,Wind,6592
12/11/2022,21,22,Wind,1627
11/4/2025,18,19,Wind,14445
8/14/2020,0,1,Wind,2144
5/10/2020,13,14,Wind,2623
3/3/2020,20,21,Wind,2875
12/18/2022,0,1,Wind,4061
10/11/2022,17,18,Solar,1835
11/3/2021,16,17,Wind,3274
3/3/2023,2,3,Wind,4064
7/30/2022,14,15,Solar,7363
4/27/2022,19,20,Wind,6697
11/8/2025,1,2,Wind,1793
5/31/2025,3,4,Wind,879
8/8/2020,13,14,Solar,4095
5/31/2025,18,19,Solar,5672
8/16/2025,10,11,Solar,10645
12/25/2023,14,15,Wind,14253
6/1/2022,19,20,Wind,2649
4/13/2023,1,2,Wind,15743
7/21/2020,22,23,Wind,5093
5/1/2020,21,22,Wind,7037
1/1/2024,3,4,Wind,9309
1/16/2024,15,16,Solar,1871
7/11/2025,14,15,Solar,13109
6/29/2020,3,4,Wind,2917
1/17/2024,18,19,Wind,9363
3/31/2025,10,11,Solar,9527
9/22/2021,3,4,Wind,2010
1/3/2021,8,9,Wind,1604
4/1/2023,15,16,Wind,16341
2/14/2025,9,10,Wind,6637
9/14/2024,23,0,Wind,3929
2/9/2023,6,7,Wind,1172
10/23/2023,4,5,Wind,5375
1/31/2021,6,7,Wind,3009
2/26/2023,11,12,Wind,22043
7/25/2025,14,15,Solar,9373
11/23/2024,21,22,Wind,19031
7/1/2022,22,23,Wind,845
6/6/2021,21,22,Wind,1802
7/8/2024,8,9,Solar,3111
4/7/2024,23,0,Wind,4677
5/17/2021,12,13,Wind,15300
3/15/2023,19,20,Wind,2059
2/18/2024,0,1,Wind,5504
3/25/2025,21,22,Wind,3839
5/5/2020,8,9,Wind,5591
5/3/2025,3,4,Wind,6936
6/4/2023,23,0,Wind,6760
9/22/2023,22,23,Wind,6457
5/10/2020,5,6,Wind,2056
7/11/2020,11,12,Solar,4885
7/21/2024,0,1,Wind,3435
7/18/2023,9,10,Solar,4325
6/29/2025,1,2,Wind,3834
5/22/2024,9,10,Wind,8005
4/8/2024,22,23,Wind,9778
7/5/2020,1,2,Wind,7405
1/11/2021,17,18,Wind,6090
2/28/2021,3,4,Wind,7607
8/13/2024,5,6,Wind,1209
5/29/2020,10,11,Solar,5407
2/25/2022,19,20,Wind,3155
8/24/2024,13,14,Wind,10581
8/19/2023,11,12,Solar,6990
3/3/2020,7,8,Wind,4102
8/17/2021,17,18,Wind,7713
3/3/2024,0,1,Wind,2949
8/30/2020,0,1,Wind,2869
10/9/2021,2,3,Wind,3926
5/10/2020,17,18,Wind,4035
3/27/2020,18,19,Wind,2867
11/11/2023,13,14,Solar,5880
10/31/2023,1,2,Wind,7202
3/15/2025,10,11,Wind,15859
9/22/2023,14,15,Wind,13152
2/19/2023,9,10,Wind,5578
5/4/2023,8,9,Wind,7756
6/13/2021,14,15,Solar,5069
1/25/2022,9,10,Solar,1114
7/8/2023,21,22,Wind,1136
9/29/2021,6,7,Wind,6686
6/26/2020,11,12,Solar,4861
7/26/2022,12,13,Solar,6546
6/13/2022,14,15,Solar,7174
7/3/2021,8,9,Wind,2116
1/14/2024,12,13,Solar,3571
3/7/2024,8,9,Wind,7880
6/17/2021,10,11,Wind,5129
3/17/2025,17,18,Wind,12710
8/20/2023,23,0,Wind,2891
2/16/2021,7,8,Wind,10321
11/13/2022,16,17,Wind,1605
8/19/2020,18,19,Wind,5719
5/19/2024,16,17,Solar,2867
1/13/2022,20,21,Wind,2891
6/7/2025,6,7,Wind,7180
4/18/2021,23,0,Wind,1954
8/1/2021,5,6,Wind,2357
4/27/2021,0,1,Wind,6406
5/31/2023,9,10,Wind,7949
10/3/2023,9,10,Wind,9763
5/13/2020,19,20,Wind,8135
6/12/2023,22,23,Wind,2753
11/11/2022,4,5,Wind,2858
4/14/2021,13,14,Wind,8978
12/16/2023,2,3,Wind,1986
7/17/2021,22,23,Wind,4501
4/18/2024,16,17,Solar,8128
7/19/2025,18,19,Wind,8795
1/26/2023,6,7,Wind,2238
8/11/2022,21,22,Wind,4852
6/21/2024,21,22,Wind,4798
3/22/2023,9,10,Wind,13652
8/3/2025,14,15,Solar,6657
2/13/2020,1,2,Wind,7835
1/4/2021,8,9,Wind,1699
5/7/2022,11,12,Solar,6711
7/31/2020,10,11,Solar,4357
5/23/2024,6,7,Wind,2688
7/11/2021,21,22,Wind,868
9/26/2025,22,23,Wind,313
5/6/2024,6,7,Wind,3361
9/12/2023,13,14,Solar,4933
5/25/2023,20,21,Wind,7031
11/30/2021,21,22,Wind,12769
5/12/2024,17,18,Wind,6724
11/2/2023,10,11,Wind,15126
8/5/2023,5,6,Wind,2691
2/4/2024,23,0,Wind,7222
6/2/2022,8,9,Wind,3841
1/29/2021,10,11,Wind,14856
10/11/2021,5,6,Wind,2918
8/15/2024,3,4,Wind,1492
4/28/2020,1,2,Wind,2577
5/8/2020,17,18,Solar,3383
11/26/2023,9,10,Wind,3686
11/22/2022,23,0,Wind,8882
12/9/2020,17,18,Wind,2329
4/27/2022,14,15,Solar,9731
11/6/2022,7,8,Wind,8112
6/15/2023,19,20,Wind,3676
5/8/2022,10,11,Solar,6177
10/11/2021,0,1,Wind,3875
6/24/2020,4,5,Wind,4432
5/9/2021,19,20,Wind,9742
5/30/2020,19,20,Wind,4315
11/24/2020,0,1,Wind,1746
12/27/2021,10,11,Wind,8533
10/20/2020,7,8,Wind,10025
6/8/2025,23,0,Wind,2194
2/15/2021,8,9,Wind,10609
3/18/2021,19,20,Wind,3876
5/17/2021,15,16,Wind,15134
1/20/2020,21,22,Wind,5336
4/10/2022,0,1,Wind,1683
10/15/2025,18,19,Wind,5526
1/7/2020,13,14,Wind,4300
8/28/2021,5,6,Wind,3976
12/21/2020,11,12,Wind,12351
10/22/2023,8,9,Wind,6622
9/13/2023,6,7,Wind,1142
3/18/2023,0,1,Wind,6164
11/11/2022,13,14,Solar,6121
8/4/2020,7,8,Wind,1848
9/24/2021,19,20,Wind,811
4/6/2023,17,18,Wind,9974
1/24/2025,12,13,Wind,20266
2/27/2024,7,8,Wind,11863
7/13/2024,2,3,Wind,1314
10/16/2025,18,19,Wind,4569
1/19/2023,0,1,Wind,3941
10/29/2020,12,13,Wind,8304
4/13/2023,10,11,Wind,12488
11/16/2020,12,13,Wind,8614
7/29/2023,18,19,Wind,9214
11/12/2025,22,23,Wind,13981
10/26/2025,5,6,Wind,9488
10/2/2025,13,14,Solar,10562
9/1/2020,16,17,Solar,4322
9/19/2024,7,8,Wind,8099
5/15/2021,4,5,Wind,4140
2/13/2021,18,19,Wind,6179
8/20/2023,3,4,Wind,1018
3/17/2025,9,10,Solar,9414
4/15/2023,19,20,Wind,10025
10/6/2022,6,7,Wind,1907
12/20/2023,1,2,Wind,8716
4/20/2025,21,22,Wind,3971
11/28/2024,6,7,Wind,2505
9/7/2025,5,6,Wind,6061
8/19/2024,14,15,Solar,9521
11/20/2022,17,18,Wind,9046
2/9/2021,3,4,Wind,2115
5/10/2021,16,17,Wind,7215
12/23/2020,0,1,Wind,7054
9/12/2020,12,13,Solar,4331
10/11/2024,5,6,Wind,622
1/21/2024,16,17,Wind,14424
6/30/2023,15,16,Wind,9841
2/17/2023,2,3,Wind,7016
8/3/2023,15,16,Wind,12675
12/28/2023,20,21,Wind,13984
5/10/2020,12,13,Wind,2636
11/3/2025,18,19,Wind,8937
2/3/2025,21,22,Wind,1946
2/24/2024,0,1,Wind,6656
9/6/2020,0,1,Wind,2406
8/19/2020,14,15,Wind,7727
2/22/2021,20,21,Wind,5302
9/6/2021,11,12,Solar,4607
4/5/2024,7,8,Wind,14615
12/24/2020,7,8,Wind,11043
4/11/2023,21,22,Wind,8468
5/6/2025,23,0,Wind,9254
3/10/2023,19,20,Wind,6183
7/27/2024,13,14,Solar,6448
8/15/2022,9,10,Wind,4944
1/24/2024,8,9,Wind,15725
6/11/2024,6,7,Wind,1917
10/5/2024,20,21,Wind,7671
5/22/2020,6,7,Wind,3939
12/31/2021,0,1,Wind,5685
7/26/2025,4,5,Wind,2368
1/25/2020,11,12,Solar,2622
11/30/2021,8,9,Wind,11135
6/2/2022,20,21,Wind,2050
12/12/2024,21,22,Wind,3531
8/25/2024,16,17,Solar,4862
1/2/2020,12,13,Wind,4169
9/7/2023,5,6,Wind,2215
7/17/2023,21,22,Wind,1150
6/4/2025,11,12,Solar,6538
9/12/2022,23,0,Wind,2700
9/16/2020,0,1,Wind,800
4/6/2020,14,15,Wind,6087
3/6/2022,21,22,Wind,7693
12/20/2022,5,6,Wind,13622
3/19/2023,18,19,Wind,3522
5/14/2021,22,23,Wind,3321
3/19/2022,20,21,Wind,9623
4/15/2023,11,12,Wind,12042
11/10/2020,0,1,Wind,1153
10/8/2025,4,5,Wind,584
7/29/2025,19,20,Wind,5792
10/8/2021,2,3,Wind,3432
3/11/2022,18,19,Wind,10430
10/7/2025,17,18,Solar,3781
2/26/2025,16,17,Wind,15275
1/27/2023,20,21,Wind,7462
7/4/2024,1,2,Wind,6505
8/27/2025,5,6,Wind,2086
4/13/2020,3,4,Wind,3469
11/3/2020,0,1,Wind,3597
4/21/2025,20,21,Wind,3158
4/13/2021,18,19,Wind,4444
11/14/2024,23,0,Wind,3238
3/1/2022,2,3,Wind,2865
3/20/2023,20,21,Wind,1690
7/15/2024,12,13,Solar,8737
7/27/2025,2,3,Wind,2172
8/5/2022,4,5,Wind,2957
12/10/2024,10,11,Wind,10560
12/19/2023,20,21,Wind,11260
8/11/2022,8,9,Wind,4398
7/15/2021,6,7,Wind,7253
3/29/2025,16,17,Wind,11249
9/5/2025,20,21,Wind,687
11/11/2025,7,8,Wind,8058
6/18/2024,17,18,Solar,6244
4/4/2020,0,1,Wind,996
3/31/2024,11,12,Wind,10457
8/2/2022,21,22,Wind,957
7/20/2025,1,2,Wind,4506
8/3/2023,1,2,Wind,14771
7/12/2025,11,12,Solar,9607
1/26/2020,21,22,Wind,8371
5/16/2022,8,9,Wind,5803
5/23/2021,0,1,Wind,5905
3/18/2021,2,3,Wind,3524
2/4/2021,1,2,Wind,5125
6/10/2020,22,23,Wind,731
7/9/2023,18,19,Solar,4652
8/13/2023,5,6,Wind,931
3/20/2025,0,1,Wind,6946
8/8/2023,3,4,Wind,1820
7/3/2023,14,15,Wind,11480
9/30/2023,1,2,Wind,663
1/10/2020,22,23,Wind,1571
12/30/2024,12,13,Solar,3281
5/2/2021,18,19,Solar,3016
8/7/2021,18,19,Wind,11586
5/28/2021,0,1,Wind,2572
5/16/2022,11,12,Solar,7699
1/4/2020,23,0,Wind,1931
11/8/2020,8,9,Wind,3916
7/27/2023,7,8,Wind,9065
9/10/2024,0,1,Wind,4683
3/19/2021,6,7,Wind,5907
2/28/2020,3,4,Wind,2643
5/18/2023,0,1,Wind,7850
4/20/2020,3,4,Wind,5296
4/9/2020,6,7,Wind,723
5/3/2025,13,14,Solar,5971
7/30/2025,3,4,Wind,1452
4/28/2020,4,5,Wind,3067
2/26/2023,21,22,Wind,14492
4/11/2021,14,15,Wind,7658
5/8/2024,14,15,Solar,9558
4/8/2020,8,9,Wind,2303
7/4/2021,4,5,Wind,862
1/28/2025,17,18,Wind,19004
11/14/2020,19,20,Wind,11103
7/21/2020,0,1,Wind,4876
10/4/2022,1,2,Wind,1416
8/4/2024,17,18,Solar,6580
1/2/2020,23,0,Wind,6857
7/10/2021,20,21,Wind,2043
2/26/2022,21,22,Wind,9716
11/29/2022,17,18,Wind,1111
6/8/2025,7,8,Wind,8306
4/5/2022,18,19,Wind,8495
3/10/2024,7,8,Wind,2181
8/23/2020,19,20,Wind,4332
11/24/2020,3,4,Wind,1768
7/23/2024,5,6,Wind,5404
5/23/2024,2,3,Wind,2979
4/16/2023,5,6,Wind,5054
6/6/2025,13,14,Wind,7339
1/19/2024,2,3,Wind,2193
12/17/2023,15,16,Solar,3018
3/21/2025,18,19,Wind,8152
9/6/2020,2,3,Wind,1961
12/4/2020,2,3,Wind,12264
7/17/2024,10,11,Solar,6067
10/1/2025,13,14,Solar,10058
3/30/2021,11,12,Solar,4810
5/24/2024,23,0,Wind,703
2/16/2023,11,12,Solar,7999
11/2/2025,22,23,Wind,8643
7/31/2024,21,22,Wind,1578
12/31/2024,8,9,Wind,4218
1/12/2023,5,6,Wind,15968
3/9/2024,0,1,Wind,11075
4/21/2025,6,7,Wind,3806
6/19/2022,16,17,Wind,12018
3/24/2022,9,10,Solar,4911
12/6/2023,14,15,Solar,3145
10/22/2020,15,16,Wind,4372
9/1/2022,3,4,Wind,3514
2/17/2023,6,7,Wind,7645
6/14/2025,19,20,Wind,4111
9/28/2025,15,16,Solar,5298
11/4/2025,11,12,Wind,13899
7/5/2021,12,13,Solar,7806
2/21/2022,3,4,Wind,14976
11/17/2025,20,21,Wind,5188
8/23/2024,7,8,Wind,11855
3/31/2022,13,14,Wind,11938
9/28/2021,17,18,Wind,3222
6/24/2024,4,5,Wind,2733
9/3/2021,22,23,Wind,1704
10/3/2022,19,20,Wind,1114
8/22/2022,5,6,Wind,1373
2/27/2022,4,5,Wind,8949
6/28/2022,23,0,Wind,1723
8/22/2025,0,1,Wind,6431
5/5/2023,18,19,Solar,4662
3/19/2022,13,14,Wind,12710
4/18/2021,9,10,Solar,3757
7/11/2025,17,18,Solar,11291
9/4/2025,19,20,Wind,8069
10/21/2022,14,15,Wind,9441
7/27/2020,10,11,Wind,6801
7/9/2020,16,17,Wind,7247
6/19/2023,16,17,Solar,4302
8/13/2020,7,8,Wind,1791
9/21/2023,23,0,Wind,7242
7/25/2022,10,11,Wind,8474
11/27/2023,18,19,Wind,11622
4/9/2022,10,11,Solar,5360
11/2/2022,5,6,Wind,6705
8/17/2022,5,6,Wind,1436
4/20/2021,7,8,Wind,703
8/15/2024,6,7,Wind,1268
7/11/2022,6,7,Wind,3830
7/2/2022,2,3,Wind,670
5/24/2021,5,6,Wind,8343
2/24/2023,9,10,Wind,5199
4/14/2021,15,16,Wind,9278
4/12/2025,22,23,Wind,8931
12/22/2022,10,11,Wind,12428
1/18/2024,2,3,Wind,7810
5/31/2024,16,17,Wind,7089
9/9/2021,13,14,Wind,5141
4/13/2025,12,13,Wind,4906
3/23/2024,22,23,Wind,9137
2/26/2025,23,0,Wind,8535
8/3/2022,0,1,Wind,1047
4/7/2025,22,23,Wind,5598
9/15/2021,12,13,Solar,3974
3/26/2023,3,4,Wind,9201
2/19/2020,5,6,Wind,8999
9/14/2020,9,10,Wind,3828
7/23/2022,23,0,Wind,1099
6/4/2021,8,9,Wind,2095
4/12/2020,2,3,Wind,748
1/2/2021,3,4,Wind,1281
5/16/2025,20,21,Wind,7218
1/28/2024,5,6,Wind,8152
10/2/2021,16,17,Wind,14843
9/18/2020,10,11,Wind,5286
11/24/2020,21,22,Wind,6481
12/21/2022,12,13,Wind,10235
7/19/2021,2,3,Wind,5773
6/29/2022,10,11,Solar,5357
12/22/2023,12,13,Wind,19987
12/4/2024,12,13,Solar,6363
2/21/2021,13,14,Wind,8829
6/20/2022,2,3,Wind,5728
11/19/2020,23,0,Wind,3854
11/10/2025,13,14,Wind,12666
12/20/2024,8,9,Wind,5569
5/11/2025,12,13,Solar,3967
11/18/2024,2,3,Wind,8530
3/3/2025,11,12,Solar,8311
12/28/2021,22,23,Wind,12013
10/31/2021,4,5,Wind,6221
12/5/2020,21,22,Wind,5385
5/12/2024,8,9,Wind,4245
4/15/2022,22,23,Wind,5750
12/22/2024,9,10,Wind,19398
2/5/2021,14,15,Wind,3021
7/12/2022,14,15,Solar,6997
6/15/2020,23,0,Wind,2022
10/23/2023,9,10,Wind,8658
2/2/2023,8,9,Wind,6057
7/28/2024,14,15,Solar,5654
10/9/2024,13,14,Wind,12421
2/15/2023,10,11,Solar,6270
11/18/2021,14,15,Solar,3326
6/28/2022,19,20,Wind,3348
1/12/2024,1,2,Wind,6624
6/16/2020,5,6,Wind,1461
7/7/2020,7,8,Wind,1906
9/12/2022,10,11,Solar,4987
6/6/2023,14,15,Solar,8282
12/31/2023,16,17,Wind,17690
2/22/2025,3,4,Wind,10776
2/12/2020,23,0,Wind,5618
7/27/2025,4,5,Wind,1887
10/28/2023,8,9,Wind,12258
5/22/2025,14,15,Solar,6175
12/23/2024,2,3,Wind,17302
8/17/2025,22,23,Wind,7604
4/23/2024,3,4,Wind,4610
3/26/2021,17,18,Wind,9646
12/4/2021,15,16,Wind,12295
2/12/2021,15,16,Wind,9320
8/8/2023,21,22,Wind,2130
1/20/2021,0,1,Wind,11737
8/15/2025,9,10,Solar,6084
3/31/2025,6,7,Wind,5157
11/11/2022,2,3,Wind,2683
7/9/2022,18,19,Wind,8525
9/5/2023,0,1,Wind,7414
11/19/2022,10,11,Solar,4418
10/23/2023,17,18,Wind,5596
1/13/2023,1,2,Wind,13913
4/21/2020,23,0,Wind,4642
12/19/2020,11,12,Wind,10820
1/6/2021,6,7,Wind,1187
6/12/2025,3,4,Wind,6737
6/1/2020,16,17,Solar,4570
12/29/2020,22,23,Wind,3005
3/8/2023,9,10,Wind,13908
2/19/2020,2,3,Wind,11122
7/30/2023,20,21,Wind,7195
1/23/2025,6,7,Wind,5894
5/11/2025,19,20,Wind,4469
7/15/2020,18,19,Wind,3632
4/23/2021,16,17,Wind,8565
7/2/2023,18,19,Wind,6804
4/13/2022,22,23,Wind,1032
12/14/2021,23,0,Wind,1053
1/22/2021,18,19,Wind,4478
12/30/2024,14,15,Solar,2676
1/19/2020,7,8,Wind,5048
1/8/2021,0,1,Wind,1507
8/3/2023,12,13,Wind,13262
10/25/2025,4,5,Wind,13923
5/13/2023,7,8,Wind,4856
7/21/2023,22,23,Wind,3097
10/3/2024,1,2,Wind,4843
3/30/2023,23,0,Wind,12402
7/8/2022,12,13,Solar,8283
8/18/2021,1,2,Wind,2488
6/29/2023,5,6,Wind,748
5/28/2021,23,0,Wind,3329
5/11/2024,7,8,Wind,4906
4/8/2022,19,20,Wind,9607
7/27/2025,21,22,Wind,4242
10/14/2023,11,12,Solar,5525
10/12/2020,11,12,Solar,3848
1/18/2025,23,0,Wind,1679
5/31/2023,12,13,Wind,12628
9/21/2021,16,17,Solar,4522
11/21/2023,21,22,Wind,6769
4/12/2024,12,13,Solar,8049
3/17/2024,9,10,Wind,6278
4/5/2024,4,5,Wind,10352
11/1/2022,20,21,Wind,12061
5/27/2024,21,22,Wind,2538
7/15/2021,4,5,Wind,7756
3/5/2024,15,16,Wind,8619
10/10/2025,13,14,Solar,9343
6/21/2023,11,12,Solar,4377
10/29/2023,10,11,Wind,15308
5/21/2020,17,18,Solar,2989
6/10/2023,0,1,Wind,3204
8/20/2025,4,5,Wind,3073
4/16/2024,0,1,Wind,13826
3/5/2025,17,18,Solar,3558
11/15/2025,14,15,Solar,5714
3/12/2022,21,22,Wind,9414
6/4/2024,3,4,Wind,456
7/28/2020,17,18,Wind,6769
11/6/2021,21,22,Wind,6134
4/25/2025,1,2,Wind,3293
7/25/2021,5,6,Wind,2988
11/1/2022,12,13,Wind,15812
11/10/2024,19,20,Wind,1932
4/19/2021,5,6,Wind,1278
3/29/2021,11,12,Solar,5469
3/12/2021,4,5,Wind,9635
6/7/2025,23,0,Wind,12317
9/2/2023,22,23,Wind,4625
10/27/2023,20,21,Wind,9132
8/10/2021,22,23,Wind,590
9/29/2021,8,9,Wind,7118
5/31/2022,18,19,Wind,5487
6/25/2021,4,5,Wind,1451
5/27/2022,11,12,Solar,6179
3/3/2024,22,23,Wind,5144
12/7/2022,2,3,Wind,2507
8/17/2021,21,22,Wind,3684
3/24/2020,16,17,Wind,6133
10/12/2025,18,19,Wind,5244
7/24/2023,17,18,Wind,11156
7/8/2024,11,12,Solar,8159
7/16/2022,14,15,Solar,8810
4/1/2024,1,2,Wind,4949
1/14/2024,18,19,Wind,1253
1/8/2020,13,14,Wind,4927
11/12/2021,4,5,Wind,1575
11/19/2024,13,14,Wind,20597
8/17/2020,2,3,Wind,1750
6/11/2023,19,20,Wind,4575
8/21/2025,20,21,Wind,7365
8/26/2021,4,5,Wind,2542
9/10/2020,19,20,Wind,1247
7/13/2021,23,0,Wind,5065
4/5/2022,19,20,Wind,7386
6/13/2020,1,2,Wind,3366
10/18/2023,17,18,Wind,14535
8/22/2020,10,11,Wind,9129
8/3/2021,2,3,Wind,1153
7/23/2023,17,18,Wind,12004
7/2/2021,8,9,Solar,1628
6/3/2022,15,16,Solar,5923
12/4/2021,8,9,Wind,8370
10/9/2023,14,15,Solar,6407
9/15/2021,11,12,Solar,3648
6/18/2021,7,8,Wind,3517
9/10/2025,1,2,Wind,3815
4/11/2020,9,10,Solar,2530
1/26/2024,1,2,Wind,7990
3/27/2025,4,5,Wind,3169
9/21/2025,6,7,Wind,3184
7/13/2024,20,21,Solar,1101
11/14/2021,3,4,Wind,2421
7/1/2022,23,0,Wind,863
7/10/2023,3,4,Wind,1054
11/23/2022,20,21,Wind,12891
12/12/2024,15,16,Wind,3478
4/27/2025,19,20,Wind,2748
1/17/2023,16,17,Wind,4665
4/3/2022,1,2,Wind,5119
10/18/2020,4,5,Wind,672
10/11/2021,17,18,Wind,4388
11/16/2023,16,17,Wind,13386
3/9/2025,3,4,Wind,9672
12/31/2022,12,13,Wind,17332
8/16/2023,13,14,Solar,6675
1/6/2021,19,20,Wind,495
2/8/2025,9,10,Wind,8261
9/26/2022,7,8,Wind,6086
11/10/2025,0,1,Wind,6004
2/1/2020,18,19,Wind,10703
4/22/2022,18,19,Wind,4256
1/24/2023,21,22,Wind,2611
5/5/2025,7,8,Wind,9361
5/8/2020,12,13,Solar,4778
6/16/2021,8,9,Solar,2085
2/16/2020,22,23,Wind,11230
7/4/2023,10,11,Solar,5603
10/26/2023,15,16,Wind,6529
2/28/2024,3,4,Wind,3223
11/29/2022,10,11,Solar,2249
1/6/2020,20,21,Wind,6469
11/9/2025,4,5,Wind,2430
5/12/2024,6,7,Wind,3904
4/30/2021,22,23,Wind,1359
8/27/2023,4,5,Wind,2263
7/27/2024,9,10,Solar,3124
9/26/2025,12,13,Solar,5213
4/1/2022,3,4,Wind,9699
5/12/2020,12,13,Wind,5747
10/7/2024,16,17,Wind,7311
6/30/2022,13,14,Solar,4931
9/20/2024,20,21,Wind,3245
8/10/2024,16,17,Solar,4012
4/30/2023,4,5,Wind,3814
1/23/2025,5,6,Wind,6304
12/3/2022,12,13,Wind,6285
4/24/2025,7,8,Wind,2699
10/2/2025,18,19,Wind,2959
8/9/2020,11,12,Solar,3372
7/10/2020,19,20,Wind,4171
12/26/2023,4,5,Wind,7229
4/28/2024,0,1,Wind,10556
10/12/2024,13,14,Wind,6790
11/25/2022,16,17,Wind,3351
1/14/2023,15,16,Wind,17545
11/8/2022,20,21,Wind,11901
8/29/2024,19,20,Wind,2703
3/16/2025,9,10,Wind,9888
1/19/2020,3,4,Wind,4619
3/13/2025,0,1,Wind,2661
4/4/2024,19,20,Wind,8108
12/5/2023,18,19,Wind,6714
1/16/2020,6,7,Wind,4609
10/15/2025,19,20,Wind,5080
6/3/2020,16,17,Solar,3604
5/11/2024,8,9,Wind,5428
9/25/2020,7,8,Wind,10168
10/5/2022,10,11,Wind,9771
7/2/2024,4,5,Wind,2631
4/21/2023,20,21,Wind,2543
12/5/2024,8,9,Wind,14145
8/7/2025,18,19,Solar,5653
4/5/2020,11,12,Wind,7848
1/26/2024,4,5,Wind,9936
9/3/2023,14,15,Solar,9204
4/12/2022,22,23,Wind,2275
12/29/2020,13,14,Wind,5165
9/8/2023,9,10,Solar,3666
4/26/2024,13,14,Solar,6436
4/14/2024,15,16,Solar,4067
9/7/2020,13,14,Solar,5438
2/18/2022,21,22,Wind,13040
5/21/2020,5,6,Wind,1502
5/4/2020,14,15,Solar,5337
6/10/2023,9,10,Solar,4098
4/3/2024,11,12,Wind,15839
5/23/2020,7,8,Wind,3360
9/4/2020,7,8,Wind,1232
10/7/2020,12,13,Wind,8717
12/2/2023,5,6,Wind,3249
6/28/2024,16,17,Solar,6716
8/22/2021,21,22,Wind,3345
2/17/2023,9,10,Wind,9868
2/16/2022,13,14,Wind,16745
12/3/2022,2,3,Wind,6803
4/8/2021,14,15,Solar,5202
1/5/2025,15,16,Wind,19348
10/8/2024,8,9,Wind,10350
2/12/2022,6,7,Wind,4558
7/7/2023,5,6,Wind,4486
7/14/2020,21,22,Wind,2101
12/9/2022,20,21,Wind,2064
7/5/2022,0,1,Wind,3667
11/20/2021,18,19,Wind,210
2/9/2023,8,9,Wind,1322
3/1/2025,23,0,Wind,10187
7/25/2023,9,10,Wind,7186
12/25/2024,10,11,Solar,2874
5/8/2024,7,8,Wind,5427
10/3/2021,15,16,Wind,8606
4/18/2024,23,0,Wind,3786
11/4/2023,7,8,Wind,15504
5/25/2022,22,23,Wind,5875
1/22/2022,20,21,Wind,2136
8/18/2022,13,14,Solar,5355
8/14/2025,9,10,Solar,4159
1/1/2023,9,10,Wind,11283
1/20/2024,18,19,Wind,4846
11/17/2021,18,19,Wind,1887
9/29/2020,2,3,Wind,2642
8/8/2020,23,0,Wind,2390
1/18/2024,18,19,Wind,4246
10/18/2024,0,1,Wind,4798
6/27/2025,22,23,Wind,1584
2/11/2025,8,9,Wind,3812
8/25/2023,16,17,Wind,9893
12/2/2021,5,6,Wind,6952
1/25/2022,7,8,Wind,328
9/26/2022,14,15,Wind,15890
12/17/2022,16,17,Wind,2347
2/21/2020,8,9,Wind,4193
9/13/2021,19,20,Wind,1554
7/12/2020,14,15,Solar,5689
5/29/2023,9,10,Wind,9264
8/30/2024,4,5,Wind,2456
7/28/2021,14,15,Wind,10176
3/29/2023,5,6,Wind,4271
5/11/2021,19,20,Wind,6405
1/9/2025,15,16,Wind,10749
1/5/2022,2,3,Wind,7802
8/26/2024,23,0,Wind,2045
2/19/2023,14,15,Solar,7077
6/23/2025,18,19,Wind,12740
8/4/2020,19,20,Wind,2445
2/11/2023,8,9,Wind,2391
9/16/2022,6,7,Wind,1953
10/13/2025,3,4,Wind,6119
7/3/2025,0,1,Wind,5539
12/7/2022,23,0,Wind,1410
2/10/2024,3,4,Wind,4487
7/9/2021,3,4,Wind,1208
2/16/2025,0,1,Wind,4574
11/24/2024,10,11,Wind,21544
12/11/2024,19,20,Wind,5916
5/20/2025,21,22,Wind,5566
1/21/2022,9,10,Wind,5002
1/30/2025,7,8,Wind,5813
1/29/2021,17,18,Wind,12983
4/19/2024,5,6,Wind,9003
12/1/2020,12,13,Wind,8412
2/19/2024,3,4,Wind,4002
9/21/2023,13,14,Wind,6474
3/17/2025,2,3,Wind,5489
8/2/2024,18,19,Wind,7412
7/15/2020,3,4,Wind,1451
10/15/2022,16,17,Wind,8245
5/11/2025,10,11,Solar,3050
1/21/2025,13,14,Solar,5754
8/2/2023,8,9,Wind,15356
10/6/2025,19,20,Wind,2272
3/22/2024,16,17,Solar,7952
4/4/2021,2,3,Wind,6551
11/8/2022,6,7,Wind,13306
9/19/2023,9,10,Wind,7887
5/5/2022,16,17,Solar,6137
3/16/2021,3,4,Wind,3759
3/18/2023,21,22,Wind,4032
1/4/2023,19,20,Wind,13392
1/5/2021,19,20,Wind,1794
12/7/2020,22,23,Wind,3434
4/24/2024,15,16,Wind,11510
4/27/2025,16,17,Solar,3352
10/16/2021,7,8,Wind,1545
4/17/2022,9,10,Wind,6232
11/15/2022,10,11,Wind,10920
1/6/2021,1,2,Wind,1467
6/9/2020,11,12,Solar,4734
3/14/2023,17,18,Wind,10320
1/31/2021,17,18,Wind,5433
1/28/2021,22,23,Wind,9207
2/14/2023,20,21,Wind,4137
8/29/2024,10,11,Solar,5199
10/3/2022,13,14,Solar,5084
2/23/2022,10,11,Solar,3903
8/24/2025,7,8,Wind,3233
2/6/2021,12,13,Wind,3255
4/29/2023,15,16,Solar,4800
4/22/2023,4,5,Wind,4492
5/24/2020,13,14,Solar,5849
2/7/2023,16,17,Wind,6303
7/6/2022,3,4,Wind,3439
11/25/2023,22,23,Wind,3662
12/9/2022,14,15,Wind,3163
12/15/2020,0,1,Wind,5961
3/10/2022,21,22,Wind,6888
6/15/2024,16,17,Wind,10230
10/27/2025,10,11,Wind,20785
7/2/2020,23,0,Wind,3158
9/21/2021,18,19,Wind,2741
4/3/2022,20,21,Wind,1788
1/4/2025,22,23,Wind,10639
9/6/2021,16,17,Solar,4649
1/12/2022,10,11,Wind,3948
3/3/2023,17,18,Wind,5441
11/21/2021,12,13,Wind,3618
7/28/2022,20,21,Wind,1737
1/28/2023,21,22,Wind,2799
12/22/2024,11,12,Wind,19928
3/12/2024,3,4,Wind,4768
11/11/2022,17,18,Wind,2888
11/7/2024,21,22,Wind,3242
6/27/2024,3,4,Wind,839
11/23/2020,14,15,Solar,2374
6/19/2025,22,23,Wind,6052
8/7/2024,2,3,Wind,1802
7/5/2020,15,16,Wind,10632
5/27/2023,11,12,Solar,8746
4/21/2021,5,6,Wind,1068
9/15/2024,20,21,Wind,3333
7/1/2025,6,7,Wind,1421
9/9/2024,9,10,Wind,9339
9/12/2021,10,11,Solar,3552
1/13/2022,4,5,Wind,2645
7/23/2025,1,2,Wind,1307
8/27/2023,2,3,Wind,1781
2/19/2024,6,7,Wind,3287
6/16/2022,16,17,Solar,5124
9/11/2025,3,4,Wind,10615
6/27/2021,23,0,Wind,748
6/13/2025,6,7,Wind,2429
12/10/2020,9,10,Wind,4988
11/29/2022,20,21,Wind,1194
11/13/2021,4,5,Wind,5812
7/22/2025,16,17,Wind,13809
2/21/2024,23,0,Wind,15375
8/7/2021,21,22,Wind,9544
11/24/2023,10,11,Wind,9941
6/3/2021,19,20,Wind,1771
12/2/2020,20,21,Wind,2043
4/29/2023,7,8,Wind,1622
4/16/2021,11,12,Solar,7807
2/13/2020,13,14,Wind,13233
11/21/2021,13,14,Wind,3948
12/18/2023,3,4,Wind,2101
6/1/2020,10,11,Solar,4181
7/24/2025,15,16,Solar,9540
6/24/2023,13,14,Solar,8820
3/7/2022,12,13,Wind,10894
10/21/2021,1,2,Wind,13513
2/11/2024,1,2,Wind,9448
9/7/2023,17,18,Solar,4368
11/25/2023,13,14,Wind,10661
10/2/2020,14,15,Wind,6441
1/5/2022,10,11,Wind,6918
3/28/2022,19,20,Wind,1643
9/1/2020,8,9,Wind,1448
9/19/2025,16,17,Solar,10145
11/3/2023,11,12,Wind,10759
11/25/2020,19,20,Wind,3453
10/1/2022,1,2,Wind,13589
8/2/2021,0,1,Wind,1434
8/8/2020,10,11,Solar,2968
9/14/2022,3,4,Wind,1861
5/31/2021,8,9,Wind,3833
12/27/2023,15,16,Wind,12667
8/1/2024,19,20,Wind,4264
4/4/2023,19,20,Wind,4139
5/3/2024,0,1,Wind,9022
9/15/2024,22,23,Wind,4322
9/13/2021,6,7,Wind,1809
12/7/2021,18,19,Wind,13600
11/30/2023,4,5,Wind,1780
3/10/2022,1,2,Wind,6777
3/30/2022,11,12,Solar,2186
8/9/2022,3,4,Wind,6466
5/4/2023,17,18,Wind,9901
12/13/2023,10,11,Wind,6869
9/29/2022,13,14,Solar,4400
8/28/2024,13,14,Solar,10829
9/17/2024,8,9,Wind,10111
1/6/2020,11,12,Wind,5665
9/7/2022,16,17,Wind,6353
10/21/2022,2,3,Wind,7894
5/26/2021,19,20,Wind,4996
6/26/2022,4,5,Wind,1831
7/13/2025,20,21,Wind,3952
6/29/2024,7,8,Wind,4387
11/8/2024,14,15,Solar,4482
7/11/2022,10,11,Solar,7469
1/10/2022,6,7,Wind,1005
3/21/2025,0,1,Wind,7350
2/15/2023,13,14,Solar,6445
4/17/2025,1,2,Wind,2336
2/15/2025,1,2,Wind,7209
9/28/2020,18,19,Wind,4748
6/30/2021,4,5,Wind,2097
7/20/2022,6,7,Wind,2316
4/22/2020,2,3,Wind,5000
9/23/2021,20,21,Wind,1171
2/27/2020,0,1,Wind,5262
3/26/2021,20,21,Wind,8311
1/13/2020,8,9,Wind,3845
9/22/2025,23,0,Wind,8892
1/13/2023,8,9,Wind,14537
7/16/2024,6,7,Wind,7743
6/4/2024,18,19,Wind,7459
11/2/2020,22,23,Wind,4458
10/7/2022,11,12,Solar,4853
2/24/2022,17,18,Wind,12191
11/27/2021,6,7,Wind,7605
8/7/2020,9,10,Solar,2665
7/10/2022,2,3,Wind,5201
7/13/2021,1,2,Wind,3421
5/1/2025,2,3,Wind,5525
11/30/2025,5,6,Wind,4365
12/25/2020,6,7,Wind,6272
4/19/2021,11,12,Solar,4484
3/29/2024,22,23,Wind,5301
7/29/2023,8,9,Wind,5340
6/5/2022,4,5,Wind,1412
8/11/2021,6,7,Wind,508
11/27/2022,12,13,Wind,8438
6/11/2025,8,9,Solar,5524
6/1/2023,11,12,Solar,8686
10/14/2022,9,10,Wind,5617
5/7/2025,13,14,Solar,11508
3/30/2022,14,15,Solar,3152
3/13/2025,15,16,Solar,5712
9/23/2021,15,16,Solar,5575
2/4/2020,4,5,Wind,10605
5/14/2021,19,20,Wind,5623
5/30/2022,2,3,Wind,4110
1/30/2021,6,7,Wind,5748
6/20/2024,7,8,Wind,4284
8/7/2025,19,20,Solar,3099
8/24/2024,3,4,Wind,6102
9/15/2022,7,8,Wind,1704
7/6/2020,1,2,Wind,6827
8/28/2022,6,7,Wind,3890
9/14/2020,12,13,Solar,4786
5/24/2024,22,23,Wind,645
8/8/2025,6,7,Wind,1464
7/10/2020,10,11,Wind,5130
1/17/2020,18,19,Wind,7402
7/17/2024,18,19,Solar,4046
1/2/2023,7,8,Wind,6552
2/14/2021,0,1,Wind,7245
7/26/2025,5,6,Wind,2295
10/23/2020,10,11,Wind,2714
7/3/2024,1,2,Wind,1771
11/12/2024,22,23,Wind,8223
11/12/2025,17,18,Wind,13595
4/26/2024,19,20,Wind,3091
12/20/2023,11,12,Wind,9752
4/4/2024,20,21,Wind,7001
3/18/2025,20,21,Wind,10105
4/14/2020,18,19,Wind,6515
3/2/2020,23,0,Wind,8448
1/11/2020,7,8,Wind,3308
2/10/2022,19,20,Wind,3020
10/13/2024,4,5,Wind,3330
1/16/2024,0,1,Wind,2197
9/10/2020,17,18,Solar,2293
8/25/2025,8,9,Wind,3906
3/5/2024,16,17,Wind,6764
8/23/2022,7,8,Wind,1085
7/17/2021,18,19,Wind,6467
4/27/2025,11,12,Solar,3596
2/27/2020,18,19,Wind,10596
11/6/2024,7,8,Wind,292
11/22/2024,14,15,Wind,15122
11/19/2024,21,22,Wind,11992
5/26/2021,1,2,Wind,5335
11/29/2021,12,13,Wind,4389
4/9/2023,3,4,Wind,3548
5/20/2024,11,12,Solar,5874
9/6/2021,9,10,Solar,2723
12/16/2020,23,0,Wind,7220
6/11/2021,11,12,Solar,4809
3/15/2024,4,5,Wind,9923
2/20/2023,2,3,Wind,3288
5/2/2025,18,19,Wind,4524
4/30/2021,7,8,Wind,1408
8/30/2024,23,0,Wind,5577
9/30/2021,7,8,Wind,1829
2/13/2024,9,10,Wind,7108
1/10/2023,4,5,Wind,7471
5/20/2023,6,7,Wind,6415
9/1/2023,22,23,Wind,1142
6/6/2024,15,16,Solar,8506
7/13/2025,12,13,Solar,9654
10/18/2021,16,17,Wind,5039
3/1/2021,5,6,Wind,4453
3/18/2023,13,14,Wind,11176
10/21/2020,15,16,Wind,14758
3/2/2020,13,14,Wind,7175
6/30/2023,1,2,Wind,2631
4/19/2022,9,10,Solar,2972
7/25/2020,6,7,Wind,1509
11/3/2021,2,3,Wind,3878
9/20/2024,22,23,Wind,3712
7/6/2020,10,11,Wind,7270
6/18/2023,7,8,Wind,2716
4/22/2024,11,12,Solar,11915
10/31/2022,2,3,Wind,1886
12/8/2022,19,20,Wind,2320
2/19/2021,8,9,Wind,6408
7/4/2024,7,8,Wind,7653
8/12/2022,18,19,Solar,4606
6/22/2020,5,6,Wind,1871
5/14/2022,19,20,Wind,1781
3/14/2022,23,0,Wind,5813
4/28/2021,9,10,Solar,1431
2/22/2020,18,19,Wind,8683
11/1/2024,9,10,Solar,3028
8/31/2025,20,21,Wind,3822
8/21/2024,10,11,Solar,7369
11/10/2023,6,7,Wind,13482
5/4/2025,7,8,Wind,5384
9/21/2024,13,14,Solar,4430
3/19/2020,5,6,Wind,1145
10/2/2020,8,9,Wind,9401
9/25/2022,17,18,Wind,4472
8/25/2022,19,20,Wind,4858
8/10/2023,8,9,Wind,3790
9/21/2024,3,4,Wind,3321
1/22/2022,3,4,Wind,3202
11/9/2023,8,9,Wind,9159
11/25/2024,0,1,Wind,18407
7/8/2023,3,4,Wind,4740
9/11/2025,4,5,Wind,10679
7/15/2023,3,4,Wind,6810
11/3/2021,20,21,Wind,3050
11/23/2025,6,7,Wind,9347
5/18/2021,14,15,Wind,5821
2/4/2024,10,11,Wind,8994
7/16/2020,0,1,Wind,1763
7/3/2020,2,3,Wind,3011
3/4/2024,12,13,Solar,9667
10/15/2020,11,12,Wind,6069
1/25/2023,22,23,Wind,1037
2/4/2023,17,18,Wind,2961
2/3/2023,19,20,Wind,5209
2/24/2025,14,15,Wind,13295
11/11/2025,21,22,Wind,14313
5/7/2025,14,15,Wind,11125
6/18/2024,15,16,Solar,7585
4/13/2021,11,12,Solar,6733
1/6/2024,14,15,Wind,9159
1/19/2020,2,3,Wind,4247
6/1/2021,2,3,Wind,5282
5/28/2023,16,17,Wind,6446
9/19/2025,13,14,Solar,12989
8/17/2025,6,7,Wind,5923
8/29/2023,12,13,Solar,6385
8/13/2020,23,0,Wind,2213
8/30/2021,7,8,Wind,3173
7/26/2020,0,1,Wind,4306
2/25/2023,2,3,Wind,3671
8/16/2025,9,10,Wind,8918
7/15/2024,15,16,Wind,10900
3/6/2020,1,2,Wind,11303
9/2/2023,7,8,Wind,2084
1/21/2022,13,14,Solar,6900
5/6/2023,4,5,Wind,1719
9/21/2023,15,16,Wind,8784
7/17/2025,13,14,Solar,9602
10/5/2023,13,14,Solar,6634
6/13/2023,3,4,Wind,3141
1/8/2023,1,2,Wind,12173
12/10/2020,4,5,Wind,5097
3/21/2023,13,14,Wind,8403
4/25/2022,14,15,Solar,7151
9/14/2025,1,2,Wind,4414
9/29/2024,1,2,Wind,1277
2/6/2025,18,19,Wind,11486
12/20/2022,11,12,Wind,11990
11/26/2024,8,9,Wind,6210
3/13/2023,16,17,Wind,16408
9/3/2025,10,11,Wind,18721
11/9/2024,3,4,Wind,1300
2/23/2020,19,20,Wind,9881
8/3/2020,20,21,Wind,4530
11/3/2021,6,7,Wind,3960
12/10/2022,14,15,Solar,3935
11/22/2024,11,12,Wind,15569
6/15/2020,0,1,Wind,2040
2/22/2021,3,4,Wind,6815
1/28/2025,13,14,Wind,20885
6/5/2022,14,15,Wind,8904
7/30/2022,20,21,Wind,2584
7/29/2021,21,22,Wind,965
9/7/2023,18,19,Solar,2452
11/11/2023,1,2,Wind,6863
3/21/2020,5,6,Wind,7494
10/19/2020,4,5,Wind,1525
3/15/2024,9,10,Wind,14005
2/25/2022,5,6,Wind,7242
5/11/2025,21,22,Wind,3052
4/4/2023,13,14,Solar,11558
2/27/2022,21,22,Wind,6470
6/23/2025,2,3,Wind,5291
10/8/2020,4,5,Wind,6790
7/3/2023,17,18,Wind,11708
2/6/2023,20,21,Wind,7870
3/30/2023,13,14,Wind,18316
5/16/2020,20,21,Wind,3193
10/3/2023,14,15,Wind,9033
11/20/2020,19,20,Wind,2773
8/15/2020,5,6,Wind,384
6/21/2024,8,9,Wind,2878
12/2/2021,2,3,Wind,5934
12/19/2020,13,14,Wind,9422
4/10/2021,9,10,Wind,5393
12/25/2022,18,19,Wind,9466
7/19/2023,4,5,Wind,2823
5/14/2024,17,18,Wind,6999
5/23/2020,13,14,Wind,7862
10/3/2021,23,0,Wind,5964
1/29/2024,13,14,Wind,8687
10/15/2021,19,20,Wind,1124
6/12/2021,7,8,Wind,1829
9/22/2020,1,2,Wind,894
10/19/2021,10,11,Wind,8475
11/7/2022,17,18,Wind,8246
8/21/2023,1,2,Wind,2603
4/8/2022,23,0,Wind,6694
11/10/2020,12,13,Solar,2552
8/30/2025,8,9,Wind,5384
9/26/2020,10,11,Wind,11643
9/3/2024,23,0,Wind,1253
3/10/2025,6,7,Wind,2663
2/16/2023,3,4,Wind,3980
3/11/2020,15,16,Wind,11361
12/27/2023,8,9,Wind,9035
10/15/2021,15,16,Solar,4028
10/14/2021,1,2,Wind,1908
3/11/2022,19,20,Wind,10317
3/8/2021,5,6,Wind,3070
10/23/2025,19,20,Wind,17992
8/22/2021,6,7,Wind,3212
6/19/2022,12,13,Solar,9444
1/2/2022,4,5,Wind,6918
12/17/2020,3,4,Wind,5845
3/8/2020,0,1,Wind,7440
5/22/2020,23,0,Wind,1663
8/1/2023,10,11,Wind,11387
11/12/2024,20,21,Wind,9661
6/26/2022,14,15,Solar,4430
5/13/2025,20,21,Wind,1684
10/12/2021,17,18,Wind,5195
3/26/2021,8,9,Wind,5079
6/20/2024,18,19,Wind,3344
3/3/2020,21,22,Wind,3260
11/18/2022,13,14,Wind,7173
3/14/2021,8,9,Wind,10637
11/17/2025,22,23,Wind,4027
6/25/2021,0,1,Wind,2162
5/16/2021,14,15,Wind,10947
9/22/2025,8,9,Wind,9995
2/17/2022,13,14,Wind,16410
1/8/2025,11,12,Wind,9828
3/8/2021,3,4,Wind,2869
4/8/2025,15,16,Solar,8550
9/25/2022,9,10,Wind,3647
6/17/2022,11,12,Solar,6029
2/24/2024,12,13,Wind,15371
11/7/2021,21,22,Wind,3223
8/23/2025,21,22,Wind,2569
3/1/2022,21,22,Wind,2721
4/3/2021,13,14,Wind,14891
2/13/2021,17,18,Wind,6349
12/26/2023,6,7,Wind,9160
3/13/2022,9,10,Wind,9151
6/22/2024,1,2,Wind,5101
1/15/2025,13,14,Solar,6285
8/14/2022,16,17,Wind,7767
9/13/2021,21,22,Wind,2957
6/4/2020,14,15,Wind,5751
10/6/2022,19,20,Wind,459
12/19/2022,4,5,Wind,12566
3/4/2022,9,10,Wind,4002
5/23/2023,9,10,Wind,8084
10/12/2025,2,3,Wind,5142
4/2/2022,5,6,Wind,9702
3/7/2022,16,17,Wind,9049
11/23/2022,6,7,Wind,8193
1/24/2022,11,12,Solar,4385
1/31/2021,2,3,Wind,4875
10/22/2025,13,14,Solar,7336
9/26/2024,6,7,Wind,12407
8/17/2025,17,18,Solar,9585
5/10/2023,3,4,Wind,7707
3/21/2021,15,16,Wind,8663
1/2/2020,21,22,Wind,6813
7/5/2023,13,14,Wind,12672
7/10/2022,21,22,Wind,4249
11/19/2022,19,20,Wind,3365
2/23/2024,0,1,Wind,15206
6/3/2021,22,23,Wind,1289
4/17/2021,11,12,Wind,8185
5/15/2024,18,19,Solar,4141
10/9/2022,1,2,Wind,4252
12/28/2022,17,18,Wind,15714
5/17/2021,8,9,Wind,11934
3/10/2021,17,18,Wind,10787
3/29/2020,20,21,Wind,12637
12/9/2022,11,12,Wind,3573
7/17/2022,17,18,Solar,6303
2/23/2022,18,19,Wind,1715
5/1/2020,11,12,Wind,8478
2/20/2020,12,13,Wind,12752
9/12/2023,3,4,Wind,1028
5/30/2022,8,9,Solar,2738
3/12/2020,22,23,Wind,8034
12/16/2024,18,19,Wind,3165
2/8/2022,19,20,Wind,2613
2/10/2023,19,20,Wind,1779
12/10/2024,0,1,Wind,11211
3/25/2020,10,11,Solar,5257
1/23/2023,5,6,Wind,4215
3/31/2022,3,4,Wind,3308
8/7/2020,23,0,Wind,2007
2/10/2025,18,19,Wind,6846
7/21/2021,15,16,Solar,6031
9/4/2021,10,11,Solar,2823
6/23/2025,1,2,Wind,4846
2/23/2025,15,16,Wind,13530
9/27/2024,20,21,Wind,10616
3/17/2025,0,1,Wind,5188
6/24/2025,1,2,Wind,2704
12/1/2024,19,20,Wind,7486
7/26/2021,21,22,Wind,1779
1/15/2023,12,13,Wind,19266
11/2/2020,3,4,Wind,9919
2/25/2022,20,21,Wind,2846
1/17/2025,13,14,Solar,5413
9/8/2020,23,0,Wind,895
4/12/2021,18,19,Wind,3967
7/27/2021,0,1,Wind,1566
12/17/2020,0,1,Wind,7100
4/9/2023,0,1,Wind,4433
5/1/2022,16,17,Solar,5604
10/23/2023,15,16,Wind,7230
4/6/2024,16,17,Wind,6760
3/25/2021,23,0,Wind,2424
12/29/2020,11,12,Wind,4941
4/9/2020,3,4,Wind,746
6/6/2022,8,9,Wind,3575
5/8/2020,21,22,Wind,2057
2/6/2023,10,11,Wind,7478
3/25/2024,1,2,Wind,1448
6/11/2023,1,2,Wind,1826
1/14/2025,11,12,Solar,6088
2/15/2022,18,19,Wind,13036
2/6/2025,23,0,Wind,12066
12/22/2023,19,20,Wind,15656
7/7/2020,8,9,Solar,2361
7/20/2021,1,2,Wind,4074
12/2/2021,21,22,Wind,4111
10/19/2021,11,12,Wind,8741
2/2/2022,20,21,Wind,2853
8/14/2025,3,4,Wind,2267
5/23/2023,8,9,Wind,6766
4/24/2023,18,19,Wind,6416
8/30/2021,21,22,Wind,5261
11/10/2020,11,12,Solar,2271
10/17/2023,10,11,Wind,6810
8/3/2024,12,13,Solar,8860
9/16/2021,6,7,Wind,631
5/23/2021,8,9,Wind,5138
2/15/2020,7,8,Wind,6365
3/16/2020,13,14,Wind,3587
4/9/2024,6,7,Wind,13710
5/18/2021,12,13,Solar,5550
8/4/2025,13,14,Solar,13010
1/5/2022,18,19,Wind,3791
12/1/2023,23,0,Wind,4345
7/28/2021,6,7,Wind,3178
2/24/2023,14,15,Wind,5858
7/26/2022,19,20,Wind,4218
3/18/2020,18,19,Wind,380
5/18/2025,7,8,Wind,3318
9/30/2023,8,9,Wind,1568
2/20/2020,8,9,Wind,7848
5/16/2022,20,21,Wind,691
5/27/2021,3,4,Wind,1412
2/12/2025,10,11,Solar,3450
9/13/2023,8,9,Wind,1595
6/24/2025,21,22,Wind,1094
8/21/2025,15,16,Wind,11238
9/29/2022,20,21,Wind,1057
5/1/2024,21,22,Wind,5445
12/9/2022,22,23,Wind,1529
11/25/2025,0,1,Wind,9734
10/23/2025,16,17,Wind,15398
3/21/2024,5,6,Wind,2243
5/3/2022,15,16,Solar,5540
1/14/2023,2,3,Wind,8733
10/3/2022,18,19,Wind,1731
10/6/2021,4,5,Wind,8240
1/17/2025,22,23,Wind,1503
7/11/2024,22,23,Wind,3990
2/19/2024,16,17,Wind,9227
3/8/2025,13,14,Wind,14741
10/5/2022,15,16,Wind,14688
11/24/2024,6,7,Wind,18598
5/6/2024,1,2,Wind,2849
4/10/2020,22,23,Wind,3686
7/22/2025,8,9,Wind,9162
10/23/2024,0,1,Wind,1780
11/6/2024,3,4,Wind,148
10/30/2022,14,15,Solar,5627
2/16/2024,11,12,Wind,9141
10/29/2022,12,13,Wind,9218
6/29/2024,17,18,Wind,5896
10/28/2020,15,16,Wind,11856
11/23/2020,13,14,Solar,2770
8/7/2020,17,18,Solar,2939
4/28/2021,15,16,Wind,4461
10/8/2025,17,18,Solar,4242
9/16/2024,18,19,Wind,8604
9/1/2025,10,11,Wind,8188
4/5/2025,20,21,Wind,6463
3/7/2022,17,18,Wind,7396
2/25/2023,18,19,Wind,8199
1/31/2020,8,9,Wind,5824
8/9/2022,22,23,Wind,7621
4/26/2025,16,17,Wind,4158
12/29/2023,22,23,Wind,10568
7/30/2025,15,16,Solar,9183
3/17/2023,17,18,Wind,8029
2/11/2025,1,2,Wind,5637
2/8/2021,8,9,Wind,1234
3/3/2024,3,4,Wind,2805
2/2/2024,2,3,Wind,3042
8/30/2020,5,6,Wind,3412
8/29/2024,12,13,Solar,6094
11/8/2020,5,6,Wind,4481
2/25/2024,10,11,Wind,11356
11/30/2023,20,21,Wind,1743
11/3/2022,14,15,Wind,10359
1/29/2023,16,17,Wind,2807
3/24/2025,17,18,Wind,3751
3/10/2024,11,12,Solar,4489
7/22/2022,19,20,Wind,2905
2/9/2024,19,20,Wind,9829
12/19/2024,11,12,Wind,17655
1/7/2024,5,6,Wind,7382
12/3/2020,20,21,Wind,12392
8/7/2025,3,4,Wind,930
11/15/2025,3,4,Wind,4692
11/2/2022,9,10,Wind,5751
5/12/2024,18,19,Wind,7203
3/1/2021,20,21,Wind,4546
6/25/2025,14,15,Solar,9154
6/12/2022,19,20,Wind,4471
8/9/2024,15,16,Solar,7538
7/17/2022,22,23,Wind,3664
10/7/2023,4,5,Wind,1842
10/26/2025,19,20,Wind,11977
8/1/2024,13,14,Solar,7736
11/14/2022,12,13,Wind,4986
9/6/2025,9,10,Wind,9528
3/1/2023,0,1,Wind,7633
12/13/2024,21,22,Wind,718
9/26/2025,6,7,Wind,990
6/23/2025,4,5,Wind,5544
2/27/2023,16,17,Wind,16405
1/8/2022,14,15,Wind,15893
1/23/2025,9,10,Wind,7687
3/17/2022,15,16,Wind,5379
12/25/2021,11,12,Solar,2139
7/29/2025,15,16,Solar,11049
5/17/2022,7,8,Wind,3135
2/29/2024,5,6,Wind,7464
12/13/2021,15,16,Solar,1959
1/7/2025,22,23,Wind,6904
6/15/2020,19,20,Wind,3068
2/1/2022,9,10,Wind,9308
7/24/2025,18,19,Wind,7239
3/22/2022,12,13,Solar,8895
1/22/2024,5,6,Wind,16728
8/26/2024,22,23,Wind,1669
6/20/2024,12,13,Solar,5316
5/27/2024,15,16,Wind,8313
3/27/2025,7,8,Wind,4075
9/30/2024,14,15,Wind,17990
11/14/2022,21,22,Wind,6382
7/2/2023,8,9,Wind,2882
8/7/2023,17,18,Solar,8202
4/3/2023,12,13,Wind,11111
7/8/2025,15,16,Solar,12184
9/16/2025,7,8,Wind,9343
4/13/2022,6,7,Wind,1107
6/26/2022,0,1,Wind,2699
10/26/2024,5,6,Wind,2085
5/15/2024,3,4,Wind,2598
8/4/2020,5,6,Wind,2214
9/16/2021,22,23,Wind,842
10/29/2024,1,2,Wind,1733
2/20/2025,17,18,Wind,8149
12/18/2023,8,9,Wind,2271
4/21/2025,21,22,Wind,2788
9/21/2022,16,17,Solar,6437
3/11/2025,16,17,Wind,6371
6/23/2023,11,12,Solar,7189
4/6/2023,9,10,Wind,4765
6/7/2025,4,5,Wind,6797
9/20/2025,19,20,Wind,10122
11/30/2022,1,2,Wind,1058
10/30/2025,6,7,Wind,4783
1/21/2025,8,9,Wind,2522
6/2/2024,15,16,Wind,5303
3/23/2025,6,7,Wind,4373
6/10/2024,4,5,Wind,3938
6/12/2025,14,15,Solar,5717
1/2/2025,5,6,Wind,8804
5/13/2021,15,16,Solar,5509
6/17/2022,18,19,Solar,3404
10/13/2025,23,0,Wind,6944
9/16/2020,8,9,Wind,1013
12/18/2022,7,8,Wind,6542
8/3/2024,5,6,Wind,3203
9/26/2020,15,16,Wind,11741
3/29/2020,6,7,Wind,11027
7/1/2020,8,9,Wind,3679
6/19/2023,7,8,Wind,1807
11/2/2021,23,0,Wind,2889
3/1/2022,3,4,Wind,2612
3/17/2021,23,0,Wind,5240
4/26/2022,14,15,Solar,7982
11/15/2021,23,0,Wind,1107
8/18/2023,19,20,Wind,3018
8/15/2025,0,1,Wind,4269
7/9/2020,19,20,Wind,4573
7/25/2022,21,22,Wind,7106
2/6/2023,12,13,Solar,9036
2/4/2025,3,4,Wind,1737
1/10/2020,5,6,Wind,7774
4/25/2023,7,8,Wind,2753
4/8/2024,23,0,Wind,9139
8/11/2020,16,17,Solar,3542
6/2/2025,8,9,Wind,2742
7/29/2022,21,22,Wind,2125
4/4/2024,13,14,Wind,20481
3/1/2021,22,23,Wind,4978
2/20/2025,21,22,Wind,9773
4/16/2020,19,20,Wind,1414
3/28/2025,17,18,Wind,9362
5/21/2021,1,2,Wind,9817
7/13/2020,7,8,Wind,2341
8/31/2024,3,4,Wind,4579
12/9/2024,9,10,Wind,15224
9/2/2023,13,14,Solar,6760
4/14/2024,21,22,Wind,2636
1/9/2020,0,1,Wind,6309
10/19/2020,8,9,Wind,3178
6/29/2023,19,20,Wind,4840
3/8/2022,19,20,Wind,4726
8/16/2025,4,5,Wind,7037
1/6/2022,14,15,Solar,5505
12/8/2021,22,23,Wind,5949
5/29/2023,5,6,Wind,8702
4/29/2022,19,20,Wind,4185
1/21/2024,13,14,Wind,15113
10/28/2021,2,3,Wind,4894
4/21/2025,19,20,Wind,4219
6/27/2020,6,7,Wind,3501
3/18/2025,3,4,Wind,12324
6/15/2025,1,2,Wind,2950
1/28/2023,16,17,Wind,4875
10/21/2024,0,1,Wind,7969
2/7/2023,10,11,Wind,8915
2/12/2021,18,19,Wind,8474
11/6/2025,17,18,Wind,2204
7/12/2025,17,18,Solar,7623
10/6/2021,13,14,Wind,12605
11/10/2025,14,15,Wind,12527
1/10/2023,2,3,Wind,8206
5/8/2022,0,1,Wind,4571
11/25/2024,20,21,Wind,6940
10/26/2020,21,22,Wind,7511
8/16/2022,0,1,Wind,994
4/25/2025,17,18,Solar,7637
10/6/2021,5,6,Wind,8206
11/1/2023,2,3,Wind,12791
3/27/2025,8,9,Wind,5016
10/5/2024,2,3,Wind,2709
2/26/2021,11,12,Wind,4537
10/8/2025,7,8,Wind,703
5/19/2022,9,10,Wind,5194
9/17/2021,6,7,Wind,638
12/16/2021,20,21,Wind,5347
6/24/2023,19,20,Solar,3126
2/9/2023,11,12,Solar,5239
5/13/2024,5,6,Wind,1791
10/4/2025,10,11,Wind,19412
7/17/2025,8,9,Solar,3408
7/6/2022,5,6,Wind,2998
2/11/2020,4,5,Wind,11863
8/20/2024,2,3,Wind,3228
8/29/2022,2,3,Wind,5234
8/21/2021,8,9,Wind,2289
3/22/2022,4,5,Wind,4874
2/25/2024,5,6,Wind,7291
1/17/2025,12,13,Solar,5260
12/8/2022,17,18,Wind,2074
3/27/2024,1,2,Wind,5339
10/29/2022,20,21,Wind,5791
9/25/2023,5,6,Wind,3360
5/29/2025,3,4,Wind,2576
10/14/2021,3,4,Wind,1743
10/11/2023,15,16,Solar,9015
5/20/2023,11,12,Wind,10266
5/27/2022,10,11,Solar,5628
11/26/2020,1,2,Wind,2773
6/29/2021,7,8,Wind,1489
9/30/2023,0,1,Wind,1029
7/7/2023,13,14,Solar,10199
8/18/2021,5,6,Wind,2082
5/30/2020,13,14,Solar,7142
12/3/2023,13,14,Wind,12003
1/5/2024,9,10,Wind,7892
6/5/2024,18,19,Solar,6522
9/4/2020,3,4,Wind,1556
7/20/2023,19,20,Wind,3428
5/15/2020,0,1,Wind,8261
11/23/2021,13,14,Wind,9773
12/22/2021,23,0,Wind,5802
11/13/2023,11,12,Wind,18876
11/25/2023,20,21,Wind,4410
6/29/2023,7,8,Solar,1265
6/1/2025,7,8,Wind,2320
5/5/2023,2,3,Wind,2941
3/25/2021,14,15,Solar,4960
7/7/2021,11,12,Solar,4779
1/6/2022,5,6,Wind,2049
7/16/2024,1,2,Wind,8767
1/24/2024,2,3,Wind,17178
6/26/2020,0,1,Wind,3797
6/24/2020,12,13,Solar,6632
11/30/2023,16,17,Wind,1216
2/6/2020,20,21,Wind,6009
9/5/2022,0,1,Wind,5892
8/6/2025,17,18,Solar,6728
10/27/2023,4,5,Wind,9172
7/24/2023,11,12,Wind,10535
10/14/2021,22,23,Wind,1373
1/12/2023,18,19,Wind,16129
5/31/2021,0,1,Wind,5070
11/4/2021,19,20,Wind,4199
6/20/2024,11,12,Solar,4899
4/26/2023,18,19,Solar,2020
6/29/2025,23,0,Wind,4676
1/23/2020,7,8,Wind,5287
1/30/2022,2,3,Wind,4507
8/3/2022,16,17,Solar,5552
9/13/2024,22,23,Wind,4252
4/25/2023,19,20,Wind,2273
9/25/2022,8,9,Wind,3110
2/2/2025,20,21,Wind,1338
2/16/2024,1,2,Wind,10687
8/28/2025,7,8,Wind,3117
10/26/2023,18,19,Wind,4654
5/18/2021,17,18,Wind,4730
7/18/2020,8,9,Solar,1804
6/22/2024,12,13,Solar,7746
3/17/2025,4,5,Wind,5414
6/25/2021,16,17,Solar,5149
7/26/2022,14,15,Solar,7335
6/10/2025,18,19,Solar,7100
2/16/2025,8,9,Wind,4873
4/7/2022,13,14,Wind,17696
2/3/2020,21,22,Wind,10771
10/17/2024,8,9,Wind,3165
9/3/2024,13,14,Solar,5281
7/10/2024,6,7,Wind,3100
11/26/2023,13,14,Solar,6070
8/13/2024,6,7,Wind,1141
6/7/2024,3,4,Wind,2329
4/29/2025,0,1,Wind,6877
5/23/2024,3,4,Wind,3036
4/21/2021,14,15,Solar,5592
1/14/2020,15,16,Wind,13814
1/24/2025,21,22,Wind,11590
1/8/2020,16,17,Wind,3069
4/7/2023,20,21,Wind,2704
5/23/2020,6,7,Wind,2524
2/11/2020,6,7,Wind,11631
10/6/2020,10,11,Wind,11206
2/24/2022,16,17,Wind,14179
7/6/2023,7,8,Solar,1340
6/6/2025,8,9,Wind,7508
4/6/2021,23,0,Wind,3992
9/14/2025,21,22,Wind,14751
7/20/2023,22,23,Wind,2071
10/24/2021,4,5,Wind,4056
4/3/2025,3,4,Wind,10072
3/12/2025,11,12,Solar,4529
11/27/2020,16,17,Wind,1662
4/15/2022,4,5,Wind,1294
4/25/2023,2,3,Wind,2620
4/30/2024,3,4,Wind,3529
2/21/2025,22,23,Wind,12234
3/10/2022,3,4,Wind,5858
10/10/2023,16,17,Solar,5527
5/17/2025,1,2,Wind,7119
9/29/2023,10,11,Wind,11544
3/12/2024,23,0,Wind,8268
4/24/2022,6,7,Wind,2801
2/7/2025,20,21,Wind,9209
3/11/2022,1,2,Wind,8811
11/13/2021,0,1,Wind,6028
11/21/2025,15,16,Wind,7003
3/26/2024,1,2,Wind,7721
3/21/2025,8,9,Wind,12665
8/15/2024,14,15,Solar,9758
5/28/2025,17,18,Wind,17702
12/23/2023,21,22,Wind,14387
9/17/2022,11,12,Wind,10410
8/4/2024,10,11,Solar,6165
2/1/2024,7,8,Wind,5460
1/3/2023,6,7,Wind,4994
7/15/2022,17,18,Solar,6073
2/1/2020,2,3,Wind,8897
8/26/2022,5,6,Wind,3140
11/25/2024,12,13,Wind,12182
3/30/2023,21,22,Wind,9358
9/8/2025,15,16,Solar,6288
12/4/2020,10,11,Wind,7773
12/24/2024,22,23,Wind,2401
3/5/2023,7,8,Wind,1899
8/11/2020,1,2,Wind,1697
8/26/2022,10,11,Solar,5642
7/6/2022,20,21,Wind,3478
8/22/2024,21,22,Wind,5770
12/6/2022,3,4,Wind,1862
9/1/2020,6,7,Wind,1006
9/19/2023,12,13,Wind,15144
9/9/2021,15,16,Wind,5383
11/2/2022,13,14,Wind,10158
3/5/2025,18,19,Wind,2008
7/22/2023,22,23,Wind,4175
1/5/2020,14,15,Solar,2952
6/26/2025,7,8,Wind,7668
12/18/2023,4,5,Wind,1948
8/6/2025,23,0,Wind,1318
6/26/2021,12,13,Solar,4649
2/2/2022,6,7,Wind,7485
9/18/2024,7,8,Wind,8921
2/25/2025,1,2,Wind,3638
3/14/2022,21,22,Wind,6052
10/29/2022,11,12,Wind,9396
7/19/2024,17,18,Solar,6264
8/21/2022,16,17,Solar,4951
4/10/2023,20,21,Wind,10159
11/28/2023,11,12,Wind,6161
11/4/2021,7,8,Wind,3133
3/9/2020,23,0,Wind,9741
7/10/2020,17,18,Wind,4992
1/16/2025,10,11,Wind,7073
5/19/2025,1,2,Wind,6109
7/7/2022,11,12,Solar,8621
12/10/2020,13,14,Wind,4035
10/12/2023,11,12,Solar,7762
11/29/2024,15,16,Wind,5912
10/5/2021,1,2,Wind,7372
4/15/2025,16,17,Wind,8585
5/1/2021,23,0,Wind,3890
11/16/2025,4,5,Wind,1691
3/9/2023,12,13,Wind,17554
8/27/2024,19,20,Wind,2062
11/3/2021,9,10,Wind,3955
3/5/2022,23,0,Wind,3949
2/28/2020,22,23,Wind,11274
11/23/2023,10,11,Wind,6141
10/27/2020,14,15,Wind,12379
11/24/2024,5,6,Wind,18615
8/6/2021,5,6,Wind,6003
5/19/2020,23,0,Wind,4187
4/4/2025,6,7,Wind,6856
6/17/2025,0,1,Wind,3635
2/21/2025,10,11,Wind,15847
1/21/2022,23,0,Wind,3197
2/5/2024,15,16,Wind,9118
9/15/2021,17,18,Wind,3067
9/21/2025,8,9,Wind,2363
9/6/2024,9,10,Wind,4227
1/18/2024,0,1,Wind,6778
4/17/2020,19,20,Wind,2302
4/11/2023,5,6,Wind,8115
8/21/2023,20,21,Wind,1191
7/14/2023,13,14,Solar,13917
11/3/2025,5,6,Wind,7218
10/17/2021,21,22,Wind,2556
11/30/2024,12,13,Solar,4832
11/25/2023,21,22,Wind,4113
1/31/2021,13,14,Wind,4830
1/28/2023,4,5,Wind,5832
5/26/2024,9,10,Wind,6474
10/26/2024,20,21,Wind,1387
3/23/2025,17,18,Wind,3278
4/30/2022,7,8,Wind,4322
4/20/2022,6,7,Wind,4805
6/2/2021,6,7,Wind,3681
1/24/2024,23,0,Wind,5801
1/1/2023,15,16,Wind,8841
4/3/2023,10,11,Wind,9447
6/16/2024,23,0,Wind,2819
8/3/2025,5,6,Wind,1935
7/30/2023,11,12,Wind,8461
11/18/2024,16,17,Wind,7512
12/24/2024,4,5,Wind,3896
11/18/2023,5,6,Wind,6173
4/18/2023,10,11,Wind,9947
2/18/2020,10,11,Wind,8878
4/4/2025,9,10,Wind,8435
9/14/2022,1,2,Wind,2222
1/29/2020,6,7,Wind,7788
1/28/2024,2,3,Wind,7220
4/10/2023,22,23,Wind,9987
11/26/2025,17,18,Wind,2667
11/14/2021,17,18,Wind,3983
8/29/2020,23,0,Wind,3146
10/20/2021,23,0,Wind,14105
12/18/2022,14,15,Wind,9866
6/12/2023,23,0,Wind,2822
8/26/2020,2,3,Wind,9996
3/26/2024,16,17,Wind,5861
3/21/2021,13,14,Wind,9194
7/17/2021,7,8,Wind,2997
10/17/2021,13,14,Solar,5154
3/26/2022,4,5,Wind,7484
6/29/2022,16,17,Solar,5599
1/1/2020,19,20,Wind,1181
7/20/2024,5,6,Wind,1022
2/14/2020,4,5,Wind,5436
9/10/2025,17,18,Wind,10232
4/25/2025,18,19,Solar,5940
10/20/2021,19,20,Wind,12501
4/16/2021,12,13,Wind,9475
2/21/2022,16,17,Wind,16981
9/3/2025,20,21,Wind,13651
6/7/2020,17,18,Solar,3557
4/27/2023,11,12,Solar,6242
4/10/2021,20,21,Wind,4730
12/4/2021,10,11,Wind,10684
2/24/2020,19,20,Wind,10886
9/9/2021,11,12,Wind,3730
8/22/2020,1,2,Wind,4830
7/22/2023,0,1,Wind,2780
11/23/2022,3,4,Wind,6841
1/10/2024,10,11,Wind,2553
6/9/2025,2,3,Wind,1980
8/6/2022,22,23,Wind,7359
5/24/2024,2,3,Wind,858
6/7/2025,5,6,Wind,7229
6/4/2025,9,10,Wind,4864
7/7/2021,2,3,Wind,4008
1/21/2020,19,20,Wind,3804
11/18/2024,20,21,Wind,9698
7/15/2023,21,22,Wind,9590
6/11/2020,16,17,Wind,5128
8/31/2022,13,14,Solar,7007
1/23/2020,1,2,Wind,6776
4/23/2023,20,21,Wind,10214
9/14/2024,13,14,Solar,10425
6/14/2025,8,9,Wind,5426
5/10/2025,13,14,Solar,6944
11/24/2025,18,19,Wind,11448
6/1/2023,14,15,Solar,9662
7/16/2023,12,13,Wind,8159
4/21/2022,7,8,Wind,3553
10/13/2021,20,21,Wind,2169
9/12/2023,17,18,Solar,3541
3/3/2025,9,10,Solar,5647
11/18/2021,5,6,Wind,1363
10/2/2025,9,10,Solar,5424
8/15/2023,11,12,Solar,5290
8/21/2020,0,1,Wind,4957
1/18/2025,13,14,Solar,4165
12/18/2020,6,7,Wind,6024
9/8/2020,7,8,Wind,1224
9/19/2022,18,19,Wind,4643
1/7/2021,16,17,Wind,1245
10/15/2022,0,1,Wind,6877
10/22/2020,23,0,Wind,3174
5/10/2022,5,6,Wind,2336
11/19/2025,15,16,Wind,14209
4/22/2025,21,22,Wind,3114
9/19/2024,9,10,Wind,10053
6/14/2022,17,18,Solar,4589
1/14/2021,3,4,Wind,7406
4/14/2021,9,10,Solar,4051
12/17/2020,9,10,Wind,5050
4/17/2024,18,19,Wind,10061
11/24/2023,14,15,Wind,14087
1/27/2024,9,10,Wind,4715
11/28/2025,17,18,Wind,6838
11/29/2021,22,23,Wind,4680
2/15/2025,13,14,Solar,9563
8/3/2024,3,4,Wind,3586
2/26/2024,23,0,Wind,14028
10/15/2025,4,5,Wind,5192
1/25/2020,20,21,Wind,1912
10/27/2020,19,20,Wind,11275
9/24/2020,15,16,Wind,9187
5/11/2025,18,19,Wind,6079
1/4/2020,19,20,Wind,2969
9/5/2024,10,11,Wind,7511
6/12/2024,19,20,Wind,3484
11/18/2025,13,14,Solar,8521
9/30/2021,13,14,Solar,8373
1/18/2024,13,14,Wind,7406
4/10/2025,2,3,Wind,9152
1/21/2023,19,20,Wind,8905
10/14/2020,19,20,Wind,5394
3/2/2021,17,18,Wind,2119
9/1/2023,8,9,Wind,6404
2/28/2021,8,9,Wind,7100
6/5/2022,8,9,Wind,2905
9/27/2020,9,10,Wind,12950
11/29/2020,21,22,Wind,2581
1/13/2023,17,18,Wind,12114
12/12/2020,3,4,Wind,5264
6/10/2022,8,9,Solar,3451
9/5/2025,5,6,Wind,3073
5/28/2021,17,18,Solar,3776
8/13/2023,17,18,Solar,6313
11/13/2024,21,22,Wind,5053
5/27/2021,21,22,Wind,1552
3/14/2020,16,17,Wind,5134
11/10/2021,1,2,Wind,576
3/13/2020,15,16,Wind,6501
7/9/2024,21,22,Wind,2789
8/1/2023,16,17,Wind,15715
1/28/2023,20,21,Wind,3066
11/14/2025,5,6,Wind,12444
6/11/2020,20,21,Wind,3414
7/14/2021,11,12,Wind,8011
4/2/2023,23,0,Wind,6236
9/4/2024,14,15,Solar,4253
10/5/2020,19,20,Wind,9449
8/25/2024,23,0,Wind,2594
10/10/2021,11,12,Solar,4221
6/27/2024,22,23,Wind,3505
11/4/2020,1,2,Wind,1716
7/20/2021,11,12,Solar,6377
8/2/2021,3,4,Wind,1116
9/23/2021,9,10,Solar,2760
1/27/2024,8,9,Wind,3581
12/30/2022,19,20,Wind,15334
11/18/2024,14,15,Wind,9122
12/4/2023,0,1,Wind,12629
1/2/2020,0,1,Wind,1267
9/8/2021,4,5,Wind,5258
6/11/2025,22,23,Wind,6852
8/26/2025,4,5,Wind,4080
5/11/2024,9,10,Solar,6348
5/18/2023,6,7,Wind,5477
8/21/2025,0,1,Wind,3450
10/15/2024,22,23,Wind,10680
5/15/2024,16,17,Solar,5901
5/12/2022,15,16,Solar,6042
4/3/2020,7,8,Wind,1864
10/11/2021,16,17,Solar,5672
2/26/2023,9,10,Wind,17091
3/17/2023,8,9,Wind,8681
10/23/2023,12,13,Wind,9170
4/29/2020,7,8,Wind,4629
10/12/2021,23,0,Wind,3559
12/14/2022,20,21,Wind,2282
11/30/2020,13,14,Solar,3638
2/15/2025,10,11,Solar,8954
9/13/2020,22,23,Wind,2238
5/20/2023,8,9,Wind,6405
1/8/2022,8,9,Wind,7370
2/13/2024,22,23,Wind,10458
8/28/2021,2,3,Wind,4282
11/1/2022,16,17,Wind,11364
10/10/2021,7,8,Wind,1388
11/25/2020,3,4,Wind,6472
6/24/2022,12,13,Wind,7951
9/21/2023,18,19,Wind,6345
3/14/2021,22,23,Wind,10044
9/13/2022,17,18,Wind,4288
9/13/2022,4,5,Wind,1837
10/13/2025,14,15,Solar,12354
1/11/2025,2,3,Wind,1684
9/29/2020,4,5,Wind,1974
9/13/2022,13,14,Solar,6012
5/1/2022,12,13,Solar,6628
4/18/2022,5,6,Wind,3161
12/23/2022,18,19,Wind,13842
6/26/2023,13,14,Solar,10406
8/25/2024,3,4,Wind,5857
6/19/2022,13,14,Solar,10248
7/7/2021,21,22,Wind,1885
8/30/2020,1,2,Wind,2748
6/4/2022,21,22,Wind,4362
3/28/2020,7,8,Wind,2548
5/10/2024,12,13,Solar,11083
3/24/2020,2,3,Wind,6448
3/6/2023,6,7,Wind,1479
11/30/2021,0,1,Wind,6255
1/23/2023,12,13,Wind,7331
8/4/2023,18,19,Wind,7300
9/22/2025,14,15,Wind,8812
4/30/2024,1,2,Wind,3771
7/14/2020,22,23,Wind,1726
12/31/2023,15,16,Wind,18435
3/4/2025,16,17,Solar,4702
1/2/2022,11,12,Wind,11203
8/17/2021,6,7,Wind,1590
4/15/2023,7,8,Wind,7248
9/22/2023,10,11,Wind,8885
12/6/2020,4,5,Wind,3287
9/18/2023,5,6,Wind,6373
6/11/2020,23,0,Wind,4033
8/9/2023,4,5,Wind,2396
8/29/2020,12,13,Wind,4482
5/30/2024,17,18,Wind,12091
6/9/2020,2,3,Wind,3597
9/12/2025,22,23,Wind,6097
2/15/2022,15,16,Wind,13655
11/17/2024,2,3,Wind,4894
12/19/2023,8,9,Wind,8095
2/10/2024,19,20,Wind,7820
10/24/2023,18,19,Wind,3772
6/23/2021,10,11,Solar,3755
1/9/2025,6,7,Wind,12685
2/22/2024,20,21,Wind,17499
6/6/2024,14,15,Solar,8522
9/15/2024,1,2,Wind,3730
12/15/2021,11,12,Solar,3503
10/6/2024,18,19,Wind,8023
8/3/2023,21,22,Wind,4024
10/20/2024,23,0,Wind,8964
3/30/2021,19,20,Wind,1147
9/3/2020,7,8,Wind,2032
10/6/2021,2,3,Wind,8433
1/7/2024,22,23,Wind,11747
12/1/2023,6,7,Wind,2284
3/3/2021,21,22,Wind,1128
4/18/2020,21,22,Wind,1215
4/11/2022,2,3,Wind,9774
12/12/2021,6,7,Wind,5111
8/29/2021,18,19,Wind,6095
3/18/2020,10,11,Solar,3175
6/25/2022,7,8,Wind,2159
4/18/2023,11,12,Wind,11565
4/27/2021,20,21,Wind,1032
2/1/2020,16,17,Wind,11065
9/20/2022,22,23,Wind,2922
1/29/2024,22,23,Wind,9034
9/13/2023,20,21,Wind,1390
10/30/2021,18,19,Wind,4389
9/27/2022,2,3,Wind,6928
1/29/2025,9,10,Wind,13368
7/2/2024,0,1,Wind,3683
10/24/2020,3,4,Wind,6021
6/21/2022,0,1,Wind,5789
2/16/2025,10,11,Solar,7270
11/5/2025,17,18,Wind,12121
3/22/2025,7,8,Wind,8524
11/8/2023,9,10,Wind,12232
10/10/2024,23,0,Wind,2319
9/17/2024,10,11,Wind,14059
10/2/2023,19,20,Wind,5601
2/24/2021,12,13,Wind,8746
6/26/2023,9,10,Solar,6076
2/11/2023,14,15,Solar,5927
6/25/2025,23,0,Wind,5491
8/28/2023,21,22,Wind,3213
1/26/2021,17,18,Wind,3944
12/30/2020,9,10,Wind,3287
12/7/2021,1,2,Wind,8851
4/13/2020,20,21,Wind,10314
8/2/2024,22,23,Wind,4700
12/12/2021,22,23,Wind,1910
5/3/2025,22,23,Wind,5299
11/26/2024,16,17,Wind,3695
6/4/2025,8,9,Wind,3666
5/16/2021,6,7,Wind,4293
9/21/2025,1,2,Wind,7088
6/25/2022,21,22,Wind,2133
4/10/2024,3,4,Wind,6344
6/5/2024,23,0,Wind,1730
9/3/2024,16,17,Solar,4492
1/20/2024,20,21,Wind,8001
12/30/2023,12,13,Wind,12265
10/8/2021,10,11,Solar,5294
11/27/2024,3,4,Wind,11127
12/29/2020,9,10,Wind,4426
1/20/2020,15,16,Wind,6593
5/10/2024,5,6,Wind,4594
6/21/2021,16,17,Solar,4701
1/28/2022,22,23,Wind,3521
6/15/2020,11,12,Solar,4552
10/10/2025,21,22,Wind,4056
4/23/2021,20,21,Wind,5369
2/1/2025,13,14,Solar,6105
3/11/2023,8,9,Wind,4389
3/26/2020,15,16,Wind,8343
11/18/2023,23,0,Wind,11947
5/19/2020,14,15,Solar,5795
2/10/2023,6,7,Wind,629
5/5/2021,17,18,Wind,10312
9/22/2024,20,21,Wind,2722
12/29/2020,12,13,Wind,5039
3/25/2020,12,13,Solar,5870
10/4/2020,17,18,Wind,11028
4/9/2024,11,12,Wind,11478
12/29/2021,9,10,Wind,8302
6/22/2024,11,12,Solar,7321
2/23/2025,21,22,Wind,11852
3/4/2024,23,0,Wind,5856
8/7/2021,8,9,Wind,4137
1/27/2024,13,14,Solar,5520
3/4/2024,6,7,Wind,3881
11/20/2024,23,0,Wind,6132
5/19/2020,10,11,Solar,4412
5/24/2021,10,11,Wind,9548
3/6/2024,8,9,Solar,2257
11/2/2022,2,3,Wind,9453
12/1/2024,1,2,Wind,4016
9/9/2024,19,20,Wind,7981
11/29/2024,1,2,Wind,5147
11/29/2023,20,21,Wind,2256
12/29/2022,14,15,Wind,11907
4/14/2025,11,12,Solar,7730
6/30/2023,5,6,Wind,2493
5/4/2022,3,4,Wind,2101
2/23/2020,1,2,Wind,8085
11/27/2020,12,13,Solar,2867
12/31/2023,2,3,Wind,16903
12/13/2022,4,5,Wind,6726
6/8/2025,3,4,Wind,11586
1/28/2021,2,3,Wind,7021
9/6/2020,12,13,Solar,4167
10/30/2020,14,15,Wind,6293
7/15/2023,4,5,Wind,6081
9/19/2020,9,10,Wind,3664
2/22/2021,21,22,Wind,5226
4/7/2022,12,13,Wind,17815
5/10/2022,1,2,Wind,787
10/26/2022,19,20,Wind,2435
6/19/2024,12,13,Solar,10246
1/16/2021,11,12,Wind,6320
5/28/2022,18,19,Wind,8846
10/29/2025,17,18,Wind,8855
5/10/2024,14,15,Solar,11009
3/5/2024,3,4,Wind,5593
2/8/2021,20,21,Wind,2080
4/5/2021,9,10,Wind,7362
10/25/2024,17,18,Wind,3111
8/9/2025,14,15,Solar,5192
8/13/2024,22,23,Wind,1520
6/17/2024,10,11,Solar,6256
4/16/2023,4,5,Wind,5339
7/2/2023,17,18,Wind,7678
6/26/2022,23,0,Wind,1151
9/17/2024,9,10,Wind,11852
12/31/2021,9,10,Wind,6180
12/20/2021,15,16,Wind,3926
9/30/2022,16,17,Wind,9086
11/4/2025,14,15,Wind,12790
3/19/2022,22,23,Wind,8847
5/29/2022,19,20,Wind,5235
9/24/2024,12,13,Wind,12247
12/16/2023,18,19,Wind,2464
11/3/2024,6,7,Wind,2638
11/29/2020,18,19,Wind,2915
9/16/2021,9,10,Solar,1244
3/29/2025,4,5,Wind,9879
7/10/2023,9,10,Solar,3808
12/28/2023,18,19,Wind,13143
12/2/2020,18,19,Wind,1702
9/11/2021,2,3,Wind,1693
10/20/2025,11,12,Wind,17289
10/4/2020,19,20,Wind,9887
5/22/2022,8,9,Wind,3176
4/21/2025,18,19,Wind,5746
4/29/2023,9,10,Solar,2584
11/13/2020,13,14,Wind,6261
4/26/2020,6,7,Wind,1181
11/18/2021,20,21,Wind,1523
11/4/2023,5,6,Wind,12917
1/6/2020,12,13,Wind,5508
2/11/2025,0,1,Wind,6544
9/23/2024,22,23,Wind,5320
7/24/2021,6,7,Wind,3849
5/25/2022,4,5,Wind,2759
10/2/2020,4,5,Wind,10200
6/16/2024,5,6,Wind,8312
3/17/2022,7,8,Wind,4859
7/25/2021,20,21,Wind,2703
8/14/2020,1,2,Wind,2099
2/5/2021,9,10,Wind,2001
10/23/2021,14,15,Solar,5243
10/14/2023,13,14,Wind,6935
1/9/2024,12,13,Wind,7316
6/1/2022,21,22,Wind,2633
11/13/2025,7,8,Wind,10177
12/23/2020,18,19,Wind,12555
3/28/2020,21,22,Wind,11009
3/22/2023,19,20,Wind,12608
12/14/2020,20,21,Wind,6605
10/16/2022,7,8,Wind,2775
12/25/2022,7,8,Wind,5233
5/28/2022,21,22,Wind,6221
7/29/2021,8,9,Wind,3787
6/9/2021,18,19,Solar,3406
6/29/2023,22,23,Wind,2982
11/28/2021,21,22,Wind,5528
9/6/2025,15,16,Solar,7432
11/22/2025,19,20,Wind,10661
8/21/2023,7,8,Wind,1897
10/1/2025,0,1,Wind,2823
6/20/2025,12,13,Solar,11247
1/31/2025,19,20,Wind,5419
7/2/2024,11,12,Solar,6880
2/3/2021,20,21,Wind,9043
1/25/2021,5,6,Wind,6084
3/3/2025,0,1,Wind,4216
5/4/2024,17,18,Wind,5803
9/9/2024,18,19,Wind,9916
9/16/2024,3,4,Wind,2943
7/12/2024,21,22,Wind,2752
11/28/2022,14,15,Wind,4538
3/22/2020,10,11,Wind,11238
2/5/2020,18,19,Wind,1769
11/5/2024,8,9,Wind,2186
8/15/2020,6,7,Wind,457
9/19/2020,5,6,Wind,4265
9/30/2022,10,11,Solar,4255
11/23/2020,17,18,Wind,620
7/22/2024,13,14,Solar,10243
5/18/2024,6,7,Wind,761
8/9/2022,1,2,Wind,7181
9/19/2024,20,21,Wind,7802
5/16/2025,18,19,Wind,10928
8/29/2021,1,2,Wind,4508
5/26/2025,6,7,Wind,5453
2/27/2021,8,9,Wind,6414
2/1/2023,14,15,Wind,11735
11/19/2021,8,9,Wind,1628
9/3/2022,8,9,Wind,2057
10/19/2024,8,9,Wind,6338
6/8/2022,22,23,Wind,6493
6/25/2021,18,19,Solar,3314
9/29/2023,4,5,Wind,8331
9/26/2023,0,1,Wind,1382
3/23/2024,21,22,Wind,9466
6/24/2023,10,11,Solar,6886
8/30/2020,9,10,Wind,4184
9/25/2021,13,14,Solar,4377
2/9/2024,3,4,Wind,16390
7/28/2020,19,20,Wind,5024
8/12/2020,7,8,Wind,2071
5/22/2025,5,6,Wind,5212
10/19/2024,9,10,Wind,7672
11/20/2025,19,20,Wind,4026
7/18/2025,13,14,Solar,9011
1/3/2021,22,23,Wind,2226
6/26/2021,8,9,Solar,1519
11/18/2024,10,11,Wind,9491
8/1/2022,0,1,Wind,2712
4/19/2021,21,22,Wind,789
6/29/2020,12,13,Wind,8685
6/7/2024,13,14,Solar,6670
10/1/2023,11,12,Solar,6703
5/19/2025,5,6,Wind,5266
7/6/2025,22,23,Wind,6434
6/30/2020,7,8,Wind,3596
3/6/2025,7,8,Wind,9579
4/17/2021,19,20,Wind,6158
4/19/2023,9,10,Wind,7649
2/28/2021,18,19,Wind,5701
1/15/2020,21,22,Wind,4745
10/28/2020,23,0,Wind,11043
10/12/2020,16,17,Wind,3991
1/6/2023,23,0,Wind,8096
6/2/2020,18,19,Solar,2473
7/16/2025,14,15,Solar,16316
4/7/2020,15,16,Solar,5040
8/17/2020,20,21,Wind,1498
9/27/2023,4,5,Wind,480
4/28/2022,0,1,Wind,7345
5/15/2023,4,5,Wind,2885
3/30/2022,16,17,Wind,3581
5/15/2025,0,1,Wind,6342
12/31/2021,6,7,Wind,5824
6/2/2025,13,14,Solar,6203
11/30/2021,15,16,Wind,12500
5/28/2022,19,20,Wind,8020
12/19/2024,16,17,Wind,15633
4/20/2024,5,6,Wind,6858
7/4/2021,23,0,Wind,2638
10/24/2021,2,3,Wind,4189
11/29/2025,21,22,Wind,7062
3/25/2024,23,0,Wind,8777
6/5/2022,23,0,Wind,3380
12/21/2020,12,13,Wind,12640
10/18/2021,4,5,Wind,2664
8/17/2022,10,11,Solar,3428
5/8/2022,11,12,Solar,7322
4/30/2025,0,1,Wind,7318
1/31/2022,22,23,Wind,8147
5/19/2022,2,3,Wind,4815
12/15/2020,2,3,Wind,5470
5/1/2024,15,16,Wind,2385
10/14/2022,12,13,Wind,8105
9/12/2024,1,2,Wind,4725
7/17/2021,1,2,Wind,2929
4/23/2023,17,18,Wind,16075
9/25/2022,12,13,Solar,6161
12/1/2024,12,13,Wind,10028
1/21/2024,21,22,Wind,16235
12/31/2024,23,0,Wind,10602
8/2/2025,0,1,Wind,4160
11/9/2022,12,13,Wind,7650
6/16/2024,22,23,Wind,2549
5/28/2020,14,15,Solar,7591
11/24/2025,17,18,Wind,11121
6/23/2021,3,4,Wind,2688
9/4/2022,9,10,Solar,4056
11/21/2021,6,7,Wind,569
5/27/2023,17,18,Solar,6146
9/16/2025,21,22,Wind,3074
3/7/2020,3,4,Wind,3332
9/16/2022,20,21,Wind,4896
4/1/2025,12,13,Wind,18978
3/20/2024,12,13,Solar,7394
4/9/2020,15,16,Solar,4576
5/18/2024,13,14,Solar,3058
10/28/2021,6,7,Wind,5836
3/23/2021,23,0,Wind,1340
5/22/2023,22,23,Wind,5407
6/25/2022,18,19,Wind,4491
4/17/2024,14,15,Wind,13351
7/18/2021,23,0,Wind,6890
4/19/2020,15,16,Wind,3193
10/12/2023,6,7,Wind,4319
3/15/2022,18,19,Wind,2580
1/11/2025,19,20,Wind,2507
10/13/2023,15,16,Wind,17641
3/12/2021,8,9,Wind,10511
4/20/2022,5,6,Wind,4689
11/17/2025,16,17,Wind,8101
4/28/2025,13,14,Solar,4939
5/17/2020,22,23,Wind,2263
4/2/2024,21,22,Wind,8880
5/19/2022,16,17,Solar,7748
12/14/2023,4,5,Wind,7008
7/20/2025,4,5,Wind,4069
7/8/2020,10,11,Solar,5097
4/26/2024,22,23,Wind,3763
8/29/2023,17,18,Solar,5120
11/17/2022,23,0,Wind,8902
11/20/2025,4,5,Wind,7695
7/11/2023,4,5,Wind,1935
1/27/2021,18,19,Wind,4009
10/9/2020,11,12,Wind,4222
11/25/2021,14,15,Wind,3710
12/13/2020,14,15,Wind,7343
6/24/2020,19,20,Wind,3291
10/18/2020,8,9,Wind,1059
4/17/2020,0,1,Wind,2220
10/25/2022,2,3,Wind,5694
3/24/2023,15,16,Wind,17590
9/30/2022,19,20,Wind,6940
6/1/2024,5,6,Wind,5758
11/10/2025,16,17,Wind,9768
2/22/2024,9,10,Wind,17056
9/24/2021,16,17,Solar,3933
11/8/2023,19,20,Wind,14862
7/15/2022,8,9,Wind,3844
4/4/2024,16,17,Wind,18160
8/3/2025,6,7,Wind,1968
8/16/2020,0,1,Wind,1831
10/26/2023,6,7,Wind,5403
7/2/2023,7,8,Wind,2703
12/11/2022,18,19,Wind,1499
12/7/2022,0,1,Wind,2427
5/28/2025,9,10,Wind,14628
7/4/2024,11,12,Wind,11596
6/20/2020,14,15,Solar,4334
10/27/2025,19,20,Wind,9625
2/21/2021,12,13,Wind,9016
1/3/2025,14,15,Wind,5219
2/13/2025,0,1,Wind,1016
6/23/2021,17,18,Wind,4314
8/17/2020,0,1,Wind,2055
8/12/2023,12,13,Solar,7944
1/22/2025,11,12,Wind,6748
9/14/2025,14,15,Wind,7618
11/8/2021,10,11,Solar,3832
1/3/2021,23,0,Wind,2060
6/15/2021,6,7,Wind,1647
11/1/2024,16,17,Solar,1612
11/25/2024,11,12,Wind,12852
2/21/2021,17,18,Wind,5918
5/15/2020,16,17,Wind,5825
11/19/2023,5,6,Wind,11783
6/10/2021,21,22,Wind,1475
7/18/2022,15,16,Solar,7346
11/22/2021,4,5,Wind,8247
1/18/2022,15,16,Wind,4530
7/16/2025,3,4,Wind,7222
1/27/2022,20,21,Wind,3833
3/29/2024,3,4,Wind,10394
8/23/2025,18,19,Solar,5153
3/4/2023,19,20,Wind,3414
4/25/2022,4,5,Wind,3390
5/25/2020,21,22,Wind,2713
6/6/2025,12,13,Wind,7272
1/6/2020,0,1,Wind,2280
6/30/2023,18,19,Wind,8277
9/3/2024,8,9,Solar,1421
8/10/2024,12,13,Solar,4442
2/12/2024,20,21,Wind,3368
7/16/2023,23,0,Wind,2997
4/5/2025,19,20,Wind,6203
8/15/2022,16,17,Solar,7560
3/28/2021,21,22,Wind,2629
7/2/2024,21,22,Wind,3140
10/14/2021,9,10,Wind,3533
3/22/2020,22,23,Wind,9398
4/12/2021,13,14,Solar,6529
4/3/2020,1,2,Wind,2592
11/28/2022,12,13,Wind,4959
10/22/2020,9,10,Wind,5024
3/15/2021,3,4,Wind,10923
11/13/2025,20,21,Wind,12001
4/5/2022,5,6,Wind,6452
4/28/2021,14,15,Solar,4079
7/24/2022,6,7,Wind,969
9/14/2020,7,8,Wind,2828
6/15/2020,4,5,Wind,2126
11/1/2020,19,20,Wind,11879
8/16/2022,9,10,Solar,2904
7/26/2021,4,5,Wind,1922
4/4/2022,18,19,Wind,11731
12/13/2024,14,15,Solar,2515
5/28/2020,15,16,Wind,7608
9/18/2022,6,7,Wind,2221
8/22/2024,12,13,Solar,7995
5/26/2022,12,13,Solar,6717
9/14/2025,3,4,Wind,4181
9/14/2020,8,9,Wind,3313
3/16/2025,19,20,Wind,5740
10/1/2021,20,21,Wind,4953
4/21/2023,1,2,Wind,3355
9/6/2022,12,13,Solar,6967
3/13/2020,21,22,Wind,1697
4/10/2022,2,3,Wind,1338
1/30/2022,10,11,Solar,2888
10/21/2022,15,16,Wind,8982
3/4/2021,9,10,Solar,1941
1/22/2024,15,16,Wind,16804
1/16/2025,0,1,Wind,3652
11/13/2021,12,13,Wind,5041
6/23/2022,20,21,Wind,1923
12/16/2023,14,15,Solar,4910
4/11/2022,3,4,Wind,9882
10/29/2021,14,15,Wind,11979
7/9/2020,7,8,Wind,1479
4/25/2021,15,16,Wind,8987
10/9/2020,19,20,Wind,2696
11/19/2021,13,14,Solar,3762
12/30/2022,6,7,Wind,11436
6/13/2023,23,0,Wind,5004
3/10/2020,2,3,Wind,12278
4/14/2025,10,11,Solar,6031
4/30/2024,11,12,Solar,7683
9/12/2022,16,17,Solar,5140
10/20/2022,14,15,Wind,8558
11/30/2023,0,1,Wind,2128
1/6/2020,23,0,Wind,5850
6/13/2021,18,19,Solar,3933
12/7/2024,15,16,Wind,19810
4/10/2025,1,2,Wind,10031
2/21/2021,10,11,Wind,9217
9/20/2022,4,5,Wind,2045
9/14/2025,23,0,Wind,15838
6/25/2020,13,14,Solar,5081
3/10/2022,18,19,Wind,4082
6/14/2025,10,11,Solar,4291
10/20/2021,0,1,Wind,10970
8/8/2021,21,22,Wind,3163
2/5/2023,5,6,Wind,4222
8/9/2021,2,3,Wind,2945
5/12/2025,8,9,Solar,3901
4/19/2024,1,2,Wind,5665
4/18/2025,23,0,Wind,9612
1/6/2023,16,17,Wind,6433
7/17/2020,19,20,Wind,2771
7/26/2023,23,0,Wind,3577
1/23/2024,2,3,Wind,12747
6/25/2020,10,11,Solar,3414
6/1/2024,16,17,Wind,6915
4/23/2024,8,9,Wind,4892
7/16/2020,6,7,Wind,1388
5/28/2020,6,7,Wind,3981
4/5/2020,7,8,Wind,7671
1/11/2020,6,7,Wind,2912
6/25/2021,13,14,Solar,5806
1/27/2020,14,15,Wind,9340
6/12/2022,9,10,Solar,3891
9/5/2024,11,12,Solar,7606
10/12/2021,1,2,Wind,3046
5/29/2025,21,22,Wind,1207
5/31/2022,1,2,Wind,2019
10/18/2025,21,22,Wind,6350
2/23/2021,10,11,Wind,9360
7/5/2021,11,12,Solar,7031
9/13/2025,17,18,Wind,12059
3/22/2024,8,9,Solar,4072
12/24/2024,7,8,Wind,3075
6/9/2024,3,4,Wind,3734
1/9/2021,13,14,Wind,6317
6/5/2020,12,13,Wind,13242
9/4/2025,13,14,Wind,14863
12/18/2023,16,17,Wind,2994
7/9/2025,6,7,Wind,1676
9/14/2024,17,18,Solar,7606
6/20/2025,19,20,Wind,4544
2/11/2022,18,19,Wind,1753
4/14/2020,16,17,Wind,8019
11/23/2023,11,12,Solar,7232
5/6/2023,8,9,Solar,2948
6/9/2021,1,2,Wind,1569
8/25/2020,6,7,Wind,3959
2/28/2022,15,16,Solar,5659
3/12/2024,17,18,Wind,10459
7/23/2024,21,22,Wind,2927
7/19/2024,0,1,Wind,1662
2/23/2024,14,15,Wind,15612
9/3/2022,10,11,Solar,4020
3/13/2023,1,2,Wind,14233
4/13/2024,7,8,Wind,2307
7/30/2021,20,21,Wind,8655
1/22/2025,9,10,Wind,6315
11/6/2022,23,0,Wind,11081
5/15/2022,9,10,Solar,5538
10/9/2024,10,11,Wind,11747
3/24/2020,18,19,Wind,4898
12/29/2023,13,14,Wind,15847
7/1/2024,0,1,Wind,2760
11/24/2021,19,20,Wind,2095
7/13/2024,23,0,Wind,334
12/1/2021,14,15,Wind,11647
4/26/2020,22,23,Wind,457
8/16/2024,23,0,Wind,1612
4/14/2025,14,15,Solar,9083
5/17/2021,17,18,Wind,13497
9/19/2021,15,16,Solar,5286
10/24/2025,23,0,Wind,14144
10/2/2023,16,17,Solar,7676
4/14/2020,6,7,Wind,6514
2/5/2020,13,14,Solar,3963
10/21/2025,22,23,Wind,6166
4/1/2022,7,8,Wind,9016
3/21/2020,4,5,Wind,7299
1/2/2023,11,12,Wind,6422
2/20/2021,21,22,Wind,12255
8/24/2025,10,11,Solar,4112
5/6/2022,11,12,Solar,6911
11/12/2024,7,8,Wind,10329
12/8/2022,7,8,Wind,1250
4/30/2020,19,20,Wind,11566
5/8/2021,22,23,Wind,5551
4/20/2020,1,2,Wind,5535
1/18/2022,2,3,Wind,2430
2/9/2025,0,1,Wind,3868
12/28/2023,7,8,Wind,13513
1/29/2022,11,12,Wind,9867
11/23/2022,8,9,Wind,9532
10/19/2025,10,11,Wind,10350
5/14/2025,7,8,Solar,1719
11/19/2023,1,2,Wind,11829
10/22/2022,10,11,Wind,5156
7/28/2025,3,4,Wind,4437
8/19/2023,5,6,Wind,3735
12/15/2024,0,1,Wind,4485
1/11/2021,5,6,Wind,2139
5/2/2021,19,20,Wind,1824
11/12/2022,10,11,Solar,5330
5/18/2024,11,12,Solar,4830
1/24/2020,3,4,Wind,2178
8/7/2024,12,13,Solar,7806
12/19/2023,7,8,Wind,7637
7/29/2022,9,10,Solar,1886
4/10/2024,7,8,Wind,3567
1/8/2021,21,22,Wind,934
11/10/2024,4,5,Wind,728
3/23/2021,3,4,Wind,2297
3/18/2024,7,8,Wind,2408
7/18/2023,7,8,Wind,3248
5/15/2025,19,20,Wind,11522
5/6/2022,14,15,Solar,6812
5/17/2025,12,13,Solar,5378
1/25/2023,19,20,Wind,1865
11/6/2023,20,21,Wind,9476
6/4/2023,10,11,Solar,7001
4/17/2023,13,14,Solar,10082
2/21/2021,15,16,Wind,7525
2/15/2021,9,10,Wind,11289
8/3/2023,5,6,Wind,12714
5/27/2025,9,10,Wind,13251
5/24/2023,5,6,Wind,6672
12/16/2024,7,8,Wind,7127
9/2/2022,5,6,Wind,1940
4/16/2025,13,14,Solar,7798
6/6/2020,13,14,Wind,10873
8/20/2024,9,10,Solar,6256
11/13/2024,18,19,Wind,5201
3/21/2023,4,5,Wind,4145
4/29/2022,12,13,Solar,6673
3/18/2023,14,15,Wind,10327
5/27/2020,14,15,Solar,6923
11/8/2020,15,16,Wind,2718
9/14/2022,2,3,Wind,1837
12/15/2021,1,2,Wind,1197
12/8/2020,22,23,Wind,2543
7/29/2025,6,7,Wind,2489
12/26/2020,0,1,Wind,3607
11/6/2020,4,5,Wind,6681
3/31/2023,13,14,Wind,21624
4/2/2023,21,22,Wind,7144
1/11/2022,2,3,Wind,2621
3/16/2020,20,21,Wind,1348
8/26/2021,13,14,Solar,8454
7/5/2023,9,10,Wind,10340
5/3/2022,8,9,Wind,3293
8/10/2021,4,5,Wind,1235
8/22/2020,14,15,Wind,11599
5/6/2022,3,4,Wind,3327
8/26/2025,13,14,Solar,10719
9/24/2021,17,18,Solar,2890
1/3/2023,17,18,Wind,8994
10/9/2023,7,8,Wind,1140
3/15/2022,23,0,Wind,4205
10/25/2022,18,19,Wind,4686
12/30/2024,11,12,Solar,2963
3/10/2023,17,18,Wind,11697
5/6/2023,13,14,Solar,7109
10/10/2020,9,10,Wind,2717
2/19/2023,18,19,Wind,2222
9/13/2022,14,15,Solar,5433
10/15/2023,3,4,Wind,2777
1/1/2022,1,2,Wind,3210
5/14/2021,12,13,Wind,7647
11/4/2025,23,0,Wind,12730
1/29/2024,3,4,Wind,7443
1/13/2025,10,11,Wind,7719
7/6/2023,21,22,Wind,868
3/14/2020,21,22,Wind,3347
12/24/2023,15,16,Wind,17075
4/6/2025,1,2,Wind,9135
10/3/2024,3,4,Wind,5240
3/6/2022,22,23,Wind,7705
9/7/2022,18,19,Wind,4483
1/4/2024,17,18,Wind,11934
3/24/2021,8,9,Solar,2756
3/31/2023,11,12,Wind,20332
2/14/2021,16,17,Wind,9781
11/29/2020,22,23,Wind,2194
5/23/2025,3,4,Wind,3654
2/28/2024,18,19,Wind,3872
8/13/2020,8,9,Wind,1977
2/10/2022,7,8,Wind,5427
5/22/2020,20,21,Wind,2791
3/7/2020,5,6,Wind,2626
2/28/2025,22,23,Wind,7187
6/17/2023,10,11,Solar,5207
10/8/2022,21,22,Wind,2338
4/26/2020,16,17,Solar,2886
1/21/2025,23,0,Wind,7139
5/18/2024,17,18,Solar,5382
10/24/2023,20,21,Wind,5052
9/27/2025,1,2,Wind,475
6/2/2025,1,2,Wind,3073
10/13/2021,23,0,Wind,2129
2/25/2022,15,16,Wind,8739
12/24/2023,10,11,Wind,17796
11/19/2025,7,8,Wind,11799
4/29/2023,21,22,Wind,2588
4/23/2023,13,14,Wind,15150
9/13/2021,10,11,Solar,3635
8/17/2020,4,5,Wind,1804
3/13/2020,16,17,Wind,5262
7/18/2021,18,19,Wind,9318
9/1/2025,17,18,Wind,10390
5/25/2020,16,17,Solar,5450
11/10/2024,17,18,Wind,1524
9/30/2022,13,14,Solar,7262
5/18/2021,19,20,Wind,3940
8/10/2024,20,21,Wind,1226
3/25/2021,4,5,Wind,1928
10/30/2025,11,12,Solar,9665
10/26/2022,1,2,Wind,7207
8/27/2020,13,14,Solar,6251
4/27/2021,14,15,Solar,3324
5/7/2025,8,9,Wind,7619
6/26/2024,11,12,Solar,6737
8/9/2023,7,8,Wind,1969
1/25/2022,17,18,Solar,267
9/3/2020,2,3,Wind,978
2/11/2020,23,0,Wind,9400
7/9/2022,1,2,Wind,3653
8/4/2024,13,14,Solar,4818
6/25/2022,4,5,Wind,3209
12/7/2024,4,5,Wind,18556
9/4/2020,8,9,Wind,1720
1/1/2022,19,20,Wind,5238
5/8/2023,2,3,Wind,1701
4/22/2021,19,20,Wind,5590
2/17/2021,0,1,Wind,9265
3/3/2020,6,7,Wind,4440
11/8/2023,15,16,Wind,16223
8/14/2023,2,3,Wind,1693
1/10/2023,5,6,Wind,7343
12/22/2021,20,21,Wind,5561
8/10/2024,2,3,Wind,1755
11/14/2023,14,15,Wind,16988
3/17/2024,15,16,Solar,6096
9/7/2021,16,17,Wind,6840
11/16/2025,21,22,Wind,4414
7/15/2020,22,23,Wind,1874
10/8/2025,21,22,Wind,2608
6/9/2025,23,0,Wind,605
7/14/2020,3,4,Wind,2443
10/9/2022,6,7,Wind,4887
5/28/2020,1,2,Wind,5340
12/25/2021,15,16,Solar,1223
8/2/2023,21,22,Wind,15855
1/9/2021,23,0,Wind,5323
2/7/2022,22,23,Wind,4802
10/24/2022,23,0,Wind,7058
5/24/2025,16,17,Wind,14446
1/11/2022,8,9,Wind,2912
12/21/2022,3,4,Wind,5032
12/17/2024,10,11,Wind,5491
1/30/2021,13,14,Wind,8786
10/4/2020,16,17,Wind,11664
5/29/2025,17,18,Solar,8272
11/25/2024,10,11,Wind,12969
1/26/2020,13,14,Wind,4437
3/3/2023,22,23,Wind,5574
6/2/2025,14,15,Solar,6266
6/24/2022,3,4,Wind,1971
3/20/2024,0,1,Wind,1924
10/12/2023,17,18,Wind,5820
9/24/2022,1,2,Wind,1028
2/6/2020,21,22,Wind,5819
6/9/2024,2,3,Wind,3682
4/19/2020,10,11,Wind,2602
9/28/2022,14,15,Wind,6080
11/28/2025,14,15,Wind,8799
10/5/2024,23,0,Wind,8967
7/24/2020,21,22,Wind,1760
10/16/2022,16,17,Wind,6721
11/6/2020,22,23,Wind,7139
7/2/2021,23,0,Wind,1585
4/13/2022,15,16,Solar,3628
8/2/2025,14,15,Solar,12313
6/25/2023,22,23,Wind,5338
11/30/2024,7,8,Wind,3505
10/2/2023,0,1,Wind,2764
4/14/2021,21,22,Wind,5104
11/7/2025,15,16,Wind,6222
2/1/2020,21,22,Wind,9608
4/5/2020,14,15,Wind,8682
12/27/2022,4,5,Wind,4483
12/28/2022,3,4,Wind,11901
1/6/2024,10,11,Wind,6893
3/22/2021,11,12,Solar,6284
11/26/2022,19,20,Wind,6123
6/9/2025,15,16,Solar,4475
11/1/2021,2,3,Wind,8845
7/18/2023,12,13,Solar,6978
1/22/2022,16,17,Wind,3284
6/2/2021,3,4,Wind,4114
9/30/2025,19,20,Wind,2032
12/5/2022,15,16,Solar,2037
2/25/2022,1,2,Wind,7621
11/5/2021,6,7,Wind,2977
2/20/2025,12,13,Wind,12416
4/30/2024,23,0,Wind,3046
10/4/2024,9,10,Wind,5064
4/30/2022,13,14,Solar,8450
2/9/2020,0,1,Wind,7722
3/9/2024,3,4,Wind,10327
6/24/2025,13,14,Solar,6338
6/21/2020,7,8,Wind,2762
4/22/2022,2,3,Wind,5531
10/26/2025,9,10,Wind,10764
12/9/2024,2,3,Wind,13556
1/2/2024,12,13,Wind,18685
5/1/2023,0,1,Wind,1652
5/10/2020,8,9,Wind,2008
11/1/2025,22,23,Wind,9691
7/4/2023,23,0,Wind,10440
5/13/2023,14,15,Wind,10482
6/25/2020,9,10,Solar,2861
1/9/2020,12,13,Wind,12336
8/28/2024,6,7,Wind,2229
2/28/2022,7,8,Wind,3898
7/13/2021,10,11,Wind,5260
12/5/2020,17,18,Wind,6409
3/12/2020,7,8,Wind,8370
4/30/2021,3,4,Wind,1412
9/18/2022,9,10,Solar,4392
10/29/2025,9,10,Wind,7423
4/16/2023,23,0,Wind,3665
5/9/2024,23,0,Wind,5021
9/30/2020,18,19,Wind,3257
4/29/2022,17,18,Solar,5493
11/10/2023,9,10,Wind,15079
8/18/2025,0,1,Wind,7156
5/12/2020,7,8,Wind,4993
9/3/2022,1,2,Wind,1685
8/9/2021,18,19,Wind,5509
3/13/2020,13,14,Wind,7874
5/12/2022,18,19,Wind,3488
8/8/2024,14,15,Solar,9623
10/30/2025,15,16,Wind,8417
9/15/2021,23,0,Wind,1024
4/12/2024,14,15,Solar,4676
6/9/2020,8,9,Wind,3222
11/12/2021,18,19,Wind,4225
3/1/2025,4,5,Wind,6922
5/21/2022,18,19,Solar,2628
8/28/2025,1,2,Wind,2454
7/27/2025,5,6,Wind,1786
7/20/2021,16,17,Solar,5834
6/28/2022,6,7,Wind,1388
9/21/2025,4,5,Wind,5062
11/3/2024,2,3,Wind,3552
11/19/2024,9,10,Wind,18956
10/22/2024,1,2,Wind,3568
4/22/2020,18,19,Wind,2865
10/13/2023,10,11,Wind,15112
10/12/2023,12,13,Solar,8411
5/5/2022,14,15,Solar,6026
12/22/2020,16,17,Wind,6752
7/7/2024,10,11,Solar,5126
4/28/2022,22,23,Wind,5002
3/19/2022,21,22,Wind,9680
2/5/2025,19,20,Wind,3259
3/30/2020,16,17,Wind,12305
10/6/2024,20,21,Wind,8224
7/18/2025,23,0,Wind,3802
6/22/2021,13,14,Wind,7084
3/9/2025,20,21,Wind,2682
7/6/2020,3,4,Wind,5654
1/21/2023,0,1,Wind,5918
10/20/2025,3,4,Wind,11753
5/9/2021,14,15,Wind,11238
9/10/2023,21,22,Wind,2358
8/4/2024,6,7,Wind,1962
2/20/2023,8,9,Wind,3465
10/6/2025,9,10,Solar,4871
10/31/2020,0,1,Wind,1716
6/2/2022,3,4,Wind,4245
7/1/2021,20,21,Wind,1001
10/5/2024,11,12,Solar,8795
8/21/2023,12,13,Solar,6981
10/31/2023,15,16,Wind,10888
12/24/2020,17,18,Wind,9299
10/29/2024,0,1,Wind,2034
1/20/2020,6,7,Wind,5969
7/27/2022,2,3,Wind,2863
9/23/2023,22,23,Wind,1134
5/17/2023,21,22,Wind,7154
5/15/2021,13,14,Wind,10329
10/24/2021,0,1,Wind,3903
5/23/2025,7,8,Wind,3940
7/31/2023,17,18,Wind,16164
10/11/2023,7,8,Wind,2966
5/1/2022,18,19,Solar,3553
7/10/2025,7,8,Wind,2663
1/5/2024,5,6,Wind,10179
9/8/2020,0,1,Wind,1596
3/23/2023,20,21,Wind,13963
4/1/2023,2,3,Wind,16591
2/18/2025,15,16,Wind,9155
10/14/2020,12,13,Wind,5761
8/21/2024,0,1,Wind,7150
11/13/2025,4,5,Wind,11401
9/19/2022,15,16,Solar,7972
7/26/2023,22,23,Wind,2678
1/14/2021,7,8,Wind,7248
12/1/2020,2,3,Wind,7535
2/27/2024,6,7,Wind,11867
1/13/2020,5,6,Wind,2719
1/7/2022,0,1,Wind,9092
10/3/2022,15,16,Solar,5116
11/15/2022,0,1,Wind,6758
9/1/2022,5,6,Wind,2865
7/27/2021,2,3,Wind,1685
7/11/2021,13,14,Solar,5042
3/29/2022,10,11,Solar,3254
4/3/2024,13,14,Wind,18128
4/19/2023,7,8,Wind,6823
10/25/2021,3,4,Wind,2690
6/18/2023,20,21,Wind,4451
2/14/2023,21,22,Wind,4662
3/23/2025,22,23,Wind,1259
6/27/2025,17,18,Solar,9125
8/28/2022,12,13,Solar,8898
7/11/2023,5,6,Wind,1999
9/9/2020,8,9,Wind,1078
6/28/2024,18,19,Solar,4290
7/29/2020,9,10,Solar,2120
7/9/2023,16,17,Solar,6674
3/16/2024,18,19,Wind,1211
5/14/2023,10,11,Solar,6013
6/13/2025,2,3,Wind,1801
11/9/2022,5,6,Wind,8441
4/6/2022,6,7,Wind,5141
8/8/2025,15,16,Solar,4706
10/4/2025,7,8,Wind,17338
10/25/2020,2,3,Wind,10696
7/18/2021,8,9,Wind,4398
8/13/2021,18,19,Solar,2862
11/4/2023,22,23,Wind,14865
10/27/2020,20,21,Wind,10606
3/5/2023,21,22,Wind,1000
11/14/2022,0,1,Wind,3434
9/10/2020,22,23,Wind,2229
4/20/2024,15,16,Wind,8412
2/15/2021,11,12,Wind,12188
4/24/2024,11,12,Wind,9813
3/14/2023,9,10,Wind,17911
2/8/2022,16,17,Wind,4263
1/8/2025,15,16,Wind,12406
12/4/2023,2,3,Wind,13067
6/29/2025,21,22,Wind,2788
11/21/2025,0,1,Wind,4327
7/18/2021,11,12,Solar,7976
12/18/2024,5,6,Wind,13902
12/28/2024,11,12,Solar,4030
8/4/2020,13,14,Solar,5530
9/21/2024,11,12,Solar,7327
3/25/2020,2,3,Wind,6439
5/9/2021,17,18,Wind,11507
7/30/2023,17,18,Wind,12058
7/4/2022,13,14,Solar,5745
7/5/2021,9,10,Wind,4747
2/13/2023,13,14,Solar,6722
9/27/2020,5,6,Wind,11489
8/26/2025,22,23,Wind,2770
1/28/2025,19,20,Wind,19186
9/5/2023,20,21,Wind,1711
6/6/2020,19,20,Wind,7194
9/21/2023,0,1,Wind,11271
1/6/2021,4,5,Wind,1309
6/21/2021,17,18,Solar,4642
4/30/2020,1,2,Wind,6717
12/5/2024,6,7,Wind,11663
8/11/2022,6,7,Wind,4434
4/3/2023,17,18,Wind,10376
10/9/2024,2,3,Wind,11147
11/5/2021,14,15,Solar,3837
2/19/2020,15,16,Wind,7030
3/21/2024,15,16,Solar,6064
5/4/2021,3,4,Wind,13060
7/20/2020,2,3,Wind,2745
4/21/2020,12,13,Wind,5274
9/28/2021,22,23,Wind,5083
11/16/2023,8,9,Wind,8890
11/16/2023,10,11,Wind,10601
9/5/2021,12,13,Solar,4826
10/30/2024,10,11,Solar,4815
10/14/2021,7,8,Wind,1998
11/27/2024,11,12,Wind,18995
7/19/2022,14,15,Solar,11456
3/18/2020,7,8,Wind,920
8/2/2020,20,21,Wind,3476
10/8/2023,22,23,Wind,914
1/18/2021,0,1,Wind,2046
5/1/2023,5,6,Wind,2281
3/27/2023,13,14,Solar,7984
9/12/2024,17,18,Wind,9890
6/27/2021,11,12,Solar,2797
4/29/2023,10,11,Solar,3294
2/14/2020,20,21,Wind,5101
5/28/2020,20,21,Wind,4584
10/23/2020,21,22,Wind,5272
2/9/2021,11,12,Wind,3261
5/18/2020,17,18,Solar,4683
2/16/2020,5,6,Wind,11933
1/17/2021,5,6,Wind,5132
8/22/2020,15,16,Wind,11377
12/2/2023,15,16,Wind,3287
11/19/2024,6,7,Wind,17507
1/20/2022,23,0,Wind,5476
8/12/2021,4,5,Wind,537
4/12/2022,23,0,Wind,2391
9/20/2024,1,2,Wind,6934
7/24/2020,6,7,Wind,1623
7/31/2023,8,9,Wind,10483
5/7/2021,15,16,Solar,5300
6/19/2022,15,16,Wind,12780
4/26/2020,21,22,Wind,507
5/2/2023,9,10,Solar,5328
11/6/2021,10,11,Solar,4862
1/11/2022,9,10,Wind,3441
5/26/2023,12,13,Solar,12036
9/22/2024,9,10,Wind,3944
9/4/2023,9,10,Wind,7654
5/3/2022,0,1,Wind,5334
6/15/2025,12,13,Solar,3841
12/18/2021,6,7,Wind,6087
8/2/2021,11,12,Solar,4320
8/16/2025,6,7,Wind,7143
6/29/2025,14,15,Solar,4565
2/21/2022,7,8,Wind,14866
6/7/2025,21,22,Wind,11062
4/20/2025,15,16,Wind,4558
7/23/2023,2,3,Wind,9075
2/21/2025,15,16,Wind,15714
10/19/2022,19,20,Wind,7944
1/27/2024,0,1,Wind,1873
2/11/2021,8,9,Wind,6113
2/13/2023,21,22,Wind,2677
12/6/2024,8,9,Wind,13192
1/29/2023,5,6,Wind,1135
4/22/2023,5,6,Wind,4828
2/14/2025,16,17,Wind,7129
10/24/2021,23,0,Wind,3283
9/29/2025,8,9,Wind,2578
1/20/2020,10,11,Wind,6095
1/26/2022,13,14,Solar,3768
4/6/2020,0,1,Wind,7724
1/31/2020,3,4,Wind,7998
8/31/2022,5,6,Wind,2234
4/1/2023,1,2,Wind,16915
11/1/2022,15,16,Wind,13662
7/30/2024,22,23,Wind,2503
4/8/2025,19,20,Wind,2749
9/10/2024,20,21,Wind,11651
10/31/2020,9,10,Wind,8194
5/7/2024,9,10,Solar,5090
4/19/2021,0,1,Wind,1780
3/12/2023,18,19,Wind,9795
11/19/2023,9,10,Wind,13588
2/14/2023,14,15,Solar,6281
10/8/2020,23,0,Wind,3679
12/4/2024,18,19,Wind,3938
8/2/2022,5,6,Wind,1216
9/5/2021,2,3,Wind,570
1/3/2024,20,21,Wind,17729
6/2/2023,11,12,Solar,10821
12/5/2024,14,15,Wind,16998
5/29/2022,2,3,Wind,6015
8/3/2023,17,18,Wind,9503
8/31/2020,11,12,Solar,4591
1/27/2021,13,14,Wind,5439
8/1/2020,8,9,Wind,2389
7/13/2021,5,6,Wind,2739
12/5/2021,4,5,Wind,7154
11/4/2022,20,21,Wind,6038
10/10/2022,11,12,Solar,4346
12/8/2023,6,7,Wind,4441
11/19/2023,23,0,Wind,12031
2/19/2024,22,23,Wind,4808
3/11/2024,18,19,Wind,6774
12/2/2022,21,22,Wind,6439
9/15/2024,13,14,Solar,6509
5/13/2025,12,13,Solar,4040
8/16/2024,3,4,Wind,3495
7/4/2022,18,19,Solar,4726
12/17/2021,22,23,Wind,7175
5/3/2022,17,18,Wind,4686
11/1/2022,19,20,Wind,11571
10/23/2025,1,2,Wind,18781
6/2/2020,7,8,Wind,1582
7/30/2023,6,7,Wind,5034
10/18/2024,10,11,Wind,3726
1/24/2021,17,18,Wind,7785
6/7/2024,18,19,Solar,3850
9/17/2022,6,7,Wind,5298
8/1/2023,14,15,Wind,16261
8/9/2024,2,3,Wind,4379
4/1/2025,0,1,Wind,10918
10/12/2020,8,9,Wind,1885
12/29/2021,17,18,Wind,13972
9/20/2025,13,14,Wind,14676
1/20/2023,11,12,Wind,5568
10/16/2025,3,4,Wind,4675
10/24/2024,9,10,Wind,6471
11/19/2021,20,21,Wind,1780
12/16/2021,12,13,Wind,5603
5/8/2022,7,8,Wind,3729
11/18/2024,8,9,Wind,8868
7/22/2024,3,4,Wind,3600
11/10/2021,9,10,Solar,1404
4/30/2021,21,22,Wind,1194
11/15/2024,23,0,Wind,1734
6/4/2021,5,6,Wind,1719
3/16/2020,22,23,Wind,1639
1/20/2022,20,21,Wind,5362
3/12/2022,7,8,Wind,6226
10/29/2025,18,19,Wind,8314
9/26/2021,5,6,Wind,2237
7/8/2022,15,16,Solar,9095
12/4/2021,0,1,Wind,9482
10/13/2023,23,0,Wind,14400
11/18/2023,22,23,Wind,12095
11/7/2023,6,7,Wind,6851
9/2/2022,19,20,Wind,1443
2/23/2024,9,10,Wind,15039
9/5/2020,4,5,Wind,2634
11/1/2025,6,7,Wind,14454
11/18/2025,19,20,Wind,7882
5/27/2021,17,18,Solar,3912
2/11/2021,15,16,Wind,8683
8/31/2022,20,21,Wind,2951
6/21/2023,15,16,Solar,4753
8/30/2022,22,23,Wind,3271
10/11/2021,20,21,Wind,3153
10/7/2023,23,0,Wind,3526
8/27/2020,23,0,Wind,7497
7/22/2021,9,10,Solar,2992
8/1/2024,1,2,Wind,1611
6/1/2021,21,22,Wind,3763
9/21/2021,14,15,Solar,5163
9/9/2024,5,6,Wind,8521
1/31/2025,12,13,Wind,8937
6/3/2025,6,7,Wind,2426
6/25/2021,12,13,Solar,5768
6/18/2022,7,8,Wind,2323
2/26/2023,18,19,Wind,15728
3/11/2022,21,22,Wind,10519
6/1/2022,17,18,Solar,5214
6/19/2022,7,8,Wind,6948
9/8/2022,10,11,Wind,8695
8/2/2022,1,2,Wind,1310
11/26/2024,1,2,Wind,6445
12/13/2023,6,7,Wind,7828
7/12/2025,20,21,Wind,3909
10/16/2022,18,19,Wind,4704
4/12/2020,21,22,Wind,2322
12/25/2023,16,17,Wind,12230
6/18/2021,17,18,Wind,9367
10/18/2023,1,2,Wind,10499
1/12/2022,11,12,Solar,4584
4/29/2023,22,23,Wind,2714
9/21/2021,23,0,Wind,3306
8/8/2023,12,13,Solar,9733
8/1/2021,4,5,Wind,2348
2/10/2020,21,22,Wind,12959
10/31/2020,4,5,Wind,3069
12/31/2024,17,18,Wind,9036
10/28/2023,4,5,Wind,11930
7/19/2025,1,2,Wind,4635
9/15/2023,19,20,Wind,2659
7/12/2021,7,8,Wind,2324
11/28/2020,13,14,Wind,3710
1/10/2023,14,15,Wind,15777
12/13/2021,1,2,Wind,1678
12/23/2021,13,14,Wind,8130
12/13/2024,9,10,Wind,2960
4/19/2022,3,4,Wind,2818
8/30/2023,23,0,Wind,3483
3/14/2023,22,23,Wind,5023
5/6/2022,18,19,Wind,4837
3/23/2025,8,9,Wind,5996
1/16/2022,3,4,Wind,1801
8/26/2023,0,1,Wind,2861
4/17/2025,3,4,Wind,2565
4/10/2025,10,11,Solar,10273
8/23/2021,21,22,Wind,5030
11/21/2023,15,16,Wind,7176
8/18/2024,19,20,Wind,5352
11/4/2024,3,4,Wind,2776
8/7/2021,2,3,Wind,3294
11/27/2022,15,16,Wind,6839
3/27/2021,2,3,Wind,9516
3/12/2022,22,23,Wind,9748
10/17/2025,5,6,Wind,5096
4/10/2025,17,18,Solar,10743
8/21/2022,0,1,Wind,791
2/11/2021,6,7,Wind,5196
3/31/2021,23,0,Wind,1435
6/19/2020,6,7,Wind,1906
2/26/2020,13,14,Wind,13169
10/21/2023,11,12,Wind,20374
11/7/2023,8,9,Wind,8207
7/29/2025,0,1,Wind,3104
2/19/2020,10,11,Wind,7379
4/3/2023,13,14,Wind,11458
2/25/2021,19,20,Wind,1854
2/25/2021,2,3,Wind,5371
9/28/2024,11,12,Solar,8533
2/22/2023,14,15,Wind,3581
3/5/2025,11,12,Solar,9526
9/11/2023,1,2,Wind,2249
12/6/2020,20,21,Wind,1761
10/3/2025,14,15,Wind,11497
11/28/2022,4,5,Wind,4489
5/3/2020,22,23,Wind,705
2/19/2021,13,14,Wind,8744
1/16/2020,16,17,Wind,9123
11/18/2021,13,14,Solar,3746
12/13/2022,6,7,Wind,6219
5/26/2021,12,13,Wind,10892
5/28/2020,22,23,Wind,6074
5/16/2022,22,23,Wind,599
2/8/2021,10,11,Wind,2084
8/25/2022,12,13,Solar,6443
3/12/2024,0,1,Wind,5402
3/8/2022,21,22,Wind,5703
4/6/2025,22,23,Wind,10147
12/1/2023,21,22,Wind,5091
2/1/2024,13,14,Wind,3991
3/19/2021,5,6,Wind,5515
11/22/2020,2,3,Wind,2036
1/29/2023,6,7,Wind,1089
2/3/2020,23,0,Wind,10296
8/22/2025,22,23,Wind,3100
12/30/2023,21,22,Wind,14946
6/14/2020,6,7,Wind,2981
5/20/2025,11,12,Solar,7909
5/27/2021,19,20,Solar,1951
11/28/2024,12,13,Solar,5112
6/12/2025,20,21,Wind,2592
12/2/2021,4,5,Wind,6595
4/6/2023,1,2,Wind,1240
8/29/2022,21,22,Wind,5149
4/22/2024,2,3,Wind,7693
4/7/2022,21,22,Wind,13300
8/17/2020,8,9,Wind,2329
4/8/2020,0,1,Wind,3294
6/27/2022,2,3,Wind,1132
11/8/2022,13,14,Wind,13921
7/27/2024,1,2,Wind,418
8/5/2025,16,17,Wind,7613
5/1/2020,10,11,Wind,8012
6/22/2022,5,6,Wind,3322
1/10/2020,0,1,Wind,9719
2/26/2024,3,4,Wind,9462
8/3/2023,18,19,Wind,7651
11/6/2020,0,1,Wind,7462
5/12/2025,18,19,Solar,4886
2/4/2023,6,7,Wind,2724
9/8/2021,16,17,Wind,5846
2/16/2023,19,20,Wind,7525
5/12/2022,8,9,Solar,1922
11/12/2025,0,1,Wind,13071
7/7/2020,11,12,Solar,4694
3/18/2021,13,14,Wind,6015
8/2/2020,7,8,Wind,2829
1/28/2020,8,9,Wind,12847
10/6/2023,0,1,Wind,1366
6/27/2024,10,11,Solar,5860
8/30/2024,12,13,Solar,8694
11/22/2025,5,6,Wind,4673
1/8/2024,13,14,Wind,11588
8/10/2025,12,13,Solar,4763
4/30/2024,10,11,Wind,6800
9/5/2024,12,13,Solar,7713
6/18/2024,5,6,Wind,2850
8/11/2020,22,23,Wind,1326
11/18/2024,4,5,Wind,9025
3/3/2025,21,22,Wind,4149
6/16/2020,9,10,Solar,2228
11/5/2023,11,12,Wind,19077
7/10/2020,9,10,Wind,4371
10/29/2023,18,19,Wind,12320
6/25/2020,1,2,Wind,3877
11/27/2023,2,3,Wind,7464
9/10/2023,22,23,Wind,2837
3/25/2024,22,23,Wind,8875
11/11/2021,2,3,Wind,1151
9/21/2020,10,11,Solar,1691
1/17/2021,21,22,Wind,2503
6/16/2024,20,21,Wind,3886
5/25/2020,5,6,Wind,2382
9/30/2025,6,7,Wind,1558
2/19/2025,6,7,Wind,8798
11/18/2022,22,23,Wind,3150
1/4/2021,10,11,Wind,2038
6/4/2022,13,14,Solar,5744
12/14/2021,10,11,Solar,2182
6/14/2025,2,3,Wind,5142
7/11/2024,8,9,Solar,2417
3/31/2025,13,14,Solar,12362
1/6/2025,6,7,Wind,18722
12/16/2021,8,9,Wind,2732
6/12/2021,22,23,Wind,2432
7/9/2020,17,18,Wind,6646
2/18/2022,18,19,Wind,13238
2/13/2021,14,15,Wind,9991
12/16/2021,7,8,Wind,2497
12/15/2024,8,9,Wind,6048
7/10/2021,10,11,Solar,3276
11/29/2025,18,19,Wind,10196
2/10/2021,21,22,Wind,4420
7/29/2024,12,13,Solar,10129
1/20/2023,9,10,Wind,3401
9/10/2022,16,17,Solar,7701
12/23/2022,16,17,Wind,15011
12/9/2023,4,5,Wind,9880
3/19/2023,16,17,Wind,6813
11/30/2020,4,5,Wind,1329
5/24/2021,4,5,Wind,8666
1/27/2022,9,10,Wind,5055
10/19/2022,0,1,Wind,5532
1/17/2023,19,20,Wind,4973
10/13/2025,18,19,Wind,7387
5/1/2025,12,13,Solar,5191
7/2/2020,21,22,Wind,3656
5/14/2022,11,12,Solar,5901
9/4/2024,1,2,Wind,1022
5/16/2021,3,4,Wind,4872
2/24/2022,9,10,Wind,9070
11/6/2025,3,4,Wind,8939
1/28/2023,17,18,Wind,3752
4/5/2023,1,2,Wind,2623
3/8/2024,18,19,Wind,9798
9/9/2022,5,6,Wind,8652
6/23/2025,11,12,Wind,7643
3/4/2024,2,3,Wind,3900
2/21/2025,8,9,Wind,13537
10/31/2023,10,11,Wind,9320
8/11/2024,2,3,Wind,3520
12/12/2023,14,15,Wind,11858
1/18/2021,6,7,Wind,2493
8/3/2024,4,5,Wind,3502
5/17/2025,9,10,Solar,6696
11/14/2021,18,19,Wind,4424
6/20/2023,4,5,Wind,3307
3/21/2022,7,8,Wind,4387
4/19/2020,13,14,Wind,3115
7/6/2024,4,5,Wind,8305
5/14/2023,23,0,Wind,4043
12/19/2022,2,3,Wind,12288
9/23/2020,14,15,Wind,8545
4/20/2024,4,5,Wind,6904
7/21/2020,21,22,Wind,4406
4/25/2020,3,4,Wind,1779
6/10/2023,4,5,Wind,2713
2/11/2024,17,18,Wind,12006
7/6/2022,12,13,Solar,7683
2/5/2022,19,20,Wind,9947
5/28/2020,23,0,Wind,6736
9/17/2025,2,3,Wind,2575
8/8/2025,8,9,Solar,3228
3/9/2020,22,23,Wind,8872
3/11/2024,21,22,Wind,6066
5/14/2025,17,18,Solar,7679
2/4/2020,1,2,Wind,10533
8/11/2020,18,19,Solar,2040
10/13/2023,17,18,Wind,15965
6/16/2022,19,20,Solar,1895
12/8/2020,8,9,Wind,2188
3/29/2021,14,15,Solar,5986
6/15/2025,9,10,Solar,3778
1/20/2024,12,13,Solar,6835
2/17/2025,23,0,Wind,3993
12/3/2021,7,8,Wind,6171
5/30/2023,8,9,Wind,9640
2/3/2020,15,16,Wind,8538
1/22/2025,12,13,Wind,6417
12/27/2021,21,22,Wind,12569
11/8/2020,11,12,Wind,3996
9/20/2023,21,22,Wind,10365
3/11/2024,17,18,Wind,8030
7/16/2024,9,10,Wind,11662
3/26/2025,19,20,Wind,3745
2/18/2023,1,2,Wind,5595
7/18/2024,16,17,Solar,7212
5/8/2020,4,5,Wind,2082
9/18/2023,16,17,Wind,14252
8/10/2023,12,13,Solar,7330
9/7/2020,19,20,Wind,2004
10/3/2020,16,17,Wind,6727
5/26/2021,2,3,Wind,5529
1/23/2022,4,5,Wind,1749
6/14/2022,9,10,Solar,4214
1/20/2021,9,10,Wind,12999
4/1/2025,6,7,Wind,10967
2/15/2020,12,13,Wind,11448
3/24/2022,10,11,Solar,5742
9/5/2025,1,2,Wind,4105
1/12/2023,12,13,Wind,18306
11/6/2022,19,20,Wind,11005
3/8/2022,17,18,Wind,3785
12/24/2020,22,23,Wind,7846
9/10/2020,15,16,Solar,2992
4/28/2024,1,2,Wind,10254
5/9/2020,0,1,Wind,2676
12/3/2020,12,13,Wind,9711
7/20/2024,0,1,Wind,1818
8/10/2021,0,1,Wind,1225
4/25/2024,14,15,Solar,7534
10/12/2021,19,20,Wind,3353
6/13/2020,11,12,Wind,4955
7/31/2023,7,8,Wind,9176
2/7/2020,15,16,Wind,5046
4/8/2025,3,4,Wind,2900
10/29/2022,16,17,Wind,6799
3/17/2020,13,14,Solar,2613
7/16/2025,19,20,Wind,7811
11/9/2025,21,22,Wind,5570
8/15/2021,18,19,Wind,8013
8/31/2020,8,9,Wind,2550
2/10/2020,7,8,Wind,11091
3/20/2022,3,4,Wind,5262
2/16/2022,6,7,Wind,14791
10/17/2022,22,23,Wind,1822
3/28/2025,2,3,Wind,2114
6/7/2020,1,2,Wind,3654
8/17/2020,5,6,Wind,1922
4/22/2025,8,9,Solar,2305
9/6/2021,3,4,Wind,1319
9/4/2024,0,1,Wind,1181
1/20/2025,20,21,Wind,1179
7/13/2020,13,14,Solar,4705
6/3/2021,15,16,Solar,3805
4/9/2025,8,9,Wind,5564
7/25/2024,15,16,Solar,9796
9/13/2020,21,22,Wind,1634
7/18/2024,3,4,Wind,2282
6/16/2024,11,12,Wind,7228
1/15/2025,7,8,Wind,2998
4/12/2023,10,11,Wind,11551
9/30/2023,15,16,Solar,6238
10/31/2025,12,13,Wind,13978
2/20/2025,15,16,Wind,10442
12/7/2021,4,5,Wind,5875
12/19/2021,2,3,Wind,3858
9/11/2021,6,7,Wind,1304
7/13/2022,3,4,Wind,1284
7/26/2025,1,2,Wind,2898
5/6/2025,13,14,Wind,15086
12/20/2022,7,8,Wind,13290
8/28/2020,23,0,Wind,2992
1/20/2023,7,8,Wind,2459
2/19/2024,20,21,Wind,5970
6/26/2021,13,14,Solar,4853
5/29/2024,15,16,Wind,11061
6/13/2021,2,3,Wind,3335
8/26/2024,2,3,Wind,2474
6/10/2021,20,21,Wind,1433
9/12/2020,21,22,Wind,1498
2/14/2022,2,3,Wind,13708
7/14/2022,15,16,Solar,9365
9/1/2022,2,3,Wind,3710
7/25/2023,8,9,Wind,6136
6/27/2025,15,16,Solar,11359
5/26/2024,3,4,Wind,4941
4/4/2022,0,1,Wind,1493
10/24/2021,3,4,Wind,4122
11/11/2021,21,22,Wind,870
12/15/2020,3,4,Wind,4872
1/8/2022,17,18,Wind,15073
7/23/2020,22,23,Wind,1571
7/18/2020,22,23,Wind,1461
12/12/2021,16,17,Wind,2570
4/5/2022,9,10,Wind,6905
7/17/2023,5,6,Wind,2324
4/20/2020,7,8,Wind,5618
1/18/2021,7,8,Wind,2566
8/24/2021,18,19,Wind,11067
1/28/2021,8,9,Wind,13948
2/27/2020,21,22,Wind,7033
5/4/2025,15,16,Wind,7299
9/1/2020,9,10,Solar,2103
11/11/2024,7,8,Wind,3528
10/24/2021,11,12,Solar,6109
11/11/2022,5,6,Wind,3169
1/8/2020,1,2,Wind,5852
1/13/2021,4,5,Wind,3236
8/10/2021,14,15,Solar,5787
4/2/2025,2,3,Wind,15114
3/1/2021,17,18,Wind,3239
11/30/2022,9,10,Wind,2060
1/14/2020,18,19,Wind,12733
10/12/2020,10,11,Solar,3235
3/29/2024,20,21,Wind,5982
10/12/2025,15,16,Solar,11438
12/21/2020,3,4,Wind,6804
9/16/2024,15,16,Solar,10670
4/7/2023,12,13,Solar,7303
7/21/2024,16,17,Wind,8390
10/31/2024,13,14,Solar,4724
2/21/2020,13,14,Wind,8359
9/1/2021,19,20,Wind,6601
3/10/2024,20,21,Wind,1487
8/12/2020,16,17,Wind,3514
8/26/2023,4,5,Wind,3719
3/2/2022,9,10,Wind,3208
1/3/2022,8,9,Wind,9363
2/13/2025,11,12,Solar,4235
4/10/2024,8,9,Wind,3966
3/22/2021,19,20,Wind,2676
1/10/2025,10,11,Wind,5399
10/6/2023,15,16,Solar,6868
4/29/2024,15,16,Solar,7027
7/13/2024,5,6,Wind,896
11/14/2021,15,16,Wind,4245
12/10/2023,10,11,Wind,14883
6/13/2022,19,20,Wind,2895
9/21/2024,7,8,Wind,3743
7/9/2025,2,3,Wind,1777
8/18/2024,13,14,Solar,10781
2/3/2023,7,8,Wind,6517
12/12/2021,17,18,Wind,2137
5/10/2021,1,2,Wind,7851
6/24/2022,20,21,Wind,6156
3/17/2020,3,4,Wind,1308
7/24/2024,8,9,Solar,2606
10/27/2023,3,4,Wind,8707
8/17/2025,10,11,Solar,9267
9/17/2020,16,17,Wind,8119
9/30/2025,5,6,Wind,1392
10/3/2024,7,8,Wind,7039
3/28/2021,7,8,Wind,3564
7/17/2025,23,0,Wind,1610
2/26/2022,10,11,Solar,7670
7/3/2025,15,16,Solar,9564
3/7/2025,18,19,Wind,5888
8/8/2024,4,5,Wind,1215
9/23/2023,8,9,Wind,3488
4/28/2021,11,12,Solar,2519
9/10/2022,14,15,Solar,8766
3/31/2025,8,9,Wind,5433
7/16/2024,4,5,Wind,8021
8/20/2025,11,12,Wind,7286
1/6/2023,13,14,Wind,8675
8/17/2023,20,21,Wind,1803
3/15/2024,5,6,Wind,9919
12/4/2020,0,1,Wind,12195
12/21/2021,4,5,Wind,2850
6/9/2024,22,23,Wind,5084
6/14/2022,8,9,Solar,3413
8/27/2023,6,7,Wind,2812
1/6/2025,12,13,Wind,18898
3/6/2020,20,21,Wind,4508
12/30/2021,12,13,Wind,9277
12/6/2022,6,7,Wind,1632
6/21/2024,1,2,Wind,1325
2/1/2025,21,22,Wind,4191
7/14/2020,18,19,Wind,4409
7/1/2020,19,20,Wind,5201
3/21/2023,22,23,Wind,8110
4/14/2025,8,9,Solar,2139
2/27/2022,12,13,Wind,10044
11/5/2020,13,14,Wind,6887
3/10/2020,5,6,Wind,12041
6/1/2025,17,18,Solar,3175
1/26/2025,2,3,Wind,9972
4/30/2020,13,14,Wind,11987
12/14/2024,2,3,Wind,1157
4/15/2025,15,16,Wind,7968
10/30/2020,2,3,Wind,7489
2/8/2021,0,1,Wind,1406
3/9/2022,4,5,Wind,3581
2/22/2022,15,16,Wind,14388
1/16/2024,19,20,Wind,3128
11/30/2023,11,12,Wind,2419
1/21/2022,14,15,Wind,6986
10/13/2022,2,3,Wind,1361
6/17/2022,23,0,Wind,1592
11/17/2024,6,7,Wind,3941
7/18/2020,2,3,Wind,1339
9/25/2024,8,9,Wind,5967
3/29/2022,5,6,Wind,2891
6/17/2020,19,20,Wind,2095
6/29/2024,18,19,Wind,6554
10/30/2020,10,11,Wind,7419
2/19/2021,19,20,Wind,7404
1/1/2024,4,5,Wind,8838
12/27/2022,6,7,Wind,4019
11/1/2021,10,11,Wind,10079
8/28/2020,21,22,Wind,3247
8/27/2020,19,20,Wind,6475
10/5/2022,20,21,Wind,7845
2/6/2020,4,5,Wind,2972
2/9/2024,11,12,Wind,13564
5/17/2024,23,0,Wind,679
4/8/2021,10,11,Solar,3570
11/4/2025,1,2,Wind,8203
11/18/2022,6,7,Wind,7697
3/24/2020,6,7,Wind,5924
2/24/2020,3,4,Wind,3562
9/9/2020,0,1,Wind,935
8/3/2025,12,13,Solar,6177
1/24/2023,18,19,Wind,2989
10/31/2020,3,4,Wind,2492
8/14/2024,14,15,Solar,6071
4/27/2024,15,16,Wind,11873
4/26/2024,23,0,Wind,4435
5/11/2020,1,2,Wind,9243
7/2/2022,6,7,Wind,1275
11/2/2023,15,16,Wind,15875
8/15/2021,16,17,Wind,8032
7/10/2020,16,17,Wind,5447
2/18/2020,9,10,Wind,8247
1/17/2025,2,3,Wind,2010
9/29/2025,14,15,Solar,9018
2/10/2025,3,4,Wind,3590
11/2/2024,0,1,Wind,1203
1/7/2023,20,21,Wind,14522
12/30/2022,7,8,Wind,13456
2/29/2020,23,0,Wind,11760
3/17/2021,20,21,Wind,5952
4/15/2025,20,21,Wind,9714
6/20/2023,20,21,Wind,1917
2/20/2021,17,18,Wind,12274
5/25/2022,19,20,Wind,8041
12/27/2021,8,9,Wind,7212
10/20/2024,1,2,Wind,3018
5/14/2025,21,22,Wind,6080
2/20/2022,12,13,Wind,17314
4/18/2021,1,2,Wind,4779
1/30/2024,0,1,Wind,8113
2/7/2021,1,2,Wind,5123
10/31/2025,6,7,Wind,9628
7/3/2025,7,8,Wind,4571
5/26/2022,21,22,Wind,4299
4/9/2024,5,6,Wind,9097
8/13/2020,14,15,Wind,4931
10/31/2024,19,20,Wind,1060
4/25/2025,14,15,Solar,10245
12/11/2024,13,14,Wind,7435
5/20/2022,7,8,Wind,3605
5/31/2020,11,12,Wind,8533
12/21/2024,7,8,Wind,7750
11/1/2022,9,10,Wind,11756
6/12/2022,3,4,Wind,3211
1/3/2022,18,19,Wind,7791
8/13/2025,18,19,Wind,3943
7/6/2021,5,6,Wind,9578
10/12/2025,13,14,Solar,12629
6/7/2024,21,22,Wind,1472
12/9/2022,12,13,Wind,3667
3/15/2021,20,21,Wind,5856
2/8/2023,13,14,Solar,6888
7/9/2022,10,11,Solar,5963
3/2/2025,15,16,Solar,9877
7/16/2023,6,7,Wind,5414
1/6/2022,9,10,Wind,2549
8/29/2022,9,10,Wind,4856
4/21/2025,2,3,Wind,4052
8/14/2025,2,3,Wind,2821
11/2/2023,17,18,Wind,15676
5/2/2024,10,11,Wind,9667
8/3/2023,10,11,Wind,12494
3/5/2020,0,1,Wind,5038
1/6/2024,19,20,Wind,8024
5/19/2022,6,7,Wind,3839
1/28/2024,8,9,Wind,9911
1/23/2021,9,10,Wind,6788
1/5/2024,3,4,Wind,11144
3/29/2020,17,18,Wind,13938
11/13/2020,14,15,Wind,5605
8/30/2025,4,5,Wind,4869
8/17/2022,19,20,Wind,2033
5/31/2022,8,9,Solar,1676
10/18/2022,9,10,Wind,3002
12/3/2020,8,9,Wind,5211
1/11/2022,13,14,Solar,5143
2/24/2022,3,4,Wind,4329
9/2/2021,9,10,Wind,5745
9/10/2020,0,1,Wind,1794
5/2/2022,11,12,Solar,6127
3/8/2025,5,6,Wind,10697
10/16/2024,1,2,Wind,11010
7/17/2025,20,21,Wind,1801
12/1/2023,10,11,Wind,3234
11/12/2023,14,15,Wind,9888
9/3/2023,18,19,Wind,6935
1/17/2022,15,16,Solar,2716
4/26/2023,8,9,Wind,2693
4/1/2021,17,18,Wind,6463
5/28/2023,9,10,Solar,5108
3/27/2022,14,15,Solar,6871
4/13/2025,2,3,Wind,9132
10/18/2021,21,22,Wind,4845
9/9/2022,22,23,Wind,5803
11/14/2025,6,7,Wind,12793
2/27/2020,3,4,Wind,5876
7/7/2020,13,14,Solar,5278
12/18/2023,15,16,Wind,3980
9/28/2023,1,2,Wind,4548
6/28/2024,7,8,Wind,2990
10/20/2020,5,6,Wind,9659
4/27/2021,3,4,Wind,4738
4/6/2024,15,16,Wind,8363
4/28/2021,16,17,Wind,4670
10/2/2025,17,18,Solar,4982
9/14/2020,14,15,Solar,5167
6/24/2023,6,7,Wind,2771
10/21/2020,11,12,Wind,15183
8/1/2025,17,18,Wind,11333
2/23/2022,23,0,Wind,3212
7/24/2021,12,13,Solar,5662
12/10/2023,4,5,Wind,14688
4/19/2020,5,6,Wind,2422
4/24/2021,3,4,Wind,7172
4/21/2020,9,10,Wind,5012
10/12/2023,16,17,Wind,8100
11/16/2025,2,3,Wind,2155
1/7/2022,13,14,Wind,12803
11/16/2023,5,6,Wind,4723
6/18/2020,1,2,Wind,1643
8/3/2024,6,7,Wind,2972
6/24/2024,8,9,Solar,4072
5/18/2023,16,17,Wind,9570
4/24/2020,17,18,Solar,3015
9/19/2024,23,0,Wind,8303
12/18/2021,18,19,Wind,6095
8/9/2024,8,9,Wind,6545
1/31/2025,14,15,Wind,9041
3/28/2021,15,16,Solar,6562
6/8/2024,20,21,Wind,3640
10/16/2024,19,20,Wind,10396
3/3/2020,13,14,Wind,2627
11/21/2024,22,23,Wind,6234
12/6/2020,7,8,Wind,2388
4/21/2022,13,14,Solar,7316
9/1/2023,13,14,Solar,9763
1/29/2023,13,14,Solar,4709
4/27/2022,13,14,Solar,9899
12/6/2023,12,13,Solar,4011
2/11/2023,4,5,Wind,1810
5/23/2021,19,20,Wind,7087
1/13/2023,13,14,Wind,17620
10/21/2020,8,9,Wind,12602
11/11/2021,9,10,Solar,2291
2/28/2023,21,22,Wind,6877
3/10/2023,12,13,Wind,20267
11/15/2021,1,2,Wind,3350
8/27/2022,13,14,Solar,7247
9/26/2025,19,20,Wind,408
10/18/2025,11,12,Solar,10166
9/4/2022,6,7,Wind,2242
5/14/2020,22,23,Wind,8480
11/20/2021,21,22,Wind,256
3/19/2022,2,3,Wind,11653
7/27/2023,19,20,Wind,7081
9/29/2022,16,17,Solar,3391
10/30/2020,20,21,Wind,2316
1/18/2020,17,18,Wind,1821
11/18/2023,8,9,Wind,10478
4/28/2025,19,20,Wind,4874
8/25/2022,1,2,Wind,2568
1/29/2020,10,11,Wind,8131
2/28/2024,4,5,Wind,2938
8/14/2021,7,8,Wind,1499
2/1/2025,4,5,Wind,3300
1/8/2025,17,18,Wind,15551
7/19/2020,5,6,Wind,717
4/15/2024,1,2,Wind,2526
10/7/2020,3,4,Wind,8655
5/13/2021,9,10,Wind,6445
8/21/2024,6,7,Wind,3751
1/9/2023,11,12,Wind,16471
7/12/2021,12,13,Solar,4206
7/17/2021,3,4,Wind,2660
2/8/2021,14,15,Wind,2189
12/21/2024,17,18,Wind,17785
8/11/2023,18,19,Solar,4743
10/26/2025,4,5,Wind,9938
10/17/2020,19,20,Wind,554
11/11/2025,6,7,Wind,7784
4/25/2021,4,5,Wind,8220
8/13/2022,22,23,Wind,3130
10/23/2023,5,6,Wind,5937
6/8/2021,0,1,Wind,1392
2/7/2021,14,15,Wind,6165
5/12/2025,16,17,Solar,4127
1/20/2024,1,2,Wind,3446
4/5/2022,15,16,Wind,10520
6/9/2023,14,15,Solar,7100
4/5/2025,23,0,Wind,9012
11/22/2025,14,15,Wind,12287
7/22/2025,17,18,Wind,11630
11/5/2022,2,3,Wind,3089
9/17/2021,3,4,Wind,696
10/13/2020,14,15,Wind,6661
4/8/2025,21,22,Wind,4246
3/8/2025,8,9,Wind,12302
10/14/2025,3,4,Wind,6169
12/7/2022,3,4,Wind,2533
5/29/2020,8,9,Wind,4079
10/4/2021,11,12,Wind,6850
12/15/2024,11,12,Wind,9368
4/26/2025,3,4,Wind,5053
8/19/2020,23,0,Wind,4393
1/17/2022,21,22,Wind,1708
7/2/2021,6,7,Wind,434
4/9/2024,19,20,Wind,12447
11/10/2022,23,0,Wind,3646
2/12/2023,19,20,Wind,3488
7/13/2022,18,19,Solar,4749
4/24/2025,13,14,Solar,9198
12/20/2021,17,18,Wind,3168
5/29/2024,7,8,Wind,6284
2/3/2024,23,0,Wind,5376
9/1/2021,18,19,Wind,7759
8/19/2023,22,23,Wind,1054
9/22/2022,0,1,Wind,2751
1/18/2020,14,15,Solar,2528
4/8/2021,0,1,Wind,851
10/5/2023,9,10,Solar,3037
8/31/2022,3,4,Wind,2669
3/12/2022,18,19,Wind,8732
7/20/2022,23,0,Wind,1815
4/29/2023,19,20,Wind,2892
7/30/2022,2,3,Wind,1439
5/13/2021,22,23,Wind,2605
10/16/2021,21,22,Wind,1291
10/15/2020,7,8,Wind,3910
6/6/2023,12,13,Solar,8646
8/8/2025,5,6,Wind,1437
7/26/2025,10,11,Solar,7998
2/20/2022,2,3,Wind,11206
11/28/2025,2,3,Wind,8628
6/28/2021,13,14,Solar,3922
9/19/2021,3,4,Wind,3519
9/28/2023,19,20,Wind,2552
5/13/2024,14,15,Solar,6831
5/18/2021,2,3,Wind,5406
8/1/2024,16,17,Solar,8661
9/12/2024,2,3,Wind,4472
2/5/2022,0,1,Wind,5210
8/15/2021,7,8,Wind,1301
7/31/2025,6,7,Wind,2301
1/27/2021,16,17,Wind,4041
11/9/2022,4,5,Wind,8537
12/22/2020,2,3,Wind,12189
12/8/2023,0,1,Wind,7878
11/10/2021,15,16,Solar,1760
5/11/2021,10,11,Wind,4076
2/15/2022,14,15,Wind,13683
4/8/2020,7,8,Wind,2012
4/10/2021,0,1,Wind,4391
6/7/2021,2,3,Wind,1350
5/13/2021,0,1,Wind,4479
3/8/2021,20,21,Wind,2882
11/6/2020,8,9,Wind,6743
3/16/2025,0,1,Wind,10187
9/26/2020,13,14,Wind,12730
11/23/2025,12,13,Wind,15669
3/24/2023,17,18,Wind,15698
1/22/2022,12,13,Solar,5027
2/8/2022,22,23,Wind,2415
4/27/2024,0,1,Wind,4743
1/24/2024,7,8,Wind,16218
9/20/2022,19,20,Wind,2499
7/19/2024,16,17,Solar,7392
11/13/2025,8,9,Wind,10392
2/13/2022,14,15,Wind,16782
1/22/2022,0,1,Wind,3190
12/19/2024,10,11,Wind,17216
1/18/2020,9,10,Wind,3050
2/6/2025,13,14,Wind,13224
3/8/2021,13,14,Solar,4523
1/20/2020,22,23,Wind,4934
8/29/2020,1,2,Wind,3457
9/17/2024,15,16,Wind,17409
5/15/2023,19,20,Wind,9747
4/26/2023,14,15,Solar,4918
8/7/2022,2,3,Wind,7089
11/18/2021,3,4,Wind,1529
7/28/2022,15,16,Solar,5339
9/29/2024,4,5,Wind,3181
7/27/2025,8,9,Wind,3635
12/7/2022,17,18,Wind,1713
6/4/2022,0,1,Wind,3214
4/11/2022,18,19,Wind,7879
7/18/2025,10,11,Solar,6389
10/28/2025,4,5,Wind,11636
1/15/2024,12,13,Wind,6809
3/7/2021,13,14,Solar,3169
1/10/2024,19,20,Wind,3793
5/8/2024,0,1,Wind,6559
9/28/2024,4,5,Wind,6407
5/25/2021,6,7,Wind,9546
8/2/2021,6,7,Wind,1153
6/13/2025,4,5,Wind,2021
6/10/2022,13,14,Solar,8508
1/10/2025,14,15,Wind,4286
7/20/2023,12,13,Solar,6951
2/28/2020,13,14,Wind,11014
6/18/2024,12,13,Solar,7785
1/31/2024,20,21,Wind,6085
1/27/2023,23,0,Wind,6094
8/15/2020,11,12,Solar,3086
10/4/2022,4,5,Wind,988
1/29/2024,23,0,Wind,8472
4/12/2022,6,7,Wind,7935
1/11/2022,23,0,Wind,2090
5/11/2025,16,17,Wind,4808
10/14/2023,4,5,Wind,10187
10/1/2021,23,0,Wind,3707
10/4/2024,22,23,Wind,2835
12/31/2024,11,12,Wind,7306
3/23/2020,16,17,Wind,7482
2/25/2022,2,3,Wind,7548
2/11/2022,16,17,Solar,3615
7/1/2025,13,14,Solar,9839
9/10/2021,3,4,Wind,2131
11/20/2024,9,10,Wind,6181
9/13/2021,3,4,Wind,2426
2/14/2025,11,12,Solar,9119
9/30/2023,2,3,Wind,547
7/3/2020,13,14,Wind,6832
12/16/2022,4,5,Wind,5658
6/29/2025,12,13,Solar,4495
3/21/2025,6,7,Wind,10695
9/22/2023,15,16,Wind,13602
1/26/2024,22,23,Wind,2003
5/29/2023,23,0,Wind,10422
1/18/2024,19,20,Wind,4652
8/17/2023,21,22,Wind,2474
2/18/2021,13,14,Wind,11280
11/28/2025,16,17,Wind,7122
6/5/2025,11,12,Wind,9135
7/5/2025,19,20,Wind,7083
8/30/2023,20,21,Wind,4070
1/24/2020,14,15,Solar,1733
1/30/2021,11,12,Wind,8960
1/26/2021,10,11,Wind,5086
7/22/2020,22,23,Wind,2730
9/10/2025,10,11,Solar,8381
5/20/2021,11,12,Solar,7459
8/30/2020,16,17,Wind,6972
4/30/2021,4,5,Wind,1497
7/20/2024,2,3,Wind,1366
6/25/2024,2,3,Wind,4860
6/16/2020,3,4,Wind,1572
3/20/2025,22,23,Wind,7815
10/8/2021,7,8,Wind,3732
3/11/2023,20,21,Wind,4561
1/9/2022,5,6,Wind,11382
12/15/2023,10,11,Solar,2984
12/2/2023,20,21,Wind,2993
4/12/2020,14,15,Solar,4478
1/16/2021,6,7,Wind,2609
11/7/2020,5,6,Wind,6495
1/16/2025,7,8,Wind,5370
12/11/2023,5,6,Wind,13313
3/26/2025,0,1,Wind,2924
3/9/2025,14,15,Wind,6097
1/31/2021,11,12,Wind,3917
1/18/2023,12,13,Wind,5795
8/11/2022,22,23,Wind,5915
10/17/2020,5,6,Wind,823
11/6/2023,15,16,Wind,11710
1/31/2020,15,16,Wind,7383
11/22/2022,2,3,Wind,12118
1/14/2020,21,22,Wind,12686
6/5/2024,22,23,Wind,1825
5/24/2020,17,18,Solar,4591
10/17/2025,8,9,Wind,5063
12/1/2023,18,19,Wind,5670
11/30/2023,9,10,Wind,2294
5/28/2023,21,22,Wind,8135
8/6/2025,18,19,Solar,4823
9/3/2022,3,4,Wind,1584
5/12/2024,21,22,Wind,2710
8/25/2022,2,3,Wind,2157
7/9/2024,19,20,Wind,5041
10/28/2023,13,14,Wind,17291
12/26/2021,23,0,Wind,3943
4/26/2023,19,20,Wind,1227
8/12/2020,23,0,Wind,2887
6/8/2024,7,8,Wind,2653
10/30/2020,1,2,Wind,7672
4/10/2024,13,14,Solar,9317
1/22/2020,4,5,Wind,3220
6/26/2025,19,20,Wind,9162
9/25/2023,6,7,Wind,2754
10/2/2021,8,9,Wind,4880
5/21/2021,21,22,Wind,11117
5/21/2021,4,5,Wind,9502
6/7/2020,21,22,Wind,1627
9/6/2023,18,19,Solar,2948
4/27/2023,3,4,Wind,1219
3/14/2020,13,14,Wind,7209
2/27/2024,19,20,Wind,6228
9/19/2020,13,14,Solar,4468
4/1/2022,16,17,Wind,15285
3/16/2023,2,3,Wind,6637
9/22/2025,16,17,Wind,8440
11/24/2020,19,20,Wind,6160
11/10/2020,8,9,Wind,672
12/5/2023,23,0,Wind,4052
4/21/2023,23,0,Wind,3321
2/26/2021,22,23,Wind,5705
1/16/2025,11,12,Wind,7756
11/29/2022,6,7,Wind,1649
12/1/2024,13,14,Wind,10231
5/1/2022,2,3,Wind,3175
5/13/2021,5,6,Wind,5102
7/31/2023,14,15,Wind,18635
10/25/2024,14,15,Solar,5922
9/25/2022,14,15,Solar,6087
3/25/2025,14,15,Solar,7289
1/5/2021,18,19,Wind,1973
9/25/2021,0,1,Wind,1010
6/27/2023,8,9,Solar,3093
9/12/2021,6,7,Wind,797
9/13/2024,7,8,Wind,4812
7/14/2023,3,4,Wind,547
12/22/2024,3,4,Wind,18787
12/22/2024,23,0,Wind,16227
10/18/2020,11,12,Solar,3259
5/4/2021,8,9,Wind,13750
7/24/2021,4,5,Wind,4791
3/18/2021,14,15,Wind,5839
7/8/2025,8,9,Wind,6696
4/30/2025,11,12,Solar,9156
7/27/2021,21,22,Wind,3168
6/11/2020,17,18,Wind,5028
7/18/2024,12,13,Solar,8281
1/1/2025,21,22,Wind,14963
5/16/2023,4,5,Wind,7536
11/16/2025,23,0,Wind,5090
5/2/2023,3,4,Wind,3235
10/29/2022,14,15,Wind,8339
5/12/2021,9,10,Solar,2820
12/8/2023,9,10,Wind,4446
1/2/2022,0,1,Wind,5445
1/6/2025,16,17,Wind,17822
5/22/2022,0,1,Wind,2793
6/15/2022,1,2,Wind,4126
4/6/2023,14,15,Wind,11427
9/15/2024,0,1,Wind,3840
4/8/2023,5,6,Wind,3512
3/26/2021,0,1,Wind,2924
1/4/2020,4,5,Wind,3266
8/25/2025,7,8,Wind,2945
5/18/2020,10,11,Solar,4062
11/18/2024,1,2,Wind,8644
3/15/2025,3,4,Wind,10081
7/10/2023,6,7,Wind,749
9/7/2024,22,23,Wind,3605
7/2/2022,15,16,Solar,6897
3/14/2020,19,20,Wind,3134
4/23/2020,19,20,Solar,824
1/29/2025,8,9,Wind,13112
1/26/2024,7,8,Wind,12588
8/12/2025,23,0,Wind,1049
3/20/2020,14,15,Wind,7648
12/11/2022,8,9,Wind,2254
10/13/2021,11,12,Solar,4854
11/5/2024,5,6,Wind,1674
9/18/2024,17,18,Wind,14521
1/10/2020,20,21,Wind,1558
6/16/2023,2,3,Wind,2330
6/15/2023,15,16,Solar,7754
8/8/2022,3,4,Wind,6072
7/30/2022,5,6,Wind,902
10/8/2020,19,20,Wind,7127
9/30/2020,9,10,Wind,2517
11/9/2022,0,1,Wind,9942
5/23/2020,9,10,Wind,4797
4/19/2023,1,2,Wind,7997
9/21/2020,18,19,Wind,888
4/20/2023,17,18,Wind,7921
7/7/2021,18,19,Wind,3466
1/8/2023,16,17,Wind,11145
3/3/2025,17,18,Wind,2963
6/29/2024,1,2,Wind,4092
3/10/2021,5,6,Wind,2969
12/2/2020,11,12,Wind,3015
12/16/2022,1,2,Wind,6354
1/15/2021,19,20,Wind,2717
12/2/2022,11,12,Wind,2745
12/16/2024,19,20,Wind,3164
10/14/2020,0,1,Wind,2018
8/29/2021,16,17,Wind,7543
11/22/2024,13,14,Wind,16386
3/23/2023,8,9,Wind,12237
5/13/2023,23,0,Wind,5812
2/25/2022,18,19,Wind,3550
10/17/2020,20,21,Wind,625
2/4/2024,14,15,Wind,10856
5/14/2025,13,14,Solar,4558
10/4/2022,12,13,Solar,5982
10/18/2020,14,15,Solar,3881
5/31/2020,0,1,Wind,5688
4/19/2021,15,16,Solar,4504
8/11/2021,0,1,Wind,647
2/17/2023,0,1,Wind,7540
10/6/2023,9,10,Solar,3802
4/6/2021,20,21,Wind,5819
5/2/2023,8,9,Solar,3648
9/8/2025,3,4,Wind,2384
4/4/2020,8,9,Wind,2989
3/13/2023,14,15,Wind,18710
6/8/2020,21,22,Wind,3865
4/16/2025,1,2,Wind,5633
3/19/2025,15,16,Wind,11296
12/29/2022,12,13,Wind,13942
3/16/2024,11,12,Solar,7993
1/29/2023,10,11,Solar,2890
6/30/2021,6,7,Wind,2095
8/6/2024,7,8,Wind,1463
3/8/2020,7,8,Wind,9809
8/31/2024,12,13,Solar,8353
4/20/2023,8,9,Wind,7599
10/29/2020,17,18,Wind,6611
1/21/2025,22,23,Wind,6958
2/17/2023,20,21,Wind,7175
10/21/2024,6,7,Wind,3853
8/24/2020,4,5,Wind,1813
5/25/2024,15,16,Solar,7169
9/22/2020,20,21,Wind,1549
2/5/2023,14,15,Wind,13787
2/17/2024,5,6,Wind,2438
1/20/2025,10,11,Wind,2887
6/12/2021,19,20,Wind,2973
9/9/2025,0,1,Wind,2454
3/25/2025,23,0,Wind,3267
4/17/2021,18,19,Wind,7013
8/22/2023,21,22,Wind,2173
5/18/2023,22,23,Wind,6054
4/11/2024,21,22,Wind,1174
10/9/2023,1,2,Wind,1159
1/10/2020,6,7,Wind,7579
10/18/2022,11,12,Solar,5088
1/4/2022,14,15,Wind,5941
4/22/2021,12,13,Solar,8368
8/4/2021,16,17,Solar,3531
6/16/2024,0,1,Wind,8152
2/25/2020,13,14,Wind,12118
6/14/2024,5,6,Wind,7031
7/21/2020,14,15,Solar,5891
3/13/2025,17,18,Wind,3662
3/11/2021,11,12,Wind,15750
10/10/2022,13,14,Solar,5312
10/20/2022,5,6,Wind,5478
8/5/2024,12,13,Solar,8358
7/12/2021,0,1,Wind,2435
1/12/2024,14,15,Wind,6694
3/18/2023,6,7,Wind,7054
5/13/2020,14,15,Wind,7957
9/30/2023,16,17,Solar,5200
2/5/2025,17,18,Wind,2583
9/19/2023,14,15,Wind,10341
2/2/2024,0,1,Wind,2260
11/17/2021,5,6,Wind,1957
10/1/2023,13,14,Solar,4581
6/24/2021,18,19,Solar,3658
7/27/2022,11,12,Solar,6815
4/12/2024,21,22,Wind,939
8/22/2020,12,13,Wind,11094
11/12/2022,5,6,Wind,3769
7/21/2022,20,21,Wind,1574
9/8/2023,21,22,Wind,1554
5/31/2024,10,11,Wind,10050
1/19/2020,4,5,Wind,4998
6/25/2021,7,8,Wind,1787
2/7/2020,3,4,Wind,5494
3/15/2021,18,19,Wind,7372
5/13/2025,15,16,Solar,3863
4/27/2022,9,10,Wind,5614
6/18/2021,11,12,Wind,6927
3/15/2024,18,19,Wind,11274
12/29/2024,19,20,Wind,541
12/24/2023,20,21,Wind,10213
6/28/2022,18,19,Solar,4992
9/5/2023,8,9,Wind,6596
9/1/2022,9,10,Solar,3556
8/16/2022,22,23,Wind,1494
4/23/2024,6,7,Wind,4518
3/19/2022,9,10,Wind,10970
4/22/2024,3,4,Wind,7378
9/30/2025,18,19,Wind,3305
10/4/2022,0,1,Wind,1565
8/28/2024,8,9,Wind,4269
3/11/2025,1,2,Wind,1454
7/19/2023,11,12,Solar,8862
1/28/2023,8,9,Wind,5921
6/14/2022,2,3,Wind,4735
8/16/2020,3,4,Wind,1256
4/18/2023,5,6,Wind,6470
8/30/2020,2,3,Wind,2802
6/3/2025,21,22,Wind,4656
6/13/2024,19,20,Wind,5847
8/26/2022,23,0,Wind,3321
5/5/2020,23,0,Wind,2773
4/27/2020,13,14,Solar,3089
4/28/2020,6,7,Wind,3698
9/13/2022,18,19,Wind,3807
11/20/2025,15,16,Wind,5905
3/14/2025,8,9,Wind,3380
10/13/2021,16,17,Solar,4842
8/7/2024,4,5,Wind,1433
12/24/2021,23,0,Wind,3052
6/21/2020,5,6,Wind,2554
7/31/2023,23,0,Wind,10874
2/7/2020,14,15,Wind,5386
2/3/2025,11,12,Solar,5983
6/24/2020,18,19,Wind,4258
2/2/2023,20,21,Wind,6733
1/23/2023,16,17,Wind,8749
12/14/2023,17,18,Wind,3583
9/21/2025,5,6,Wind,4374
3/15/2021,11,12,Wind,10812
11/22/2020,20,21,Wind,925
2/22/2020,19,20,Wind,8470
6/17/2025,23,0,Wind,3347
8/5/2022,5,6,Wind,2607
10/14/2020,17,18,Wind,6263
2/26/2025,12,13,Wind,15050
6/21/2025,0,1,Wind,4743
6/5/2020,13,14,Wind,14060
10/27/2020,18,19,Wind,11411
6/4/2020,17,18,Wind,5749
9/4/2024,3,4,Wind,798
1/19/2021,10,11,Wind,12386
10/23/2025,4,5,Wind,11928
3/30/2025,9,10,Wind,6357
4/6/2020,15,16,Wind,5353
3/31/2023,14,15,Wind,21589
3/31/2020,5,6,Wind,6377
5/23/2020,3,4,Wind,1673
2/11/2022,6,7,Wind,3510
1/23/2025,21,22,Wind,16773
11/9/2021,11,12,Solar,4387
10/26/2025,0,1,Wind,10464
12/9/2024,0,1,Wind,14088
6/10/2024,1,2,Wind,5131
4/10/2020,9,10,Solar,3344
10/31/2021,1,2,Wind,4378
11/20/2020,12,13,Solar,4045
9/25/2025,11,12,Solar,6701
12/12/2021,13,14,Wind,5288
1/13/2022,19,20,Wind,3069
1/12/2025,23,0,Wind,4835
12/6/2023,22,23,Wind,2647
1/16/2021,2,3,Wind,1799
1/3/2020,6,7,Wind,8817
9/1/2025,21,22,Wind,5057
10/18/2021,11,12,Solar,5076
5/7/2022,23,0,Wind,4532
6/16/2022,14,15,Solar,6428
10/23/2022,23,0,Wind,13466
7/8/2024,17,18,Solar,7115
3/23/2022,7,8,Wind,3526
9/23/2024,14,15,Solar,9458
12/26/2020,21,22,Wind,11446
5/12/2023,7,8,Wind,3360
9/6/2021,0,1,Wind,1817
1/19/2024,10,11,Solar,3115
4/13/2020,15,16,Wind,11013
2/10/2021,23,0,Wind,3960
2/4/2020,19,20,Wind,8718
12/11/2020,15,16,Wind,6300
12/22/2022,8,9,Wind,12425
1/4/2020,20,21,Wind,2808
8/2/2024,2,3,Wind,1432
5/29/2020,20,21,Wind,4294
5/4/2021,19,20,Wind,10640
4/14/2021,0,1,Wind,4370
3/15/2022,8,9,Wind,4813
11/7/2023,0,1,Wind,7909
2/28/2020,5,6,Wind,2660
7/15/2023,16,17,Wind,10085
8/12/2025,9,10,Solar,6220
6/16/2022,5,6,Wind,1497
2/3/2025,17,18,Wind,1611
11/16/2023,4,5,Wind,3875
3/6/2025,3,4,Wind,7274
3/26/2021,23,0,Wind,9140
11/21/2025,11,12,Wind,8584
3/27/2020,10,11,Solar,4295
10/13/2023,7,8,Wind,12357
10/14/2022,23,0,Wind,6926
11/13/2022,11,12,Solar,4217
5/14/2020,10,11,Wind,10073
6/19/2024,11,12,Wind,9445
1/5/2022,11,12,Wind,7302
7/28/2021,8,9,Wind,3851
7/15/2023,17,18,Wind,14187
10/26/2024,10,11,Wind,2823
3/6/2023,13,14,Solar,6220
12/4/2020,19,20,Wind,4944
8/25/2020,10,11,Wind,8081
9/2/2024,22,23,Wind,641
8/10/2023,4,5,Wind,2594
8/7/2025,5,6,Wind,1015
4/1/2021,23,0,Wind,7740
2/20/2024,16,17,Wind,6371
2/22/2024,21,22,Wind,16997
2/14/2023,10,11,Solar,5994
6/20/2020,19,20,Wind,2174
5/25/2025,20,21,Wind,9778
2/11/2024,15,16,Wind,15331
9/9/2024,6,7,Wind,8239
8/8/2020,19,20,Solar,1256
4/9/2025,2,3,Wind,4689
4/6/2021,21,22,Wind,4806
2/14/2025,2,3,Wind,4219
9/12/2021,11,12,Solar,4404
4/10/2021,10,11,Wind,5953
8/1/2025,11,12,Solar,9032
4/19/2023,16,17,Solar,10069
1/21/2024,8,9,Wind,12404
4/6/2024,9,10,Wind,16321
4/29/2021,2,3,Wind,2471
12/2/2020,7,8,Wind,3088
11/28/2021,0,1,Wind,8670
3/11/2023,18,19,Wind,3908
6/4/2024,13,14,Solar,8950
4/17/2022,0,1,Wind,7886
5/6/2025,0,1,Wind,10727
9/12/2024,3,4,Wind,4188
12/26/2020,23,0,Wind,12204
5/6/2022,15,16,Solar,6472
11/24/2023,19,20,Wind,10477
1/17/2025,17,18,Wind,861
7/28/2022,8,9,Solar,2500
10/15/2023,8,9,Wind,3908
3/17/2021,12,13,Wind,11247
10/3/2025,10,11,Wind,7978
6/4/2020,2,3,Wind,2830
7/29/2025,3,4,Wind,2839
3/28/2024,20,21,Wind,15521
4/4/2022,14,15,Wind,15076
10/15/2020,10,11,Wind,5196
5/30/2020,15,16,Solar,6710
4/1/2020,8,9,Wind,4222
10/18/2023,22,23,Wind,12351
6/7/2020,3,4,Wind,2766
10/10/2025,7,8,Wind,2536
12/18/2024,3,4,Wind,13116
3/7/2023,8,9,Wind,7061
5/20/2021,22,23,Wind,9069
4/8/2022,11,12,Wind,9083
4/6/2021,0,1,Wind,4549
12/6/2020,21,22,Wind,1662
6/10/2023,20,21,Wind,1747
5/23/2023,3,4,Wind,4394
4/13/2024,11,12,Solar,4281
10/1/2023,16,17,Solar,5635
11/29/2021,14,15,Wind,4402
5/22/2022,14,15,Solar,5753
1/9/2023,3,4,Wind,15487
7/18/2025,19,20,Solar,3617
10/10/2022,16,17,Wind,4363
4/22/2022,10,11,Solar,5407
4/26/2025,7,8,Wind,4323
11/18/2021,15,16,Solar,2705
4/23/2022,12,13,Wind,7590
5/21/2022,16,17,Solar,5160
10/3/2025,2,3,Wind,5560
8/28/2023,13,14,Solar,7961
1/28/2020,16,17,Wind,11897
5/23/2020,8,9,Wind,4079
7/29/2020,14,15,Solar,3995
8/4/2024,12,13,Solar,7542
9/29/2021,18,19,Wind,6196
8/29/2024,9,10,Solar,4187
7/22/2022,20,21,Wind,2407
5/10/2021,19,20,Wind,3236
5/21/2024,0,1,Wind,2868
9/6/2024,11,12,Solar,5349
3/16/2023,8,9,Wind,9438
7/13/2023,10,11,Solar,6890
11/15/2024,8,9,Wind,2684
7/12/2020,0,1,Wind,4962
4/6/2021,2,3,Wind,5120
9/24/2025,12,13,Wind,10716
11/18/2022,21,22,Wind,3230
4/16/2020,22,23,Wind,1773
4/5/2022,23,0,Wind,6029
8/22/2025,21,22,Wind,2688
2/25/2022,14,15,Wind,9622
5/19/2023,19,20,Wind,6972
9/4/2022,4,5,Wind,2059
1/14/2025,16,17,Solar,2442
3/10/2020,21,22,Wind,11187
12/13/2021,21,22,Wind,1571
2/8/2021,19,20,Wind,2059
9/16/2020,18,19,Wind,4646
9/7/2020,10,11,Solar,3920
10/12/2024,20,21,Wind,7029
9/30/2023,21,22,Wind,906
11/8/2022,7,8,Wind,13656
10/16/2024,15,16,Wind,12056
3/21/2022,17,18,Wind,4620
9/17/2025,10,11,Solar,8661
9/22/2020,8,9,Wind,585
12/5/2023,22,23,Wind,4751
2/23/2023,3,4,Wind,1074
9/18/2020,4,5,Wind,6154
8/12/2023,6,7,Wind,1480
8/28/2024,18,19,Wind,5763
6/1/2022,14,15,Solar,6895
9/28/2024,21,22,Wind,914
2/11/2020,1,2,Wind,12649
7/29/2021,7,8,Wind,3667
12/13/2023,18,19,Wind,7837
5/24/2023,20,21,Wind,7497
2/18/2021,17,18,Wind,9311
3/5/2025,9,10,Solar,7212
2/27/2025,18,19,Wind,4003
7/28/2023,9,10,Wind,5928
6/18/2022,16,17,Solar,7668
3/26/2022,23,0,Wind,8557
8/12/2023,0,1,Wind,1275
11/9/2023,22,23,Wind,12712
3/24/2024,14,15,Wind,16599
12/8/2021,14,15,Wind,5921
12/14/2024,3,4,Wind,1442
9/19/2022,10,11,Solar,5655
8/28/2022,2,3,Wind,3812
6/28/2024,5,6,Wind,3186
12/22/2022,7,8,Wind,12902
6/16/2022,18,19,Solar,3081
9/29/2022,14,15,Solar,4330
10/19/2023,1,2,Wind,10798
12/31/2023,11,12,Wind,18515
9/14/2025,11,12,Wind,9392
10/30/2021,11,12,Wind,9349
1/1/2021,19,20,Wind,1425
5/2/2022,8,9,Wind,2702
10/28/2023,17,18,Wind,14258
8/3/2021,17,18,Wind,3270
7/10/2022,3,4,Wind,4839
4/28/2025,9,10,Solar,5404
1/5/2025,6,7,Wind,15783
1/31/2020,18,19,Wind,7282
8/9/2023,14,15,Solar,7734
12/12/2022,14,15,Wind,3435
6/9/2025,4,5,Wind,1873
4/16/2020,23,0,Wind,2013
12/7/2021,13,14,Wind,12158
3/8/2025,16,17,Wind,13555
6/8/2023,17,18,Solar,6122
5/22/2021,4,5,Wind,9312
6/29/2025,3,4,Wind,3072
11/29/2022,22,23,Wind,1071
7/23/2025,8,9,Solar,2689
8/26/2024,15,16,Solar,9509
8/9/2024,16,17,Solar,11780
5/16/2022,15,16,Solar,6963
3/1/2021,7,8,Wind,4589
3/10/2025,23,0,Wind,1370
10/11/2022,5,6,Wind,2707
9/27/2024,8,9,Wind,15369
4/2/2022,17,18,Wind,10976
10/12/2024,23,0,Wind,8290
11/28/2023,15,16,Wind,2821
6/12/2025,6,7,Wind,6947
7/1/2020,2,3,Wind,3252
1/20/2022,13,14,Wind,6533
10/5/2022,14,15,Wind,15673
1/21/2022,3,4,Wind,5070
8/11/2023,10,11,Solar,5430
9/4/2023,8,9,Wind,7729
5/25/2025,7,8,Wind,9310
12/11/2020,4,5,Wind,7890
7/7/2023,2,3,Wind,3866
6/14/2023,7,8,Wind,3207
10/2/2020,18,19,Wind,3073
12/31/2020,9,10,Wind,4838
8/8/2025,16,17,Solar,8376
1/2/2022,13,14,Wind,12811
2/28/2023,3,4,Wind,8930
9/27/2021,10,11,Wind,8562
9/18/2023,15,16,Wind,14776
1/27/2025,0,1,Wind,18951
12/11/2021,2,3,Wind,8663
5/3/2021,0,1,Wind,781
1/15/2023,22,23,Wind,14417
7/20/2022,7,8,Wind,2309
5/1/2020,14,15,Wind,8815
9/28/2024,13,14,Solar,8736
11/9/2025,6,7,Wind,2347
1/18/2023,20,21,Wind,5086
4/16/2021,3,4,Wind,5432
7/10/2020,5,6,Wind,3206
3/7/2024,10,11,Solar,10254
12/27/2023,19,20,Wind,16623
2/28/2021,16,17,Wind,7579
3/22/2025,13,14,Wind,9746
5/26/2020,9,10,Solar,3767
6/13/2023,7,8,Wind,3243
4/7/2020,6,7,Wind,2169
9/9/2025,12,13,Solar,8511
12/1/2024,14,15,Wind,9481
11/21/2020,16,17,Wind,2632
3/9/2025,23,0,Wind,2161
2/1/2023,12,13,Wind,11188
3/16/2025,12,13,Wind,12574
8/16/2022,23,0,Wind,1489
7/24/2024,18,19,Solar,4907
10/8/2021,1,2,Wind,3528
9/1/2021,22,23,Wind,6966
4/6/2021,19,20,Wind,7552
6/24/2021,9,10,Solar,3148
9/3/2020,18,19,Wind,3529
6/4/2023,18,19,Wind,7588
2/6/2025,14,15,Wind,13367
4/2/2023,14,15,Wind,12201
1/3/2022,14,15,Wind,11791
9/20/2023,18,19,Wind,10294
7/30/2025,7,8,Wind,1698
11/3/2025,0,1,Wind,7546
4/6/2024,21,22,Wind,9351
7/10/2021,2,3,Wind,345
7/1/2023,0,1,Wind,7413
8/27/2023,12,13,Wind,8873
7/18/2022,7,8,Wind,3978
6/7/2021,11,12,Solar,4355
3/11/2020,20,21,Wind,10029
5/12/2024,16,17,Solar,3703
1/10/2020,9,10,Wind,6776
12/21/2021,11,12,Solar,3572
4/23/2022,5,6,Wind,6090
10/3/2020,7,8,Wind,3331
2/2/2020,4,5,Wind,7968
4/13/2020,18,19,Wind,11443
2/18/2022,2,3,Wind,8034
7/23/2021,0,1,Wind,4087
11/26/2021,20,21,Wind,10635
10/23/2023,21,22,Wind,4301
8/9/2023,2,3,Wind,3277
2/15/2024,23,0,Wind,10820
6/7/2025,7,8,Wind,7646
3/4/2024,15,16,Wind,7130
5/15/2025,11,12,Solar,6848
2/13/2022,20,21,Wind,15083
6/21/2025,11,12,Solar,9347
3/9/2022,9,10,Wind,6074
12/13/2023,12,13,Wind,7647
9/12/2021,8,9,Wind,1451
8/15/2022,8,9,Wind,3458
11/29/2025,3,4,Wind,6318
6/24/2022,10,11,Wind,5472
1/10/2020,23,0,Wind,1537
11/23/2021,3,4,Wind,8484
4/5/2020,12,13,Wind,8392
2/3/2021,18,19,Wind,10639
10/29/2020,7,8,Wind,7293
11/11/2020,19,20,Wind,5774
2/13/2022,6,7,Wind,9347
11/15/2023,18,19,Wind,4867
1/14/2021,12,13,Wind,10297
7/20/2021,18,19,Solar,4128
5/22/2021,8,9,Wind,11778
9/9/2023,18,19,Solar,2748
11/19/2023,17,18,Wind,12597
8/19/2024,22,23,Wind,2712
4/1/2025,18,19,Wind,19436
3/2/2025,23,0,Wind,4887
1/17/2022,7,8,Wind,1452
10/18/2021,9,10,Wind,3701
8/12/2021,13,14,Solar,4221
3/27/2022,23,0,Wind,2329
11/17/2025,7,8,Wind,8218
10/31/2025,11,12,Wind,13615
8/4/2021,18,19,Wind,2904
10/30/2022,21,22,Wind,2253
7/30/2024,8,9,Solar,2686
11/26/2023,5,6,Wind,2384
10/17/2023,0,1,Wind,8478
9/15/2025,4,5,Wind,9643
8/18/2024,17,18,Wind,8367
8/23/2025,1,2,Wind,2481
9/5/2020,17,18,Wind,4696
4/17/2023,3,4,Wind,3385
11/5/2022,3,4,Wind,2791
5/29/2022,20,21,Wind,4128
1/12/2021,12,13,Wind,12490
2/13/2021,8,9,Wind,7990
6/25/2024,0,1,Wind,5463
9/11/2021,13,14,Solar,5588
8/15/2022,19,20,Wind,3225
2/10/2023,8,9,Wind,1541
3/8/2020,3,4,Wind,8612
5/10/2025,23,0,Wind,8375
5/16/2022,4,5,Wind,4773
10/29/2020,1,2,Wind,10215
11/12/2022,1,2,Wind,4317
7/2/2024,19,20,Wind,5455
3/21/2022,0,1,Wind,3992
9/23/2024,18,19,Wind,6406
9/9/2021,7,8,Wind,1856
6/13/2021,6,7,Wind,2413
12/11/2020,14,15,Wind,6645
5/18/2022,10,11,Solar,4887
11/28/2021,16,17,Wind,7293
11/18/2023,13,14,Wind,15251
8/7/2022,13,14,Solar,10953
10/31/2025,10,11,Wind,13356
8/20/2022,3,4,Wind,2442
7/28/2025,23,0,Wind,2989
11/25/2020,8,9,Wind,6232
3/2/2020,16,17,Wind,9004
6/19/2025,17,18,Solar,9997
6/16/2020,10,11,Solar,2847
5/5/2022,18,19,Wind,4773
1/24/2022,5,6,Wind,3152
4/10/2022,4,5,Wind,1159
6/25/2022,9,10,Solar,3517
1/4/2024,3,4,Wind,14378
11/4/2022,18,19,Wind,6204
9/11/2022,9,10,Solar,3065
2/3/2025,15,16,Solar,5030
12/23/2020,4,5,Wind,6510
11/16/2025,9,10,Wind,3904
1/27/2024,7,8,Wind,3182
7/25/2022,20,21,Wind,8397
6/20/2020,23,0,Wind,1426
1/16/2024,14,15,Solar,2836
3/18/2020,5,6,Wind,912
3/10/2020,6,7,Wind,11868
6/10/2020,3,4,Wind,1641
2/2/2020,22,23,Wind,7810
12/16/2022,20,21,Wind,3067
4/29/2024,2,3,Wind,1955
3/31/2020,3,4,Wind,6413
2/14/2024,5,6,Wind,8443
5/30/2024,13,14,Wind,11121
10/29/2022,2,3,Wind,4725
10/1/2025,8,9,Wind,2697
9/17/2022,22,23,Wind,3752
6/20/2022,19,20,Wind,5153
10/17/2020,0,1,Wind,1180
1/23/2025,7,8,Wind,5575
5/26/2022,22,23,Wind,4395
6/7/2020,7,8,Wind,1900
3/16/2025,20,21,Wind,5953
9/28/2020,14,15,Wind,6422
5/13/2025,14,15,Solar,3975
10/6/2024,15,16,Wind,10529
5/26/2021,16,17,Wind,9676
5/6/2023,20,21,Wind,1401
10/10/2020,18,19,Wind,4564
6/18/2022,12,13,Solar,7191
7/18/2023,0,1,Wind,1191
3/15/2021,21,22,Wind,5328
11/15/2024,18,19,Wind,1582
2/23/2020,6,7,Wind,10947
10/14/2024,21,22,Wind,731
1/19/2024,14,15,Solar,4288
12/3/2021,1,2,Wind,2552
2/20/2020,6,7,Wind,6755
9/24/2020,12,13,Wind,9152
1/8/2022,16,17,Wind,15253
7/19/2021,5,6,Wind,4541
6/1/2021,15,16,Solar,6304
4/10/2021,5,6,Wind,3562
1/12/2021,9,10,Wind,13078
6/17/2023,4,5,Wind,893
3/14/2024,12,13,Solar,9953
7/30/2020,18,19,Solar,2588
12/7/2023,19,20,Wind,11616
12/5/2020,14,15,Wind,6382
6/16/2022,12,13,Solar,6807
9/6/2020,19,20,Wind,2002
1/17/2025,1,2,Wind,2337
7/27/2024,4,5,Wind,484
4/23/2025,7,8,Wind,9282
7/2/2021,21,22,Wind,761
5/30/2022,0,1,Wind,4567
9/19/2020,10,11,Wind,3546
4/12/2022,5,6,Wind,7992
3/10/2025,18,19,Wind,749
10/10/2020,14,15,Wind,7237
11/13/2024,5,6,Wind,6598
2/27/2020,22,23,Wind,6021
1/21/2025,21,22,Wind,7036
3/8/2025,15,16,Wind,14806
10/15/2023,21,22,Wind,5164
8/8/2021,7,8,Wind,4708
4/3/2020,9,10,Solar,2778
4/11/2021,10,11,Wind,7157
7/5/2020,13,14,Wind,11252
10/27/2025,22,23,Wind,8513
12/1/2023,22,23,Wind,4845
11/9/2021,13,14,Solar,4642
1/25/2020,18,19,Wind,1541
7/1/2022,17,18,Solar,5623
4/1/2023,12,13,Wind,17592
2/17/2024,8,9,Wind,2567
3/18/2021,0,1,Wind,4446
11/26/2020,0,1,Wind,3078
3/16/2025,2,3,Wind,9153
12/29/2020,10,11,Wind,4715
2/14/2022,15,16,Wind,8457
10/10/2021,10,11,Solar,3224
12/28/2022,22,23,Wind,16048
2/1/2025,17,18,Wind,2067
5/15/2024,23,0,Wind,1891
4/25/2021,12,13,Wind,10647
9/11/2021,9,10,Solar,2694
6/8/2021,13,14,Solar,4944
5/10/2024,13,14,Solar,11358
3/17/2023,3,4,Wind,6971
4/30/2020,12,13,Wind,10827
7/2/2022,7,8,Wind,1821
7/19/2022,12,13,Solar,10151
5/16/2022,10,11,Solar,7588
1/31/2023,21,22,Wind,6119
4/5/2021,18,19,Wind,9721
6/15/2021,14,15,Solar,4881
10/13/2022,19,20,Wind,3752
8/9/2024,17,18,Wind,11115
12/14/2020,23,0,Wind,6175
7/17/2020,8,9,Wind,2074
5/17/2022,14,15,Solar,7524
3/16/2024,5,6,Wind,6169
9/1/2023,11,12,Solar,10057
5/6/2021,9,10,Wind,4709
4/3/2020,15,16,Solar,4672
3/22/2025,2,3,Wind,9814
5/19/2024,8,9,Solar,2111
4/5/2024,22,23,Wind,8341
6/17/2024,18,19,Solar,4536
1/13/2020,23,0,Wind,12067
4/9/2023,4,5,Wind,3277
7/13/2025,11,12,Solar,8642
10/21/2020,1,2,Wind,8525
9/2/2021,21,22,Wind,5182
8/9/2024,14,15,Solar,7776
11/4/2023,21,22,Wind,15364
12/10/2020,23,0,Wind,7155
3/26/2021,4,5,Wind,3310
5/5/2023,8,9,Wind,3564
7/29/2022,22,23,Wind,2221
11/7/2022,9,10,Wind,13020
2/24/2024,5,6,Wind,7647
8/11/2022,18,19,Wind,5645
7/6/2023,2,3,Wind,1216
2/10/2021,0,1,Wind,8028
12/16/2023,0,1,Wind,2079
12/25/2024,7,8,Wind,1456
9/14/2024,18,19,Wind,5204
4/10/2025,15,16,Solar,7062
11/4/2021,10,11,Wind,4756
1/22/2023,18,19,Wind,3778
3/2/2025,4,5,Wind,9188
1/25/2023,14,15,Solar,2569
9/10/2020,20,21,Wind,1520
7/27/2025,10,11,Solar,6833
1/10/2025,22,23,Wind,2750
11/24/2023,0,1,Wind,8408
4/6/2020,22,23,Wind,966
7/22/2024,9,10,Solar,6427
3/12/2021,10,11,Wind,13843
10/7/2020,11,12,Wind,7758
1/6/2022,22,23,Wind,8061
10/8/2024,21,22,Wind,13480
3/21/2022,1,2,Wind,3843
11/11/2022,20,21,Wind,4636
9/6/2022,9,10,Solar,3950
8/17/2024,17,18,Solar,4697
9/18/2022,4,5,Wind,2468
11/7/2024,23,0,Wind,3132
3/18/2020,9,10,Solar,2451
3/22/2021,17,18,Wind,4096
10/11/2020,9,10,Wind,3648
7/12/2022,8,9,Solar,2983
11/20/2021,19,20,Wind,236
10/21/2024,17,18,Wind,5157
7/20/2025,10,11,Wind,8828
8/26/2021,1,2,Wind,3657
8/19/2023,14,15,Solar,8401
4/6/2020,19,20,Wind,1385
12/16/2021,10,11,Wind,4476
2/16/2023,17,18,Wind,7058
8/24/2022,1,2,Wind,761
12/24/2022,12,13,Wind,6293
11/17/2020,3,4,Wind,4521
5/7/2025,11,12,Solar,11797
5/7/2020,5,6,Wind,2084
11/14/2023,7,8,Wind,11741
11/5/2022,14,15,Wind,7136
2/22/2023,7,8,Wind,3325
7/26/2020,8,9,Wind,3846
4/1/2025,4,5,Wind,10679
9/2/2020,12,13,Solar,4398
5/6/2021,16,17,Wind,8681
12/29/2023,14,15,Wind,15215
4/15/2024,18,19,Wind,17967
2/18/2023,20,21,Wind,7421
11/13/2020,11,12,Wind,7388
1/19/2021,20,21,Wind,11476
8/11/2023,9,10,Solar,4059
9/13/2020,16,17,Solar,3213
11/27/2024,17,18,Wind,12902
10/23/2020,13,14,Wind,4235
6/15/2023,4,5,Wind,2308
8/27/2025,21,22,Wind,1556
6/24/2025,3,4,Wind,2498
12/25/2021,23,0,Wind,1551
11/30/2024,14,15,Solar,4004
2/20/2025,18,19,Wind,8106
7/18/2024,18,19,Solar,4225
8/25/2024,6,7,Wind,3859
7/9/2023,17,18,Solar,5804
1/20/2023,0,1,Wind,1856
4/21/2022,8,9,Wind,3414
7/10/2025,2,3,Wind,2497
8/1/2020,4,5,Wind,1790
7/25/2025,16,17,Solar,9149
10/15/2025,14,15,Solar,10830
1/27/2023,16,17,Wind,8128
4/6/2021,16,17,Wind,11811
12/18/2021,19,20,Wind,6176
12/30/2024,7,8,Wind,737
4/11/2025,5,6,Wind,3498
10/27/2024,21,22,Wind,354
9/7/2020,5,6,Wind,1634
3/18/2025,9,10,Wind,15078
1/30/2024,23,0,Wind,872
9/2/2025,6,7,Wind,6994
5/25/2021,16,17,Wind,14361
6/9/2021,12,13,Solar,5010
9/2/2022,15,16,Solar,4587
3/11/2022,15,16,Wind,13916
11/11/2021,6,7,Wind,959
5/19/2020,2,3,Wind,4172
8/16/2021,3,4,Wind,3477
9/5/2022,17,18,Wind,6757
6/27/2022,14,15,Solar,7149
12/27/2022,16,17,Wind,5819
9/9/2023,7,8,Wind,2366
12/9/2021,2,3,Wind,5973
6/20/2020,7,8,Wind,878
4/6/2020,4,5,Wind,7748
10/18/2024,2,3,Wind,5599
8/11/2022,7,8,Wind,4509
3/23/2025,7,8,Wind,5083
9/1/2020,23,0,Wind,2409
3/8/2023,23,0,Wind,15283
2/6/2021,1,2,Wind,2397
3/22/2021,21,22,Wind,2801
10/19/2020,7,8,Wind,2726
7/9/2020,14,15,Solar,7338
4/1/2024,11,12,Wind,13534
4/19/2024,22,23,Wind,8252
12/7/2023,20,21,Wind,11086
4/29/2025,11,12,Solar,10040
1/15/2021,7,8,Wind,6251
9/22/2025,1,2,Wind,7693
8/17/2023,2,3,Wind,2308
6/11/2025,3,4,Wind,2243
7/12/2023,1,2,Wind,3524
1/28/2025,18,19,Wind,18923
8/14/2020,7,8,Wind,2012
5/18/2025,4,5,Wind,2653
8/15/2025,19,20,Wind,5806
2/19/2025,15,16,Solar,6522
11/22/2023,11,12,Wind,7927
1/19/2025,7,8,Wind,769
12/8/2024,10,11,Wind,17862
2/7/2022,7,8,Wind,5299
3/31/2020,20,21,Wind,7584
2/20/2023,12,13,Solar,7440
5/9/2024,12,13,Solar,5656
8/22/2020,22,23,Wind,3876
4/5/2023,9,10,Solar,4064
8/14/2020,10,11,Solar,3767
8/12/2023,19,20,Wind,4643
9/20/2020,0,1,Wind,1794
12/9/2023,19,20,Wind,17844
8/7/2022,23,0,Wind,7226
10/5/2020,17,18,Wind,10309
10/18/2022,18,19,Wind,2808
6/13/2020,12,13,Wind,5469
10/3/2024,20,21,Wind,5982
6/5/2025,16,17,Wind,9695
11/16/2021,1,2,Wind,869
2/16/2025,4,5,Wind,3812
5/1/2025,1,2,Wind,6010
3/25/2025,22,23,Wind,3477
10/13/2023,18,19,Wind,14936
11/2/2024,1,2,Wind,1474
8/5/2025,19,20,Wind,8978
1/3/2025,19,20,Wind,3424
10/18/2025,7,8,Wind,5680
11/21/2025,10,11,Wind,7895
3/14/2021,11,12,Wind,13005
1/18/2021,11,12,Wind,5336
4/27/2022,17,18,Wind,8140
2/7/2020,13,14,Wind,5641
8/30/2021,5,6,Wind,2958
6/13/2023,4,5,Wind,2835
7/21/2022,18,19,Solar,3527
11/6/2025,9,10,Wind,6706
10/7/2025,8,9,Wind,2045
7/14/2023,21,22,Wind,7604
8/2/2021,16,17,Solar,5176
5/3/2022,7,8,Wind,3380
1/14/2021,0,1,Wind,8733
10/6/2025,4,5,Wind,3869
4/4/2024,7,8,Wind,15683
2/17/2022,0,1,Wind,15660
1/14/2021,18,19,Wind,10513
1/23/2024,17,18,Wind,16343
11/8/2023,23,0,Wind,13683
10/30/2025,19,20,Wind,6800
6/9/2021,6,7,Wind,828
3/2/2024,23,0,Wind,3355
10/14/2020,7,8,Wind,2812
8/22/2024,9,10,Solar,7785
11/4/2025,17,18,Wind,12970
8/28/2023,17,18,Wind,7680
2/21/2023,22,23,Wind,2757
5/4/2025,21,22,Wind,11154
9/19/2023,18,19,Wind,8549
3/14/2020,5,6,Wind,2707
1/27/2024,5,6,Wind,2417
2/19/2024,1,2,Wind,5181
1/10/2021,19,20,Wind,4067
12/14/2024,14,15,Wind,4718
1/18/2024,10,11,Wind,7575
6/16/2022,7,8,Wind,2343
1/23/2024,22,23,Wind,16853
8/6/2023,14,15,Wind,17628
3/10/2025,17,18,Solar,1879
9/1/2024,6,7,Wind,3394
2/26/2022,23,0,Wind,9911
10/28/2025,20,21,Wind,6432
7/9/2020,4,5,Wind,1360
12/24/2022,10,11,Wind,6036
1/2/2024,17,18,Wind,17429
4/16/2022,15,16,Solar,11298
2/15/2023,4,5,Wind,4483
2/17/2024,13,14,Solar,7320
2/7/2024,3,4,Wind,16373
5/10/2020,6,7,Wind,2043
2/4/2025,23,0,Wind,3060
4/18/2024,19,20,Wind,3812
6/13/2020,14,15,Wind,5712
7/15/2022,23,0,Wind,3960
2/8/2022,17,18,Wind,2555
10/28/2020,0,1,Wind,8025
7/3/2021,12,13,Solar,4146
7/15/2021,13,14,Wind,9480
6/3/2022,9,10,Solar,3007
4/19/2023,20,21,Wind,5832
4/20/2025,14,15,Wind,4724
8/13/2025,16,17,Solar,6254
11/4/2024,8,9,Wind,3123
7/27/2022,17,18,Solar,5742
6/2/2023,1,2,Wind,7448
9/24/2025,21,22,Wind,4188
4/7/2025,5,6,Wind,5623
4/30/2020,6,7,Wind,7964
2/20/2020,17,18,Wind,11692
4/13/2025,0,1,Wind,8982
3/9/2022,8,9,Wind,4907
10/16/2024,23,0,Wind,9305
2/17/2021,23,0,Wind,8384
2/12/2025,4,5,Wind,2424
6/17/2024,14,15,Solar,8345
3/16/2022,6,7,Wind,4232
9/21/2020,5,6,Wind,748
2/2/2023,0,1,Wind,7717
9/1/2021,0,1,Wind,6336
7/3/2022,9,10,Solar,4056
11/24/2024,16,17,Wind,19997
2/27/2020,7,8,Wind,10405
10/14/2023,3,4,Wind,11104
8/8/2022,13,14,Solar,10618
1/15/2025,10,11,Solar,5527
6/8/2025,18,19,Wind,9165
6/1/2021,16,17,Wind,5624
8/7/2024,13,14,Solar,8258
4/13/2020,1,2,Wind,2806
5/17/2022,18,19,Solar,4803
10/17/2025,15,16,Solar,10238
9/13/2024,5,6,Wind,5468
10/7/2022,15,16,Solar,5162
6/30/2020,5,6,Wind,3408
3/2/2021,1,2,Wind,4406
6/14/2020,5,6,Wind,3033
11/25/2022,13,14,Wind,5906
12/12/2024,11,12,Solar,5532
9/14/2020,10,11,Solar,3928
1/5/2021,14,15,Wind,2553
11/10/2022,2,3,Wind,3569
6/23/2020,17,18,Solar,5022
12/14/2021,1,2,Wind,697
3/15/2021,1,2,Wind,10033
12/23/2020,21,22,Wind,12383
7/21/2024,23,0,Wind,5492
1/3/2023,20,21,Wind,12367
2/7/2023,17,18,Wind,4857
6/2/2024,2,3,Wind,6195
2/3/2023,6,7,Wind,6280
11/22/2025,18,19,Wind,10609
2/8/2023,9,10,Wind,6001
12/28/2023,22,23,Wind,13567
8/19/2022,23,0,Wind,2636
9/2/2020,17,18,Solar,3171
8/6/2023,9,10,Wind,14227
6/9/2020,19,20,Wind,3066
8/25/2021,10,11,Solar,6184
12/5/2022,5,6,Wind,745
6/11/2024,21,22,Wind,2556
11/2/2020,18,19,Wind,7368
7/28/2025,4,5,Wind,4142
6/12/2025,7,8,Wind,7051
1/20/2024,13,14,Solar,6955
12/2/2020,0,1,Wind,6005
1/12/2023,13,14,Wind,18143
12/7/2023,2,3,Wind,3871
10/24/2020,4,5,Wind,6496
5/26/2021,14,15,Wind,10741
4/16/2020,9,10,Wind,4412
2/23/2022,0,1,Wind,4731
7/4/2021,1,2,Wind,945
7/11/2020,22,23,Wind,3841
9/6/2022,10,11,Solar,5098
4/8/2021,9,10,Solar,2512
11/7/2020,19,20,Wind,4651
9/6/2024,23,0,Wind,3317
5/9/2022,15,16,Solar,5817
10/12/2023,21,22,Wind,3414
12/21/2023,10,11,Wind,18315
4/15/2020,11,12,Wind,7334
7/3/2021,19,20,Wind,2491
5/13/2022,8,9,Solar,2490
4/13/2025,4,5,Wind,9216
7/30/2020,7,8,Wind,2458
4/3/2020,3,4,Wind,2210
12/22/2021,12,13,Solar,4599
1/4/2021,6,7,Wind,1576
11/16/2023,19,20,Wind,10803
3/14/2024,11,12,Solar,9275
3/25/2021,0,1,Wind,2018
5/25/2024,4,5,Wind,559
12/18/2023,19,20,Wind,3919
6/6/2022,2,3,Wind,2342
7/20/2024,22,23,Wind,3228
2/12/2024,14,15,Solar,4159
8/19/2023,12,13,Solar,7735
7/27/2025,15,16,Solar,11229
7/19/2021,22,23,Wind,4238
12/3/2021,10,11,Wind,10812
3/2/2021,12,13,Solar,4176
11/22/2024,12,13,Wind,16368
11/26/2025,3,4,Wind,6726
9/9/2024,1,2,Wind,9715
3/8/2020,2,3,Wind,8287
7/11/2023,8,9,Solar,3309
8/19/2022,22,23,Wind,2631
9/5/2020,11,12,Solar,4275
6/25/2025,17,18,Solar,6948
5/21/2025,23,0,Wind,5000
12/3/2024,14,15,Solar,2679
4/17/2022,7,8,Wind,5772
9/10/2020,18,19,Wind,1696
6/9/2024,11,12,Solar,3803
5/18/2024,12,13,Solar,3094
11/10/2022,22,23,Wind,4139
9/27/2022,5,6,Wind,6708
5/16/2024,22,23,Wind,847
10/13/2021,19,20,Wind,1863
10/19/2022,16,17,Wind,8533
1/15/2020,18,19,Wind,5712
3/15/2024,13,14,Wind,18195
10/6/2020,2,3,Wind,10584
7/27/2021,20,21,Wind,3440
2/19/2025,21,22,Wind,7729
10/29/2020,14,15,Wind,8306
4/13/2025,9,10,Wind,8594
1/22/2022,15,16,Solar,4368
10/3/2022,9,10,Solar,2282
10/19/2023,3,4,Wind,9890
9/2/2020,8,9,Wind,1441
2/1/2022,18,19,Wind,12318
7/26/2024,5,6,Wind,1499
2/27/2023,21,22,Wind,11222
2/9/2020,18,19,Wind,12401
7/16/2024,5,6,Wind,7839
6/6/2021,4,5,Wind,1717
5/5/2021,23,0,Wind,3697
2/17/2020,12,13,Wind,11711
6/20/2021,3,4,Wind,4138
12/20/2023,10,11,Wind,9444
8/30/2020,20,21,Wind,4156
7/26/2021,16,17,Solar,7000
9/9/2022,16,17,Wind,14314
7/28/2023,1,2,Wind,4052
11/27/2025,14,15,Wind,11395
3/10/2021,15,16,Wind,12784
8/16/2022,15,16,Solar,5725
5/25/2021,0,1,Wind,9649
2/9/2023,9,10,Solar,2688
3/19/2020,15,16,Solar,3544
10/15/2025,3,4,Wind,5298
8/25/2021,12,13,Wind,9861
11/8/2024,11,12,Solar,5752
6/3/2021,4,5,Wind,1688
2/16/2020,10,11,Wind,14158
3/29/2025,7,8,Wind,9375
11/24/2021,14,15,Wind,2394
11/2/2025,3,4,Wind,8264
10/5/2023,5,6,Wind,1071
9/9/2021,19,20,Wind,2632
12/11/2023,10,11,Wind,10839
8/19/2022,8,9,Wind,3436
8/28/2024,4,5,Wind,2065
4/27/2020,2,3,Wind,417
3/25/2022,7,8,Wind,4540
4/24/2024,7,8,Wind,4826
8/1/2021,9,10,Solar,3739
8/28/2021,1,2,Wind,4566
12/13/2024,20,21,Wind,686
12/7/2020,19,20,Wind,3185
5/26/2024,14,15,Wind,7115
6/16/2022,11,12,Solar,5985
3/17/2023,4,5,Wind,6670
3/26/2025,18,19,Wind,3645
1/17/2021,9,10,Wind,6245
3/18/2022,0,1,Wind,6619
11/22/2025,0,1,Wind,3067
8/6/2020,19,20,Solar,1132
3/10/2021,4,5,Wind,2462
11/28/2022,2,3,Wind,4487
6/23/2024,2,3,Wind,2516
3/29/2020,12,13,Wind,15545
8/5/2025,23,0,Wind,4981
12/16/2020,13,14,Wind,7740
12/31/2023,20,21,Wind,17068
8/12/2025,3,4,Wind,4431
9/13/2023,1,2,Wind,1285
2/8/2023,4,5,Wind,3397
5/23/2021,21,22,Wind,7273
7/31/2025,21,22,Wind,3693
3/19/2023,7,8,Wind,3112
2/7/2023,8,9,Wind,8064
8/8/2021,9,10,Wind,6573
9/12/2020,18,19,Solar,1746
12/17/2023,5,6,Wind,2111
5/9/2021,13,14,Wind,10937
3/24/2021,22,23,Wind,2221
5/28/2024,19,20,Wind,7603
1/6/2025,1,2,Wind,18790
11/16/2024,4,5,Wind,1285
10/21/2021,9,10,Wind,11993
5/9/2021,22,23,Wind,6320
5/8/2023,7,8,Wind,1709
5/5/2021,13,14,Wind,12083
1/12/2023,15,16,Wind,16900
8/8/2023,15,16,Solar,9831
12/9/2024,15,16,Wind,13808
4/25/2021,3,4,Wind,8232
3/29/2021,2,3,Wind,4546
2/18/2025,14,15,Solar,9825
4/15/2025,23,0,Wind,7561
3/26/2022,18,19,Wind,8372
9/10/2024,13,14,Wind,16867
1/6/2022,2,3,Wind,3292
11/5/2024,12,13,Solar,3849
4/17/2022,10,11,Solar,7118
8/16/2022,2,3,Wind,788
2/12/2021,16,17,Wind,9076
3/16/2023,14,15,Wind,12106
7/13/2021,18,19,Wind,7587
6/19/2022,9,10,Wind,8414
2/8/2022,7,8,Wind,4617
1/8/2024,7,8,Wind,12237
1/19/2023,21,22,Wind,1493
9/24/2025,6,7,Wind,6194
7/26/2023,9,10,Solar,4441
8/9/2022,10,11,Solar,7230
12/9/2023,13,14,Wind,18217
12/15/2023,1,2,Wind,2695
8/18/2025,15,16,Solar,8406
10/27/2025,1,2,Wind,17402
10/24/2020,14,15,Wind,13049
5/31/2024,7,8,Wind,6019
1/27/2023,8,9,Wind,8809
4/5/2023,14,15,Solar,8048
9/17/2022,5,6,Wind,5089
9/13/2022,16,17,Wind,5218
11/23/2022,1,2,Wind,8016
7/19/2023,6,7,Wind,3665
2/12/2020,0,1,Wind,9249
9/16/2023,17,18,Solar,4287
7/22/2025,9,10,Wind,11218
1/10/2024,5,6,Wind,2519
11/30/2021,22,23,Wind,12595
4/1/2021,14,15,Solar,6136
11/14/2023,20,21,Wind,14411
5/13/2024,10,11,Solar,8299
4/4/2020,5,6,Wind,1507
12/13/2023,23,0,Wind,8250
2/14/2020,18,19,Wind,3877
4/18/2023,9,10,Wind,7969
6/3/2024,6,7,Wind,2313
2/6/2021,14,15,Wind,3721
12/5/2023,8,9,Wind,11763
11/17/2021,1,2,Wind,1735
4/1/2025,21,22,Wind,16314
11/12/2020,23,0,Wind,3830
3/29/2023,20,21,Wind,10029
8/18/2025,1,2,Wind,6436
1/16/2023,18,19,Wind,10560
6/25/2023,12,13,Solar,7617
7/10/2020,14,15,Wind,6004
5/3/2020,18,19,Solar,2715
7/11/2023,2,3,Wind,1440
1/19/2025,23,0,Wind,1247
9/15/2025,13,14,Wind,11829
2/21/2020,4,5,Wind,4526
4/3/2020,4,5,Wind,2045
11/16/2020,9,10,Wind,8791
1/8/2024,0,1,Wind,11527
1/5/2023,17,18,Wind,5141
2/13/2022,3,4,Wind,7754
6/24/2022,17,18,Wind,10605
6/6/2022,14,15,Solar,8772
11/25/2025,20,21,Wind,10545
12/21/2024,10,11,Wind,11019
7/4/2025,14,15,Solar,10382
4/3/2025,22,23,Wind,6607
5/27/2020,7,8,Wind,3233
7/20/2025,19,20,Wind,9310
8/3/2025,2,3,Wind,1880
1/19/2021,5,6,Wind,10754
7/22/2021,19,20,Wind,3126
11/12/2022,11,12,Solar,5451
11/16/2023,3,4,Wind,3165
11/25/2020,17,18,Wind,2800
3/23/2020,19,20,Wind,6877
7/21/2025,3,4,Wind,9816
9/19/2025,1,2,Wind,2045
6/5/2022,17,18,Wind,8606
10/13/2024,23,0,Wind,3303
4/8/2023,10,11,Solar,6560
7/27/2020,12,13,Wind,10256
10/13/2020,17,18,Wind,4407
8/16/2021,0,1,Wind,5226
2/23/2022,20,21,Wind,2068
6/14/2020,1,2,Wind,4021
2/24/2022,6,7,Wind,5440
2/18/2022,1,2,Wind,6858
12/2/2022,13,14,Wind,3589
5/22/2020,16,17,Wind,7240
10/9/2021,8,9,Wind,2847
10/13/2021,0,1,Wind,3296
4/9/2022,22,23,Wind,1982
3/14/2020,9,10,Wind,5211
9/11/2025,17,18,Wind,14879
7/12/2020,18,19,Wind,4023
10/15/2025,10,11,Solar,6940
3/17/2025,16,17,Wind,14877
8/7/2020,21,22,Wind,1119
4/13/2020,5,6,Wind,4328
5/31/2020,23,0,Wind,6056
5/28/2023,17,18,Wind,6428
8/23/2022,4,5,Wind,1005
7/30/2020,17,18,Solar,3388
12/25/2021,7,8,Wind,1572
11/16/2024,6,7,Wind,1374
5/6/2022,1,2,Wind,3436
7/25/2023,7,8,Wind,5855
6/30/2023,0,1,Wind,2447
6/21/2020,1,2,Wind,1887
3/30/2020,23,0,Wind,7156
11/7/2022,5,6,Wind,11253
8/2/2025,3,4,Wind,3930
12/14/2020,9,10,Wind,8267
5/12/2024,7,8,Wind,4275
1/12/2020,22,23,Wind,3733
8/8/2021,1,2,Wind,7331
5/11/2022,5,6,Wind,3101
10/1/2023,21,22,Wind,2395
2/23/2022,12,13,Solar,5805
10/22/2023,23,0,Wind,3732
6/14/2024,12,13,Wind,12826
3/4/2025,15,16,Solar,6290
6/23/2024,13,14,Solar,4302
10/22/2021,19,20,Wind,2834
7/10/2024,0,1,Wind,2264
11/4/2020,13,14,Solar,4014
11/15/2022,9,10,Wind,10782
1/28/2023,23,0,Wind,2268
4/19/2024,11,12,Wind,16276
7/23/2024,13,14,Wind,14087
10/6/2023,20,21,Wind,1085
7/7/2022,15,16,Wind,10600
6/30/2024,6,7,Wind,3753
5/5/2021,12,13,Wind,11434
10/9/2022,13,14,Solar,6807
1/9/2024,16,17,Wind,4360
6/19/2023,18,19,Wind,4195
1/24/2025,22,23,Wind,11288
6/21/2022,21,22,Wind,1796
9/7/2023,7,8,Wind,2686
6/24/2023,11,12,Solar,8244
4/28/2025,2,3,Wind,3071
5/15/2021,5,6,Wind,4264
5/25/2023,2,3,Wind,6906
9/14/2020,13,14,Solar,5071
4/7/2024,22,23,Wind,5202
6/21/2022,4,5,Wind,3804
7/4/2025,3,4,Wind,5286
9/21/2021,19,20,Wind,2280
3/4/2024,9,10,Wind,6988
7/27/2021,22,23,Wind,3166
4/9/2025,1,2,Wind,5058
7/4/2021,13,14,Wind,6911
10/20/2021,20,21,Wind,13048
11/27/2022,20,21,Wind,7343
3/17/2025,14,15,Wind,15549
3/14/2024,7,8,Wind,6363
5/10/2020,18,19,Wind,4802
12/27/2020,6,7,Wind,11736
11/21/2021,9,10,Wind,1770
11/28/2025,15,16,Wind,7931
12/9/2021,11,12,Wind,7038
3/16/2024,22,23,Wind,2197
8/5/2020,16,17,Solar,4806
4/6/2025,19,20,Wind,8524
2/23/2022,7,8,Wind,888
12/22/2020,7,8,Wind,10664
6/10/2023,8,9,Solar,3002
11/13/2025,6,7,Wind,10431
3/16/2022,2,3,Wind,4258
9/16/2025,2,3,Wind,11697
11/21/2020,23,0,Wind,2372
12/12/2024,5,6,Wind,3271
6/15/2023,10,11,Solar,5298
2/24/2023,0,1,Wind,6635
4/1/2022,13,14,Wind,14543
4/20/2021,6,7,Wind,577
6/17/2024,21,22,Wind,1375
6/29/2021,8,9,Solar,2049
5/7/2023,5,6,Wind,1473
8/9/2020,4,5,Wind,1263
11/9/2024,6,7,Wind,884
7/3/2024,15,16,Wind,12305
2/26/2020,19,20,Wind,6383
7/8/2025,10,11,Solar,10854
12/27/2023,16,17,Wind,13272
2/8/2025,22,23,Wind,4543
10/25/2024,10,11,Wind,6611
12/2/2021,7,8,Wind,7999
5/10/2024,3,4,Wind,5301
1/31/2023,10,11,Wind,6313
2/28/2024,9,10,Wind,4006
10/27/2022,17,18,Wind,5638
11/9/2024,21,22,Wind,622
11/26/2020,7,8,Wind,2650
12/12/2022,16,17,Wind,3694
1/8/2022,3,4,Wind,6540
7/22/2023,5,6,Wind,1465
12/21/2020,13,14,Wind,12706
2/16/2021,20,21,Wind,9859
8/18/2020,22,23,Wind,728
2/2/2020,16,17,Wind,11800
4/22/2020,20,21,Wind,2587
6/5/2020,7,8,Wind,5969
5/23/2024,11,12,Solar,6613
3/20/2022,1,2,Wind,6580
5/19/2024,11,12,Solar,2794
9/6/2023,17,18,Solar,4611
4/22/2021,16,17,Wind,8227
7/21/2025,19,20,Wind,13652
10/26/2020,9,10,Wind,7859
9/26/2025,15,16,Solar,4353
7/28/2020,6,7,Wind,3610
1/16/2024,4,5,Wind,1715
10/26/2020,20,21,Wind,7818
3/26/2024,0,1,Wind,8416
11/28/2023,8,9,Wind,7464
11/14/2024,14,15,Solar,5909
12/17/2024,11,12,Wind,6713
3/20/2020,11,12,Wind,6937
3/28/2025,8,9,Wind,5489
1/16/2022,1,2,Wind,1349
8/17/2021,8,9,Wind,2250
10/22/2025,12,13,Solar,6865
1/25/2020,8,9,Wind,1579
2/22/2025,0,1,Wind,11725
4/10/2023,10,11,Wind,7919
10/20/2021,14,15,Wind,14657
1/30/2020,9,10,Wind,8402
9/29/2024,13,14,Wind,6168
11/15/2020,12,13,Wind,14508
6/8/2021,3,4,Wind,916
12/12/2020,21,22,Wind,5943
12/11/2020,3,4,Wind,7153
2/8/2023,3,4,Wind,3513
5/21/2020,20,21,Wind,600
7/9/2025,14,15,Solar,10461
2/10/2024,7,8,Wind,4227
7/7/2023,16,17,Solar,8765
1/3/2020,13,14,Wind,9695
12/6/2020,22,23,Wind,1374
10/6/2021,8,9,Wind,8548
6/9/2023,16,17,Solar,5753
7/4/2021,12,13,Wind,6187
2/19/2021,5,6,Wind,4799
11/24/2021,5,6,Wind,4927
12/15/2021,4,5,Wind,1396
1/25/2025,16,17,Wind,5724
7/14/2020,15,16,Solar,5718
10/18/2023,6,7,Wind,11303
6/27/2024,18,19,Wind,7928
4/24/2021,18,19,Wind,6916
10/16/2023,21,22,Wind,9973
2/18/2024,22,23,Wind,6925
5/8/2020,8,9,Wind,3039
3/12/2024,7,8,Wind,5075
3/14/2020,20,21,Wind,3300
1/17/2021,7,8,Wind,5676
1/3/2022,13,14,Wind,12240
8/7/2020,5,6,Wind,2101
9/26/2023,11,12,Solar,6439
7/28/2025,19,20,Wind,6132
7/19/2025,23,0,Wind,3954
3/20/2021,18,19,Wind,4921
8/25/2021,5,6,Wind,4981
5/16/2021,9,10,Wind,4884
11/24/2025,6,7,Wind,7424
1/6/2023,14,15,Wind,7958
8/25/2023,9,10,Wind,5505
8/21/2020,10,11,Wind,7837
12/10/2020,15,16,Wind,2800
12/24/2022,22,23,Wind,3971
2/26/2025,8,9,Wind,8242
3/1/2022,11,12,Solar,4988
9/25/2022,21,22,Wind,1684
11/26/2022,0,1,Wind,2624
3/25/2021,9,10,Solar,3091
1/18/2025,7,8,Wind,1399
10/6/2022,7,8,Wind,1712
5/20/2025,0,1,Wind,6826
10/5/2020,16,17,Wind,10905
1/31/2020,21,22,Wind,8388
1/10/2021,15,16,Wind,4559
6/14/2023,3,4,Wind,3197
3/15/2021,15,16,Wind,10846
11/29/2024,3,4,Wind,6487
12/22/2020,4,5,Wind,10281
10/5/2020,3,4,Wind,11256
4/20/2021,5,6,Wind,637
8/25/2020,21,22,Wind,9550
11/24/2023,18,19,Wind,10539
6/20/2025,5,6,Wind,5645
8/31/2024,15,16,Solar,8116
7/23/2024,9,10,Wind,9773
7/16/2025,15,16,Solar,16069
5/6/2021,15,16,Wind,8791
10/10/2020,7,8,Wind,2346
2/13/2025,14,15,Solar,4494
9/29/2025,23,0,Wind,2697
10/27/2021,3,4,Wind,2392
6/1/2022,5,6,Wind,1109
7/24/2020,4,5,Wind,1771
4/29/2020,22,23,Wind,5811
3/30/2023,17,18,Wind,15694
7/24/2023,6,7,Wind,3944
4/23/2023,23,0,Wind,9704
10/12/2022,1,2,Wind,1054
3/12/2021,3,4,Wind,10222
7/12/2022,2,3,Wind,3789
12/22/2020,23,0,Wind,7182
2/13/2024,8,9,Wind,5445
5/3/2024,20,21,Wind,2251
12/5/2022,11,12,Solar,3554
12/18/2023,12,13,Solar,5551
6/10/2021,6,7,Wind,1116
8/5/2024,21,22,Wind,751
11/24/2021,1,2,Wind,6358
8/31/2025,4,5,Wind,5964
6/24/2020,14,15,Solar,6958
8/11/2023,17,18,Solar,6263
4/21/2021,13,14,Solar,5395
2/25/2024,2,3,Wind,8187
7/22/2024,2,3,Wind,4013
8/6/2022,9,10,Wind,7062
7/7/2023,6,7,Wind,4525
3/22/2021,3,4,Wind,4256
11/19/2025,1,2,Wind,9964
7/16/2022,10,11,Solar,6731
8/3/2022,22,23,Wind,1474
5/3/2025,18,19,Wind,7626
9/29/2023,19,20,Wind,2198
1/15/2022,19,20,Wind,651
4/9/2022,4,5,Wind,4701
10/9/2022,22,23,Wind,5394
8/12/2023,15,16,Solar,9789
7/2/2025,22,23,Wind,5548
5/16/2023,23,0,Wind,7799
7/31/2020,18,19,Wind,4080
4/23/2020,1,2,Wind,2669
12/14/2021,0,1,Wind,810
3/11/2020,12,13,Wind,12163
7/26/2024,21,22,Wind,506
8/4/2021,17,18,Solar,3345
7/18/2023,8,9,Wind,3434
8/28/2020,17,18,Wind,8079
8/27/2024,17,18,Solar,6209
3/28/2021,9,10,Wind,5097
12/16/2023,21,22,Wind,2504
6/3/2021,16,17,Solar,3738
10/15/2021,8,9,Wind,1488
10/5/2024,19,20,Wind,5905
4/7/2020,18,19,Wind,2681
11/26/2021,12,13,Wind,10802
6/26/2022,8,9,Solar,1719
3/19/2020,14,15,Solar,3939
6/15/2025,14,15,Solar,4719
11/17/2022,17,18,Wind,8379
12/2/2024,22,23,Wind,7331
9/11/2024,3,4,Wind,11638
5/22/2025,21,22,Wind,4939
10/16/2024,3,4,Wind,11452
12/2/2020,12,13,Wind,2987
11/6/2025,19,20,Wind,2440
8/29/2025,15,16,Wind,15987
3/5/2024,22,23,Wind,3012
6/26/2025,23,0,Wind,3959
10/20/2023,8,9,Wind,4473
9/21/2025,17,18,Wind,4316
8/7/2020,16,17,Solar,3640
12/3/2021,3,4,Wind,3110
10/16/2021,10,11,Solar,3384
8/30/2025,7,8,Wind,4396
2/23/2025,22,23,Wind,11952
10/20/2020,16,17,Wind,9534
12/26/2024,20,21,Wind,3449
12/13/2024,22,23,Wind,785
7/16/2022,0,1,Wind,3960
10/11/2020,3,4,Wind,3670
7/26/2024,15,16,Solar,7022
9/29/2023,6,7,Wind,8290
12/20/2023,13,14,Wind,11237
7/11/2020,19,20,Wind,4072
1/31/2025,1,2,Wind,2272
3/10/2020,8,9,Wind,11993
3/3/2022,4,5,Wind,1517
3/7/2024,17,18,Wind,11067
10/19/2024,22,23,Wind,3297
5/21/2020,13,14,Solar,4337
10/11/2023,13,14,Solar,8576
7/2/2022,0,1,Wind,754
1/15/2023,21,22,Wind,14992
7/19/2022,3,4,Wind,5671
10/22/2022,3,4,Wind,6189
12/31/2023,5,6,Wind,17336
4/4/2022,3,4,Wind,2150
3/2/2022,1,2,Wind,2780
9/24/2021,4,5,Wind,475
5/23/2021,23,0,Wind,9144
9/29/2020,5,6,Wind,1805
3/9/2024,7,8,Wind,12796
4/16/2024,10,11,Wind,10158
6/11/2020,12,13,Wind,4847
2/1/2022,0,1,Wind,6934
8/30/2024,3,4,Wind,2706
6/27/2021,3,4,Wind,3872
11/17/2020,19,20,Wind,2225
7/23/2024,1,2,Wind,4890
7/16/2022,2,3,Wind,3533
7/8/2025,20,21,Wind,3770
10/19/2022,17,18,Wind,7629
6/16/2020,20,21,Wind,1666
1/10/2025,15,16,Wind,3319
9/10/2020,11,12,Solar,3052
11/13/2021,8,9,Wind,5126
4/22/2025,13,14,Solar,7792
5/15/2020,5,6,Wind,6575
3/25/2024,15,16,Wind,10580
1/26/2023,23,0,Wind,6312
7/19/2024,5,6,Wind,1335
6/30/2025,21,22,Wind,1192
2/12/2023,0,1,Wind,3402
9/27/2022,6,7,Wind,6509
7/27/2020,15,16,Wind,11749
7/10/2023,13,14,Solar,8700
1/20/2025,2,3,Wind,1542
3/28/2023,16,17,Wind,9979
10/4/2021,8,9,Wind,5584
6/9/2024,1,2,Wind,3464
8/17/2021,12,13,Solar,6878
1/27/2023,7,8,Wind,8252
8/5/2021,14,15,Wind,8681
7/21/2025,23,0,Wind,7848
5/27/2025,17,18,Wind,15563
2/22/2024,0,1,Wind,14343
12/10/2023,0,1,Wind,16050
6/18/2021,1,2,Wind,3603
4/25/2025,10,11,Solar,7896
7/5/2021,0,1,Wind,2602
7/7/2021,23,0,Wind,1703
12/12/2020,11,12,Wind,6348
11/1/2025,16,17,Wind,9647
1/22/2024,20,21,Wind,14875
8/28/2025,16,17,Wind,11353
4/29/2022,10,11,Solar,4724
1/20/2021,18,19,Wind,15051
6/19/2024,22,23,Wind,6935
4/2/2022,16,17,Wind,12110
8/8/2024,5,6,Wind,1189
11/2/2024,18,19,Wind,3994
9/6/2021,15,16,Solar,5313
3/28/2020,19,20,Wind,9382
2/14/2022,21,22,Wind,6029
10/13/2022,17,18,Wind,4003
7/15/2024,16,17,Wind,10450
4/22/2023,0,1,Wind,3755
10/26/2024,16,17,Solar,2125
1/25/2025,11,12,Wind,7875
2/6/2024,14,15,Wind,15869
11/24/2024,18,19,Wind,19758
12/4/2022,2,3,Wind,3252
2/12/2023,14,15,Solar,6688
1/31/2020,4,5,Wind,7716
11/29/2020,10,11,Wind,4788
4/29/2022,18,19,Wind,4816
8/1/2021,16,17,Solar,6683
3/15/2020,0,1,Wind,3612
7/1/2023,21,22,Wind,7075
3/2/2023,21,22,Wind,4877
8/3/2024,7,8,Wind,3218
11/19/2024,20,21,Wind,12210
1/8/2024,6,7,Wind,12121
12/21/2024,21,22,Wind,18922
10/25/2022,17,18,Wind,4158
4/15/2022,1,2,Wind,1942
12/7/2021,6,7,Wind,5150
1/17/2022,23,0,Wind,2215
2/24/2025,9,10,Wind,15311
7/14/2021,20,21,Wind,6824
1/11/2023,4,5,Wind,13408
10/15/2024,11,12,Wind,7313
9/14/2023,20,21,Wind,983
12/4/2021,13,14,Wind,14167
5/10/2021,21,22,Wind,1928
7/31/2021,13,14,Wind,6027
11/26/2025,9,10,Wind,5852
6/20/2022,20,21,Wind,4764
8/1/2020,13,14,Solar,4517
9/30/2022,17,18,Wind,8433
6/10/2024,13,14,Wind,16343
9/8/2024,5,6,Wind,5635
8/20/2021,10,11,Solar,3653
10/21/2020,17,18,Wind,11801
11/8/2023,22,23,Wind,14010
10/11/2020,7,8,Wind,3222
8/4/2023,11,12,Solar,7826
5/15/2021,16,17,Wind,11074
11/1/2021,18,19,Wind,5774
2/13/2025,4,5,Wind,1341
2/20/2022,20,21,Wind,16004
1/2/2025,6,7,Wind,7704
1/23/2023,4,5,Wind,4026
3/15/2022,0,1,Wind,5845
12/1/2022,15,16,Wind,4324
5/10/2024,21,22,Wind,5155
8/15/2025,16,17,Solar,9881
2/9/2020,11,12,Wind,15238
5/21/2024,21,22,Wind,3665
5/11/2024,6,7,Wind,4326
9/23/2020,18,19,Wind,5813
11/17/2025,15,16,Wind,10323
1/2/2021,0,1,Wind,1169
8/8/2023,23,0,Wind,2853
5/18/2023,19,20,Wind,6720
10/24/2022,22,23,Wind,7627
9/3/2022,20,21,Wind,1066
11/29/2024,14,15,Solar,7650
4/4/2020,10,11,Solar,4136
3/18/2020,11,12,Solar,3727
4/29/2020,13,14,Wind,10092
10/16/2021,16,17,Solar,3207
10/6/2021,17,18,Wind,8756
2/26/2025,11,12,Wind,13305
3/1/2021,13,14,Solar,5810
11/24/2022,3,4,Wind,11415
9/1/2025,20,21,Wind,5387
11/14/2024,21,22,Wind,3630
3/20/2021,6,7,Wind,4488
12/17/2021,5,6,Wind,6817
2/7/2025,3,4,Wind,9958
1/5/2024,0,1,Wind,12301
9/8/2024,12,13,Wind,11440
7/27/2020,8,9,Wind,3719
2/17/2023,13,14,Wind,13006
7/22/2024,5,6,Wind,3267
9/7/2024,12,13,Solar,6652
8/2/2021,8,9,Solar,1835
7/24/2021,18,19,Wind,5008
6/26/2022,21,22,Wind,1353
5/25/2021,9,10,Wind,10972
1/3/2024,5,6,Wind,16091
4/28/2024,18,19,Wind,4975
2/10/2022,3,4,Wind,4390
9/1/2023,2,3,Wind,4835
1/23/2025,8,9,Wind,6187
8/12/2022,9,10,Solar,4233
6/6/2022,0,1,Wind,3154
4/26/2021,23,0,Wind,6682
8/21/2022,4,5,Wind,492
7/29/2025,17,18,Solar,9703
1/14/2020,1,2,Wind,12193
11/23/2020,6,7,Wind,197
3/3/2020,16,17,Wind,2913
4/30/2022,23,0,Wind,4152
8/28/2025,3,4,Wind,2154
9/28/2025,17,18,Solar,3101
4/26/2020,19,20,Solar,826
4/26/2020,7,8,Wind,1234
1/13/2020,0,1,Wind,3124
7/4/2021,8,9,Wind,1516
8/20/2022,16,17,Solar,6307
10/15/2022,21,22,Wind,4985
11/4/2024,20,21,Wind,2945
5/27/2024,1,2,Wind,2781
5/3/2021,7,8,Wind,1219
6/25/2023,21,22,Wind,4990
1/24/2023,17,18,Wind,3120
2/11/2022,8,9,Wind,2704
6/17/2023,22,23,Wind,1596
9/25/2021,10,11,Solar,3100
9/9/2024,8,9,Wind,8509
4/25/2023,23,0,Wind,2732
4/17/2021,20,21,Wind,5570
8/1/2022,23,0,Wind,1415
7/14/2021,18,19,Wind,7691
10/14/2025,10,11,Wind,8624
2/21/2020,14,15,Wind,8633
10/24/2024,11,12,Solar,7285
7/17/2022,2,3,Wind,6218
8/15/2022,12,13,Solar,7754
8/23/2020,7,8,Wind,4453
8/1/2020,6,7,Wind,1772
7/3/2025,3,4,Wind,5681
5/2/2022,0,1,Wind,3281
10/11/2020,0,1,Wind,4013
5/15/2021,10,11,Wind,7542
8/19/2024,10,11,Solar,6872
10/21/2025,5,6,Wind,12221
6/25/2023,11,12,Solar,7269
9/15/2024,17,18,Solar,7756
7/19/2024,6,7,Wind,1367
6/20/2022,11,12,Solar,6635
11/24/2020,2,3,Wind,1825
3/20/2022,4,5,Wind,4944
5/26/2020,15,16,Solar,7491
9/9/2025,20,21,Wind,2139
1/23/2020,4,5,Wind,5821
7/22/2022,4,5,Wind,3155
2/22/2023,6,7,Wind,2969
5/4/2023,18,19,Wind,7974
3/29/2022,15,16,Solar,3886
1/24/2025,13,14,Wind,19431
3/17/2025,21,22,Wind,11797
11/4/2024,4,5,Wind,2853
1/11/2023,10,11,Wind,10073
6/21/2022,15,16,Solar,4791
7/2/2020,18,19,Wind,6452
5/12/2024,14,15,Solar,4059
3/11/2021,6,7,Wind,14266
9/23/2020,13,14,Wind,8641
4/30/2024,21,22,Wind,3124
9/16/2023,22,23,Wind,2367
5/4/2025,19,20,Wind,11985
4/8/2022,18,19,Wind,10607
12/23/2023,16,17,Wind,14470
8/11/2025,22,23,Wind,5924
7/16/2021,17,18,Wind,7525
2/11/2020,7,8,Wind,11753
11/9/2024,1,2,Wind,1782
9/27/2022,18,19,Wind,9228
9/1/2024,8,9,Wind,4830
11/1/2020,7,8,Wind,9246
1/9/2025,7,8,Wind,14188
12/31/2024,1,2,Wind,2303
1/6/2025,0,1,Wind,18763
1/30/2024,14,15,Solar,7283
4/18/2021,20,21,Wind,2015
4/24/2021,15,16,Solar,8651
10/27/2021,19,20,Wind,2324
7/2/2020,0,1,Wind,2474
1/7/2024,4,5,Wind,7340
1/18/2024,14,15,Wind,6969
9/9/2023,1,2,Wind,1650
3/17/2025,10,11,Solar,11786
10/20/2024,7,8,Wind,6846
9/11/2021,16,17,Solar,4615
3/12/2024,15,16,Wind,12222
8/6/2020,16,17,Solar,3605
1/15/2022,1,2,Wind,847
4/18/2022,17,18,Solar,4269
1/13/2020,6,7,Wind,2987
3/16/2021,11,12,Solar,5314
6/15/2022,6,7,Wind,2328
9/30/2023,12,13,Solar,6508
10/29/2024,21,22,Wind,685
9/4/2025,20,21,Wind,6150
8/21/2023,15,16,Solar,6576
4/19/2020,14,15,Wind,2914
7/12/2021,9,10,Wind,2663
1/3/2022,7,8,Wind,9393
11/10/2020,6,7,Wind,486
2/3/2025,23,0,Wind,1883
3/31/2025,0,1,Wind,4280
7/12/2024,17,18,Wind,8243
6/14/2024,17,18,Wind,12714
9/21/2025,11,12,Solar,3451
5/16/2021,23,0,Wind,9508
3/7/2022,5,6,Wind,6815
8/10/2022,10,11,Solar,6251
3/7/2023,5,6,Wind,5865
3/14/2025,15,16,Wind,7686
10/4/2024,7,8,Wind,4180
12/15/2022,22,23,Wind,7205
9/3/2020,0,1,Wind,931
6/17/2022,21,22,Wind,1078
12/21/2023,18,19,Wind,17520
3/2/2023,14,15,Solar,6558
8/4/2024,20,21,Wind,1620
12/29/2024,21,22,Wind,548
11/14/2024,1,2,Wind,3831
8/4/2022,9,10,Solar,3343
4/26/2022,0,1,Wind,2101
5/16/2022,5,6,Wind,5648
1/9/2020,16,17,Wind,10435
11/24/2022,14,15,Wind,9150
1/20/2024,23,0,Wind,10670
3/14/2020,22,23,Wind,3349
3/10/2020,22,23,Wind,11030
5/26/2024,2,3,Wind,4508
8/13/2023,1,2,Wind,1162
3/28/2022,6,7,Wind,1606
10/12/2020,14,15,Solar,4590
10/22/2024,10,11,Solar,3182
10/19/2020,11,12,Solar,5009
9/12/2021,21,22,Wind,1376
7/17/2024,3,4,Wind,2046
8/17/2024,1,2,Wind,1571
8/13/2023,16,17,Solar,7801
6/28/2024,2,3,Wind,3695
2/6/2022,4,5,Wind,13477
3/31/2021,10,11,Solar,4010
10/25/2023,11,12,Wind,11630
7/23/2024,23,0,Wind,2067
3/18/2023,3,4,Wind,7204
12/5/2024,23,0,Wind,18205
1/8/2024,2,3,Wind,11508
6/11/2020,8,9,Wind,2692
6/6/2025,22,23,Wind,4429
6/2/2021,23,0,Wind,2032
9/21/2020,21,22,Wind,1334
9/2/2025,23,0,Wind,11315
9/21/2025,20,21,Wind,4453
8/9/2021,10,11,Wind,6015
3/16/2021,2,3,Wind,3997
10/18/2022,13,14,Solar,5899
12/26/2021,12,13,Wind,4600
7/27/2024,2,3,Wind,455
9/11/2020,9,10,Solar,1917
9/13/2020,19,20,Wind,705
8/15/2023,17,18,Solar,4625
7/29/2021,5,6,Wind,4205
5/19/2024,2,3,Wind,552
3/30/2023,7,8,Wind,11130
7/10/2025,16,17,Solar,11067
8/9/2025,4,5,Wind,1139
11/1/2023,18,19,Wind,12788
6/12/2024,20,21,Wind,2252
9/20/2025,5,6,Wind,6560
5/1/2020,0,1,Wind,7535
1/21/2020,11,12,Wind,2976
6/29/2025,6,7,Wind,2536
10/12/2020,6,7,Wind,2120
7/25/2024,12,13,Solar,9805
6/5/2023,13,14,Solar,9739
6/9/2023,7,8,Wind,4688
9/4/2025,21,22,Wind,6077
5/11/2024,23,0,Wind,4091
3/24/2025,10,11,Solar,5051
7/26/2023,7,8,Wind,2889
8/6/2024,20,21,Wind,2592
4/22/2025,5,6,Wind,1421
8/27/2024,11,12,Solar,8753
7/11/2021,15,16,Solar,4877
11/11/2021,7,8,Wind,1001
2/25/2025,0,1,Wind,4530
4/2/2025,11,12,Wind,18987
7/22/2020,6,7,Wind,3797
2/5/2020,16,17,Wind,2504
3/30/2020,20,21,Wind,8073
5/11/2020,4,5,Wind,9699
11/5/2021,2,3,Wind,3405
8/30/2020,3,4,Wind,3012
9/8/2025,21,22,Wind,2307
3/4/2022,8,9,Wind,3630
8/6/2022,2,3,Wind,5462
12/13/2024,19,20,Wind,698
12/31/2023,17,18,Wind,17198
9/4/2025,9,10,Wind,9465
2/25/2025,9,10,Wind,8542
3/18/2022,11,12,Wind,12613
3/19/2025,14,15,Solar,12452
8/7/2022,0,1,Wind,7995
3/24/2025,4,5,Wind,747
12/22/2020,11,12,Wind,9500
5/5/2020,22,23,Wind,2517
12/14/2024,7,8,Wind,2252
2/3/2023,21,22,Wind,4534
11/12/2022,8,9,Wind,4144
7/18/2024,11,12,Solar,7522
3/9/2020,6,7,Wind,6476
6/28/2021,12,13,Solar,4142
3/24/2022,11,12,Solar,6783
1/3/2020,8,9,Wind,9177
5/2/2025,20,21,Wind,3054
11/23/2022,10,11,Wind,12239
11/3/2023,4,5,Wind,9640
4/9/2024,23,0,Wind,8241
5/16/2021,19,20,Wind,9726
2/14/2025,5,6,Wind,5166
10/23/2022,14,15,Wind,13158
12/14/2022,17,18,Wind,2357
7/31/2024,16,17,Solar,6848
1/15/2025,0,1,Wind,2675
11/21/2021,21,22,Wind,5308
11/12/2023,5,6,Wind,7747
11/10/2021,19,20,Wind,1095
10/30/2022,15,16,Wind,4128
1/12/2021,13,14,Wind,11705
11/17/2023,5,6,Wind,4471
7/3/2022,8,9,Solar,2588
3/9/2021,17,18,Wind,3112
3/17/2023,10,11,Wind,9438
4/1/2025,5,6,Wind,10726
3/28/2020,2,3,Wind,2228
1/29/2022,4,5,Wind,5616
2/11/2023,1,2,Wind,2311
5/19/2020,22,23,Wind,3873
5/8/2023,20,21,Wind,1613
4/23/2021,9,10,Solar,4703
10/13/2025,19,20,Wind,6779
1/8/2020,12,13,Wind,5049
11/13/2023,4,5,Wind,10748
6/30/2021,5,6,Wind,2072
8/28/2023,3,4,Wind,3728
9/2/2021,16,17,Wind,6041
3/31/2022,7,8,Wind,5596
1/14/2023,14,15,Wind,18425
12/10/2020,17,18,Wind,3945
1/6/2025,8,9,Wind,18841
2/5/2024,14,15,Wind,9758
11/4/2024,14,15,Solar,4760
11/10/2022,4,5,Wind,3540
7/14/2020,9,10,Solar,2423
9/17/2020,0,1,Wind,4803
7/12/2021,15,16,Solar,4724
5/22/2020,10,11,Solar,5050
1/18/2021,14,15,Wind,5818
9/22/2022,22,23,Wind,613
2/22/2021,7,8,Wind,6262
3/22/2020,8,9,Wind,8856
10/12/2020,9,10,Wind,2453
4/19/2025,15,16,Wind,4612
8/25/2025,22,23,Wind,1411
4/20/2022,4,5,Wind,4490
12/9/2020,14,15,Wind,2985
7/22/2020,14,15,Solar,4307
5/21/2023,5,6,Wind,5032
1/22/2022,6,7,Wind,2925
12/1/2021,11,12,Wind,12759
1/11/2021,2,3,Wind,1886
3/9/2020,5,6,Wind,7030
2/26/2024,16,17,Wind,13709
3/7/2022,18,19,Wind,5870
10/11/2021,10,11,Solar,4324
9/1/2025,13,14,Wind,12704
10/2/2020,22,23,Wind,3285
12/20/2024,11,12,Wind,8847
8/7/2022,15,16,Solar,10239
2/7/2024,13,14,Wind,17700
6/4/2020,16,17,Wind,6146
10/13/2021,7,8,Wind,2432
2/9/2020,1,2,Wind,8445
2/21/2022,22,23,Wind,10192
3/3/2024,5,6,Wind,3260
7/17/2025,4,5,Wind,1257
2/23/2024,16,17,Wind,12084
3/7/2025,23,0,Wind,10966
12/15/2023,20,21,Wind,1834
9/24/2025,1,2,Wind,7488
8/3/2025,8,9,Solar,4235
11/20/2025,17,18,Wind,3840
9/11/2020,8,9,Wind,1169
11/2/2025,6,7,Wind,8973
9/22/2022,15,16,Solar,5500
5/23/2020,15,16,Wind,8605
12/20/2022,0,1,Wind,13706
11/22/2024,0,1,Wind,5864
11/13/2022,3,4,Wind,2267
4/19/2021,10,11,Solar,3728
7/4/2024,6,7,Wind,7129
6/26/2023,21,22,Wind,3874
10/22/2023,21,22,Wind,2996
1/16/2022,13,14,Solar,5824
9/7/2020,23,0,Wind,1722
5/23/2022,7,8,Wind,3621
10/4/2025,1,2,Wind,16699
12/10/2020,20,21,Wind,6025
5/1/2021,6,7,Wind,1335
6/11/2021,19,20,Wind,2701
1/1/2024,10,11,Wind,12702
5/9/2023,10,11,Wind,5818
1/12/2022,15,16,Solar,3844
11/12/2023,3,4,Wind,7217
11/2/2022,1,2,Wind,10172
9/8/2020,13,14,Solar,4412
4/16/2021,0,1,Wind,6013
11/15/2022,2,3,Wind,6725
12/23/2022,19,20,Wind,13142
4/13/2022,9,10,Solar,2030
4/21/2023,15,16,Solar,7766
3/3/2025,20,21,Wind,3662
11/11/2022,11,12,Solar,6178
6/10/2023,19,20,Wind,2892
8/25/2021,1,2,Wind,6301
2/4/2022,22,23,Wind,5142
2/3/2020,3,4,Wind,8082
3/24/2021,9,10,Solar,3598
4/25/2021,1,2,Wind,8643
6/15/2024,17,18,Wind,9554
1/7/2020,15,16,Wind,4202
3/25/2021,5,6,Wind,1803
4/11/2021,4,5,Wind,4909
12/25/2022,14,15,Wind,9014
9/9/2025,19,20,Wind,2515
6/28/2020,2,3,Wind,5007
4/29/2022,3,4,Wind,3276
4/8/2023,7,8,Wind,3945
3/19/2023,6,7,Wind,2707
3/23/2020,8,9,Wind,8097
7/4/2023,21,22,Wind,7479
9/2/2021,6,7,Wind,5757
5/1/2024,4,5,Wind,1919
8/10/2024,8,9,Solar,2611
4/6/2024,4,5,Wind,13920
7/28/2020,15,16,Wind,7320
9/12/2023,14,15,Solar,4847
6/20/2022,7,8,Wind,3854
4/30/2024,4,5,Wind,3211
7/19/2021,8,9,Wind,3621
11/2/2024,5,6,Wind,2593
10/23/2023,1,2,Wind,4629
11/8/2025,22,23,Wind,2972
7/17/2022,7,8,Wind,4452
8/21/2023,18,19,Solar,2986
4/14/2022,19,20,Wind,1781
11/2/2023,14,15,Wind,16663
3/11/2024,1,2,Wind,3569
5/19/2025,4,5,Wind,5554
8/18/2023,8,9,Wind,2753
1/24/2021,15,16,Wind,9368
11/4/2025,19,20,Wind,14722
1/2/2025,17,18,Wind,2940
11/7/2022,13,14,Wind,14582
6/21/2022,17,18,Solar,4256
10/23/2025,10,11,Wind,21130
12/4/2021,5,6,Wind,8479
6/30/2025,3,4,Wind,4201
11/6/2022,20,21,Wind,11082
10/22/2021,15,16,Wind,7563
9/26/2024,17,18,Wind,18099
11/10/2025,7,8,Wind,7424
12/14/2023,3,4,Wind,7386
1/30/2025,15,16,Wind,7524
12/26/2020,6,7,Wind,2946
9/22/2025,17,18,Wind,8345
12/10/2024,1,2,Wind,10950
12/1/2020,4,5,Wind,7384
9/23/2021,2,3,Wind,1187
7/17/2022,14,15,Solar,8450
7/20/2020,17,18,Solar,4972
9/10/2023,8,9,Wind,3618
7/10/2023,12,13,Solar,8155
2/10/2021,10,11,Wind,8366
1/29/2020,16,17,Wind,5091
9/16/2025,1,2,Wind,12139
11/29/2020,23,0,Wind,1854
9/20/2022,10,11,Solar,4950
8/22/2020,8,9,Wind,5453
1/9/2022,2,3,Wind,13974
6/4/2020,1,2,Wind,2997
11/4/2021,18,19,Wind,3557
1/14/2023,17,18,Wind,15699
2/21/2021,18,19,Wind,6413
5/2/2021,21,22,Wind,919
5/30/2025,4,5,Wind,790
2/8/2024,15,16,Wind,17063
3/22/2023,7,8,Wind,10725
4/22/2023,3,4,Wind,4253
3/27/2024,14,15,Wind,15606
12/25/2020,10,11,Wind,6831
12/24/2023,4,5,Wind,10062
5/24/2024,13,14,Solar,5499
4/28/2020,18,19,Wind,7447
8/20/2025,22,23,Wind,3508
1/24/2022,1,2,Wind,3310
4/20/2023,16,17,Wind,9461
9/2/2020,22,23,Wind,1225
9/2/2023,20,21,Wind,2344
9/10/2020,10,11,Solar,2771
8/22/2025,18,19,Solar,5766
5/24/2023,9,10,Solar,6816
1/11/2025,9,10,Wind,2854
2/28/2024,0,1,Wind,4724
3/6/2020,14,15,Wind,8581
8/18/2020,18,19,Wind,3539
2/18/2022,3,4,Wind,9335
9/3/2021,14,15,Solar,3775
3/24/2020,23,0,Wind,7447
8/25/2024,20,21,Wind,2137
10/22/2021,0,1,Wind,2121
7/17/2021,19,20,Wind,5398
10/30/2022,8,9,Wind,5100
3/9/2021,15,16,Solar,5136
6/23/2020,1,2,Wind,2034
4/22/2023,1,2,Wind,4008
7/12/2024,12,13,Solar,7573
9/5/2024,22,23,Wind,700
4/16/2021,1,2,Wind,5880
5/17/2022,2,3,Wind,2321
10/1/2024,23,0,Wind,4747
9/27/2021,8,9,Wind,6867
4/3/2020,8,9,Wind,2170
1/17/2023,23,0,Wind,4827
11/7/2024,13,14,Solar,5149
3/31/2020,1,2,Wind,6769
3/28/2020,22,23,Wind,11081
9/14/2024,12,13,Solar,10121
10/18/2025,16,17,Solar,7924
10/31/2021,17,18,Wind,10469
4/28/2022,15,16,Solar,7312
1/24/2024,19,20,Wind,6892
6/24/2021,22,23,Wind,1974
12/11/2023,16,17,Wind,6768
1/27/2024,11,12,Solar,5814
8/15/2022,14,15,Solar,8036
1/29/2021,3,4,Wind,13907
9/5/2020,1,2,Wind,2121
8/12/2024,16,17,Solar,8871
1/26/2021,13,14,Wind,5482
4/11/2025,20,21,Wind,4837
7/11/2025,11,12,Solar,11758
5/16/2025,13,14,Solar,7092
10/25/2025,16,17,Wind,9821
1/31/2021,22,23,Wind,5906
5/25/2025,13,14,Wind,9581
7/5/2022,9,10,Solar,4126
11/19/2020,9,10,Wind,9061
10/18/2022,22,23,Wind,5538
1/15/2023,3,4,Wind,10240
5/2/2022,20,21,Wind,3792
10/8/2020,3,4,Wind,6421
11/24/2023,1,2,Wind,8505
5/17/2020,10,11,Solar,4507
3/18/2022,3,4,Wind,6998
10/28/2023,22,23,Wind,16635
5/19/2021,2,3,Wind,3258
7/17/2022,20,21,Wind,2312
7/22/2023,11,12,Solar,10194
11/12/2024,13,14,Wind,13235
3/27/2022,9,10,Wind,4841
4/5/2022,17,18,Wind,9675
8/29/2023,20,21,Wind,1992
6/23/2025,22,23,Wind,3779
2/9/2020,20,21,Wind,11896
1/5/2023,6,7,Wind,7965
9/15/2023,20,21,Wind,3195
9/15/2023,23,0,Wind,4953
11/14/2020,15,16,Wind,8436
2/11/2022,17,18,Wind,2107
2/20/2025,4,5,Wind,7070
6/28/2025,8,9,Solar,3941
8/6/2022,4,5,Wind,5611
5/24/2020,23,0,Wind,2435
6/13/2025,23,0,Wind,5332
5/3/2025,16,17,Solar,10481
11/22/2024,7,8,Wind,9522
8/22/2021,9,10,Wind,4991
1/10/2023,12,13,Wind,15075
6/21/2021,4,5,Wind,2933
9/20/2022,17,18,Solar,5469
1/27/2021,17,18,Wind,3743
9/23/2020,9,10,Wind,4073
4/8/2020,18,19,Solar,1595
10/9/2024,7,8,Wind,8883
5/7/2025,0,1,Wind,9348
9/14/2023,21,22,Wind,1857
2/11/2020,5,6,Wind,11769
1/17/2020,12,13,Wind,8804
3/24/2025,14,15,Solar,6048
8/7/2024,10,11,Solar,5496
5/15/2025,1,2,Wind,6358
3/22/2023,6,7,Wind,9994
11/26/2020,16,17,Wind,1476
5/13/2020,20,21,Wind,7492
3/18/2025,1,2,Wind,12131
11/6/2025,10,11,Wind,6247
8/19/2021,3,4,Wind,1695
2/23/2020,4,5,Wind,9644
4/23/2025,3,4,Wind,6268
5/10/2022,2,3,Wind,1193
12/1/2023,20,21,Wind,5060
7/21/2021,2,3,Wind,2864
9/23/2022,5,6,Wind,546
1/3/2023,10,11,Wind,6763
12/7/2024,22,23,Wind,17557
3/28/2022,3,4,Wind,1693
10/7/2020,10,11,Wind,6946
8/23/2022,21,22,Wind,736
5/27/2023,20,21,Wind,3594
10/10/2023,20,21,Wind,2170
5/17/2025,4,5,Wind,4673
5/21/2020,21,22,Wind,660
3/15/2023,7,8,Wind,2413
12/14/2024,10,11,Wind,3475
1/19/2025,14,15,Solar,3805
12/29/2021,1,2,Wind,9126
1/29/2025,1,2,Wind,17602
1/22/2024,2,3,Wind,16724
8/21/2023,8,9,Solar,2472
9/16/2022,21,22,Wind,5135
4/21/2023,7,8,Wind,3141
4/22/2023,15,16,Wind,9856
11/5/2021,22,23,Wind,2244
12/23/2024,6,7,Wind,16444
3/9/2022,17,18,Wind,5318
8/10/2025,23,0,Wind,7903
2/17/2023,1,2,Wind,7099
8/29/2020,18,19,Wind,4957
8/29/2025,9,10,Wind,13975
2/5/2021,7,8,Wind,1837
5/13/2020,10,11,Wind,5295
1/27/2024,1,2,Wind,1993
2/13/2025,8,9,Wind,1808
3/10/2022,20,21,Wind,6268
7/2/2022,4,5,Wind,780
2/11/2022,21,22,Wind,2877
12/18/2022,16,17,Wind,9972
4/7/2023,14,15,Solar,8432
1/9/2025,12,13,Wind,13546
12/19/2020,23,0,Wind,5475
2/18/2022,12,13,Wind,18336
10/16/2025,7,8,Wind,5067
9/29/2020,23,0,Wind,648
8/17/2025,3,4,Wind,5689
9/29/2022,10,11,Solar,3096
4/22/2024,22,23,Wind,4627
7/3/2025,23,0,Wind,6293
10/1/2020,10,11,Wind,6509
2/24/2024,2,3,Wind,7042
6/26/2024,23,0,Wind,1220
11/17/2022,11,12,Wind,15564
8/23/2022,1,2,Wind,1180
3/8/2025,12,13,Wind,14394
4/25/2020,6,7,Wind,1918
3/29/2025,13,14,Wind,14163
3/20/2021,1,2,Wind,6045
3/26/2021,14,15,Wind,11408
4/25/2023,0,1,Wind,2929
10/16/2020,7,8,Wind,2998
7/15/2022,15,16,Solar,7499
8/28/2023,4,5,Wind,3258
1/9/2024,0,1,Wind,4857
11/5/2025,15,16,Wind,12356
12/14/2020,22,23,Wind,6487
7/31/2022,23,0,Wind,3161
1/14/2023,20,21,Wind,13584
4/13/2020,16,17,Wind,11122
2/26/2024,13,14,Wind,14168
9/3/2020,6,7,Wind,1674
12/21/2020,16,17,Wind,11318
4/24/2023,0,1,Wind,9557
4/30/2023,20,21,Wind,1754
8/27/2021,10,11,Solar,5627
9/16/2022,11,12,Solar,6902
11/21/2025,1,2,Wind,4563
9/22/2022,13,14,Solar,6248
6/26/2021,18,19,Solar,2918
5/24/2023,21,22,Wind,6974
7/21/2020,19,20,Wind,3934
8/8/2021,12,13,Wind,9302
3/5/2021,12,13,Wind,9127
7/28/2022,23,0,Wind,1995
8/6/2023,1,2,Wind,13743
12/2/2022,15,16,Wind,3878
10/11/2023,17,18,Wind,6965
11/20/2022,1,2,Wind,4543
7/15/2023,10,11,Wind,11920
2/9/2023,10,11,Solar,4291
3/11/2024,14,15,Wind,10464
2/28/2023,17,18,Wind,7747
7/19/2022,0,1,Wind,5843
3/24/2022,23,0,Wind,5843
7/31/2021,2,3,Wind,5229
2/1/2025,5,6,Wind,3211
8/29/2020,10,11,Wind,3727
1/21/2021,3,4,Wind,12756
7/3/2022,3,4,Wind,1428
9/14/2025,0,1,Wind,5040
12/22/2021,8,9,Wind,3172
2/6/2021,18,19,Wind,4300
3/9/2020,16,17,Wind,8263
2/5/2022,7,8,Wind,3579
10/31/2025,20,21,Wind,14868
4/7/2025,18,19,Solar,5498
8/2/2021,2,3,Wind,1200
6/11/2025,17,18,Solar,8263
10/25/2022,13,14,Solar,5679
10/21/2022,5,6,Wind,9051
10/20/2025,13,14,Wind,19753
8/14/2025,19,20,Wind,3576
1/30/2024,8,9,Wind,6919
7/6/2023,9,10,Solar,3928
6/8/2020,14,15,Solar,5620
10/7/2021,7,8,Wind,1491
4/4/2021,4,5,Wind,5664
11/26/2020,14,15,Solar,2923
12/30/2024,10,11,Solar,2306
8/30/2022,14,15,Solar,5938
7/19/2021,10,11,Solar,5500
7/24/2021,8,9,Wind,4225
2/21/2021,5,6,Wind,8883
4/27/2022,2,3,Wind,5575
1/4/2023,12,13,Wind,17318
7/11/2021,0,1,Wind,1348
11/4/2025,20,21,Wind,14429
9/12/2022,8,9,Wind,3604
9/2/2022,6,7,Wind,1890
5/5/2021,9,10,Wind,9071
1/29/2021,19,20,Wind,11119
11/26/2023,22,23,Wind,5154
11/7/2024,20,21,Wind,3375
8/3/2021,19,20,Wind,1828
4/19/2022,8,9,Wind,2444
8/8/2021,14,15,Wind,9714
1/2/2022,6,7,Wind,8787
2/5/2024,21,22,Wind,8276
7/11/2021,2,3,Wind,1192
9/20/2020,21,22,Wind,2433
11/11/2024,11,12,Wind,6891
7/31/2024,4,5,Wind,2129
3/21/2020,0,1,Wind,7735
10/14/2021,14,15,Solar,5650
1/19/2025,22,23,Wind,1188
10/7/2024,13,14,Wind,6044
2/13/2025,2,3,Wind,1090
6/11/2022,8,9,Solar,2423
10/25/2023,9,10,Wind,10380
3/18/2024,10,11,Solar,5581
9/21/2020,4,5,Wind,817
11/28/2025,7,8,Wind,7806
4/7/2020,4,5,Wind,1718
3/2/2020,10,11,Wind,5353
7/23/2020,10,11,Solar,2720
3/22/2022,23,0,Wind,4199
2/22/2023,22,23,Wind,1437
10/4/2023,0,1,Wind,3511
10/26/2023,17,18,Wind,4734
2/25/2023,19,20,Wind,8542
8/28/2024,21,22,Wind,2163
11/13/2020,15,16,Wind,4593
4/29/2021,16,17,Solar,3421
4/15/2024,21,22,Wind,14523
2/17/2024,9,10,Wind,4037
10/18/2020,22,23,Wind,912
10/7/2023,10,11,Solar,6141
7/17/2021,23,0,Wind,5090
10/30/2022,20,21,Wind,2069
2/2/2021,10,11,Wind,11997
6/25/2020,5,6,Wind,3558
5/3/2025,17,18,Solar,9346
11/12/2021,0,1,Wind,934
8/2/2024,11,12,Solar,6672
9/26/2020,20,21,Wind,8134
9/21/2023,3,4,Wind,9550
4/23/2022,9,10,Wind,6361
1/2/2021,18,19,Wind,1837
12/17/2021,18,19,Wind,8144
11/23/2021,12,13,Wind,9900
12/13/2023,1,2,Wind,9953
10/27/2024,9,10,Solar,3309
9/7/2025,1,2,Wind,6555
8/22/2020,2,3,Wind,5104
7/30/2022,21,22,Wind,1951
8/26/2025,8,9,Wind,5983
11/1/2020,11,12,Wind,13574
6/20/2025,10,11,Solar,8561
9/22/2023,12,13,Wind,11770
1/20/2025,5,6,Wind,1668
10/20/2021,5,6,Wind,10713
12/20/2020,15,16,Wind,4461
8/9/2025,19,20,Wind,5496
11/20/2024,3,4,Wind,8076
7/2/2025,17,18,Wind,11247
1/23/2020,21,22,Wind,2993
8/11/2021,3,4,Wind,704
6/10/2020,16,17,Solar,3105
8/9/2021,6,7,Wind,2967
11/5/2020,20,21,Wind,8082
4/23/2024,1,2,Wind,4273
7/30/2024,23,0,Wind,2765
7/23/2022,15,16,Solar,6571
12/25/2020,1,2,Wind,6863
8/8/2024,1,2,Wind,1289
12/30/2022,17,18,Wind,15843
2/25/2022,10,11,Wind,7997
10/21/2023,12,13,Wind,20931
7/21/2021,5,6,Wind,1927
11/15/2023,10,11,Wind,10577
1/9/2023,17,18,Wind,13412
11/8/2021,7,8,Wind,1922
4/14/2021,22,23,Wind,5346
6/27/2021,20,21,Wind,1366
2/5/2020,17,18,Wind,1746
9/17/2021,2,3,Wind,711
12/29/2023,6,7,Wind,12493
12/2/2022,1,2,Wind,2232
7/23/2021,13,14,Solar,7412
1/26/2025,4,5,Wind,10046
6/3/2022,21,22,Wind,2859
6/23/2022,0,1,Wind,1625
4/23/2021,17,18,Wind,7944
3/23/2022,16,17,Solar,5220
4/3/2023,1,2,Wind,5706
6/16/2023,8,9,Solar,2630
11/16/2024,19,20,Wind,2040
6/22/2025,13,14,Solar,5526
2/24/2023,11,12,Wind,6498
10/17/2020,17,18,Solar,1367
5/11/2022,10,11,Solar,7976
6/20/2023,19,20,Wind,3357
5/22/2022,23,0,Wind,3313
10/30/2024,6,7,Wind,1827
2/20/2020,19,20,Wind,10617
6/22/2022,9,10,Solar,3779
3/31/2021,19,20,Wind,1121
12/30/2024,0,1,Wind,709
3/20/2020,10,11,Wind,6229
12/25/2021,6,7,Wind,1843
3/28/2023,1,2,Wind,2283
6/30/2022,15,16,Solar,5921
7/24/2025,23,0,Wind,2166
2/27/2022,20,21,Wind,6011
3/16/2025,17,18,Wind,7970
6/15/2024,11,12,Wind,10538
1/13/2023,19,20,Wind,10798
2/10/2020,16,17,Wind,13770
11/8/2021,17,18,Wind,1805
1/10/2025,16,17,Wind,2433
6/2/2020,23,0,Wind,1765
12/18/2022,4,5,Wind,5927
11/19/2023,11,12,Wind,16559
4/14/2020,4,5,Wind,7144
6/21/2024,10,11,Solar,5580
5/21/2021,6,7,Wind,8861
6/25/2021,1,2,Wind,2038
10/9/2023,11,12,Solar,5494
4/11/2024,5,6,Wind,3540
1/12/2025,6,7,Wind,3081
12/28/2024,17,18,Wind,354
7/20/2020,4,5,Wind,2939
5/18/2020,5,6,Wind,1868
2/6/2022,19,20,Wind,16044
4/30/2023,5,6,Wind,3818
2/29/2024,13,14,Wind,12775
8/17/2022,20,21,Wind,1406
3/12/2022,2,3,Wind,9389
3/21/2020,15,16,Wind,11152
2/2/2025,9,10,Wind,3472
2/14/2022,5,6,Wind,11744
8/9/2023,20,21,Wind,1211
2/23/2024,8,9,Wind,14058
6/30/2020,0,1,Wind,3738
8/14/2023,17,18,Solar,7241
4/10/2022,15,16,Solar,7678
6/9/2025,10,11,Solar,3733
5/7/2024,12,13,Solar,7214
5/31/2022,10,11,Solar,4174
7/24/2025,0,1,Wind,2396
3/14/2024,16,17,Wind,9218
5/30/2025,17,18,Solar,6501
9/27/2020,22,23,Wind,5190
9/27/2022,14,15,Wind,13231
1/27/2020,2,3,Wind,8486
6/28/2021,17,18,Solar,3945
10/3/2020,0,1,Wind,3195
6/12/2025,11,12,Solar,5733
9/2/2025,17,18,Wind,15009
6/4/2023,17,18,Wind,7894
12/2/2024,8,9,Wind,8193
6/4/2023,20,21,Wind,5847
3/25/2023,5,6,Wind,14863
5/2/2024,12,13,Wind,12077
9/18/2024,21,22,Wind,8671
10/9/2025,8,9,Wind,2496
9/11/2022,2,3,Wind,664
1/29/2025,15,16,Wind,12248
3/29/2021,9,10,Wind,4622
5/31/2023,22,23,Wind,8211
8/31/2024,23,0,Wind,5370
11/6/2023,1,2,Wind,12102
3/25/2021,8,9,Wind,2635
8/5/2024,8,9,Solar,2548
7/2/2021,5,6,Wind,405
1/27/2025,4,5,Wind,18396
5/15/2020,18,19,Wind,4342
9/6/2021,4,5,Wind,1107
10/24/2021,20,21,Wind,3398
12/6/2024,7,8,Wind,14357
8/26/2023,22,23,Wind,1513
5/4/2020,16,17,Solar,5092
10/17/2022,7,8,Wind,7554
8/2/2022,10,11,Solar,5062
4/13/2025,15,16,Wind,4463
4/25/2022,7,8,Wind,3208
10/26/2022,13,14,Wind,8890
12/7/2022,4,5,Wind,2473
10/24/2025,19,20,Wind,12506
8/31/2020,9,10,Wind,3237
6/30/2022,17,18,Wind,5168
11/4/2025,15,16,Wind,12341
8/17/2022,21,22,Wind,1307
12/8/2020,11,12,Wind,2686
3/24/2020,1,2,Wind,6628
7/21/2023,14,15,Solar,8927
6/28/2023,0,1,Wind,2630
9/14/2022,12,13,Solar,5716
5/29/2020,15,16,Wind,7953
8/19/2022,17,18,Wind,7064
8/17/2025,4,5,Wind,6032
4/1/2025,17,18,Wind,13004
10/13/2024,9,10,Wind,2980
4/5/2022,12,13,Wind,9346
4/29/2021,14,15,Solar,4221
2/25/2023,14,15,Wind,9931
7/19/2023,17,18,Wind,11158
10/10/2022,1,2,Wind,4732
4/17/2021,0,1,Wind,4306
12/21/2021,20,21,Wind,3015
4/22/2021,21,22,Wind,6303
11/23/2025,17,18,Wind,10653
6/11/2024,5,6,Wind,1874
5/27/2024,20,21,Wind,3315
9/28/2020,19,20,Wind,4208
8/7/2023,3,4,Wind,3593
3/29/2021,22,23,Wind,2491
5/22/2021,21,22,Wind,5778
11/19/2021,14,15,Solar,3318
1/27/2025,5,6,Wind,18096
8/13/2025,9,10,Solar,4027
9/14/2021,17,18,Wind,3219
5/8/2022,2,3,Wind,4076
7/3/2022,2,3,Wind,1530
7/24/2021,0,1,Wind,5890
11/21/2022,0,1,Wind,7993
4/5/2023,10,11,Solar,5948
8/11/2025,14,15,Solar,11543
7/13/2021,11,12,Wind,5885
9/19/2022,6,7,Wind,2502
12/5/2024,17,18,Wind,15699
11/1/2025,9,10,Wind,14047
11/17/2025,3,4,Wind,5317
8/16/2020,20,21,Wind,1759
1/22/2023,12,13,Wind,7106
5/24/2025,17,18,Wind,13001
1/21/2021,12,13,Wind,12248
7/17/2023,11,12,Solar,7791
10/28/2022,10,11,Wind,8983
7/8/2021,0,1,Wind,1738
6/6/2021,19,20,Wind,2910
9/12/2025,2,3,Wind,10052
10/13/2024,15,16,Solar,5251
2/13/2023,5,6,Wind,3438
4/21/2023,16,17,Solar,7315
12/22/2024,4,5,Wind,18507
6/11/2020,19,20,Wind,3890
10/17/2021,4,5,Wind,1793
4/7/2022,9,10,Wind,16777
11/25/2024,19,20,Wind,6360
5/30/2024,14,15,Wind,11924
11/19/2023,14,15,Wind,17043
2/4/2024,20,21,Wind,8328
9/23/2022,4,5,Wind,505
5/17/2023,15,16,Wind,13945
5/2/2024,23,0,Wind,9680
9/21/2025,12,13,Solar,4035
8/28/2025,13,14,Wind,12192
1/15/2023,18,19,Wind,14920
3/30/2024,0,1,Wind,4270
11/27/2024,1,2,Wind,8974
3/11/2022,8,9,Wind,12227
8/27/2022,23,0,Wind,4610
11/9/2025,16,17,Wind,4511
4/3/2021,2,3,Wind,9279
7/5/2022,12,13,Solar,7173
10/2/2020,16,17,Wind,4517
3/3/2024,19,20,Wind,4860
10/30/2020,22,23,Wind,2173
1/29/2025,13,14,Wind,14188
6/7/2025,2,3,Wind,5372
7/17/2022,4,5,Wind,5437
9/21/2021,2,3,Wind,3038
8/21/2022,15,16,Solar,5244
10/28/2022,1,2,Wind,7785
3/14/2025,1,2,Wind,2246
4/22/2024,23,0,Wind,4362
8/15/2021,14,15,Solar,6192
11/1/2023,8,9,Wind,12856
12/19/2024,5,6,Wind,17699
9/15/2024,14,15,Solar,6259
7/1/2022,14,15,Solar,7548
1/11/2020,4,5,Wind,2401
9/7/2021,14,15,Solar,7947
12/4/2022,23,0,Wind,708
7/27/2025,11,12,Solar,8163
3/19/2022,3,4,Wind,11419
6/13/2023,12,13,Solar,7666
10/31/2020,15,16,Wind,9419
6/19/2023,6,7,Wind,1407
5/15/2023,23,0,Wind,7719
3/16/2021,19,20,Wind,6005
6/12/2023,17,18,Solar,4747
7/3/2020,21,22,Wind,2958
6/19/2025,20,21,Wind,5164
2/12/2020,7,8,Wind,8307
9/7/2024,19,20,Wind,4461
12/17/2020,17,18,Wind,2892
10/4/2021,22,23,Wind,6535
2/27/2021,6,7,Wind,5900
12/14/2022,2,3,Wind,1972
1/1/2024,1,2,Wind,15228
7/25/2023,22,23,Wind,2896
7/18/2022,8,9,Wind,4324
5/10/2021,10,11,Wind,9543
11/8/2021,12,13,Solar,4759
12/10/2022,5,6,Wind,1514
6/25/2020,17,18,Solar,3179
11/29/2020,2,3,Wind,4361
8/5/2023,4,5,Wind,2376
10/12/2020,2,3,Wind,3229
1/13/2021,17,18,Wind,9862
4/20/2022,22,23,Wind,4403
3/6/2020,7,8,Wind,7635
1/15/2021,0,1,Wind,8913
2/16/2022,0,1,Wind,13892
4/2/2021,18,19,Wind,12278
11/24/2021,20,21,Wind,2080
9/18/2022,13,14,Solar,11642
8/5/2025,18,19,Wind,11488
4/16/2022,11,12,Solar,9283
5/2/2024,20,21,Wind,11202
12/1/2022,8,9,Wind,4364
9/17/2023,12,13,Solar,7328
6/21/2025,13,14,Solar,10245
5/27/2020,5,6,Wind,3501
2/27/2021,16,17,Wind,10738
3/26/2024,21,22,Wind,8154
8/26/2022,16,17,Solar,6095
7/13/2022,21,22,Wind,1816
1/23/2020,6,7,Wind,5026
8/17/2020,7,8,Wind,1942
3/26/2020,9,10,Wind,7178
3/6/2024,21,22,Wind,1843
4/30/2025,23,0,Wind,5987
2/14/2020,7,8,Wind,3792
8/26/2022,18,19,Wind,4553
4/22/2025,6,7,Wind,1187
12/1/2022,17,18,Wind,3675
2/5/2025,13,14,Solar,6610
1/30/2022,17,18,Wind,1434
9/29/2021,21,22,Wind,3641
5/13/2024,6,7,Wind,1884
8/30/2020,21,22,Wind,3777
7/11/2020,16,17,Solar,5785
9/29/2025,12,13,Solar,8857
6/28/2024,8,9,Solar,3771
5/9/2020,11,12,Solar,3231
5/22/2024,19,20,Wind,4870
7/3/2020,8,9,Wind,2944
11/23/2020,15,16,Solar,1643
2/24/2022,1,2,Wind,3851
3/7/2025,7,8,Wind,9990
5/26/2020,6,7,Wind,3338
1/12/2023,9,10,Wind,16699
11/30/2021,10,11,Wind,13024
6/19/2022,3,4,Wind,10066
12/7/2022,7,8,Wind,2196
7/21/2022,23,0,Wind,2858
5/17/2025,22,23,Wind,3077
12/15/2024,21,22,Wind,9775
9/28/2020,22,23,Wind,4092
3/5/2022,11,12,Solar,5186
7/4/2025,12,13,Solar,10562
6/20/2024,5,6,Wind,4917
2/4/2022,19,20,Wind,6944
1/18/2020,10,11,Wind,2843
5/26/2021,21,22,Wind,2353
10/30/2024,7,8,Wind,2071
8/18/2020,2,3,Wind,1283
5/23/2022,13,14,Wind,9217
4/28/2025,3,4,Wind,3069
7/9/2024,4,5,Wind,5209
10/20/2025,17,18,Wind,17333
3/9/2020,12,13,Wind,9648
3/14/2025,2,3,Wind,2194
9/16/2020,6,7,Wind,526
6/26/2023,14,15,Solar,10618
5/6/2025,14,15,Wind,8761
10/27/2024,3,4,Wind,1944
9/6/2024,4,5,Wind,1511
10/18/2020,3,4,Wind,583
8/12/2020,14,15,Solar,4536
7/14/2021,23,0,Wind,7745
1/21/2024,10,11,Wind,14443
6/19/2024,2,3,Wind,3425
9/22/2024,22,23,Wind,3299
1/6/2022,21,22,Wind,7422
1/3/2020,10,11,Wind,9189
1/21/2023,3,4,Wind,6960
9/4/2021,16,17,Solar,3636
6/19/2021,14,15,Solar,4390
4/11/2021,0,1,Wind,4255
3/13/2021,13,14,Wind,17323
9/15/2025,11,12,Wind,11011
5/9/2024,1,2,Wind,4350
8/31/2024,14,15,Solar,8366
5/22/2025,18,19,Wind,9293
3/30/2021,15,16,Solar,5587
4/29/2022,21,22,Wind,4703
6/24/2025,15,16,Solar,5446
6/19/2022,2,3,Wind,10201
4/1/2020,17,18,Wind,3836
6/8/2020,4,5,Wind,1414
11/13/2025,19,20,Wind,11859
10/3/2023,19,20,Wind,4989
1/11/2023,21,22,Wind,15556
8/20/2024,1,2,Wind,3390
3/1/2020,14,15,Wind,8968
8/14/2021,21,22,Wind,916
12/14/2021,2,3,Wind,587
10/27/2024,1,2,Wind,1635
7/30/2021,1,2,Wind,1469
4/16/2025,6,7,Wind,3691
10/4/2020,0,1,Wind,7366
12/18/2022,6,7,Wind,6077
7/9/2021,21,22,Wind,370
1/17/2022,17,18,Wind,1397
2/10/2025,1,2,Wind,3221
7/23/2023,15,16,Wind,9714
5/1/2020,5,6,Wind,6913
5/12/2023,18,19,Wind,5556
12/21/2022,19,20,Wind,11825
1/4/2020,10,11,Wind,4479
7/14/2021,17,18,Wind,8231
7/8/2025,21,22,Wind,2398
5/31/2025,1,2,Wind,837
9/17/2025,8,9,Wind,4458
5/10/2022,21,22,Wind,2140
3/31/2023,18,19,Wind,19093
10/4/2024,23,0,Wind,2882
2/4/2021,2,3,Wind,4372
1/3/2020,11,12,Wind,9534
8/31/2020,23,0,Wind,1614
9/8/2025,9,10,Solar,3178
11/11/2022,18,19,Wind,3699
10/21/2024,15,16,Solar,8393
7/4/2022,15,16,Solar,6170
2/1/2025,2,3,Wind,3863
5/23/2022,12,13,Wind,8430
6/20/2025,8,9,Solar,5469
5/22/2020,13,14,Solar,6982
1/1/2022,23,0,Wind,5385
10/29/2022,8,9,Wind,7385
1/3/2025,22,23,Wind,3446
3/29/2021,4,5,Wind,3859
1/24/2021,13,14,Wind,9132
10/6/2021,6,7,Wind,8232
11/26/2023,15,16,Wind,3911
5/28/2022,9,10,Solar,5809
2/5/2024,4,5,Wind,7263
1/28/2025,7,8,Wind,18356
2/22/2023,17,18,Wind,2037
2/17/2024,1,2,Wind,3267
10/3/2022,22,23,Wind,1692
11/25/2021,17,18,Wind,2854
2/24/2025,10,11,Wind,15434
11/20/2021,8,9,Wind,1106
8/20/2025,2,3,Wind,2739
11/14/2020,18,19,Wind,10406
7/23/2025,16,17,Solar,6403
9/29/2021,20,21,Wind,3738
1/23/2024,20,21,Wind,17177
4/10/2025,11,12,Solar,11510
12/24/2024,0,1,Wind,4716
8/15/2025,15,16,Solar,10700
6/3/2024,8,9,Solar,3377
1/10/2025,0,1,Wind,4208
5/28/2020,7,8,Wind,3834
2/2/2024,6,7,Wind,5384
4/15/2021,1,2,Wind,5298
7/16/2023,1,2,Wind,10971
7/4/2022,0,1,Wind,3402
12/15/2022,18,19,Wind,8325
5/31/2020,13,14,Wind,8072
11/8/2020,9,10,Wind,3896
7/25/2021,10,11,Wind,5701
2/15/2020,17,18,Wind,10164
5/22/2023,20,21,Wind,4807
6/20/2024,21,22,Wind,2123
1/24/2022,7,8,Wind,3018
8/30/2021,23,0,Wind,4985
10/7/2021,14,15,Solar,5955
6/18/2020,14,15,Solar,5121
2/17/2020,5,6,Wind,6130
3/30/2020,1,2,Wind,11994
7/3/2025,8,9,Wind,5437
12/10/2021,16,17,Wind,13856
3/8/2023,11,12,Wind,15972
7/31/2025,19,20,Wind,6732
5/27/2023,0,1,Wind,8791
10/29/2023,5,6,Wind,14125
4/21/2024,8,9,Wind,7076
11/30/2025,8,9,Wind,4801
1/23/2022,19,20,Wind,4009
12/10/2024,3,4,Wind,9960
7/16/2022,13,14,Solar,8810
8/23/2020,15,16,Wind,8621
10/20/2021,10,11,Wind,13349
5/5/2023,12,13,Solar,8234
5/28/2020,13,14,Solar,7312
12/23/2022,8,9,Wind,9829
9/10/2025,16,17,Wind,6743
1/1/2023,22,23,Wind,12955
5/30/2024,23,0,Wind,5756
11/7/2024,17,18,Wind,2897
6/30/2024,19,20,Wind,4150
7/26/2020,2,3,Wind,4286
11/1/2024,2,3,Wind,695
4/5/2024,3,4,Wind,8961
11/16/2020,18,19,Wind,4496
12/15/2022,13,14,Wind,6526
10/12/2021,11,12,Solar,5020
6/25/2020,4,5,Wind,3496
6/21/2023,18,19,Solar,2516
4/17/2025,16,17,Solar,7819
3/7/2024,22,23,Wind,12265
8/1/2025,21,22,Wind,4475
9/13/2025,12,13,Wind,13818
7/8/2025,7,8,Wind,6101
3/14/2023,7,8,Wind,16522
7/17/2023,0,1,Wind,3144
7/24/2023,21,22,Wind,3610
5/1/2022,15,16,Solar,6259
10/16/2021,1,2,Wind,1687
7/19/2020,1,2,Wind,1362
9/22/2024,8,9,Wind,3775
7/27/2021,6,7,Wind,1578
1/23/2020,2,3,Wind,6707
7/7/2023,11,12,Solar,8342
1/23/2022,9,10,Wind,3207
5/2/2020,9,10,Wind,4667
6/22/2022,2,3,Wind,3806
8/15/2024,1,2,Wind,1851
10/4/2021,17,18,Wind,6267
1/21/2023,14,15,Wind,10389
10/5/2021,16,17,Wind,12707
4/8/2025,22,23,Wind,5079
8/16/2021,6,7,Wind,4749
1/18/2020,5,6,Wind,4645
8/16/2021,7,8,Wind,5046
1/5/2025,18,19,Wind,18488
10/25/2020,5,6,Wind,7800
6/11/2022,11,12,Solar,5797
5/9/2024,6,7,Wind,3436
7/7/2024,20,21,Wind,3000
7/11/2023,14,15,Solar,9794
6/16/2020,21,22,Wind,1450
10/22/2022,12,13,Solar,6219
6/22/2022,13,14,Solar,5622
6/12/2020,18,19,Wind,4969
3/29/2024,11,12,Wind,13290
12/27/2020,12,13,Wind,13159
7/1/2021,14,15,Solar,5041
8/4/2025,3,4,Wind,3303
12/2/2021,19,20,Wind,4964
4/24/2023,14,15,Wind,10534
9/15/2022,23,0,Wind,2156
12/12/2022,6,7,Wind,1038
12/11/2022,6,7,Wind,2415
5/30/2021,23,0,Wind,5191
6/7/2022,20,21,Wind,3487
12/20/2021,23,0,Wind,3377
10/26/2025,1,2,Wind,10453
4/2/2023,8,9,Wind,10121
4/26/2020,20,21,Wind,466
4/19/2021,9,10,Solar,2735
3/1/2021,8,9,Wind,5349
8/26/2023,17,18,Wind,5041
9/23/2024,8,9,Wind,4634
3/21/2023,16,17,Wind,8241
7/29/2020,11,12,Solar,3483
11/14/2024,0,1,Wind,4003
8/5/2020,2,3,Wind,1003
7/15/2020,8,9,Wind,1905
4/24/2023,5,6,Wind,8273
6/13/2020,8,9,Wind,2926
1/4/2020,18,19,Wind,2983
6/25/2024,6,7,Wind,3497
1/12/2022,14,15,Solar,4731
8/19/2025,21,22,Wind,3579
6/28/2020,0,1,Wind,4765
3/8/2025,6,7,Wind,10878
9/6/2024,6,7,Wind,2426
5/31/2024,12,13,Wind,11737
6/1/2020,17,18,Wind,4261
11/2/2020,12,13,Wind,13394
4/11/2023,12,13,Wind,9998
3/1/2021,1,2,Wind,5776
2/24/2020,18,19,Wind,10814
9/15/2025,2,3,Wind,9831
5/23/2023,18,19,Wind,10411
3/4/2021,21,22,Wind,3114
3/20/2022,6,7,Wind,4720
6/21/2025,14,15,Solar,9972
8/12/2023,4,5,Wind,1660
2/11/2021,14,15,Wind,8606
12/16/2020,8,9,Wind,6819
1/23/2022,10,11,Wind,4428
8/22/2021,23,0,Wind,2991
10/27/2024,14,15,Solar,3213
9/8/2025,12,13,Solar,6498
2/27/2024,1,2,Wind,13652
2/2/2025,19,20,Wind,1296
11/19/2022,8,9,Wind,2689
1/10/2023,19,20,Wind,14924
12/26/2021,10,11,Wind,4021
7/26/2021,17,18,Wind,6326
7/10/2023,8,9,Solar,2252
3/18/2022,1,2,Wind,6520
3/26/2024,6,7,Wind,4088
12/25/2021,10,11,Wind,1761
3/9/2025,4,5,Wind,9371
11/21/2025,22,23,Wind,3561
8/28/2024,11,12,Solar,8271
4/9/2022,7,8,Wind,3140
8/27/2025,13,14,Wind,9935
7/24/2024,14,15,Solar,8396
12/1/2021,3,4,Wind,13696
10/2/2022,14,15,Wind,11081
6/2/2021,18,19,Wind,5123
8/25/2025,0,1,Wind,4994
6/21/2025,10,11,Solar,7971
6/20/2023,23,0,Wind,1043
8/9/2022,11,12,Solar,9212
5/7/2024,0,1,Wind,2917
2/20/2023,0,1,Wind,3125
10/17/2023,7,8,Wind,7154
12/18/2020,4,5,Wind,5875
5/29/2020,16,17,Wind,7583
8/14/2023,14,15,Solar,9682
5/4/2021,15,16,Wind,14449
3/1/2021,9,10,Wind,5489
2/4/2025,17,18,Wind,4150
5/20/2023,16,17,Wind,9396
2/20/2021,6,7,Wind,11021
6/8/2023,23,0,Wind,4890
8/11/2021,8,9,Solar,1398
4/16/2022,1,2,Wind,5425
2/22/2020,15,16,Wind,11215
9/20/2020,5,6,Wind,1430
7/26/2025,16,17,Solar,12297
7/7/2020,16,17,Solar,4966
10/14/2024,7,8,Wind,4181
1/10/2021,12,13,Wind,4787
5/26/2020,13,14,Solar,7674
6/11/2022,10,11,Solar,4978
11/15/2021,3,4,Wind,3192
2/17/2024,2,3,Wind,2933
8/4/2021,20,21,Wind,1904
2/24/2022,4,5,Wind,4560
4/25/2021,16,17,Wind,10672
10/10/2022,15,16,Solar,4814
6/7/2020,13,14,Solar,4010
3/20/2023,21,22,Wind,1961
4/16/2022,19,20,Wind,6468
2/21/2023,19,20,Wind,1282
9/16/2025,10,11,Wind,13417
10/15/2025,11,12,Solar,8271
4/30/2022,2,3,Wind,4404
3/16/2023,13,14,Wind,12494
6/18/2020,13,14,Solar,4693
5/13/2022,11,12,Solar,5938
11/5/2020,11,12,Wind,6089
4/29/2025,15,16,Solar,6311
5/4/2023,23,0,Wind,3643
11/17/2025,0,1,Wind,5025
7/1/2021,5,6,Wind,651
3/15/2023,11,12,Solar,6484
9/15/2023,10,11,Solar,5974
12/22/2023,23,0,Wind,13587
3/22/2021,4,5,Wind,4054
12/12/2022,22,23,Wind,6733
9/3/2023,11,12,Solar,7094
11/9/2021,0,1,Wind,1819
1/17/2021,12,13,Wind,7552
6/21/2023,7,8,Wind,1637
5/20/2021,18,19,Wind,9869
4/16/2021,7,8,Wind,4456
12/17/2022,9,10,Wind,3658
5/8/2022,6,7,Wind,3605
12/22/2022,12,13,Wind,14188
7/11/2021,19,20,Solar,1524
1/27/2020,23,0,Wind,11841
6/15/2020,14,15,Solar,5662
1/17/2020,19,20,Wind,7060
8/8/2025,21,22,Wind,1377
12/22/2023,3,4,Wind,16098
10/22/2025,14,15,Solar,7599
5/21/2023,11,12,Wind,5316
6/14/2025,23,0,Wind,2727
7/7/2025,8,9,Wind,7413
1/9/2024,13,14,Wind,7152
1/21/2021,5,6,Wind,11117
3/28/2024,0,1,Wind,14268
3/24/2024,9,10,Wind,14489
5/11/2022,7,8,Wind,3997
6/20/2021,19,20,Wind,3126
12/23/2020,13,14,Wind,11166
4/14/2024,11,12,Solar,3777
10/17/2025,1,2,Wind,5705
8/24/2023,5,6,Wind,3806
10/5/2022,22,23,Wind,6523
3/4/2025,22,23,Wind,2922
6/15/2021,1,2,Wind,2375
6/27/2020,14,15,Wind,11830
1/22/2020,23,0,Wind,6702
9/1/2023,0,1,Wind,4962
7/27/2024,7,8,Wind,942
9/12/2024,13,14,Solar,11222
9/5/2022,22,23,Wind,5367
6/22/2022,19,20,Wind,2962
9/6/2023,7,8,Wind,2356
8/26/2020,23,0,Wind,1950
2/19/2021,6,7,Wind,4981
6/14/2022,14,15,Solar,6715
2/22/2020,13,14,Wind,12629
9/14/2022,11,12,Solar,5082
6/15/2024,13,14,Wind,11056
1/1/2023,7,8,Wind,9266
9/5/2021,17,18,Solar,2963
11/24/2023,23,0,Wind,9503
5/26/2024,0,1,Wind,3450
9/23/2025,4,5,Wind,4925
8/28/2022,5,6,Wind,3796
11/17/2023,4,5,Wind,4902
12/15/2024,12,13,Wind,9874
8/22/2020,17,18,Wind,10771
10/3/2020,2,3,Wind,2954
6/4/2024,22,23,Wind,4507
5/3/2024,15,16,Solar,10504
2/6/2020,11,12,Solar,4762
1/19/2025,3,4,Wind,931
7/6/2021,15,16,Wind,11191
8/12/2020,11,12,Solar,3755
2/3/2024,12,13,Wind,7803
10/7/2025,9,10,Solar,3821
10/19/2024,13,14,Wind,10146
10/28/2025,3,4,Wind,11254
8/11/2021,21,22,Wind,438
2/5/2024,22,23,Wind,8550
9/28/2022,23,0,Wind,2524
12/18/2024,8,9,Wind,15129
2/6/2022,2,3,Wind,13175
10/12/2022,8,9,Wind,584
7/26/2022,21,22,Wind,2482
5/28/2021,14,15,Solar,5503
9/13/2023,19,20,Wind,1538
10/29/2025,11,12,Wind,7794
7/2/2024,13,14,Solar,8030
12/4/2024,23,0,Wind,6973
4/14/2021,1,2,Wind,4020
2/4/2023,10,11,Solar,4372
9/17/2023,3,4,Wind,2904
4/19/2023,4,5,Wind,7469
5/29/2021,3,4,Wind,2960
5/5/2025,9,10,Wind,12112
6/22/2024,0,1,Wind,4950
5/9/2020,18,19,Wind,2119
3/27/2025,18,19,Wind,3241
3/5/2022,7,8,Wind,2368
5/15/2020,2,3,Wind,7692
10/15/2022,9,10,Wind,11169
7/5/2023,5,6,Wind,9980
3/18/2022,9,10,Wind,9550
1/15/2022,11,12,Solar,3590
10/21/2022,12,13,Wind,8623
10/1/2021,18,19,Wind,5384
9/15/2023,16,17,Solar,6137
5/18/2022,6,7,Wind,1431
1/26/2025,7,8,Wind,10617
4/6/2021,4,5,Wind,4973
6/5/2024,15,16,Solar,8338
5/27/2023,16,17,Solar,7001
10/7/2023,14,15,Solar,8412
6/19/2025,23,0,Wind,6656
7/14/2020,16,17,Solar,5502
1/30/2025,9,10,Wind,6843
4/18/2020,10,11,Solar,2403
5/1/2020,20,21,Wind,7607
12/17/2024,7,8,Wind,2584
10/20/2021,2,3,Wind,11312
1/19/2025,13,14,Solar,4287
1/19/2020,12,13,Wind,7168
4/3/2022,12,13,Wind,8072
11/26/2022,16,17,Wind,4098
4/6/2024,11,12,Wind,11113
6/29/2024,9,10,Wind,4606
6/21/2022,13,14,Solar,4725
5/24/2021,7,8,Wind,7606
7/19/2025,22,23,Wind,3591
1/24/2023,6,7,Wind,7138
1/5/2023,5,6,Wind,8718
3/31/2024,15,16,Wind,12871
10/20/2021,4,5,Wind,10723
10/8/2020,16,17,Wind,10734
11/22/2025,4,5,Wind,4238
2/9/2021,7,8,Wind,1690
12/11/2022,4,5,Wind,2435
10/2/2022,10,11,Wind,8595
12/11/2021,21,22,Wind,4734
1/29/2025,19,20,Wind,7676
10/17/2024,16,17,Wind,3148
2/15/2020,10,11,Wind,9345
8/30/2021,17,18,Wind,7498
12/1/2022,2,3,Wind,3707
9/24/2023,23,0,Wind,6907
1/29/2020,5,6,Wind,8170
6/27/2025,0,1,Wind,3718
3/23/2020,20,21,Wind,7815
6/3/2024,11,12,Solar,6838
6/3/2020,21,22,Wind,4054
3/15/2024,22,23,Wind,11551
5/6/2020,1,2,Wind,2902
6/20/2022,8,9,Wind,4120
8/4/2022,8,9,Wind,2352
6/5/2025,2,3,Wind,3520
5/22/2024,21,22,Wind,3246
5/31/2021,12,13,Solar,8251
5/17/2025,16,17,Solar,5091
6/8/2023,3,4,Wind,4963
6/10/2020,13,14,Solar,3476
4/6/2021,7,8,Wind,4483
5/12/2020,13,14,Wind,5427
10/22/2021,13,14,Wind,7756
10/25/2020,20,21,Wind,5286
11/10/2024,9,10,Solar,2337
8/27/2020,3,4,Wind,746
12/8/2020,13,14,Wind,2927
2/25/2020,19,20,Wind,11340
5/25/2025,22,23,Wind,7827
10/29/2024,8,9,Wind,2469
6/12/2023,2,3,Wind,1550
6/11/2022,18,19,Solar,3464
10/14/2024,9,10,Wind,4669
11/29/2023,7,8,Wind,3138
5/11/2023,19,20,Wind,3543
5/30/2022,5,6,Wind,3358
4/20/2023,1,2,Wind,9578
10/26/2025,15,16,Wind,14457
6/3/2021,12,13,Solar,4373
5/9/2022,19,20,Solar,1377
12/20/2021,3,4,Wind,3033
10/9/2023,6,7,Wind,1355
9/15/2023,0,1,Wind,3113
9/8/2023,5,6,Wind,1193
6/24/2020,3,4,Wind,4927
11/30/2024,2,3,Wind,4784
4/14/2025,4,5,Wind,625
8/13/2021,1,2,Wind,1385
7/6/2021,20,21,Wind,3252
5/2/2020,6,7,Wind,4527
9/25/2021,7,8,Wind,1626
9/13/2025,23,0,Wind,5473
5/3/2022,20,21,Wind,3913
5/31/2022,6,7,Wind,629
4/4/2021,20,21,Wind,1822
5/2/2022,14,15,Solar,6399
4/22/2022,6,7,Wind,4924
12/6/2021,13,14,Wind,6810
12/11/2021,4,5,Wind,7205
2/28/2025,2,3,Wind,4602
2/9/2023,0,1,Wind,2302
10/16/2020,12,13,Wind,4771
10/17/2023,19,20,Wind,9601
10/21/2025,0,1,Wind,16078
11/7/2023,15,16,Wind,10062
10/30/2025,20,21,Wind,7973
10/19/2020,1,2,Wind,1282
9/8/2023,0,1,Wind,1364
10/19/2025,18,19,Wind,12954
11/13/2022,15,16,Solar,2623
2/24/2021,23,0,Wind,6614
4/16/2023,14,15,Solar,10098
8/19/2024,21,22,Wind,2334
3/1/2024,20,21,Wind,13391
4/25/2025,23,0,Wind,5109
6/5/2025,0,1,Wind,2919
5/4/2024,20,21,Wind,3018
8/19/2023,17,18,Solar,5543
3/21/2024,9,10,Solar,3781
4/5/2021,1,2,Wind,3111
5/19/2021,22,23,Wind,3897
12/21/2023,3,4,Wind,14043
2/22/2025,4,5,Wind,10381
2/7/2021,23,0,Wind,1739
5/10/2025,6,7,Wind,7169
2/25/2025,14,15,Wind,13221
7/2/2024,2,3,Wind,2993
5/25/2023,6,7,Wind,7649
4/13/2022,16,17,Solar,3243
2/15/2025,18,19,Wind,3681
4/19/2022,5,6,Wind,2287
2/14/2021,23,0,Wind,10047
1/13/2024,2,3,Wind,2005
6/23/2024,21,22,Wind,1679
6/23/2023,22,23,Wind,2045
12/13/2022,16,17,Wind,2696
10/3/2023,20,21,Wind,4434
7/13/2023,15,16,Solar,9653
4/19/2020,17,18,Wind,4146
12/1/2022,19,20,Wind,3999
6/23/2025,19,20,Wind,9992
9/8/2020,1,2,Wind,1554
7/3/2024,18,19,Wind,9354
7/25/2025,3,4,Wind,2035
6/20/2021,10,11,Solar,3778
5/31/2023,8,9,Wind,7123
5/1/2021,11,12,Solar,3323
4/2/2023,12,13,Wind,12812
1/8/2022,10,11,Wind,10733
2/23/2024,13,14,Wind,16191
1/22/2021,17,18,Wind,3817
7/5/2025,4,5,Wind,2489
4/18/2024,12,13,Solar,8623
10/24/2024,0,1,Wind,6796
8/8/2023,22,23,Wind,2582
1/13/2020,17,18,Wind,9926
6/27/2025,13,14,Solar,11541
7/1/2024,5,6,Wind,1695
5/11/2024,21,22,Wind,3472
9/7/2025,14,15,Wind,7231
11/19/2023,13,14,Wind,17786
12/11/2020,18,19,Wind,6188
8/28/2020,5,6,Wind,4524
2/4/2025,13,14,Solar,8211
2/9/2020,5,6,Wind,11052
4/13/2022,5,6,Wind,1227
10/24/2021,22,23,Wind,3438
10/24/2024,5,6,Wind,6302
2/16/2023,6,7,Wind,4250
6/11/2024,4,5,Wind,1800
10/16/2020,23,0,Wind,1207
6/28/2020,3,4,Wind,4867
3/23/2024,11,12,Wind,12855
8/13/2025,3,4,Wind,1056
7/4/2022,1,2,Wind,3580
4/18/2022,15,16,Solar,5600
8/18/2025,16,17,Solar,7367
11/17/2024,18,19,Wind,4964
4/30/2023,23,0,Wind,1696
3/20/2020,2,3,Wind,3316
12/15/2023,12,13,Solar,4274
11/28/2021,13,14,Wind,10375
10/31/2025,21,22,Wind,15246
10/5/2022,12,13,Wind,14483
6/23/2025,10,11,Wind,11567
3/1/2023,18,19,Wind,7450
12/12/2022,10,11,Wind,3288
11/12/2021,15,16,Wind,3879
12/21/2023,12,13,Wind,19358
10/25/2024,2,3,Wind,6941
2/24/2023,18,19,Wind,3224
7/8/2022,11,12,Solar,7531
11/8/2020,1,2,Wind,4275
11/1/2021,0,1,Wind,9125
11/23/2024,0,1,Wind,8044
12/23/2024,5,6,Wind,17108
11/15/2023,21,22,Wind,4402
7/29/2020,13,14,Solar,4027
3/1/2020,16,17,Wind,8574
12/16/2020,10,11,Wind,8045
11/2/2021,4,5,Wind,4888
11/9/2020,9,10,Wind,3308
10/4/2023,4,5,Wind,2628
2/16/2024,22,23,Wind,4567
3/21/2020,11,12,Wind,10973
8/8/2021,5,6,Wind,5042
5/29/2021,5,6,Wind,2581
9/8/2023,14,15,Solar,7239
1/16/2024,2,3,Wind,1868
6/26/2025,21,22,Wind,4580
9/28/2021,5,6,Wind,1599
3/6/2020,2,3,Wind,10808
10/10/2021,5,6,Wind,1374
6/7/2025,18,19,Wind,13408
12/2/2023,11,12,Solar,4402
6/9/2020,20,21,Wind,2462
7/14/2025,19,20,Wind,8818
2/5/2021,21,22,Wind,2566
2/2/2023,21,22,Wind,7011
5/26/2023,16,17,Solar,11645
8/3/2024,14,15,Solar,10343
10/14/2022,0,1,Wind,3451
8/12/2025,12,13,Solar,10561
3/28/2022,7,8,Wind,1693
5/2/2025,4,5,Wind,3410
4/13/2025,17,18,Wind,5953
10/9/2020,21,22,Wind,3453
8/6/2025,2,3,Wind,3916
6/11/2021,21,22,Wind,2176
6/19/2020,9,10,Solar,3181
1/24/2023,7,8,Wind,7104
9/15/2020,21,22,Wind,833
7/24/2023,7,8,Wind,4430
7/6/2025,16,17,Wind,14176
4/15/2021,12,13,Wind,9189
3/22/2025,23,0,Wind,4464
1/4/2024,11,12,Wind,11461
2/17/2023,7,8,Wind,8100
5/20/2024,4,5,Wind,1616
1/27/2024,10,11,Wind,5738
8/31/2023,15,16,Wind,10018
2/19/2021,3,4,Wind,4793
7/8/2021,14,15,Solar,5195
5/19/2023,1,2,Wind,6367
1/29/2021,16,17,Wind,14125
6/1/2022,20,21,Wind,2172
4/30/2020,16,17,Wind,14234
9/22/2021,21,22,Wind,2338
2/2/2024,4,5,Wind,4279
7/24/2022,15,16,Solar,7307
5/25/2021,13,14,Wind,14393
7/17/2023,7,8,Wind,2338
6/8/2024,9,10,Solar,4101
7/19/2022,8,9,Wind,5523
11/16/2020,10,11,Wind,9212
2/2/2024,23,0,Wind,6383
6/25/2020,20,21,Wind,1654
7/10/2025,22,23,Wind,3466
6/3/2022,5,6,Wind,2794
6/18/2020,2,3,Wind,1786
3/21/2024,4,5,Wind,2332
4/25/2023,1,2,Wind,2739
1/7/2022,9,10,Wind,9573
4/18/2023,12,13,Wind,12157
3/26/2023,8,9,Wind,14251
12/19/2023,9,10,Wind,9075
10/26/2022,0,1,Wind,6850
6/3/2025,8,9,Wind,5477
6/17/2020,3,4,Wind,1304
8/29/2025,3,4,Wind,8790
2/16/2020,15,16,Wind,13620
9/15/2020,4,5,Wind,3135
2/7/2022,14,15,Solar,6367
9/18/2021,21,22,Wind,2374
5/9/2023,4,5,Wind,2754
3/18/2024,9,10,Solar,3934
1/10/2024,12,13,Wind,2707
12/24/2020,2,3,Wind,10311
6/10/2024,8,9,Wind,7335
11/9/2022,1,2,Wind,9198
11/11/2024,1,2,Wind,2550
12/5/2022,19,20,Wind,1646
1/6/2020,22,23,Wind,6114
8/21/2023,21,22,Wind,1791
1/12/2020,17,18,Wind,4993
10/12/2024,18,19,Wind,6137
11/9/2020,13,14,Solar,2889
9/13/2022,0,1,Wind,2581
3/29/2020,16,17,Wind,13630
2/15/2025,22,23,Wind,5661
8/27/2025,0,1,Wind,2252
7/12/2023,22,23,Wind,3539
1/2/2025,7,8,Wind,6369
2/19/2021,9,10,Wind,6811
9/23/2025,2,3,Wind,7896
7/10/2022,8,9,Wind,4514
3/26/2021,5,6,Wind,3646
10/15/2021,6,7,Wind,1575
2/7/2025,15,16,Wind,10457
10/10/2025,18,19,Wind,3559
6/22/2023,15,16,Wind,9514
2/24/2022,22,23,Wind,7938
1/15/2025,16,17,Wind,3431
7/28/2021,4,5,Wind,3354
5/5/2025,15,16,Wind,15064
2/12/2023,21,22,Wind,4192
10/5/2021,8,9,Wind,10165
7/16/2022,19,20,Wind,4533
5/2/2023,16,17,Solar,8967
5/22/2021,9,10,Wind,12712
4/14/2025,6,7,Wind,479
8/19/2022,11,12,Solar,6190
11/12/2020,8,9,Wind,5261
6/5/2020,2,3,Wind,3265
8/10/2021,5,6,Wind,1248
2/15/2023,0,1,Wind,4757
7/26/2021,11,12,Solar,5093
2/6/2022,10,11,Wind,17304
12/20/2020,19,20,Wind,5429
5/29/2024,13,14,Wind,11498
3/14/2023,19,20,Wind,6322
3/17/2023,18,19,Wind,6610
8/8/2020,5,6,Wind,1149
5/2/2021,2,3,Wind,2502
1/21/2021,16,17,Wind,11579
7/4/2020,2,3,Wind,3974
8/7/2020,14,15,Solar,4514
4/1/2020,21,22,Wind,3851
9/15/2022,6,7,Wind,1567
2/16/2023,10,11,Wind,7146
5/18/2024,0,1,Wind,677
12/30/2020,6,7,Wind,2807
4/28/2024,12,13,Wind,8476
3/23/2021,15,16,Solar,3997
11/26/2023,1,2,Wind,2638
4/25/2023,21,22,Wind,2248
8/24/2021,11,12,Wind,9610
1/27/2025,21,22,Wind,17504
1/3/2025,15,16,Wind,4264
7/3/2022,23,0,Wind,3250
4/27/2022,18,19,Wind,7424
10/17/2022,20,21,Wind,1731
12/24/2024,20,21,Wind,2733
7/5/2025,7,8,Wind,3504
3/24/2024,12,13,Wind,17542
3/5/2021,9,10,Wind,5969
4/18/2023,0,1,Wind,7377
2/20/2020,14,15,Wind,13570
4/22/2023,21,22,Wind,4685
6/30/2021,22,23,Wind,1138
9/15/2023,5,6,Wind,2859
6/27/2021,19,20,Wind,1928
12/18/2023,6,7,Wind,1983
1/3/2025,4,5,Wind,2458
10/11/2025,2,3,Wind,3113
9/17/2022,16,17,Wind,10338
10/19/2020,14,15,Wind,7098
10/10/2024,7,8,Wind,7668
4/26/2022,5,6,Wind,2225
5/8/2023,14,15,Solar,6648
11/11/2021,17,18,Wind,380
11/23/2023,20,21,Wind,8437
4/27/2025,17,18,Solar,5174
9/27/2025,21,22,Wind,2138
10/4/2023,18,19,Wind,2050
4/3/2022,6,7,Wind,4104
8/25/2020,1,2,Wind,723
7/17/2022,23,0,Wind,4351
10/3/2025,13,14,Wind,11301
8/6/2021,11,12,Wind,11666
5/14/2021,10,11,Wind,6084
4/22/2024,15,16,Wind,11441
9/12/2021,3,4,Wind,833
5/21/2025,12,13,Solar,9175
9/21/2020,15,16,Solar,2049
2/7/2021,20,21,Wind,3072
8/27/2022,18,19,Solar,4302
11/4/2022,8,9,Wind,6595
9/18/2022,21,22,Wind,4391
6/18/2022,10,11,Solar,5292
10/22/2021,3,4,Wind,2015
4/29/2020,12,13,Wind,9416
2/13/2023,3,4,Wind,3717
5/7/2022,18,19,Wind,5564
7/4/2021,6,7,Wind,932
1/15/2023,4,5,Wind,11169
2/16/2023,18,19,Wind,6891
8/5/2024,6,7,Wind,776
5/16/2021,1,2,Wind,5170
3/8/2023,10,11,Wind,15041
10/30/2020,13,14,Wind,7334
4/26/2021,10,11,Wind,7918
7/7/2025,6,7,Wind,5004
8/24/2021,9,10,Wind,6030
4/1/2022,0,1,Wind,10193
8/21/2024,23,0,Wind,1351
1/19/2024,22,23,Wind,3386
5/24/2021,12,13,Wind,12352
5/18/2021,1,2,Wind,5826
11/4/2023,14,15,Wind,17543
7/14/2024,9,10,Solar,2112
3/10/2022,9,10,Wind,5077
3/10/2024,1,2,Wind,3791
2/28/2021,23,0,Wind,6317
4/23/2025,0,1,Wind,4602
6/16/2025,8,9,Solar,4345
3/26/2021,7,8,Wind,4671
8/3/2022,7,8,Wind,1048
11/1/2023,7,8,Wind,12440
11/21/2022,12,13,Wind,10615
9/23/2020,21,22,Wind,7077
7/21/2021,9,10,Solar,2455
5/25/2025,23,0,Wind,7409
1/20/2020,18,19,Wind,5481
7/16/2020,23,0,Wind,1793
4/11/2025,3,4,Wind,4126
7/30/2023,2,3,Wind,5343
12/19/2022,23,0,Wind,13567
12/4/2024,2,3,Wind,1630
6/10/2022,11,12,Solar,7582
11/17/2021,9,10,Wind,2394
4/24/2022,3,4,Wind,2963
5/28/2023,0,1,Wind,5726
1/24/2025,10,11,Wind,19742
6/8/2023,11,12,Solar,8461
11/19/2024,7,8,Wind,18100
7/10/2022,5,6,Wind,4280
5/15/2022,7,8,Wind,4614
9/28/2022,9,10,Wind,4568
2/17/2021,12,13,Wind,11639
10/9/2024,12,13,Wind,12368
6/4/2025,14,15,Solar,8787
11/4/2020,11,12,Solar,3051
2/26/2022,8,9,Wind,5296
3/17/2024,12,13,Solar,8354
2/15/2023,14,15,Solar,5873
7/31/2020,8,9,Wind,3969
4/15/2022,9,10,Solar,3210
12/12/2020,5,6,Wind,4914
9/2/2022,8,9,Wind,2497
3/16/2020,7,8,Wind,3407
11/21/2024,15,16,Wind,9569
8/7/2021,3,4,Wind,3328
2/28/2025,12,13,Solar,10622
4/23/2022,3,4,Wind,5891
1/7/2025,4,5,Wind,14713
10/25/2021,23,0,Wind,3138
11/7/2021,1,2,Wind,6691
2/4/2021,19,20,Wind,3434
2/22/2020,4,5,Wind,8062
10/23/2024,23,0,Wind,6864
8/17/2023,0,1,Wind,2496
3/2/2025,13,14,Solar,12215
2/5/2023,0,1,Wind,3594
2/7/2024,7,8,Wind,17057
6/20/2023,13,14,Solar,7992
1/13/2020,4,5,Wind,2614
9/22/2024,2,3,Wind,4342
8/27/2025,23,0,Wind,2306
11/9/2024,22,23,Wind,654
1/28/2021,5,6,Wind,10801
11/8/2024,4,5,Wind,2745
6/27/2024,9,10,Solar,4237
2/5/2025,15,16,Solar,5425
2/24/2025,20,21,Wind,6233
8/9/2022,14,15,Solar,10463
8/6/2020,0,1,Wind,1316
12/20/2022,16,17,Wind,8489
5/6/2022,13,14,Solar,6950
5/23/2025,2,3,Wind,3630
1/29/2022,19,20,Wind,9050
1/8/2023,4,5,Wind,11271
12/7/2024,7,8,Wind,18470
1/16/2020,7,8,Wind,5457
6/8/2022,17,18,Wind,10342
5/20/2021,14,15,Wind,11590
7/25/2021,8,9,Wind,3518
5/7/2020,15,16,Solar,4042
3/26/2021,18,19,Wind,8689
6/27/2023,1,2,Wind,3541
10/24/2024,1,2,Wind,6617
8/24/2020,15,16,Solar,6376
10/23/2021,1,2,Wind,1627
4/4/2020,23,0,Wind,6994
2/2/2023,22,23,Wind,6620
11/16/2022,4,5,Wind,8639
9/10/2020,6,7,Wind,1588
3/9/2022,19,20,Wind,5409
7/23/2025,4,5,Wind,981
3/10/2022,15,16,Wind,6480
12/4/2021,21,22,Wind,11148
9/2/2024,4,5,Wind,1417
8/5/2025,7,8,Wind,4930
2/19/2024,4,5,Wind,3561
9/23/2025,20,21,Wind,7015
3/17/2025,5,6,Wind,5480
12/12/2020,0,1,Wind,6148
6/2/2022,11,12,Solar,6196
8/11/2024,20,21,Wind,4609
7/27/2021,17,18,Wind,6091
10/1/2022,18,19,Wind,9643
12/12/2023,20,21,Wind,12126
3/17/2020,6,7,Wind,985
6/5/2024,21,22,Wind,2061
6/20/2021,5,6,Wind,3261
10/31/2025,3,4,Wind,9983
1/3/2024,22,23,Wind,16866
4/25/2021,2,3,Wind,8382
1/23/2024,10,11,Wind,10479
6/12/2023,5,6,Wind,1553
2/19/2022,1,2,Wind,11830
1/29/2020,7,8,Wind,7825
12/20/2020,18,19,Wind,5033
6/2/2020,15,16,Solar,3567
5/28/2024,8,9,Wind,6596
1/30/2023,9,10,Wind,7712
5/4/2020,18,19,Wind,4761
11/1/2021,12,13,Wind,12570
3/26/2020,17,18,Wind,6738
3/20/2022,11,12,Solar,5199
11/9/2021,18,19,Wind,1386
6/2/2020,6,7,Wind,1579
3/14/2021,6,7,Wind,10061
4/2/2024,17,18,Wind,14399
4/4/2025,10,11,Solar,8357
1/17/2023,7,8,Wind,2989
1/12/2023,8,9,Wind,16345
9/22/2022,4,5,Wind,2032
5/2/2020,7,8,Wind,4238
9/26/2024,2,3,Wind,12285
8/15/2024,16,17,Solar,9170
12/19/2024,23,0,Wind,10852
8/4/2025,21,22,Wind,4350
8/27/2023,20,21,Wind,4122
5/25/2023,10,11,Wind,12510
12/12/2020,2,3,Wind,5549
9/11/2023,7,8,Wind,1487
2/29/2024,15,16,Wind,11785
2/18/2025,17,18,Wind,7911
8/11/2020,6,7,Wind,789
7/12/2021,21,22,Wind,3009
12/10/2022,9,10,Wind,2001
9/8/2022,1,2,Wind,3781
4/13/2024,1,2,Wind,2145
5/19/2022,11,12,Wind,8552
5/15/2024,1,2,Wind,3240
1/4/2024,0,1,Wind,15949
3/16/2024,4,5,Wind,7152
4/17/2024,2,3,Wind,5485
10/10/2023,23,0,Wind,2350
7/20/2021,17,18,Solar,5061
6/28/2024,19,20,Solar,2931
10/17/2022,4,5,Wind,8371
5/4/2024,16,17,Wind,7097
11/23/2022,16,17,Wind,11998
7/25/2024,14,15,Solar,10189
11/22/2023,0,1,Wind,7046
5/23/2023,13,14,Wind,11450
10/17/2024,14,15,Wind,3422
6/18/2020,15,16,Solar,5327
9/16/2020,19,20,Wind,4286
9/1/2024,10,11,Solar,5454
11/29/2022,1,2,Wind,2348
7/31/2022,0,1,Wind,2172
11/11/2022,22,23,Wind,4710
10/24/2024,13,14,Solar,8418
9/9/2025,1,2,Wind,2328
6/3/2022,10,11,Solar,3195
4/11/2020,12,13,Solar,4030
3/28/2025,6,7,Wind,2900
9/24/2024,1,2,Wind,5173
5/29/2021,8,9,Wind,2818
12/13/2020,17,18,Wind,8724
12/21/2024,15,16,Wind,16264
1/30/2021,9,10,Wind,7466
4/28/2023,19,20,Wind,4416
2/22/2023,8,9,Wind,3681
7/4/2024,2,3,Wind,4917
8/17/2023,22,23,Wind,3285
3/1/2025,6,7,Wind,6964
4/5/2021,17,18,Wind,11176
4/24/2025,3,4,Wind,2874
1/1/2023,11,12,Wind,11352
9/21/2024,18,19,Wind,3706
2/6/2022,8,9,Wind,15231
6/22/2023,12,13,Wind,8029
6/19/2022,23,0,Wind,6609
12/29/2022,7,8,Wind,14628
10/8/2021,16,17,Wind,7401
3/3/2021,15,16,Solar,2297
8/25/2022,9,10,Solar,4102
11/2/2023,12,13,Wind,15749
4/28/2023,15,16,Wind,11332
3/19/2024,8,9,Solar,2995
10/18/2025,2,3,Wind,5298
9/9/2025,18,19,Wind,3952
2/26/2020,6,7,Wind,10052
8/2/2023,3,4,Wind,11426
1/27/2024,4,5,Wind,2168
12/29/2022,9,10,Wind,14107
8/31/2024,5,6,Wind,4126
1/12/2025,4,5,Wind,2882
10/10/2021,12,13,Solar,5083
3/6/2025,12,13,Solar,15080
9/27/2023,20,21,Wind,6093
3/21/2022,6,7,Wind,4047
7/25/2022,14,15,Wind,13252
1/7/2020,20,21,Wind,5559
6/19/2025,12,13,Solar,5699
10/2/2023,22,23,Wind,9165
10/22/2025,6,7,Wind,4199
8/20/2020,1,2,Wind,4652
1/5/2023,8,9,Wind,6315
4/15/2021,8,9,Wind,4765
4/3/2023,6,7,Wind,5730
7/28/2022,16,17,Solar,4699
3/16/2022,22,23,Wind,4803
2/11/2024,23,0,Wind,5948
4/18/2022,10,11,Solar,4102
8/20/2020,0,1,Wind,4778
5/30/2021,18,19,Wind,5283
2/3/2024,0,1,Wind,5398
2/2/2022,12,13,Wind,7343
8/11/2022,16,17,Solar,7985
3/2/2020,0,1,Wind,8237
7/20/2020,12,13,Solar,6001
2/25/2025,6,7,Wind,5499
9/27/2023,9,10,Solar,4720
1/28/2021,7,8,Wind,13384
4/11/2021,9,10,Wind,6470
1/4/2023,13,14,Wind,17387
5/22/2023,7,8,Wind,2460
6/1/2020,23,0,Wind,2810
1/12/2025,7,8,Wind,3280
12/28/2020,14,15,Wind,9585
3/26/2024,11,12,Wind,5113
5/5/2021,3,4,Wind,6830
2/3/2022,8,9,Wind,3193
11/15/2022,23,0,Wind,8025
1/13/2025,17,18,Wind,3745
10/29/2021,11,12,Wind,12826
2/20/2020,21,22,Wind,9235
9/11/2020,20,21,Wind,978
4/20/2022,13,14,Wind,6149
2/26/2021,9,10,Wind,3431
3/21/2023,2,3,Wind,3815
8/24/2022,6,7,Wind,918
3/4/2023,3,4,Wind,4696
7/12/2025,6,7,Wind,3675
8/8/2021,8,9,Wind,5143
3/26/2020,11,12,Wind,9436
4/14/2023,18,19,Wind,9132
2/24/2022,2,3,Wind,4044
1/19/2020,21,22,Wind,7199
9/28/2025,18,19,Wind,1930
7/25/2025,20,21,Wind,3699
9/21/2022,15,16,Solar,7231
3/27/2023,21,22,Wind,2171
1/10/2022,17,18,Wind,1854
6/15/2025,11,12,Solar,3323
9/27/2025,19,20,Wind,988
6/5/2024,16,17,Solar,5467
1/31/2022,12,13,Wind,16588
5/10/2025,15,16,Solar,6026
11/9/2020,12,13,Solar,3129
12/8/2024,9,10,Wind,17595
3/4/2021,10,11,Solar,2510
7/10/2020,6,7,Wind,2854
3/12/2025,15,16,Solar,3819
9/1/2023,18,19,Solar,3528
1/12/2024,7,8,Wind,6614
7/14/2023,10,11,Solar,9021
11/29/2020,14,15,Wind,3884
11/3/2023,20,21,Wind,11587
7/15/2024,2,3,Wind,806
1/13/2021,21,22,Wind,10124
5/5/2021,19,20,Wind,7103
3/21/2023,21,22,Wind,6853
7/3/2024,16,17,Wind,12507
7/11/2025,2,3,Wind,4561
7/30/2021,10,11,Wind,7443
4/6/2022,8,9,Wind,5703
11/9/2025,10,11,Solar,6137
2/8/2024,9,10,Wind,14578
5/6/2021,23,0,Wind,2774
10/23/2021,9,10,Wind,2533
10/7/2022,23,0,Wind,2893
2/2/2024,20,21,Wind,7591
12/13/2022,18,19,Wind,3271
5/28/2022,23,0,Wind,6736
4/8/2023,15,16,Solar,8121
6/5/2024,3,4,Wind,2600
3/26/2025,8,9,Wind,4117
8/27/2024,7,8,Wind,4362
3/22/2020,5,6,Wind,8012
4/26/2022,22,23,Wind,5243
5/19/2023,15,16,Wind,10001
1/24/2022,3,4,Wind,2969
2/1/2022,8,9,Wind,7682
12/16/2024,4,5,Wind,7471
12/16/2023,11,12,Solar,5289
10/29/2023,17,18,Wind,13201
1/6/2022,20,21,Wind,6842
4/6/2022,15,16,Wind,13079
6/16/2023,22,23,Wind,1185
10/26/2021,1,2,Wind,3058
11/26/2025,13,14,Solar,6697
12/8/2022,12,13,Wind,2588
1/25/2021,7,8,Wind,5382
3/30/2020,18,19,Wind,11078
12/8/2023,12,13,Wind,5928
9/3/2022,7,8,Wind,1564
5/13/2024,2,3,Wind,2486
7/17/2024,6,7,Wind,1311
8/1/2021,14,15,Solar,6936
7/25/2024,7,8,Wind,1757
4/30/2021,16,17,Solar,2380
8/23/2025,17,18,Solar,7139
10/12/2021,21,22,Wind,3745
12/29/2020,2,3,Wind,6417
1/6/2023,1,2,Wind,7136
4/18/2025,14,15,Solar,7510
10/27/2021,15,16,Solar,5169
12/9/2023,0,1,Wind,8230
12/21/2024,0,1,Wind,11974
1/5/2025,8,9,Wind,17589
10/6/2021,22,23,Wind,2961
1/16/2024,13,14,Solar,3645
9/21/2022,0,1,Wind,2874
11/8/2024,5,6,Wind,2488
1/29/2021,9,10,Wind,14288
8/7/2021,1,2,Wind,2984
7/23/2024,20,21,Wind,4481
6/27/2025,6,7,Wind,2148
10/9/2020,6,7,Wind,2199
8/15/2020,13,14,Solar,3858
10/13/2024,19,20,Wind,846
11/18/2021,0,1,Wind,1595
4/29/2021,7,8,Wind,2584
9/24/2024,19,20,Wind,4603
10/13/2020,15,16,Wind,6503
9/7/2025,2,3,Wind,6502
3/28/2024,1,2,Wind,14376
7/7/2020,20,21,Wind,2114
5/22/2020,17,18,Wind,6372
1/26/2023,10,11,Wind,5197
4/25/2020,13,14,Solar,4085
7/14/2024,10,11,Solar,2634
12/11/2024,14,15,Wind,6865
10/20/2023,18,19,Wind,7162
7/31/2022,7,8,Wind,1873
11/19/2020,22,23,Wind,4071
5/13/2023,13,14,Wind,9897
1/29/2024,17,18,Wind,5859
4/19/2024,14,15,Wind,18551
6/9/2020,16,17,Wind,5018
3/30/2025,21,22,Wind,6026
7/4/2020,0,1,Wind,2880
4/21/2023,12,13,Solar,7908
3/11/2025,9,10,Wind,5850
9/1/2021,21,22,Wind,7034
8/18/2025,5,6,Wind,5172
1/16/2022,11,12,Wind,5504
4/8/2020,22,23,Wind,690
3/20/2024,8,9,Wind,4474
9/2/2021,8,9,Wind,6040
6/6/2025,5,6,Wind,8130
4/5/2025,15,16,Solar,6317
7/18/2021,5,6,Wind,4909
5/30/2020,8,9,Wind,3028
1/15/2023,2,3,Wind,9467
9/8/2022,22,23,Wind,5397
10/22/2025,20,21,Wind,10734
12/28/2021,14,15,Wind,15685
9/29/2024,22,23,Wind,10984
6/14/2020,13,14,Solar,5704
12/23/2021,10,11,Wind,9426
3/18/2024,23,0,Wind,933
8/24/2023,15,16,Wind,13574
10/29/2021,9,10,Wind,12500
6/16/2025,17,18,Solar,8507
10/7/2024,14,15,Wind,6327
8/25/2021,2,3,Wind,6018
3/3/2023,6,7,Wind,4375
7/22/2024,22,23,Wind,3692
8/12/2025,19,20,Wind,3451
4/18/2023,1,2,Wind,7360
3/25/2024,4,5,Wind,1955
1/17/2022,14,15,Solar,3473
5/5/2024,0,1,Wind,3218
4/8/2023,21,22,Wind,3198
8/1/2022,16,17,Solar,6020
3/5/2024,10,11,Wind,9324
6/2/2025,7,8,Wind,2418
11/4/2024,7,8,Wind,2712
8/11/2025,4,5,Wind,5798
12/25/2023,18,19,Wind,12549
4/13/2022,23,0,Wind,1056
10/13/2024,12,13,Solar,5958
7/30/2023,19,20,Wind,8854
9/14/2020,5,6,Wind,2506
11/14/2023,23,0,Wind,12183
8/25/2024,0,1,Wind,8078
9/29/2025,7,8,Wind,1685
4/23/2024,22,23,Wind,4207
11/14/2022,6,7,Wind,3756
6/21/2025,5,6,Wind,3209
1/2/2024,22,23,Wind,17304
4/29/2020,14,15,Wind,11037
1/4/2021,1,2,Wind,1985
10/26/2025,22,23,Wind,14963
6/23/2024,8,9,Solar,3443
12/4/2022,3,4,Wind,3339
1/20/2022,5,6,Wind,3390
6/21/2020,22,23,Wind,3262
4/7/2024,3,4,Wind,9110
5/21/2024,6,7,Wind,1742
3/8/2023,22,23,Wind,14517
8/26/2021,15,16,Solar,8587
10/16/2025,1,2,Wind,4833
11/6/2020,15,16,Wind,5205
10/20/2022,18,19,Wind,5532
2/22/2025,16,17,Wind,8303
11/8/2021,19,20,Wind,1830
4/16/2024,15,16,Wind,10661
4/7/2022,20,21,Wind,13977
11/7/2023,18,19,Wind,8342
5/16/2020,23,0,Wind,4229
12/8/2021,17,18,Wind,4609
4/27/2022,8,9,Wind,5412
1/31/2025,23,0,Wind,3781
12/26/2022,15,16,Wind,8297
5/15/2023,20,21,Wind,8937
2/22/2022,14,15,Wind,14800
6/3/2023,8,9,Wind,4876
3/3/2021,19,20,Wind,854
6/18/2020,21,22,Wind,1799
9/28/2024,16,17,Solar,7308
6/13/2020,13,14,Wind,5636
12/26/2024,7,8,Wind,2631
7/28/2020,23,0,Wind,2945
9/12/2020,20,21,Wind,1281
12/1/2023,4,5,Wind,1917
2/5/2021,5,6,Wind,1882
5/25/2024,21,22,Wind,1504
2/8/2023,0,1,Wind,4023
12/22/2023,7,8,Wind,16176
8/27/2025,2,3,Wind,2062
5/16/2022,16,17,Solar,6273
9/19/2024,19,20,Wind,7235
8/8/2020,8,9,Wind,1534
10/3/2024,5,6,Wind,6013
5/21/2021,18,19,Wind,12968
4/6/2024,23,0,Wind,9892
10/29/2022,7,8,Wind,6904
12/22/2020,9,10,Wind,9493
12/27/2024,13,14,Solar,4013
2/14/2024,1,2,Wind,10187
3/2/2022,21,22,Wind,1597
11/29/2025,8,9,Wind,10315
2/13/2025,21,22,Wind,4258
6/16/2023,6,7,Wind,1008
4/16/2023,7,8,Wind,4639
5/17/2022,16,17,Solar,6706
3/21/2025,10,11,Wind,13841
11/12/2020,7,8,Wind,5304
5/23/2024,7,8,Wind,2881
7/22/2022,18,19,Wind,3607
12/22/2022,15,16,Wind,13355
4/25/2022,22,23,Wind,2505
2/20/2022,1,2,Wind,11484
11/12/2020,12,13,Wind,5642
7/15/2024,11,12,Solar,8124
12/3/2022,10,11,Wind,6821
5/6/2020,23,0,Wind,3056
8/31/2023,18,19,Wind,6832
6/17/2020,9,10,Solar,2396
2/1/2021,23,0,Wind,3824
10/1/2025,19,20,Wind,1826
4/21/2023,5,6,Wind,2925
6/9/2024,6,7,Wind,3299
2/8/2022,23,0,Wind,2459
11/23/2022,2,3,Wind,7420
8/24/2022,19,20,Wind,1719
1/1/2020,22,23,Wind,1163
3/12/2022,23,0,Wind,10104
7/12/2021,2,3,Wind,2804
9/3/2022,9,10,Solar,2825
4/8/2020,15,16,Solar,3779
3/28/2021,16,17,Solar,5676
3/9/2025,16,17,Wind,4847
9/19/2022,12,13,Solar,7821
7/29/2024,13,14,Solar,10187
6/5/2020,6,7,Wind,4984
10/22/2020,16,17,Wind,3958
12/19/2021,12,13,Solar,4460
9/27/2022,4,5,Wind,6981
7/12/2023,11,12,Solar,7993
11/3/2024,0,1,Wind,4355
5/22/2025,7,8,Wind,5289
4/14/2022,12,13,Solar,5984
9/12/2021,19,20,Wind,729
12/10/2024,12,13,Wind,10601
3/21/2021,16,17,Wind,8328
8/31/2020,18,19,Wind,2811
1/4/2023,15,16,Wind,16146
5/10/2020,15,16,Wind,3271
9/8/2020,17,18,Solar,2576
6/7/2020,18,19,Solar,2970
8/31/2025,6,7,Wind,4011
9/4/2022,20,21,Wind,2476
5/18/2022,16,17,Solar,5924
11/4/2022,11,12,Wind,8352
2/12/2024,21,22,Wind,3548
2/29/2024,14,15,Wind,12351
8/28/2024,2,3,Wind,2155
1/20/2020,3,4,Wind,6064
7/21/2024,11,12,Solar,5624
7/4/2024,18,19,Wind,13477
2/23/2025,23,0,Wind,12464
5/21/2022,7,8,Wind,2142
11/24/2022,17,18,Wind,9991
6/10/2020,0,1,Wind,2347
6/2/2022,18,19,Solar,3596
7/16/2024,13,14,Wind,16838
5/7/2024,5,6,Wind,2550
10/26/2024,12,13,Solar,3153
11/2/2024,3,4,Wind,1985
4/3/2025,0,1,Wind,11498
9/2/2023,4,5,Wind,2599
9/5/2021,3,4,Wind,477
6/23/2020,2,3,Wind,2144
2/24/2021,4,5,Wind,7670
7/17/2025,2,3,Wind,1805
7/7/2021,10,11,Solar,4204
4/15/2022,18,19,Wind,4411
5/17/2020,1,2,Wind,3844
1/10/2021,16,17,Wind,3916
4/26/2025,15,16,Wind,4411
1/28/2022,3,4,Wind,1642
3/28/2024,2,3,Wind,15127
6/24/2024,15,16,Solar,8537
12/6/2021,22,23,Wind,10717
4/12/2021,10,11,Solar,4587
6/30/2022,16,17,Wind,5743
3/4/2023,14,15,Solar,7644
9/20/2025,21,22,Wind,9170
7/21/2023,10,11,Solar,5765
1/28/2022,7,8,Wind,1216
4/9/2025,3,4,Wind,4741
8/5/2022,0,1,Wind,2954
1/18/2021,17,18,Wind,4272
10/21/2022,18,19,Wind,6409
8/6/2024,2,3,Wind,1302
11/18/2025,12,13,Solar,8280
1/24/2020,0,1,Wind,2837
10/24/2022,20,21,Wind,8030
2/21/2022,1,2,Wind,15258
11/24/2025,13,14,Wind,13750
3/31/2025,20,21,Wind,8063
7/23/2023,8,9,Wind,10931
1/10/2022,16,17,Wind,1841
7/10/2025,6,7,Wind,1905
10/29/2021,5,6,Wind,11699
3/16/2021,14,15,Wind,6477
9/27/2020,23,0,Wind,4854
10/2/2025,6,7,Wind,2839
5/19/2025,11,12,Solar,8799
10/3/2023,16,17,Wind,11842
7/11/2022,16,17,Solar,8152
4/13/2025,18,19,Wind,4435
2/11/2025,18,19,Wind,2178
6/20/2022,0,1,Wind,6218
1/27/2025,22,23,Wind,17608
8/27/2023,3,4,Wind,2027
3/10/2023,13,14,Wind,19592
5/8/2024,1,2,Wind,6638
3/5/2022,9,10,Solar,3474
5/4/2022,4,5,Wind,1852
3/23/2023,3,4,Wind,13098
2/7/2020,18,19,Wind,4615
9/9/2022,10,11,Wind,11625
5/18/2020,6,7,Wind,1689
5/15/2024,20,21,Wind,1670
5/29/2023,21,22,Wind,10959
7/19/2023,19,20,Wind,7650
3/13/2022,15,16,Wind,9117
1/9/2025,3,4,Wind,11937
1/19/2021,22,23,Wind,11417
9/23/2022,10,11,Solar,3323
12/15/2020,8,9,Wind,3946
1/12/2020,11,12,Wind,9102
3/28/2021,11,12,Wind,8232
6/15/2024,8,9,Wind,13224
12/21/2024,9,10,Wind,9375
4/22/2020,12,13,Solar,3069
12/3/2024,9,10,Wind,2994
2/18/2025,13,14,Solar,10282
5/18/2025,11,12,Solar,5095
7/18/2025,8,9,Solar,3059
7/14/2020,2,3,Wind,2647
9/28/2021,11,12,Solar,4190
6/28/2021,19,20,Wind,2988
10/10/2021,14,15,Solar,5733
11/19/2020,17,18,Wind,6305
11/28/2023,4,5,Wind,11324
8/25/2023,2,3,Wind,2273
6/25/2022,5,6,Wind,2622
5/27/2024,11,12,Solar,5824
4/14/2022,5,6,Wind,890
6/27/2022,19,20,Wind,3832
5/13/2025,9,10,Solar,4914
9/6/2024,19,20,Wind,2609
3/20/2025,8,9,Wind,8434
8/7/2020,18,19,Solar,2078
5/27/2025,23,0,Wind,11999
11/3/2020,19,20,Wind,4915
3/14/2023,21,22,Wind,5161
7/31/2025,10,11,Solar,8599
4/6/2020,13,14,Wind,6687
4/13/2022,21,22,Wind,995
2/17/2025,16,17,Solar,4013
1/26/2025,13,14,Wind,18148
5/17/2021,2,3,Wind,10965
8/17/2022,3,4,Wind,1398
1/25/2022,13,14,Solar,3580
5/11/2022,11,12,Solar,10297
4/10/2021,19,20,Wind,5165
8/10/2024,9,10,Solar,4065
6/29/2021,5,6,Wind,1344
6/9/2023,12,13,Solar,6939
6/4/2023,13,14,Solar,6173
3/13/2024,23,0,Wind,4802
5/5/2025,19,20,Wind,10360
2/24/2021,13,14,Wind,9358
7/9/2024,3,4,Wind,5134
2/26/2022,13,14,Solar,10963
4/15/2020,18,19,Wind,4544
6/22/2023,13,14,Wind,9011
1/5/2020,15,16,Solar,2299
3/22/2021,14,15,Solar,6528
7/12/2022,12,13,Solar,6959
4/8/2020,3,4,Wind,2661
10/13/2024,2,3,Wind,4417
3/15/2024,0,1,Wind,11012
1/9/2021,4,5,Wind,2625
8/2/2025,5,6,Wind,3873
4/22/2025,12,13,Solar,7494
2/20/2023,21,22,Wind,2377
7/2/2025,12,13,Solar,10333
5/15/2023,10,11,Solar,6099
12/7/2020,9,10,Wind,1598
3/3/2024,13,14,Wind,8266
10/10/2022,5,6,Wind,3362
12/24/2023,23,0,Wind,9307
8/10/2024,0,1,Wind,2253
6/8/2025,4,5,Wind,10931
9/5/2020,13,14,Solar,5030
6/23/2022,13,14,Solar,5646
6/4/2020,5,6,Wind,2788
6/16/2020,8,9,Solar,1705
5/19/2023,12,13,Solar,10625
5/11/2021,14,15,Wind,8302
7/31/2021,4,5,Wind,3394
3/3/2025,14,15,Solar,8046
3/15/2020,10,11,Wind,7971
12/25/2023,4,5,Wind,8901
10/5/2025,22,23,Wind,6152
10/19/2021,5,6,Wind,6405
8/29/2025,6,7,Wind,9845
9/15/2024,12,13,Solar,10965
3/10/2025,4,5,Wind,2880
2/7/2022,13,14,Solar,6261
2/1/2022,2,3,Wind,6600
4/15/2023,18,19,Wind,11770
11/4/2024,15,16,Solar,3794
3/26/2024,14,15,Wind,6688
11/22/2023,16,17,Wind,3918
10/3/2021,10,11,Wind,8722
8/29/2025,8,9,Wind,11882
2/29/2024,22,23,Wind,10568
5/25/2024,11,12,Solar,6899
2/16/2025,2,3,Wind,4051
7/4/2020,5,6,Wind,5283
9/7/2021,20,21,Wind,4881
2/11/2023,9,10,Solar,3943
9/3/2020,1,2,Wind,905
3/14/2025,22,23,Wind,9141
3/11/2020,3,4,Wind,11142
4/17/2023,23,0,Wind,7307
2/28/2023,20,21,Wind,6223
6/8/2025,6,7,Wind,9160
7/8/2024,7,8,Wind,1611
5/11/2022,22,23,Wind,6834
7/5/2021,5,6,Wind,3062
2/14/2023,12,13,Solar,6799
3/18/2024,13,14,Solar,7676
9/6/2021,17,18,Solar,3761
1/28/2024,17,18,Wind,6651
4/9/2022,0,1,Wind,5888
4/15/2024,4,5,Wind,3963
5/12/2020,1,2,Wind,6643
10/3/2024,14,15,Wind,11654
2/28/2023,10,11,Wind,10271
11/10/2021,4,5,Wind,981
9/28/2021,12,13,Solar,5094
5/27/2022,18,19,Wind,6058
2/15/2022,21,22,Wind,14069
8/26/2020,9,10,Wind,9632
1/16/2021,20,21,Wind,6093
1/8/2023,10,11,Wind,12024
9/14/2022,4,5,Wind,2264
11/10/2025,2,3,Wind,6127
9/3/2023,10,11,Solar,5853
11/14/2021,4,5,Wind,2464
4/16/2024,6,7,Wind,13966
6/19/2020,18,19,Wind,3320
8/6/2022,12,13,Solar,11216
4/17/2021,16,17,Wind,7798
11/24/2022,8,9,Wind,8395
8/29/2022,3,4,Wind,4989
7/12/2022,3,4,Wind,3459
12/22/2022,9,10,Wind,12126
4/24/2024,18,19,Wind,7433
12/30/2023,18,19,Wind,12196
5/17/2023,13,14,Wind,14061
5/19/2024,12,13,Solar,2986
11/28/2022,7,8,Wind,4305
3/24/2024,6,7,Wind,11296
9/18/2021,10,11,Solar,2891
11/4/2025,0,1,Wind,8597
6/10/2022,23,0,Wind,1054
5/15/2024,12,13,Solar,6485
7/5/2023,11,12,Wind,12139
4/20/2020,20,21,Wind,5787
1/13/2025,8,9,Wind,5256
9/21/2022,10,11,Solar,5443
5/3/2021,19,20,Wind,8401
7/30/2023,4,5,Wind,5294
8/9/2025,21,22,Wind,4836
2/16/2020,16,17,Wind,13012
1/20/2025,9,10,Wind,2228
4/6/2025,2,3,Wind,9141
6/1/2023,6,7,Wind,5848
5/8/2023,18,19,Solar,4183
8/26/2022,20,21,Wind,2526
1/7/2025,11,12,Wind,16208
2/4/2020,8,9,Wind,10812
8/13/2023,12,13,Solar,7670
6/2/2025,18,19,Solar,3329
5/8/2023,13,14,Solar,6702
11/28/2021,3,4,Wind,8929
1/2/2022,19,20,Wind,13528
9/24/2020,14,15,Wind,8909
10/19/2023,17,18,Wind,6977
2/18/2020,6,7,Wind,7443
11/26/2021,7,8,Wind,3443
4/29/2025,1,2,Wind,6582
8/17/2022,16,17,Solar,4646
10/29/2025,1,2,Wind,5711
9/27/2025,9,10,Solar,3238
3/29/2023,7,8,Wind,5025
11/6/2024,12,13,Solar,3795
10/2/2020,13,14,Wind,6912
3/2/2023,1,2,Wind,5592
11/11/2024,23,0,Wind,8708
11/20/2023,8,9,Wind,10673
9/3/2023,5,6,Wind,3047
8/20/2021,5,6,Wind,554
3/3/2020,22,23,Wind,3775
6/29/2024,16,17,Wind,5809
10/8/2025,13,14,Solar,7682
1/19/2021,2,3,Wind,9333
5/5/2023,1,2,Wind,3096
11/15/2022,21,22,Wind,8165
3/22/2024,2,3,Wind,1513
7/3/2020,10,11,Solar,4801
10/18/2025,8,9,Wind,5972
3/16/2022,7,8,Wind,4586
4/17/2021,9,10,Wind,4657
8/28/2022,0,1,Wind,4270
2/9/2022,22,23,Wind,3008
3/11/2020,9,10,Wind,10778
8/13/2021,5,6,Wind,1419
9/23/2022,22,23,Wind,993
4/28/2020,2,3,Wind,2910
7/21/2025,9,10,Wind,15089
8/31/2024,18,19,Wind,5071
1/25/2023,9,10,Wind,2513
11/13/2025,17,18,Wind,9365
3/30/2025,17,18,Wind,10006
4/14/2024,20,21,Wind,2043
7/4/2023,3,4,Wind,2597
2/25/2022,16,17,Wind,7109
5/2/2021,22,23,Wind,880
10/24/2020,11,12,Wind,11717
9/2/2022,20,21,Wind,935
12/23/2023,4,5,Wind,8640
10/12/2025,7,8,Wind,4836
7/19/2025,2,3,Wind,4988
8/14/2023,8,9,Wind,3298
3/14/2022,9,10,Wind,4411
9/8/2022,0,1,Wind,4457
10/23/2025,21,22,Wind,17655
6/10/2025,6,7,Wind,3025
4/21/2025,3,4,Wind,3978
8/17/2022,23,0,Wind,1454
3/11/2020,4,5,Wind,10622
3/2/2020,17,18,Wind,8874
10/3/2021,13,14,Wind,9955
9/7/2022,8,9,Wind,3663
5/24/2023,6,7,Wind,6538
7/1/2024,15,16,Solar,9540
9/2/2022,9,10,Solar,2850
7/7/2021,1,2,Wind,3807
10/10/2024,8,9,Wind,7200
5/26/2025,4,5,Wind,6069
9/2/2025,9,10,Wind,10403
12/20/2022,2,3,Wind,13797
8/17/2024,19,20,Wind,2823
2/10/2023,1,2,Wind,518
2/9/2021,14,15,Wind,4741
5/18/2022,2,3,Wind,2860
3/30/2020,7,8,Wind,10284
10/14/2022,22,23,Wind,6788
9/12/2023,20,21,Wind,1019
7/24/2021,19,20,Wind,4294
5/8/2024,3,4,Wind,5868
10/4/2022,21,22,Wind,1601
7/3/2020,6,7,Wind,2453
8/11/2024,6,7,Wind,3498
8/16/2025,3,4,Wind,6770
1/15/2021,6,7,Wind,6482
2/13/2024,20,21,Wind,10610
7/11/2021,9,10,Solar,2698
1/17/2024,1,2,Wind,5071
10/15/2021,4,5,Wind,1555
11/18/2023,0,1,Wind,3000
3/14/2020,14,15,Wind,6764
5/6/2021,0,1,Wind,3439
4/15/2023,14,15,Wind,14136
1/7/2022,21,22,Wind,9700
4/8/2024,6,7,Wind,3531
2/17/2025,9,10,Wind,4639
9/28/2025,20,21,Wind,1461
5/13/2020,13,14,Wind,7531
2/25/2020,17,18,Wind,12035
11/20/2024,17,18,Wind,7023
10/22/2025,5,6,Wind,4132
4/15/2021,19,20,Wind,5566
8/8/2025,20,21,Wind,1795
2/16/2020,21,22,Wind,11889
10/4/2022,9,10,Solar,3055
2/26/2020,1,2,Wind,12255
11/13/2023,20,21,Wind,14128
3/12/2025,18,19,Wind,2496
1/29/2021,14,15,Wind,15989
4/20/2020,21,22,Wind,6039
11/15/2025,10,11,Solar,5382
11/18/2022,18,19,Wind,3499
6/20/2023,3,4,Wind,3080
5/4/2020,22,23,Wind,6024
4/3/2021,0,1,Wind,10014
4/13/2022,0,1,Wind,2410
8/24/2021,19,20,Wind,9039
11/12/2021,8,9,Wind,2997
10/22/2022,22,23,Wind,6430
9/10/2022,9,10,Wind,6059
5/23/2020,16,17,Wind,8607
11/26/2024,11,12,Wind,8333
12/24/2021,6,7,Wind,3497
3/19/2021,12,13,Wind,13362
6/15/2021,15,16,Solar,4580
11/7/2020,6,7,Wind,6552
7/15/2020,12,13,Solar,3727
8/19/2021,15,16,Solar,5024
8/26/2023,23,0,Wind,1580
3/25/2023,20,21,Wind,6776
1/9/2024,22,23,Wind,2653
1/6/2025,23,0,Wind,16095
12/14/2021,18,19,Wind,953
2/2/2023,10,11,Wind,7806
5/7/2023,3,4,Wind,1594
8/11/2023,5,6,Wind,1673
9/24/2024,20,21,Wind,4106
4/5/2022,6,7,Wind,6073
8/27/2022,3,4,Wind,2536
5/13/2022,14,15,Solar,6631
4/9/2025,20,21,Wind,9563
7/16/2025,17,18,Wind,13433
9/19/2024,18,19,Wind,9588
7/16/2022,11,12,Solar,7915
11/18/2022,20,21,Wind,3445
7/26/2025,9,10,Solar,6033
9/12/2025,5,6,Wind,9705
4/3/2022,18,19,Wind,3623
6/10/2025,10,11,Solar,9398
10/22/2025,0,1,Wind,3933
1/31/2021,19,20,Wind,6117
8/4/2020,10,11,Solar,4114
5/4/2023,11,12,Solar,10805
4/20/2024,10,11,Wind,12753
5/21/2022,9,10,Solar,3866
4/26/2024,10,11,Solar,4354
8/27/2025,9,10,Wind,3997
2/20/2025,6,7,Wind,7603
1/9/2023,14,15,Wind,16628
9/23/2022,19,20,Wind,815
7/19/2021,23,0,Wind,4504
7/8/2020,6,7,Wind,1838
1/14/2020,19,20,Wind,12748
10/2/2020,7,8,Wind,10066
2/23/2020,8,9,Wind,12003
8/14/2024,21,22,Wind,2313
1/24/2022,13,14,Solar,4341
4/8/2024,3,4,Wind,3104
5/7/2023,2,3,Wind,1606
11/18/2025,23,0,Wind,9197
2/25/2022,8,9,Wind,6562
4/8/2020,9,10,Solar,2577
5/13/2021,3,4,Wind,5144
8/25/2022,8,9,Wind,3422
4/27/2023,1,2,Wind,1401
11/28/2024,5,6,Wind,2775
2/13/2022,19,20,Wind,15014
7/26/2020,6,7,Wind,3493
9/8/2022,7,8,Wind,4933
5/1/2025,6,7,Wind,4031
10/26/2023,21,22,Wind,5599
2/18/2024,16,17,Wind,10221
8/10/2022,8,9,Wind,4585
7/9/2021,20,21,Solar,649
10/22/2021,11,12,Solar,5656
5/16/2024,10,11,Solar,6504
5/28/2023,20,21,Wind,7457
12/9/2021,18,19,Wind,7868
7/30/2021,4,5,Wind,3002
6/18/2024,19,20,Wind,4160
1/5/2024,22,23,Wind,5374
2/3/2023,22,23,Wind,4047
3/4/2022,4,5,Wind,2977
8/16/2020,22,23,Wind,1631
9/28/2023,18,19,Wind,3684
2/8/2021,15,16,Wind,1945
11/24/2022,10,11,Wind,8228
6/12/2022,23,0,Wind,4688
12/30/2023,3,4,Wind,7250
7/17/2024,22,23,Wind,1521
2/22/2024,12,13,Wind,19389
5/20/2020,6,7,Wind,2856
10/21/2024,22,23,Wind,6939
12/5/2021,15,16,Wind,7746
10/17/2023,21,22,Wind,11088
8/14/2020,9,10,Wind,3257
8/22/2021,16,17,Wind,8884
10/17/2020,11,12,Solar,2848
5/20/2023,15,16,Wind,9862
8/27/2025,18,19,Wind,5115
11/4/2021,0,1,Wind,2642
6/27/2020,7,8,Wind,4115
3/22/2025,1,2,Wind,9104
1/13/2023,14,15,Wind,17299
2/22/2023,13,14,Wind,4354
10/15/2025,8,9,Wind,5235
10/22/2020,19,20,Wind,3142
7/5/2022,21,22,Wind,4043
10/28/2024,5,6,Wind,1092
8/7/2022,4,5,Wind,6354
9/5/2020,23,0,Wind,2445
5/10/2024,8,9,Wind,5296
7/16/2023,17,18,Wind,5899
5/26/2025,11,12,Solar,11769
10/28/2024,2,3,Wind,934
7/23/2021,9,10,Solar,3459
11/11/2024,13,14,Wind,8406
9/6/2023,11,12,Solar,6484
11/5/2023,19,20,Wind,13279
3/29/2023,19,20,Wind,9138
10/5/2021,5,6,Wind,8888
5/12/2025,11,12,Solar,4325
7/10/2023,19,20,Solar,2976
6/13/2025,8,9,Solar,4458
2/1/2022,20,21,Wind,12309
9/11/2022,6,7,Wind,439
7/23/2023,18,19,Wind,10481
2/29/2020,5,6,Wind,12396
3/15/2025,19,20,Wind,11793
5/11/2025,4,5,Wind,6132
10/1/2022,14,15,Wind,14884
10/1/2025,14,15,Solar,9974
1/13/2024,5,6,Wind,1269
11/11/2022,3,4,Wind,2666
4/6/2023,10,11,Solar,6214
12/13/2022,9,10,Wind,5667
11/13/2020,3,4,Wind,5180
3/7/2022,8,9,Wind,7283
11/15/2021,5,6,Wind,3089
10/5/2021,19,20,Wind,9120
4/24/2025,5,6,Wind,2515
9/10/2021,5,6,Wind,1723
10/14/2024,5,6,Wind,4496
1/15/2021,22,23,Wind,2170
3/30/2022,20,21,Wind,2243
1/17/2024,12,13,Wind,10585
9/13/2020,3,4,Wind,1058
7/10/2024,4,5,Wind,2475
5/9/2021,15,16,Wind,11490
5/24/2021,6,7,Wind,7877
11/19/2020,2,3,Wind,7434
4/21/2021,18,19,Wind,5795
2/24/2022,13,14,Wind,15163
2/28/2022,16,17,Solar,4409
2/10/2023,13,14,Solar,6525
10/13/2025,1,2,Wind,6690
5/31/2023,14,15,Wind,13650
2/28/2025,5,6,Wind,4512
6/3/2021,9,10,Solar,2847
11/26/2024,0,1,Wind,6460
2/11/2023,0,1,Wind,2485
6/23/2021,13,14,Solar,4517
9/2/2020,9,10,Solar,2304
2/4/2023,1,2,Wind,3294
6/1/2020,18,19,Wind,3731
2/3/2023,11,12,Wind,10589
7/16/2020,3,4,Wind,1652
5/3/2022,18,19,Wind,4303
9/1/2020,11,12,Solar,3911
2/13/2022,18,19,Wind,14746
11/25/2022,23,0,Wind,2918
9/19/2021,10,11,Wind,4933
5/22/2022,17,18,Solar,3778
12/11/2022,23,0,Wind,1546
4/2/2024,8,9,Wind,14302
12/19/2024,18,19,Wind,13067
12/10/2023,5,6,Wind,14095
1/26/2022,16,17,Solar,1866
1/20/2022,2,3,Wind,3286
1/4/2020,21,22,Wind,2507
4/27/2020,19,20,Wind,2281
10/13/2022,6,7,Wind,2301
8/21/2024,22,23,Wind,1350
7/8/2023,14,15,Solar,8582
3/5/2024,6,7,Wind,5590
2/22/2024,10,11,Wind,18151
7/24/2021,3,4,Wind,4551
8/27/2025,19,20,Wind,3314
1/7/2020,18,19,Wind,5005
12/28/2020,17,18,Wind,9411
8/31/2025,15,16,Wind,5105
4/30/2024,18,19,Wind,5816
1/30/2023,4,5,Wind,6751
11/11/2023,18,19,Wind,3183
6/1/2024,2,3,Wind,5750
4/3/2024,9,10,Wind,12942
2/20/2024,6,7,Wind,2259
1/11/2021,8,9,Wind,2610
8/30/2020,23,0,Wind,3032
7/12/2023,5,6,Wind,3917
3/20/2024,19,20,Wind,1498
5/20/2025,6,7,Wind,4140
3/9/2025,2,3,Wind,9939
11/3/2025,4,5,Wind,7166
11/17/2021,17,18,Wind,1598
9/11/2023,9,10,Solar,3385
12/11/2023,14,15,Wind,8968
10/4/2025,4,5,Wind,17697
3/25/2025,11,12,Solar,6945
11/21/2022,4,5,Wind,5352
2/28/2021,21,22,Wind,6867
5/25/2025,3,4,Wind,7625
9/16/2023,2,3,Wind,4094
5/5/2024,15,16,Solar,3852
6/9/2023,4,5,Wind,4881
2/17/2025,22,23,Wind,4220
2/15/2020,1,2,Wind,5057
3/5/2024,13,14,Wind,10494
11/18/2023,9,10,Wind,12491
2/20/2021,3,4,Wind,10482
1/13/2023,9,10,Wind,14834
6/23/2023,7,8,Wind,1865
2/12/2025,12,13,Solar,3593
11/15/2024,7,8,Wind,2282
9/22/2024,11,12,Solar,5042
3/17/2025,20,21,Wind,10811
5/31/2025,19,20,Wind,4378
6/4/2023,21,22,Wind,5916
7/16/2024,11,12,Wind,14470
3/16/2025,14,15,Wind,11864
3/15/2025,6,7,Wind,10586
4/14/2024,2,3,Wind,3047
1/1/2021,18,19,Wind,1379
10/16/2024,22,23,Wind,10061
4/20/2022,15,16,Wind,5772
7/29/2025,5,6,Wind,2443
9/29/2024,14,15,Wind,6682
9/12/2020,23,0,Wind,1507
5/14/2024,0,1,Wind,6921
6/14/2023,12,13,Solar,7645
2/23/2025,7,8,Wind,3500
10/4/2025,14,15,Wind,13366
1/20/2023,8,9,Wind,2555
1/28/2024,13,14,Wind,9338
4/25/2025,7,8,Wind,3029
8/10/2021,1,2,Wind,1083
11/13/2023,9,10,Wind,16928
7/28/2022,1,2,Wind,4496
7/22/2022,14,15,Solar,5832
1/1/2024,20,21,Wind,15965
2/12/2021,2,3,Wind,8417
11/9/2024,9,10,Solar,1631
10/6/2023,14,15,Solar,7500
6/2/2024,5,6,Wind,5275
1/25/2021,23,0,Wind,4340
1/29/2024,19,20,Wind,8405
2/16/2024,5,6,Wind,9234
10/23/2024,3,4,Wind,1504
3/21/2020,16,17,Wind,10784
5/26/2023,6,7,Wind,5884
4/24/2023,21,22,Wind,3468
2/23/2021,6,7,Wind,6876
9/17/2022,23,0,Wind,3686
5/25/2022,5,6,Wind,2868
12/9/2021,5,6,Wind,5696
1/22/2020,9,10,Wind,4137
12/15/2022,17,18,Wind,8168
4/27/2020,11,12,Solar,2532
10/1/2025,22,23,Wind,2502
7/27/2020,23,0,Wind,4975
1/30/2024,10,11,Wind,7930
1/2/2024,19,20,Wind,17127
5/8/2024,17,18,Solar,7965
5/27/2024,18,19,Wind,6748
6/27/2024,6,7,Wind,881
8/8/2022,2,3,Wind,6480
3/28/2022,0,1,Wind,2154
8/14/2024,11,12,Solar,4764
4/27/2023,19,20,Wind,2268
10/8/2021,8,9,Wind,4028
4/12/2020,9,10,Solar,2571
7/13/2022,20,21,Wind,2087
4/25/2024,0,1,Wind,1669
9/30/2022,14,15,Solar,7793
11/30/2024,17,18,Wind,1659
5/1/2025,16,17,Solar,4565
4/18/2025,16,17,Solar,6459
5/23/2022,23,0,Wind,4525
11/15/2020,13,14,Wind,14307
1/24/2025,11,12,Wind,20457
5/2/2024,19,20,Wind,12407
7/22/2022,22,23,Wind,2247
10/30/2021,5,6,Wind,9382
2/12/2023,11,12,Solar,6692
4/28/2022,23,0,Wind,4868
2/23/2020,21,22,Wind,7368
10/24/2025,2,3,Wind,14149
8/7/2025,17,18,Solar,8029
2/14/2022,12,13,Wind,10758
8/25/2025,13,14,Solar,8481
3/10/2022,8,9,Wind,5549
9/14/2021,3,4,Wind,3377
3/23/2023,19,20,Wind,13671
1/4/2020,2,3,Wind,3357
8/26/2020,0,1,Wind,10201
6/19/2025,16,17,Solar,10349
2/28/2020,4,5,Wind,2564
7/31/2024,22,23,Wind,1683
3/24/2024,5,6,Wind,11155
4/27/2024,17,18,Wind,9452
8/14/2025,7,8,Wind,1433
2/4/2024,8,9,Wind,7109
8/21/2025,9,10,Wind,6729
5/18/2021,3,4,Wind,4895
10/8/2025,3,4,Wind,627
2/28/2021,4,5,Wind,7545
8/12/2025,6,7,Wind,3650
3/26/2023,4,5,Wind,9408
9/16/2025,8,9,Wind,10044
3/15/2021,22,23,Wind,4852
8/3/2025,15,16,Solar,6696
1/3/2024,11,12,Wind,18523
5/20/2021,15,16,Wind,12168
11/25/2024,17,18,Wind,6920
11/8/2024,20,21,Wind,1945
10/23/2025,0,1,Wind,18350
7/3/2024,3,4,Wind,1625
9/25/2020,11,12,Wind,12518
9/19/2025,11,12,Solar,10786
3/27/2021,4,5,Wind,9608
10/1/2023,4,5,Wind,2769
9/8/2022,5,6,Wind,4844
8/4/2023,6,7,Wind,3388
7/10/2021,11,12,Solar,3935
6/16/2022,4,5,Wind,1678
8/29/2023,3,4,Wind,2569
12/19/2023,17,18,Wind,12188
5/24/2025,18,19,Wind,10991
6/8/2020,11,12,Solar,4096
1/6/2024,12,13,Wind,8210
5/22/2025,11,12,Solar,10096
12/26/2024,6,7,Wind,2698
1/9/2025,4,5,Wind,12061
11/9/2024,12,13,Solar,2547
9/14/2020,2,3,Wind,2702
9/1/2023,1,2,Wind,4844
9/2/2025,22,23,Wind,11107
1/26/2023,17,18,Wind,6623
6/4/2022,1,2,Wind,2992
3/9/2022,2,3,Wind,4098
1/25/2022,22,23,Wind,260
10/31/2025,17,18,Wind,12842
9/5/2023,12,13,Solar,7960
3/24/2024,19,20,Wind,4794
10/24/2021,19,20,Wind,2881
1/15/2025,14,15,Solar,5933
5/8/2021,23,0,Wind,6260
5/7/2021,11,12,Solar,5372
2/9/2025,19,20,Wind,3021
5/30/2022,14,15,Solar,5684
2/1/2022,22,23,Wind,11401
12/8/2024,15,16,Wind,16034
7/17/2025,16,17,Solar,8760
9/15/2024,6,7,Wind,3372
10/16/2021,14,15,Solar,4548
1/16/2021,23,0,Wind,5265
12/15/2024,22,23,Wind,9417
12/25/2020,20,21,Wind,4828
2/5/2024,7,8,Wind,6870
3/31/2025,22,23,Wind,11072
4/22/2020,6,7,Wind,4465
10/18/2021,12,13,Solar,5656
1/4/2025,14,15,Wind,6107
12/12/2020,15,16,Wind,6522
8/5/2020,1,2,Wind,1144
7/21/2023,5,6,Wind,2147
7/23/2023,14,15,Wind,10129
7/16/2023,3,4,Wind,6632
3/24/2023,16,17,Wind,16985
12/31/2023,3,4,Wind,17102
9/15/2020,14,15,Solar,3690
5/1/2023,22,23,Wind,3197
11/21/2023,22,23,Wind,6363
1/6/2024,15,16,Wind,8566
4/1/2023,8,9,Wind,14840
1/22/2022,14,15,Solar,4982
2/8/2021,22,23,Wind,2123
9/13/2023,23,0,Wind,1425
8/31/2021,7,8,Wind,3376
3/29/2025,20,21,Wind,5711
11/10/2021,8,9,Wind,662
10/13/2024,10,11,Solar,4047
1/4/2024,4,5,Wind,13725
8/31/2022,21,22,Wind,3252
4/23/2021,4,5,Wind,5590
1/13/2024,12,13,Solar,3745
3/1/2020,19,20,Wind,7747
8/10/2023,13,14,Solar,7382
11/23/2024,10,11,Wind,18548
3/6/2025,15,16,Wind,14389
11/16/2023,11,12,Wind,12722
8/13/2022,18,19,Solar,3405
11/1/2021,15,16,Wind,8955
7/23/2022,12,13,Solar,5544
10/28/2023,14,15,Wind,17028
7/11/2024,18,19,Solar,4184
6/20/2024,14,15,Solar,5883
11/11/2023,19,20,Wind,3621
5/23/2023,20,21,Wind,8971
2/9/2021,6,7,Wind,1563
11/15/2022,13,14,Wind,11596
10/3/2023,7,8,Wind,8899
8/6/2022,1,2,Wind,5725
8/21/2021,18,19,Wind,4010
5/26/2020,12,13,Solar,7653
6/24/2020,13,14,Solar,6970
9/20/2023,22,23,Wind,11087
12/6/2022,23,0,Wind,2414
10/20/2022,17,18,Wind,5978
7/23/2025,15,16,Solar,7031
5/19/2021,17,18,Wind,9775
10/8/2022,23,0,Wind,3345
10/17/2024,18,19,Wind,3378
8/2/2020,12,13,Solar,5223
4/30/2024,12,13,Solar,8234
6/28/2022,13,14,Solar,7397
3/7/2023,23,0,Wind,7303
9/18/2024,3,4,Wind,9276
7/14/2022,11,12,Solar,6339
6/29/2020,23,0,Wind,3686
9/26/2022,21,22,Wind,8012
7/19/2020,6,7,Wind,702
11/4/2022,21,22,Wind,5577
11/27/2024,8,9,Wind,15020
3/19/2021,8,9,Wind,7534
4/22/2021,14,15,Solar,8649
5/26/2025,21,22,Wind,3884
3/14/2022,5,6,Wind,4498
3/25/2024,20,21,Wind,8755
8/10/2024,23,0,Wind,2683
6/28/2022,0,1,Wind,1730
6/27/2020,19,20,Wind,7248
12/15/2023,5,6,Wind,1897
10/8/2025,1,2,Wind,886
7/21/2024,22,23,Wind,5560
4/23/2022,6,7,Wind,6425
6/20/2025,9,10,Solar,6799
4/9/2021,17,18,Wind,6283
11/26/2020,23,0,Wind,1762
1/5/2024,21,22,Wind,5255
6/27/2024,23,0,Wind,3442
4/29/2023,13,14,Solar,4651
7/2/2022,13,14,Solar,7277
10/1/2025,7,8,Wind,1903
9/29/2025,3,4,Wind,1472
3/26/2023,9,10,Wind,16128
9/16/2021,7,8,Wind,644
8/24/2024,23,0,Wind,8505
8/24/2025,23,0,Wind,4781
8/13/2025,22,23,Wind,4497
3/6/2022,23,0,Wind,7512
2/19/2022,6,7,Wind,8486
4/6/2022,2,3,Wind,5428
10/25/2023,0,1,Wind,6899
8/5/2020,11,12,Solar,5442
7/13/2022,10,11,Solar,4796
4/12/2024,17,18,Solar,4994
6/24/2020,6,7,Wind,4485
12/7/2021,0,1,Wind,9672
11/5/2023,4,5,Wind,14659
9/16/2020,15,16,Solar,4527
5/8/2021,3,4,Wind,4089
2/25/2024,11,12,Wind,11990
1/31/2022,15,16,Wind,15486
6/16/2020,12,13,Solar,3911
12/25/2020,8,9,Wind,6120
5/17/2023,3,4,Wind,6781
1/21/2020,9,10,Wind,3309
9/21/2023,14,15,Wind,7765
1/13/2024,9,10,Wind,1532
3/27/2021,14,15,Wind,11380
1/27/2022,0,1,Wind,2119
8/2/2021,1,2,Wind,1312
8/6/2024,0,1,Wind,1628
10/21/2021,19,20,Wind,4687
1/17/2024,17,18,Wind,10008
4/29/2025,20,21,Wind,4513
7/15/2025,19,20,Wind,9048
3/11/2022,11,12,Wind,14480
12/15/2024,5,6,Wind,4797
12/11/2020,21,22,Wind,6230
10/31/2020,16,17,Wind,8555
4/14/2023,9,10,Wind,6679
2/10/2024,17,18,Wind,6932
8/30/2025,13,14,Wind,7530
5/28/2025,8,9,Wind,12994
4/14/2021,4,5,Wind,3478
10/21/2023,18,19,Wind,15291
7/23/2023,6,7,Wind,9015
6/29/2025,5,6,Wind,2442
6/25/2024,15,16,Solar,7974
1/1/2021,0,1,Wind,919
2/16/2024,17,18,Wind,5819
2/3/2024,10,11,Wind,6841
5/23/2020,10,11,Wind,5749
11/20/2023,9,10,Wind,11769
9/13/2025,7,8,Wind,8159
11/11/2025,10,11,Wind,12726
12/27/2021,23,0,Wind,12438
5/10/2023,2,3,Wind,8155
12/3/2022,17,18,Wind,5136
11/6/2025,13,14,Wind,6136
1/26/2024,3,4,Wind,8960
1/15/2021,15,16,Wind,5420
6/25/2024,22,23,Wind,3405
8/5/2022,8,9,Wind,3174
6/22/2021,7,8,Wind,4618
3/21/2025,19,20,Wind,8287
4/4/2023,14,15,Solar,11373
10/6/2025,21,22,Wind,2089
11/11/2025,20,21,Wind,14442
5/4/2020,7,8,Wind,1153
1/21/2022,10,11,Wind,5956
7/26/2024,0,1,Wind,2445
7/3/2022,14,15,Solar,7600
9/29/2020,7,8,Wind,1598
2/2/2023,12,13,Wind,10105
1/3/2020,17,18,Wind,6038
3/6/2022,17,18,Wind,7853
5/19/2022,18,19,Solar,4557
3/13/2025,14,15,Solar,5724
10/31/2021,10,11,Wind,13419
8/12/2021,16,17,Solar,3938
10/27/2022,6,7,Wind,7425
10/17/2021,6,7,Wind,1788
11/20/2023,18,19,Wind,9557
7/16/2025,23,0,Wind,2863
11/18/2022,8,9,Wind,7164
3/17/2022,11,12,Wind,5674
5/31/2025,2,3,Wind,828
4/23/2024,14,15,Solar,9496
7/27/2022,5,6,Wind,2900
2/25/2023,9,10,Wind,5511
8/29/2020,15,16,Wind,5207
11/10/2023,20,21,Wind,14089
8/27/2022,14,15,Solar,7050
11/28/2023,6,7,Wind,9562
2/8/2025,5,6,Wind,8979
8/5/2025,0,1,Wind,4512
1/18/2024,7,8,Wind,8332
12/17/2024,1,2,Wind,2103
2/20/2024,10,11,Wind,6419
7/17/2020,18,19,Wind,3605
2/11/2021,10,11,Wind,7572
10/11/2021,12,13,Solar,5996
11/30/2021,3,4,Wind,8712
11/7/2023,7,8,Wind,7323
3/5/2022,16,17,Wind,4238
7/13/2020,14,15,Solar,4734
3/9/2020,20,21,Wind,6563
7/29/2025,22,23,Wind,2578
6/10/2022,9,10,Solar,4933
12/22/2023,5,6,Wind,15962
9/5/2025,23,0,Wind,1948
6/10/2021,23,0,Wind,1818
7/4/2022,5,6,Wind,2017
12/16/2023,3,4,Wind,2011
5/30/2020,7,8,Wind,3666
4/7/2020,2,3,Wind,1456
11/6/2023,11,12,Wind,15272
8/30/2022,12,13,Solar,5716
5/15/2023,18,19,Wind,10618
4/5/2024,21,22,Wind,7586
11/16/2024,11,12,Solar,4727
11/3/2023,12,13,Wind,11435
4/24/2022,14,15,Wind,6477
1/17/2023,22,23,Wind,4922
3/15/2024,23,0,Wind,11379
11/25/2023,19,20,Wind,4936
11/20/2021,7,8,Wind,1094
1/16/2020,11,12,Wind,8618
11/18/2024,23,0,Wind,14187
12/22/2020,12,13,Wind,9524
7/6/2025,13,14,Wind,14280
6/27/2023,2,3,Wind,3012
9/26/2023,7,8,Wind,3214
8/25/2021,8,9,Wind,4761
4/26/2022,1,2,Wind,1941
3/13/2021,12,13,Wind,17406
6/11/2024,11,12,Solar,7264
12/18/2022,3,4,Wind,5832
2/21/2020,15,16,Wind,8359
8/18/2023,6,7,Wind,1822
9/7/2021,9,10,Wind,4283
5/8/2024,13,14,Solar,9568
12/19/2022,10,11,Wind,14101
5/2/2022,4,5,Wind,2262
6/13/2023,14,15,Solar,8090
8/19/2021,18,19,Wind,3013
6/26/2024,13,14,Solar,7668
2/8/2023,16,17,Solar,3528
5/12/2023,21,22,Wind,4296
4/20/2024,19,20,Wind,8409
8/10/2020,21,22,Wind,1422
3/26/2023,15,16,Wind,12969
5/30/2020,17,18,Wind,5969
10/8/2021,22,23,Wind,5821
12/25/2023,7,8,Wind,8856
6/16/2025,16,17,Solar,9816
1/30/2020,10,11,Wind,8866
1/22/2025,20,21,Wind,8688
8/13/2024,10,11,Solar,4270
4/10/2022,20,21,Wind,3566
9/26/2024,23,0,Wind,15142
2/11/2022,1,2,Wind,4678
9/9/2025,11,12,Solar,7629
5/29/2022,6,7,Wind,4946
11/16/2024,15,16,Solar,3151
10/14/2023,19,20,Wind,1868
6/15/2021,19,20,Solar,1342
1/12/2023,0,1,Wind,15748
5/21/2022,13,14,Solar,6385
3/2/2023,7,8,Wind,4264
1/8/2021,16,17,Wind,912
4/12/2025,0,1,Wind,9734
1/18/2020,23,0,Wind,3800
2/1/2022,16,17,Wind,12965
11/25/2024,6,7,Wind,14349
10/30/2021,22,23,Wind,4858
12/22/2024,18,19,Wind,14859
6/25/2020,8,9,Wind,2656
9/10/2022,0,1,Wind,5509
9/6/2023,3,4,Wind,2574
10/2/2025,20,21,Wind,3361
11/12/2025,13,14,Wind,14262
7/31/2020,2,3,Wind,4355
11/12/2020,5,6,Wind,5993
6/6/2020,14,15,Wind,10190
7/25/2020,22,23,Wind,4275
10/6/2020,4,5,Wind,9914
4/12/2023,4,5,Wind,11111
11/2/2022,16,17,Wind,6237
3/5/2021,11,12,Wind,8674
2/2/2025,7,8,Wind,2286
7/9/2022,3,4,Wind,3153
2/25/2023,15,16,Wind,9699
4/30/2024,2,3,Wind,3918
11/20/2021,4,5,Wind,1655
7/16/2020,4,5,Wind,1609
11/8/2023,2,3,Wind,7230
10/7/2024,19,20,Wind,8641
2/18/2021,14,15,Wind,11168
4/9/2025,11,12,Solar,5545
5/20/2021,12,13,Solar,8906
8/8/2025,7,8,Wind,1888
2/2/2025,16,17,Solar,2635
1/30/2021,18,19,Wind,6607
6/2/2021,4,5,Wind,3956
5/13/2022,5,6,Wind,2098
2/12/2020,19,20,Wind,3300
1/18/2022,18,19,Wind,3044
5/5/2020,5,6,Wind,5628
7/2/2020,13,14,Wind,6559
7/4/2024,10,11,Wind,10953
9/26/2025,10,11,Solar,3564
11/27/2022,1,2,Wind,7366
5/24/2022,1,2,Wind,4897
9/9/2022,3,4,Wind,8408
9/27/2021,18,19,Wind,6039
4/27/2021,5,6,Wind,4070
4/19/2023,11,12,Solar,9853
10/3/2021,9,10,Wind,8804
6/26/2025,13,14,Wind,15593
4/1/2025,19,20,Wind,18209
5/20/2024,20,21,Wind,4103
10/28/2021,0,1,Wind,4336
5/9/2024,21,22,Wind,3692
3/29/2021,1,2,Wind,4628
12/12/2020,16,17,Wind,5949
10/23/2021,15,16,Solar,4627
6/25/2020,22,23,Wind,3604
1/13/2025,12,13,Solar,9449
4/1/2022,9,10,Wind,10677
3/19/2025,16,17,Wind,9707
11/5/2022,8,9,Wind,3953
12/17/2022,15,16,Wind,3147
11/27/2020,8,9,Wind,1726
9/17/2023,9,10,Wind,4599
3/14/2020,12,13,Wind,7550
11/18/2020,23,0,Wind,8023
3/14/2024,0,1,Wind,4879
12/3/2023,4,5,Wind,6269
1/26/2024,5,6,Wind,11141
9/8/2024,1,2,Wind,5719
3/18/2024,3,4,Wind,2054
2/11/2020,12,13,Wind,14172
9/24/2020,18,19,Wind,7256
7/24/2024,9,10,Solar,4212
6/9/2022,17,18,Wind,7623
5/1/2025,11,12,Solar,4887
11/13/2023,15,16,Wind,17486
8/22/2023,22,23,Wind,2861
1/23/2022,21,22,Wind,3984
5/30/2021,1,2,Wind,5807
8/21/2023,3,4,Wind,2224
7/18/2025,3,4,Wind,1477
8/5/2023,3,4,Wind,2353
9/2/2020,1,2,Wind,2210
1/6/2020,10,11,Wind,5760
9/20/2020,2,3,Wind,1669
4/30/2025,9,10,Solar,6798
10/2/2024,22,23,Wind,4722
6/18/2021,4,5,Wind,3766
7/13/2023,3,4,Wind,2785
10/21/2025,8,9,Wind,10063
2/28/2023,8,9,Wind,8852
9/14/2021,7,8,Wind,3070
7/18/2020,12,13,Solar,4546
5/28/2020,3,4,Wind,4632
8/9/2024,3,4,Wind,3151
12/23/2022,21,22,Wind,11583
3/14/2025,18,19,Wind,7045
9/9/2023,15,16,Solar,7353
8/14/2020,21,22,Wind,910
8/26/2023,5,6,Wind,3563
6/17/2020,7,8,Wind,1313
9/18/2023,12,13,Wind,13159
4/8/2025,18,19,Solar,4385
1/15/2022,2,3,Wind,950
2/28/2023,16,17,Wind,9516
4/29/2022,15,16,Solar,6714
5/17/2024,21,22,Wind,1152
1/18/2025,6,7,Wind,1292
6/2/2023,18,19,Wind,8618
8/8/2021,13,14,Wind,9480
7/25/2023,17,18,Wind,9053
10/30/2023,11,12,Wind,5519
1/18/2021,13,14,Wind,5804
3/15/2023,15,16,Solar,6399
4/24/2024,21,22,Wind,3393
7/9/2024,20,21,Wind,3510
9/23/2023,0,1,Wind,5884
10/23/2023,14,15,Wind,8558
8/9/2024,23,0,Wind,2619
1/23/2024,1,2,Wind,13223
2/1/2021,7,8,Wind,5087
2/15/2023,15,16,Solar,4943
9/2/2023,21,22,Wind,3609
7/25/2025,5,6,Wind,2064
10/17/2025,17,18,Wind,6459
7/10/2024,1,2,Wind,2682
3/21/2021,4,5,Wind,3291
6/28/2021,15,16,Solar,4103
4/8/2025,1,2,Wind,4187
7/29/2025,8,9,Solar,4298
4/5/2024,19,20,Wind,7815
6/7/2024,8,9,Solar,2844
5/7/2024,4,5,Wind,2385
7/11/2020,7,8,Wind,2367
8/2/2024,8,9,Solar,2449
8/5/2025,4,5,Wind,2001
1/21/2025,10,11,Wind,4593
9/1/2021,8,9,Wind,5330
2/10/2023,5,6,Wind,607
10/21/2025,13,14,Wind,12010
2/3/2023,20,21,Wind,4819
9/17/2025,3,4,Wind,2538
12/15/2020,4,5,Wind,4535
5/31/2025,10,11,Solar,2786
11/7/2020,7,8,Wind,6467
7/9/2022,19,20,Wind,7134
5/11/2020,17,18,Wind,12105
9/2/2021,14,15,Wind,6828
4/15/2021,3,4,Wind,4872
4/5/2025,7,8,Wind,6762
9/1/2022,11,12,Solar,5523
12/2/2020,16,17,Wind,1851
9/4/2024,19,20,Wind,2756
5/20/2024,14,15,Solar,6878
4/18/2025,5,6,Wind,3979
1/31/2024,23,0,Wind,7943
9/1/2023,9,10,Wind,7736
8/26/2022,11,12,Solar,6130
6/6/2025,14,15,Wind,7548
6/3/2023,3,4,Wind,6275
5/20/2020,20,21,Wind,1510
10/10/2024,20,21,Wind,3897
10/13/2020,2,3,Wind,2737
9/17/2025,0,1,Wind,2960
7/3/2023,23,0,Wind,4223
7/19/2020,22,23,Wind,2759
3/2/2021,21,22,Wind,2497
3/20/2021,5,6,Wind,4731
7/2/2022,10,11,Solar,5634
4/25/2023,8,9,Wind,3040
11/23/2021,2,3,Wind,8786
7/29/2024,8,9,Wind,5065
4/6/2024,10,11,Wind,10951
11/11/2024,10,11,Wind,6022
2/19/2024,9,10,Wind,5644
10/5/2020,13,14,Wind,10960
5/22/2024,8,9,Wind,6303
5/25/2022,21,22,Wind,6201
5/21/2022,22,23,Wind,2252
4/25/2022,11,12,Solar,5729
10/23/2021,16,17,Solar,3873
3/6/2020,17,18,Wind,5832
4/26/2021,5,6,Wind,8434
2/14/2025,0,1,Wind,4495
10/7/2021,18,19,Wind,2481
9/5/2020,14,15,Solar,5227
3/8/2024,22,23,Wind,11625
11/22/2021,2,3,Wind,7217
9/18/2023,13,14,Wind,14570
4/8/2020,2,3,Wind,2770
8/6/2021,23,0,Wind,2828
5/26/2022,14,15,Solar,7513
4/23/2025,6,7,Wind,8160
11/29/2021,3,4,Wind,3574
6/13/2020,5,6,Wind,2957
4/27/2020,23,0,Wind,2808
10/7/2020,17,18,Wind,6847
12/26/2023,16,17,Wind,3106
2/9/2022,6,7,Wind,3190
8/13/2022,8,9,Wind,4135
1/15/2023,19,20,Wind,14919
5/20/2021,23,0,Wind,9618
4/3/2021,20,21,Wind,8531
6/26/2020,22,23,Wind,2511
11/30/2021,11,12,Wind,13548
3/31/2025,1,2,Wind,4095
12/23/2020,19,20,Wind,12730
4/14/2023,11,12,Wind,11246
8/10/2024,17,18,Solar,5761
1/24/2024,1,2,Wind,17277
11/23/2021,10,11,Wind,8964
9/11/2023,11,12,Solar,5510
4/16/2022,17,18,Wind,9592
12/27/2021,13,14,Wind,10536
2/8/2023,19,20,Wind,2592
6/27/2021,10,11,Solar,2756
9/16/2022,1,2,Wind,1796
12/16/2022,6,7,Wind,5562
1/22/2020,13,14,Wind,3953
3/28/2021,8,9,Wind,4107
8/14/2020,19,20,Wind,1932
11/15/2022,14,15,Wind,11228
7/12/2022,20,21,Wind,1264
11/25/2022,15,16,Wind,4341
10/5/2024,7,8,Wind,3296
3/25/2020,4,5,Wind,4922
1/28/2023,22,23,Wind,2510
3/14/2022,22,23,Wind,5829
2/4/2025,19,20,Wind,3898
7/4/2025,13,14,Solar,10551
8/9/2024,12,13,Solar,13418
3/29/2022,8,9,Wind,2984
9/14/2022,16,17,Wind,6331
6/20/2024,15,16,Solar,5228
6/12/2024,13,14,Solar,7608
12/13/2024,5,6,Wind,3016
6/8/2025,19,20,Wind,6272
2/14/2025,1,2,Wind,4207
11/14/2024,5,6,Wind,3979
1/24/2023,1,2,Wind,8699
11/3/2023,21,22,Wind,11741
7/26/2024,8,9,Solar,2416
8/2/2020,10,11,Wind,4638
8/12/2022,6,7,Wind,3341
1/2/2022,20,21,Wind,13533
11/30/2025,18,19,Wind,3824
8/4/2023,17,18,Wind,8883
5/23/2024,17,18,Solar,5633
9/19/2020,17,18,Wind,3429
1/16/2025,3,4,Wind,4215
6/8/2025,10,11,Wind,7351
3/6/2020,8,9,Wind,7736
10/12/2025,9,10,Wind,6563
6/17/2020,14,15,Solar,3992
8/8/2020,9,10,Solar,2184
6/28/2024,17,18,Solar,5696
2/6/2023,4,5,Wind,7102
4/20/2025,0,1,Wind,7230
10/15/2023,9,10,Wind,4882
9/29/2024,7,8,Wind,5401
6/29/2020,9,10,Wind,5060
5/16/2022,17,18,Solar,5106
10/27/2020,6,7,Wind,5536
1/18/2020,6,7,Wind,3971
11/7/2020,12,13,Wind,4501
6/18/2025,0,1,Wind,3413
2/8/2025,14,15,Wind,6608
8/28/2020,20,21,Wind,3747
11/10/2021,16,17,Wind,1023
10/23/2022,9,10,Wind,8440
10/8/2023,17,18,Solar,2791
12/13/2020,23,0,Wind,9541
6/2/2021,14,15,Solar,5804
4/12/2021,11,12,Solar,5587
11/21/2020,3,4,Wind,3528
4/25/2020,4,5,Wind,1684
7/5/2022,11,12,Solar,6409
11/25/2020,0,1,Wind,6958
11/25/2022,8,9,Wind,4641
8/19/2020,12,13,Wind,6891
8/24/2021,4,5,Wind,4668
6/3/2023,11,12,Solar,9183
4/8/2023,9,10,Solar,5186
3/28/2020,14,15,Wind,8154
2/7/2025,17,18,Wind,8840
6/28/2022,2,3,Wind,1459
12/3/2023,14,15,Wind,10728
6/15/2025,3,4,Wind,2470
7/18/2022,4,5,Wind,3823
10/4/2023,7,8,Wind,2498
2/4/2025,20,21,Wind,3653
12/24/2020,13,14,Wind,11217
10/22/2025,17,18,Wind,6993
9/11/2023,6,7,Wind,1316
12/9/2022,13,14,Solar,3516
2/6/2022,5,6,Wind,13754
10/17/2025,3,4,Wind,5131
10/14/2020,21,22,Wind,5976
12/1/2022,18,19,Wind,3992
11/9/2023,2,3,Wind,9433
9/3/2024,11,12,Solar,4416
8/11/2024,18,19,Wind,7208
11/17/2023,18,19,Wind,1880
10/19/2023,21,22,Wind,8036
1/27/2021,9,10,Wind,5313
5/19/2024,4,5,Wind,377
1/28/2024,23,0,Wind,8892
6/26/2022,7,8,Wind,1648
9/1/2022,23,0,Wind,3522
8/10/2020,23,0,Wind,1574
7/24/2020,14,15,Solar,6807
1/31/2024,14,15,Solar,6542
2/8/2024,18,19,Wind,15120
4/9/2021,12,13,Wind,6366
4/8/2022,16,17,Wind,12269
5/31/2024,2,3,Wind,5661
5/10/2024,9,10,Solar,6311
11/27/2025,2,3,Wind,5985
1/1/2022,14,15,Wind,5151
9/4/2021,13,14,Solar,4465
2/24/2024,4,5,Wind,7564
5/1/2023,14,15,Solar,9515
12/2/2021,9,10,Wind,8152
1/5/2024,18,19,Wind,4803
11/10/2022,14,15,Solar,5543
3/15/2024,21,22,Wind,11331
8/28/2021,23,0,Wind,4620
8/11/2024,19,20,Wind,5284
11/10/2025,23,0,Wind,9240
6/25/2021,19,20,Solar,2096
7/6/2024,2,3,Wind,7169
6/21/2022,18,19,Solar,3550
12/7/2020,12,13,Wind,2595
12/7/2023,14,15,Wind,10642
5/10/2023,11,12,Wind,10311
2/13/2022,16,17,Wind,15482
8/22/2023,23,0,Wind,3133
7/11/2021,16,17,Solar,4408
4/30/2025,19,20,Wind,4629
8/22/2021,0,1,Wind,2360
4/3/2024,6,7,Wind,10636
12/7/2024,21,22,Wind,18048
1/23/2025,20,21,Wind,16306
11/25/2021,20,21,Wind,3354
6/16/2021,9,10,Solar,2706
4/18/2020,12,13,Solar,3119
6/26/2022,20,21,Wind,1544
3/14/2024,1,2,Wind,4766
6/13/2021,9,10,Solar,3782
3/5/2025,22,23,Wind,4543
3/13/2021,16,17,Wind,15533
1/3/2023,23,0,Wind,13392
12/3/2022,13,14,Wind,5903
3/4/2025,21,22,Wind,2960
1/15/2021,4,5,Wind,7514
9/28/2023,6,7,Wind,1390
7/9/2024,18,19,Wind,7837
5/21/2025,1,2,Wind,3976
10/8/2021,14,15,Solar,8271
10/5/2022,13,14,Wind,15834
9/4/2024,21,22,Wind,2894
2/16/2022,19,20,Wind,16095
9/18/2020,21,22,Wind,6480
4/5/2025,22,23,Wind,8716
1/5/2021,17,18,Wind,2072
5/19/2021,21,22,Wind,4481
6/23/2023,14,15,Solar,8167
3/20/2025,3,4,Wind,6169
2/15/2025,0,1,Wind,7367
5/14/2024,5,6,Wind,7686
9/20/2023,4,5,Wind,4429
11/27/2025,0,1,Wind,4735
12/24/2021,21,22,Wind,3385
6/27/2024,7,8,Wind,1614
6/28/2021,5,6,Wind,1317
9/19/2024,11,12,Solar,13203
10/27/2023,5,6,Wind,9330
1/28/2025,14,15,Wind,20503
1/16/2020,10,11,Wind,8295
10/1/2025,2,3,Wind,2277
4/28/2025,0,1,Wind,3472
5/7/2024,2,3,Wind,2517
5/5/2020,15,16,Wind,6449
2/21/2022,14,15,Wind,18597
10/27/2022,13,14,Wind,7735
1/21/2022,5,6,Wind,5087
12/10/2021,23,0,Wind,10684
9/17/2025,13,14,Solar,13370
2/15/2024,5,6,Wind,7852
10/31/2023,21,22,Wind,9981
7/28/2025,21,22,Wind,3171
1/25/2024,15,16,Wind,6596
8/23/2024,23,0,Wind,3806
8/7/2023,20,21,Wind,2255
1/14/2020,10,11,Wind,13219
7/21/2023,2,3,Wind,2186
5/20/2023,18,19,Wind,8292
2/20/2024,3,4,Wind,2948
2/3/2021,8,9,Wind,10482
5/13/2023,20,21,Wind,5454
2/24/2025,19,20,Wind,6682
2/28/2020,21,22,Wind,11246
5/29/2022,12,13,Solar,9320
8/6/2020,9,10,Solar,2398
12/27/2022,19,20,Wind,9210
8/12/2025,22,23,Wind,1142
3/28/2023,17,18,Wind,8935
2/9/2022,5,6,Wind,3219
10/27/2023,9,10,Wind,9864
11/23/2025,16,17,Wind,11331
2/20/2024,7,8,Wind,2359
7/16/2022,1,2,Wind,3757
12/28/2024,2,3,Wind,489
9/1/2025,22,23,Wind,5769
3/12/2025,9,10,Wind,3368
7/18/2020,20,21,Wind,1254
5/27/2024,5,6,Wind,1973
3/16/2024,14,15,Solar,7722
1/27/2020,16,17,Wind,9946
6/26/2021,2,3,Wind,313
11/4/2023,0,1,Wind,10218
1/15/2020,14,15,Wind,11330
12/10/2023,16,17,Wind,16893
3/8/2020,18,19,Wind,7446
5/9/2025,14,15,Solar,5194
11/2/2022,10,11,Solar,6408
11/19/2025,17,18,Wind,13298
11/28/2020,3,4,Wind,3724
5/1/2020,6,7,Wind,6590
2/2/2021,14,15,Wind,11555
3/20/2021,19,20,Wind,4620
12/26/2023,14,15,Wind,6061
5/24/2023,13,14,Solar,11314
7/22/2021,10,11,Solar,4228
8/23/2021,6,7,Wind,2587
6/28/2025,16,17,Solar,8484
12/22/2020,22,23,Wind,7498
9/6/2023,23,0,Wind,3124
11/28/2024,20,21,Wind,3525
7/17/2025,17,18,Solar,7404
3/12/2021,5,6,Wind,9387
9/2/2021,3,4,Wind,6117
10/14/2021,11,12,Solar,5071
4/3/2024,21,22,Wind,9227
1/12/2025,1,2,Wind,2503
12/11/2023,19,20,Wind,6012
3/11/2024,12,13,Wind,9482
10/22/2024,9,10,Wind,2369
5/4/2021,17,18,Wind,12893
6/19/2021,5,6,Wind,1443
3/12/2025,8,9,Wind,2837
10/5/2024,13,14,Solar,11301
12/16/2022,10,11,Wind,4525
8/4/2025,17,18,Solar,11903
10/19/2021,4,5,Wind,6408
2/28/2023,13,14,Wind,12232
4/24/2020,19,20,Wind,1687
7/4/2025,0,1,Wind,6407
7/2/2022,19,20,Solar,2728
7/25/2022,15,16,Wind,13074
12/13/2023,11,12,Wind,6995
1/6/2023,20,21,Wind,7747
3/30/2022,13,14,Solar,2934
10/3/2022,21,22,Wind,1707
11/2/2025,23,0,Wind,8233
11/12/2021,11,12,Solar,4685
6/7/2025,11,12,Wind,15967
3/28/2025,18,19,Wind,7952
8/28/2020,6,7,Wind,4229
3/17/2024,13,14,Solar,8283
4/28/2022,10,11,Solar,5784
5/6/2025,7,8,Wind,9736
8/1/2025,9,10,Solar,5437
1/27/2022,5,6,Wind,2801
9/11/2023,10,11,Solar,4515
1/25/2021,20,21,Wind,4062
6/18/2020,9,10,Solar,2298
12/31/2021,8,9,Wind,5842
8/10/2025,10,11,Solar,3637
1/8/2025,19,20,Wind,13811
5/14/2025,5,6,Wind,936
9/15/2021,6,7,Wind,1787
7/10/2025,20,21,Wind,4167
8/16/2021,8,9,Wind,5896
6/30/2023,16,17,Wind,9993
7/20/2021,15,16,Solar,6402
7/15/2021,7,8,Wind,7201
5/30/2024,20,21,Wind,6551
12/26/2024,15,16,Solar,3367
8/12/2023,9,10,Solar,3967
7/16/2022,15,16,Solar,8584
7/29/2022,3,4,Wind,1077
2/4/2020,22,23,Wind,7050
3/27/2023,18,19,Wind,4950
10/19/2021,21,22,Wind,10424
2/2/2022,21,22,Wind,2760
7/19/2021,19,20,Wind,5219
6/12/2024,3,4,Wind,2078
8/28/2020,19,20,Wind,5497
5/14/2022,22,23,Wind,2897
10/22/2020,7,8,Wind,5129
2/1/2024,6,7,Wind,5855
10/10/2025,20,21,Wind,3804
1/12/2025,18,19,Wind,4427
11/26/2025,6,7,Wind,6170
2/22/2021,10,11,Wind,5878
2/23/2023,21,22,Wind,6498
2/12/2024,16,17,Wind,3247
2/1/2024,19,20,Wind,2175
1/18/2022,4,5,Wind,2522
1/8/2024,18,19,Wind,7510
7/6/2025,21,22,Wind,7311
7/24/2025,17,18,Solar,8519
4/11/2023,2,3,Wind,10418
5/1/2021,5,6,Wind,1224
11/6/2021,13,14,Solar,6094
1/27/2023,0,1,Wind,6585
9/9/2024,17,18,Wind,12071
5/6/2020,0,1,Wind,2947
5/18/2022,5,6,Wind,1495
10/8/2023,15,16,Solar,5874
5/3/2023,2,3,Wind,7490
3/3/2022,7,8,Wind,1311
6/21/2023,3,4,Wind,893
9/5/2020,20,21,Wind,2254
4/5/2024,20,21,Wind,6803
8/9/2023,9,10,Solar,4254
10/3/2025,8,9,Wind,5848
5/10/2022,14,15,Solar,9756
7/5/2023,19,20,Wind,6599
8/8/2022,5,6,Wind,5512
7/6/2021,23,0,Wind,3350
8/7/2020,1,2,Wind,3117
7/23/2025,9,10,Solar,4097
6/5/2022,21,22,Wind,3441
3/11/2021,9,10,Wind,14955
6/17/2023,11,12,Solar,6117
10/17/2020,14,15,Solar,3091
1/7/2023,9,10,Wind,13454
10/9/2021,4,5,Wind,3206
1/29/2025,16,17,Wind,10328
9/6/2022,11,12,Solar,6305
7/14/2022,4,5,Wind,1053
6/5/2025,3,4,Wind,3159
5/30/2021,17,18,Wind,5805
2/26/2025,15,16,Wind,17093
10/13/2020,21,22,Wind,2813
7/4/2020,3,4,Wind,4449
9/5/2025,13,14,Solar,9919
7/20/2025,21,22,Wind,6303
4/26/2021,21,22,Wind,6615
6/28/2020,6,7,Wind,3653
8/5/2023,9,10,Wind,8299
10/29/2022,18,19,Wind,5357
9/21/2024,21,22,Wind,4316
5/11/2021,18,19,Wind,8057
4/24/2025,8,9,Wind,3674
5/17/2024,18,19,Solar,4082
3/24/2022,22,23,Wind,6097
3/8/2022,8,9,Wind,8131
12/20/2024,23,0,Wind,12359
12/9/2021,14,15,Wind,6069
1/9/2022,8,9,Wind,8949
3/5/2023,13,14,Solar,6421
12/21/2023,6,7,Wind,15728
8/26/2025,1,2,Wind,2978
12/17/2022,1,2,Wind,2493
2/27/2023,5,6,Wind,12893
1/17/2024,13,14,Wind,10985
10/9/2023,13,14,Solar,6567
7/30/2021,17,18,Wind,12984
4/18/2021,16,17,Solar,4721
5/5/2023,0,1,Wind,3240
5/21/2023,13,14,Solar,5131
9/25/2024,5,6,Wind,4040
1/7/2022,22,23,Wind,9898
2/22/2025,7,8,Wind,10187
12/12/2024,9,10,Wind,4023
8/24/2020,21,22,Wind,818
12/11/2023,2,3,Wind,13508
6/21/2023,2,3,Wind,1021
12/1/2023,13,14,Wind,4055
7/7/2023,3,4,Wind,4211
3/13/2020,11,12,Wind,7754
11/20/2022,22,23,Wind,9113
8/27/2023,23,0,Wind,4344
12/14/2023,6,7,Wind,6471
11/20/2022,5,6,Wind,5613
7/1/2022,2,3,Wind,2625
6/2/2022,17,18,Solar,4709
11/16/2021,4,5,Wind,707
4/8/2024,2,3,Wind,3494
5/25/2025,1,2,Wind,6572
4/30/2022,15,16,Solar,8606
5/26/2022,19,20,Wind,5141
12/23/2021,12,13,Wind,8949
12/15/2020,19,20,Wind,3634
8/18/2021,21,22,Wind,2299
3/19/2025,11,12,Solar,12654
4/2/2022,1,2,Wind,10324
7/12/2022,0,1,Wind,4367
8/27/2020,20,21,Wind,5747
7/14/2021,16,17,Wind,8740
12/6/2024,3,4,Wind,17214
7/28/2021,16,17,Wind,10296
1/13/2022,17,18,Wind,2335
3/5/2023,1,2,Wind,2545
3/10/2024,23,0,Wind,2609
7/7/2023,10,11,Solar,6868
12/18/2022,23,0,Wind,11826
10/20/2021,1,2,Wind,10958
6/30/2022,7,8,Wind,1239
10/3/2021,19,20,Wind,4986
7/13/2023,0,1,Wind,3531
1/13/2023,15,16,Wind,15907
10/6/2025,22,23,Wind,1939
8/13/2020,9,10,Wind,2260
2/1/2020,17,18,Wind,10763
1/12/2022,17,18,Wind,2310
6/6/2021,5,6,Wind,1840
10/30/2022,7,8,Wind,4263
3/8/2023,12,13,Wind,15877
7/9/2020,1,2,Wind,1329
9/25/2024,18,19,Wind,11219
4/17/2022,23,0,Wind,6070
7/15/2020,6,7,Wind,1391
12/31/2022,21,22,Wind,16396
11/5/2025,16,17,Wind,11798
4/1/2024,21,22,Wind,10263
4/12/2021,2,3,Wind,2933
2/17/2025,10,11,Solar,5038
1/2/2020,17,18,Wind,4745
6/15/2023,16,17,Solar,7481
9/13/2023,3,4,Wind,1304
3/20/2023,14,15,Solar,8040
8/6/2023,17,18,Wind,15065
6/27/2021,18,19,Wind,2704
8/5/2022,16,17,Wind,9554
10/19/2023,6,7,Wind,8854
2/4/2021,20,21,Wind,3561
1/17/2023,0,1,Wind,3230
11/15/2025,16,17,Wind,2837
5/18/2023,3,4,Wind,6532
3/13/2023,12,13,Wind,18709
7/23/2022,21,22,Wind,1346
5/29/2021,14,15,Solar,6639
12/5/2021,12,13,Wind,8648
9/5/2021,22,23,Wind,1412
8/23/2023,6,7,Wind,1913
3/3/2024,15,16,Wind,9177
1/31/2023,0,1,Wind,1791
11/24/2020,12,13,Wind,4440
11/11/2025,11,12,Wind,13774
7/24/2021,20,21,Wind,3010
11/16/2020,13,14,Wind,8131
5/11/2024,10,11,Solar,7158
7/18/2024,10,11,Solar,6214
3/5/2024,17,18,Wind,4666
9/30/2025,23,0,Wind,3340
12/18/2023,0,1,Wind,2427
2/23/2025,2,3,Wind,2222
1/19/2021,12,13,Wind,12477
4/23/2023,5,6,Wind,6510
8/15/2024,15,16,Solar,9716
12/29/2020,17,18,Wind,3333
10/9/2023,5,6,Wind,1475
5/14/2020,19,20,Wind,9682
12/27/2024,5,6,Wind,1370
4/23/2024,11,12,Solar,9655
11/23/2023,15,16,Wind,7273
1/18/2025,12,13,Solar,4069
9/22/2024,14,15,Solar,5953
7/20/2021,23,0,Wind,3178
8/28/2020,8,9,Wind,4463
12/23/2023,1,2,Wind,12757
4/12/2020,17,18,Wind,4216
7/16/2025,0,1,Wind,6516
9/29/2021,17,18,Wind,9091
3/11/2025,4,5,Wind,1943
3/24/2021,15,16,Solar,5305
11/24/2023,9,10,Wind,8382
10/23/2025,23,0,Wind,17334
5/27/2023,13,14,Solar,6506
7/3/2025,4,5,Wind,5443
6/19/2021,8,9,Wind,2169
3/26/2022,8,9,Wind,7447
6/22/2025,21,22,Wind,3043
2/17/2025,12,13,Solar,7102
1/10/2020,15,16,Wind,3749
2/11/2025,6,7,Wind,3796
8/27/2022,22,23,Wind,4309
6/2/2025,4,5,Wind,2563
10/12/2022,23,0,Wind,1120
9/5/2022,10,11,Solar,5380
8/18/2022,22,23,Wind,3828
12/16/2020,7,8,Wind,6323
12/10/2024,4,5,Wind,10068
3/25/2025,5,6,Wind,2391
2/15/2024,14,15,Wind,9294
2/20/2024,22,23,Wind,4163
3/17/2021,10,11,Wind,10332
10/24/2022,2,3,Wind,12802
11/18/2023,7,8,Wind,8786
1/16/2021,1,2,Wind,1823
7/17/2020,21,22,Wind,1963
7/15/2024,19,20,Wind,8795
8/13/2025,14,15,Solar,7567
12/18/2021,23,0,Wind,4747
11/12/2023,7,8,Wind,7470
2/12/2022,11,12,Wind,7265
8/28/2023,2,3,Wind,4222
5/26/2020,19,20,Wind,5208
6/26/2020,10,11,Wind,4773
3/15/2021,8,9,Wind,9828
8/24/2020,8,9,Wind,2065
11/27/2021,17,18,Wind,6377
7/11/2023,7,8,Wind,2619
5/15/2023,1,2,Wind,3552
5/27/2022,6,7,Wind,2909
7/18/2021,13,14,Solar,9706
12/2/2021,11,12,Wind,10221
1/8/2024,10,11,Wind,11113
4/27/2023,0,1,Wind,1483
1/8/2024,11,12,Wind,11523
8/30/2023,8,9,Wind,4140
12/28/2020,19,20,Wind,9090
1/17/2022,18,19,Wind,1436
6/29/2021,9,10,Solar,2910
4/4/2025,7,8,Wind,7839
12/31/2021,12,13,Wind,6636
4/6/2020,23,0,Wind,1036
8/12/2024,17,18,Solar,7445
9/14/2020,6,7,Wind,2607
1/30/2024,20,21,Wind,1111
1/2/2025,1,2,Wind,11343
12/17/2022,8,9,Wind,2925
6/18/2024,11,12,Solar,7244
7/18/2024,7,8,Wind,2276
8/24/2024,20,21,Wind,11876
8/24/2025,11,12,Solar,5038
12/17/2020,13,14,Wind,4744
10/15/2023,1,2,Wind,2190
10/3/2025,21,22,Wind,13370
6/4/2024,21,22,Wind,4871
7/7/2024,14,15,Solar,6764
5/13/2020,9,10,Wind,4071
9/11/2023,21,22,Wind,1927
7/24/2024,21,22,Wind,1230
12/31/2022,16,17,Wind,16312
11/9/2024,16,17,Solar,573
3/10/2021,1,2,Wind,2205
1/6/2024,9,10,Wind,6068
4/30/2023,1,2,Wind,3296
8/26/2024,12,13,Solar,10367
1/10/2021,5,6,Wind,4549
7/9/2023,2,3,Wind,2345
2/10/2022,17,18,Wind,3016
6/25/2021,3,4,Wind,1736
2/16/2024,20,21,Wind,5368
6/20/2021,22,23,Wind,2847
1/24/2021,10,11,Wind,6496
3/17/2022,9,10,Wind,5207
11/11/2025,17,18,Wind,10895
3/13/2022,2,3,Wind,10295
10/15/2023,20,21,Wind,4510
3/9/2020,2,3,Wind,7458
11/19/2024,10,11,Wind,20036
5/18/2022,17,18,Solar,4818
2/1/2020,22,23,Wind,8577
3/20/2024,16,17,Solar,4207
5/3/2022,9,10,Solar,3791
12/24/2021,16,17,Wind,2167
4/17/2022,1,2,Wind,7761
1/2/2025,23,0,Wind,2917
6/19/2024,14,15,Solar,10294
4/9/2021,20,21,Wind,4887
1/6/2022,8,9,Wind,1796
4/18/2021,6,7,Wind,2830
5/15/2022,17,18,Wind,7724
3/28/2023,2,3,Wind,2714
8/20/2024,5,6,Wind,3172
10/13/2021,4,5,Wind,2716
9/12/2023,1,2,Wind,1372
12/9/2020,5,6,Wind,2547
12/30/2022,8,9,Wind,14806
3/2/2024,0,1,Wind,11439
8/4/2021,10,11,Solar,2142
7/2/2025,21,22,Wind,6450
10/21/2024,3,4,Wind,5049
2/21/2021,2,3,Wind,9651
12/23/2023,22,23,Wind,14127
6/21/2022,16,17,Solar,4565
12/11/2024,0,1,Wind,5539
1/15/2022,10,11,Solar,2925
11/4/2024,19,20,Wind,3146
7/18/2025,17,18,Solar,6913
11/24/2024,1,2,Wind,18724
3/14/2020,6,7,Wind,3115
9/22/2024,5,6,Wind,3473
3/9/2021,14,15,Solar,5555
3/23/2022,1,2,Wind,3742
11/9/2021,15,16,Solar,2941
3/28/2021,12,13,Wind,9682
3/14/2021,23,0,Wind,9883
1/28/2023,14,15,Wind,7447
8/25/2023,22,23,Wind,3330
10/7/2024,12,13,Wind,5836
8/9/2021,3,4,Wind,2815
1/27/2022,12,13,Wind,7114
2/7/2021,19,20,Wind,3321
6/9/2020,1,2,Wind,3709
11/6/2020,19,20,Wind,7377
1/14/2023,1,2,Wind,8261
11/23/2025,23,0,Wind,6509
11/12/2024,2,3,Wind,8735
7/7/2023,18,19,Wind,5491
6/8/2023,1,2,Wind,5171
1/2/2022,14,15,Wind,12529
4/4/2024,6,7,Wind,15146
8/15/2021,11,12,Solar,4411
7/8/2024,5,6,Wind,417
10/14/2025,19,20,Wind,5586
2/27/2020,4,5,Wind,6506
3/1/2022,7,8,Wind,1909
9/1/2021,10,11,Wind,7948
5/19/2022,21,22,Wind,1931
6/4/2021,17,18,Wind,3150
8/18/2023,22,23,Wind,3455
5/24/2021,21,22,Wind,10043
8/16/2021,22,23,Wind,3281
5/2/2022,15,16,Solar,6011
5/9/2024,10,11,Solar,7625
3/8/2024,15,16,Wind,10290
9/10/2020,13,14,Solar,3254
3/7/2022,21,22,Wind,8321
10/20/2025,19,20,Wind,16243
12/31/2021,11,12,Wind,6706
11/14/2021,10,11,Wind,3653
7/8/2021,8,9,Solar,2096
9/22/2023,7,8,Wind,6699
5/25/2024,0,1,Wind,728
12/3/2023,21,22,Wind,12215
12/26/2024,14,15,Solar,4532
12/21/2020,8,9,Wind,10461
8/9/2023,6,7,Wind,1851
7/19/2021,15,16,Solar,8383
9/14/2024,10,11,Solar,7389
10/31/2022,7,8,Wind,3744
9/27/2024,19,20,Wind,11345
1/9/2022,0,1,Wind,14615
9/26/2022,16,17,Wind,13674
1/20/2021,4,5,Wind,12021
2/23/2024,11,12,Wind,16280
6/16/2023,10,11,Solar,5611
12/25/2020,23,0,Wind,3650
5/18/2023,20,21,Wind,5504
10/5/2021,20,21,Wind,8777
9/22/2021,1,2,Wind,2632
4/28/2022,21,22,Wind,4659
3/24/2024,21,22,Wind,3741
1/26/2021,16,17,Wind,3875
4/12/2023,9,10,Wind,9511
6/5/2025,10,11,Wind,7856
10/8/2020,15,16,Wind,11678
4/3/2021,18,19,Wind,11300
6/26/2021,6,7,Wind,198
3/6/2024,13,14,Solar,6017
12/21/2023,1,2,Wind,13050
5/8/2020,11,12,Solar,4633
8/16/2024,1,2,Wind,3379
9/24/2025,4,5,Wind,6353
9/24/2021,20,21,Wind,799
9/25/2020,21,22,Wind,11474
12/27/2024,10,11,Solar,3254
4/14/2022,3,4,Wind,1055
10/21/2024,12,13,Solar,8162
4/26/2023,10,11,Solar,4076
1/17/2025,15,16,Solar,3549
6/5/2020,20,21,Wind,8357
11/21/2025,5,6,Wind,4719
1/29/2021,22,23,Wind,8194
6/23/2020,8,9,Solar,2487
7/25/2023,5,6,Wind,5890
8/3/2025,4,5,Wind,1996
8/20/2024,12,13,Solar,11051
4/4/2024,11,12,Wind,19121
1/24/2021,21,22,Wind,6727
9/6/2020,23,0,Wind,1981
10/28/2021,1,2,Wind,4501
6/23/2021,2,3,Wind,2649
3/21/2025,5,6,Wind,10004
2/9/2024,1,2,Wind,16433
5/10/2025,22,23,Wind,8073
2/16/2024,16,17,Wind,6816
3/17/2023,14,15,Wind,11970
1/30/2025,2,3,Wind,6337
5/28/2024,14,15,Wind,13546
7/16/2023,18,19,Wind,7137
10/2/2024,4,5,Wind,4513
6/19/2020,14,15,Solar,5456
6/10/2022,12,13,Solar,8140
6/29/2025,20,21,Wind,2801
8/13/2022,19,20,Wind,2149
8/27/2022,5,6,Wind,2214
6/19/2021,13,14,Solar,4385
8/2/2020,13,14,Solar,5632
5/9/2023,0,1,Wind,2228
2/14/2022,0,1,Wind,14349
9/10/2022,19,20,Wind,2379
6/17/2021,0,1,Wind,4489
8/28/2025,12,13,Wind,11144
10/6/2025,8,9,Wind,2858
9/12/2020,5,6,Wind,1005
2/28/2020,14,15,Wind,10991
11/11/2024,5,6,Wind,3044
7/18/2022,16,17,Solar,6833
3/14/2022,0,1,Wind,5713
4/6/2023,0,1,Wind,1138
9/26/2020,7,8,Wind,10823
5/10/2020,16,17,Wind,3659
8/20/2025,0,1,Wind,3201
1/24/2024,14,15,Wind,14662
1/9/2022,1,2,Wind,14429
11/19/2020,5,6,Wind,8077
11/18/2021,9,10,Wind,2527
1/10/2022,7,8,Wind,1133
7/9/2021,7,8,Wind,1172
5/10/2023,15,16,Wind,11566
8/9/2020,8,9,Solar,1399
5/21/2022,15,16,Solar,5864
7/24/2023,0,1,Wind,3921
10/17/2020,6,7,Wind,794
5/5/2025,8,9,Wind,9945
1/24/2023,5,6,Wind,7274
12/16/2022,11,12,Wind,4712
6/16/2021,22,23,Wind,2346
8/16/2022,18,19,Solar,2838
3/20/2020,4,5,Wind,3384
10/2/2021,23,0,Wind,12752
9/19/2021,4,5,Wind,3555
5/11/2021,21,22,Wind,4856
6/9/2024,14,15,Solar,4612
10/19/2022,22,23,Wind,6739
5/11/2023,15,16,Solar,6920
5/31/2025,0,1,Wind,816
8/27/2023,8,9,Wind,3725
3/17/2020,20,21,Wind,434
1/26/2023,9,10,Wind,4193
1/14/2022,16,17,Solar,1152
12/29/2023,1,2,Wind,12674
3/28/2023,15,16,Solar,10527
6/22/2024,8,9,Wind,6388
11/15/2021,2,3,Wind,3203
12/4/2024,1,2,Wind,1664
3/11/2021,15,16,Wind,15577
1/22/2020,8,9,Wind,4039
3/6/2021,8,9,Wind,6194
8/8/2022,9,10,Solar,5723
6/24/2025,23,0,Wind,943
7/28/2020,4,5,Wind,4636
1/25/2020,6,7,Wind,1318
11/29/2023,4,5,Wind,3373
10/7/2024,6,7,Wind,4644
4/5/2022,0,1,Wind,7921
10/21/2021,21,22,Wind,3146
12/1/2023,9,10,Wind,2985
5/1/2021,22,23,Wind,3691
10/16/2023,5,6,Wind,6364
9/21/2021,5,6,Wind,3073
9/22/2021,6,7,Wind,2043
6/11/2024,2,3,Wind,2154
3/7/2024,23,0,Wind,11867
10/8/2025,0,1,Wind,1167
12/5/2024,19,20,Wind,17467
6/9/2020,3,4,Wind,3597
4/15/2023,3,4,Wind,6045
11/20/2021,22,23,Wind,265
8/24/2021,13,14,Wind,11938
3/2/2021,9,10,Wind,4371
6/6/2022,20,21,Wind,2177
5/20/2023,7,8,Wind,6487
8/17/2023,9,10,Solar,3534
4/5/2024,18,19,Wind,9654
10/19/2025,7,8,Wind,7946
6/9/2022,9,10,Wind,6547
4/9/2020,10,11,Solar,3245
12/20/2023,2,3,Wind,8728
9/8/2021,15,16,Solar,6502
1/25/2021,9,10,Wind,4785
1/31/2025,6,7,Wind,3181
6/30/2021,12,13,Solar,5566
8/26/2020,17,18,Wind,8682
4/22/2020,5,6,Wind,4486
3/21/2024,3,4,Wind,2272
11/30/2022,13,14,Solar,3869
10/6/2022,23,0,Wind,948
12/8/2020,20,21,Wind,2418
3/17/2025,13,14,Solar,15462
5/20/2021,21,22,Wind,8481
11/30/2020,1,2,Wind,1537
8/22/2020,16,17,Wind,11150
3/26/2020,12,13,Wind,9647
3/26/2020,8,9,Wind,6507
6/10/2025,5,6,Wind,2462
1/16/2021,9,10,Wind,4562
4/2/2023,11,12,Wind,12504
7/19/2021,16,17,Solar,8102
1/24/2021,1,2,Wind,3997
7/14/2022,6,7,Wind,1118
2/29/2020,3,4,Wind,12369
8/13/2025,7,8,Wind,1326
9/15/2022,17,18,Solar,4383
10/4/2024,6,7,Wind,4112
4/11/2022,23,0,Wind,9207
11/15/2024,22,23,Wind,1866
12/22/2021,4,5,Wind,2752
12/22/2023,2,3,Wind,16178
6/9/2025,19,20,Solar,2639
7/1/2024,9,10,Solar,4273
9/13/2020,10,11,Solar,2958
10/5/2021,21,22,Wind,8510
12/22/2024,12,13,Wind,19988
11/8/2025,14,15,Solar,4975
12/12/2023,18,19,Wind,12023
8/19/2023,1,2,Wind,5055
1/23/2024,11,12,Wind,11513
9/5/2022,9,10,Solar,4189
6/26/2021,11,12,Solar,4216
1/17/2022,9,10,Wind,1970
1/30/2022,0,1,Wind,5416
9/18/2021,6,7,Wind,1702
4/3/2021,12,13,Wind,15142
9/26/2020,18,19,Wind,9110
5/16/2022,7,8,Wind,5452
6/25/2024,13,14,Solar,5033
10/23/2022,5,6,Wind,7521
5/8/2025,5,6,Wind,5019
12/17/2023,17,18,Wind,2004
7/15/2025,23,0,Wind,5547
3/30/2023,4,5,Wind,11705
8/19/2022,20,21,Wind,3569
5/29/2024,8,9,Wind,7121
9/21/2023,2,3,Wind,9961
2/1/2023,8,9,Wind,7185
5/3/2021,21,22,Wind,8727
3/5/2020,8,9,Wind,6907
10/19/2020,19,20,Wind,8168
8/10/2020,17,18,Solar,2611
7/23/2020,17,18,Solar,2417
3/16/2025,6,7,Wind,7648
9/20/2020,6,7,Wind,1187
3/15/2023,13,14,Solar,7195
7/7/2025,5,6,Wind,4515
8/23/2023,1,2,Wind,2676
6/8/2024,23,0,Wind,3485
4/3/2021,1,2,Wind,9709
1/19/2025,4,5,Wind,935
7/15/2022,1,2,Wind,5321
1/23/2020,19,20,Wind,3400
8/17/2023,7,8,Wind,2350
3/27/2022,21,22,Wind,2280
4/4/2020,6,7,Wind,1770
9/26/2024,15,16,Wind,18529
12/20/2020,23,0,Wind,5564
12/29/2020,3,4,Wind,6120
4/21/2020,16,17,Wind,4995
3/29/2022,23,0,Wind,1588
8/7/2022,18,19,Wind,8666
6/29/2025,11,12,Solar,4137
3/11/2025,11,12,Solar,7616
3/4/2025,7,8,Wind,2919
8/31/2020,14,15,Solar,4646
11/8/2024,9,10,Wind,4055
9/30/2022,8,9,Wind,1647
7/30/2021,11,12,Wind,9305
7/3/2024,23,0,Wind,6130
8/28/2023,10,11,Solar,4984
8/27/2025,3,4,Wind,1981
2/17/2020,9,10,Wind,8285
8/4/2021,11,12,Solar,2599
8/25/2022,22,23,Wind,5048
10/10/2023,13,14,Solar,7187
7/8/2025,19,20,Wind,6311
2/14/2020,17,18,Wind,4028
11/25/2022,1,2,Wind,6999
4/29/2024,9,10,Solar,3401
2/25/2021,20,21,Wind,2025
6/3/2024,10,11,Solar,6116
10/27/2025,5,6,Wind,17645
5/22/2022,6,7,Wind,1910
1/14/2020,13,14,Wind,14275
11/24/2020,16,17,Wind,3505
9/13/2022,9,10,Wind,4412
9/29/2024,16,17,Wind,10986
8/29/2020,7,8,Wind,2406
12/11/2023,18,19,Wind,6268
2/3/2021,12,13,Wind,14363
8/10/2023,16,17,Solar,6671
10/2/2022,13,14,Wind,11282
7/17/2025,1,2,Wind,1940
12/5/2024,3,4,Wind,9463
4/20/2025,6,7,Wind,6262
9/12/2020,3,4,Wind,966
1/7/2025,19,20,Wind,9387
10/2/2021,18,19,Wind,14448
6/10/2025,21,22,Wind,1757
10/10/2025,15,16,Solar,8293
2/16/2023,13,14,Wind,9963
11/19/2025,10,11,Wind,14949
6/1/2022,0,1,Wind,1917
6/5/2024,12,13,Solar,8450
1/31/2022,5,6,Wind,12422
3/4/2022,12,13,Solar,5429
12/28/2024,18,19,Wind,468
5/6/2020,13,14,Solar,5473
4/14/2020,15,16,Wind,8361
1/13/2021,11,12,Wind,6290
7/27/2020,9,10,Wind,4569
1/6/2021,12,13,Solar,2135
1/17/2025,4,5,Wind,1533
12/22/2023,14,15,Wind,19316
1/24/2024,22,23,Wind,6015
3/3/2025,19,20,Wind,2930
8/28/2023,8,9,Wind,3236
5/23/2023,14,15,Wind,11593
2/18/2025,6,7,Wind,5409
12/26/2021,20,21,Wind,3114
4/5/2020,3,4,Wind,7322
5/12/2024,20,21,Wind,3714
9/9/2020,4,5,Wind,1086
8/5/2023,15,16,Wind,18074
9/9/2020,13,14,Solar,3722
2/25/2023,6,7,Wind,4092
12/4/2021,3,4,Wind,8817
9/29/2024,20,21,Wind,9117
2/5/2024,5,6,Wind,7435
4/22/2021,0,1,Wind,6241
3/5/2020,4,5,Wind,4709
7/5/2024,14,15,Solar,12534
3/25/2020,17,18,Wind,7313
10/3/2023,3,4,Wind,9496
10/20/2023,20,21,Wind,9133
1/4/2020,13,14,Wind,5324
8/13/2024,16,17,Solar,5568
1/31/2022,2,3,Wind,9621
12/31/2020,0,1,Wind,5547
12/28/2022,15,16,Wind,15763
11/4/2021,11,12,Wind,5377
6/12/2020,3,4,Wind,4111
12/15/2022,19,20,Wind,8441
11/4/2024,13,14,Solar,5343
10/29/2022,17,18,Wind,5898
5/22/2023,19,20,Wind,5646
4/30/2021,23,0,Wind,1417
2/7/2020,23,0,Wind,5459
3/7/2020,9,10,Wind,3553
3/29/2024,12,13,Wind,13140
6/30/2024,3,4,Wind,3943
6/6/2020,9,10,Wind,7599
12/1/2020,9,10,Wind,7475
4/12/2024,10,11,Solar,6314
10/28/2024,6,7,Wind,1333
12/23/2020,9,10,Wind,8006
2/8/2025,11,12,Wind,8548
6/17/2024,2,3,Wind,2964
11/16/2023,1,2,Wind,3097
6/21/2020,16,17,Wind,7502
8/23/2021,23,0,Wind,5225
9/1/2021,7,8,Wind,5313
11/6/2023,23,0,Wind,8385
6/14/2021,18,19,Solar,3224
6/10/2024,5,6,Wind,4165
6/16/2025,2,3,Wind,3178
12/30/2024,2,3,Wind,671
4/11/2021,21,22,Wind,3923
12/23/2021,23,0,Wind,7054
7/9/2021,10,11,Solar,3827
6/16/2024,3,4,Wind,8450
6/21/2020,21,22,Wind,3559
12/9/2020,13,14,Wind,3435
1/14/2021,19,20,Wind,10144
9/5/2022,14,15,Solar,7544
2/12/2023,3,4,Wind,3294
6/27/2021,12,13,Solar,3087
12/6/2021,11,12,Wind,4788
3/21/2022,15,16,Solar,7098
11/25/2023,23,0,Wind,3255
4/22/2020,17,18,Wind,3190
7/12/2023,17,18,Wind,9025
10/21/2023,13,14,Wind,20900
7/17/2024,15,16,Solar,7784
3/11/2021,3,4,Wind,14010
5/5/2022,23,0,Wind,3088
7/1/2022,5,6,Wind,2128
5/18/2020,16,17,Solar,4991
5/17/2022,4,5,Wind,2468
2/23/2022,17,18,Wind,2240
7/26/2020,22,23,Wind,694
9/2/2025,0,1,Wind,6837
7/3/2025,21,22,Wind,4507
12/10/2021,2,3,Wind,12517
10/3/2021,3,4,Wind,8419
4/23/2023,15,16,Wind,17279
10/26/2020,18,19,Wind,7803
12/2/2023,9,10,Wind,3061
8/24/2025,19,20,Wind,3033
1/30/2020,13,14,Wind,9987
8/11/2024,23,0,Wind,7720
6/29/2023,8,9,Solar,2126
7/17/2022,6,7,Wind,4420
9/4/2025,16,17,Wind,14351
11/3/2021,19,20,Wind,3148
4/24/2024,2,3,Wind,4411
1/6/2023,18,19,Wind,6685
1/16/2024,8,9,Wind,1826
10/8/2024,0,1,Wind,9956
5/28/2022,15,16,Solar,9407
5/16/2025,7,8,Wind,7116
10/3/2025,4,5,Wind,4644
8/10/2022,15,16,Solar,10112
12/13/2021,23,0,Wind,1046
7/13/2023,20,21,Wind,2187
5/22/2023,17,18,Wind,6814
10/10/2024,14,15,Solar,9248
4/9/2022,23,0,Wind,1836
2/17/2024,0,1,Wind,3594
9/6/2024,13,14,Solar,6627
7/23/2020,11,12,Solar,3261
11/21/2025,20,21,Wind,4838
8/19/2025,5,6,Wind,2004
8/14/2021,5,6,Wind,1409
7/29/2024,1,2,Wind,6266
1/23/2024,9,10,Wind,9748
11/20/2023,0,1,Wind,11872
5/1/2025,19,20,Wind,3098
9/26/2024,0,1,Wind,12700
1/2/2022,1,2,Wind,5596
3/24/2023,12,13,Wind,18195
7/25/2020,9,10,Solar,3323
8/24/2022,2,3,Wind,836
12/6/2024,2,3,Wind,17727
11/18/2022,23,0,Wind,2924
7/31/2025,18,19,Wind,9153
10/13/2025,22,23,Wind,7576
1/5/2025,20,21,Wind,18669
7/4/2024,3,4,Wind,5123
6/17/2020,15,16,Solar,4037
4/25/2023,10,11,Solar,4874
7/13/2023,8,9,Solar,3312
12/23/2023,19,20,Wind,14361
3/2/2022,8,9,Wind,3192
5/26/2023,17,18,Wind,10972
8/2/2025,8,9,Wind,5597
5/30/2022,22,23,Wind,1392
4/27/2024,11,12,Wind,9454
9/24/2020,13,14,Wind,9282
5/11/2024,13,14,Solar,6436
9/6/2020,9,10,Solar,2232
2/7/2022,17,18,Wind,3424
11/1/2021,23,0,Wind,5478
8/19/2020,22,23,Wind,3913
6/27/2023,18,19,Solar,4927
4/10/2022,3,4,Wind,1224
7/19/2025,10,11,Wind,7868
4/25/2024,12,13,Solar,6711
4/9/2023,13,14,Solar,7776
1/12/2023,17,18,Wind,16171
2/3/2023,8,9,Wind,6782
3/10/2022,14,15,Wind,6611
6/20/2021,12,13,Solar,3457
5/24/2020,3,4,Wind,3512
8/12/2022,1,2,Wind,4786
12/23/2021,6,7,Wind,6887
9/4/2023,0,1,Wind,7250
3/3/2025,6,7,Wind,2235
2/23/2023,13,14,Wind,4409
8/24/2024,21,22,Wind,10752
9/21/2020,9,10,Solar,1291
6/28/2023,16,17,Solar,6302
6/24/2021,20,21,Wind,2086
6/4/2024,14,15,Solar,8708
9/21/2025,15,16,Solar,4828
5/23/2020,14,15,Wind,8368
5/6/2020,19,20,Wind,2142
4/13/2025,5,6,Wind,8469
8/24/2022,22,23,Wind,2427
10/28/2023,0,1,Wind,11055
1/15/2025,18,19,Wind,3338
9/12/2022,2,3,Wind,3511
2/25/2021,21,22,Wind,2207
12/13/2022,14,15,Wind,3289
5/14/2020,0,1,Wind,7251
2/3/2020,12,13,Wind,8753
7/19/2020,9,10,Solar,2385
6/24/2023,3,4,Wind,2530
1/18/2022,21,22,Wind,2268
12/4/2020,9,10,Wind,8303
9/24/2020,4,5,Wind,6092
2/27/2023,13,14,Wind,18093
10/16/2022,0,1,Wind,4280
6/29/2020,0,1,Wind,3101
1/18/2021,18,19,Wind,5082
11/20/2022,18,19,Wind,9077
6/18/2023,16,17,Wind,8311
9/21/2021,15,16,Solar,5079
3/15/2021,23,0,Wind,4557
10/19/2023,2,3,Wind,10462
2/7/2022,16,17,Wind,5029
8/14/2022,5,6,Wind,3442
9/16/2020,11,12,Solar,3192
3/24/2025,23,0,Wind,2752
11/29/2022,14,15,Solar,2736
8/16/2020,17,18,Solar,3793
5/12/2024,1,2,Wind,4448
9/29/2025,16,17,Solar,7283
10/1/2020,8,9,Wind,5472
3/4/2023,17,18,Wind,3951
4/14/2024,22,23,Wind,3038
8/10/2022,11,12,Solar,7929
12/16/2020,1,2,Wind,3832
8/28/2025,9,10,Wind,5199
7/17/2025,11,12,Solar,8489
11/13/2023,8,9,Wind,15427
9/8/2021,12,13,Solar,6459
8/22/2022,15,16,Solar,6048
10/9/2021,5,6,Wind,2934
5/6/2021,11,12,Wind,6946
9/5/2023,22,23,Wind,2904
6/9/2022,10,11,Solar,7331
12/6/2021,16,17,Wind,9285
9/6/2023,0,1,Wind,3191
10/30/2025,22,23,Wind,10119
11/23/2023,18,19,Wind,7512
9/25/2025,13,14,Solar,7216
2/17/2022,8,9,Wind,14379
10/20/2020,1,2,Wind,9309
3/3/2022,3,4,Wind,1649
7/14/2022,18,19,Wind,7978
10/11/2024,0,1,Wind,2082
12/23/2020,23,0,Wind,12039
11/18/2025,1,2,Wind,3144
6/23/2023,3,4,Wind,2443
3/27/2021,9,10,Wind,10264
3/23/2023,13,14,Wind,16645
6/19/2020,10,11,Solar,3968
3/13/2023,2,3,Wind,14406
11/29/2021,1,2,Wind,4173
11/27/2022,23,0,Wind,5456
5/20/2025,12,13,Solar,8838
1/19/2021,13,14,Wind,11920
5/17/2022,19,20,Wind,3317
3/4/2022,22,23,Wind,3229
9/21/2025,23,0,Wind,6510
1/25/2025,7,8,Wind,10125
6/14/2022,23,0,Wind,4331
2/17/2025,15,16,Solar,5913
2/12/2020,6,7,Wind,8055
3/8/2024,6,7,Wind,10064
7/3/2023,20,21,Wind,6272
7/13/2024,7,8,Wind,1665
5/4/2025,1,2,Wind,4913
9/20/2021,6,7,Wind,1502
10/16/2020,20,21,Wind,1533
1/19/2024,3,4,Wind,1986
1/18/2025,2,3,Wind,1208
10/26/2022,7,8,Wind,7434
6/8/2020,10,11,Solar,3582
2/2/2020,19,20,Wind,9169
12/3/2022,14,15,Wind,5438
12/2/2022,12,13,Wind,3137
3/2/2021,6,7,Wind,3836
4/18/2022,12,13,Solar,5270
3/16/2020,19,20,Wind,1361
11/11/2022,16,17,Wind,2900
3/5/2023,12,13,Solar,6471
4/2/2021,3,4,Wind,6753
12/19/2024,9,10,Wind,17104
3/14/2021,18,19,Wind,9330
10/8/2024,20,21,Wind,12940
8/19/2025,20,21,Wind,3875
1/25/2020,2,3,Wind,990
5/20/2024,8,9,Solar,3010
8/18/2020,6,7,Wind,880
5/23/2025,4,5,Wind,3761
4/4/2020,18,19,Wind,3983
7/18/2021,4,5,Wind,4891
2/15/2024,0,1,Wind,8529
8/9/2024,11,12,Solar,12310
10/6/2025,23,0,Wind,1905
1/25/2021,22,23,Wind,4205
4/5/2025,3,4,Wind,7718
11/13/2021,3,4,Wind,5992
6/11/2022,21,22,Wind,1882
4/12/2023,18,19,Wind,16126
1/22/2020,5,6,Wind,3583
6/19/2022,10,11,Wind,9988
10/2/2021,3,4,Wind,2492
7/14/2025,22,23,Wind,4044
1/22/2024,10,11,Wind,17777
6/27/2021,14,15,Solar,3742
9/15/2023,8,9,Wind,4377
5/6/2024,17,18,Wind,7974
11/12/2025,3,4,Wind,11776
6/19/2024,19,20,Wind,7320
11/10/2022,3,4,Wind,3740
2/23/2025,0,1,Wind,2321
3/28/2020,15,16,Wind,8978
12/30/2023,22,23,Wind,15310
4/8/2025,5,6,Wind,2276
5/13/2023,15,16,Wind,10889
12/4/2022,9,10,Wind,3519
11/22/2020,15,16,Solar,2001
4/20/2020,16,17,Wind,6897
10/12/2025,21,22,Wind,7861
7/30/2023,3,4,Wind,5630
10/10/2024,11,12,Wind,8786
8/31/2020,7,8,Wind,2327
11/28/2021,15,16,Wind,8424
9/22/2022,8,9,Wind,1994
10/30/2020,21,22,Wind,2386
1/1/2022,5,6,Wind,3776
4/24/2022,13,14,Wind,6629
4/16/2020,4,5,Wind,4399
2/26/2025,19,20,Wind,12982
5/12/2020,21,22,Wind,2535
9/24/2022,14,15,Solar,4645
1/17/2020,15,16,Wind,9611
8/17/2022,11,12,Solar,3989
11/27/2021,15,16,Wind,7548
1/2/2025,13,14,Wind,4579
7/3/2024,8,9,Wind,3565
10/27/2024,18,19,Wind,368
3/28/2021,13,14,Wind,9230
12/2/2021,0,1,Wind,5041
6/19/2022,11,12,Wind,10153
3/25/2021,18,19,Wind,1532
10/29/2025,22,23,Wind,10205
11/10/2020,22,23,Wind,749
7/12/2025,9,10,Solar,5835
7/25/2022,2,3,Wind,2134
3/5/2020,10,11,Wind,7758
5/7/2022,4,5,Wind,2968
1/9/2020,17,18,Wind,10432
1/28/2022,6,7,Wind,1320
5/17/2021,6,7,Wind,10597
8/10/2020,22,23,Wind,1594
5/6/2023,7,8,Wind,2017
10/19/2020,0,1,Wind,1226
9/10/2024,2,3,Wind,4272
10/11/2020,12,13,Wind,5552
9/25/2022,6,7,Wind,2959
8/14/2022,15,16,Wind,7771
12/15/2021,13,14,Solar,3568
10/18/2022,10,11,Solar,4110
3/7/2023,1,2,Wind,6544
11/13/2021,2,3,Wind,6364
6/26/2021,1,2,Wind,362
5/27/2021,8,9,Solar,2032
4/2/2025,4,5,Wind,14841
2/11/2023,19,20,Wind,2542
12/10/2022,20,21,Wind,2015
11/21/2023,1,2,Wind,4195
11/5/2023,10,11,Wind,18357
1/28/2023,5,6,Wind,5869
10/12/2022,10,11,Solar,2122
5/17/2022,20,21,Wind,2208
4/7/2022,8,9,Wind,16157
3/16/2025,7,8,Wind,7458
4/9/2020,2,3,Wind,840
1/8/2020,6,7,Wind,5199
3/20/2021,9,10,Wind,6024
8/11/2023,22,23,Wind,1305
8/17/2023,6,7,Wind,1994
10/2/2025,1,2,Wind,2322
12/28/2024,20,21,Wind,679
1/3/2021,21,22,Wind,2274
8/8/2025,1,2,Wind,1541
8/13/2025,8,9,Solar,2562
9/3/2024,12,13,Solar,5047
3/21/2024,16,17,Solar,4623
7/2/2022,5,6,Wind,929
5/21/2022,11,12,Solar,5847
7/18/2021,22,23,Wind,6426
5/14/2020,13,14,Wind,11062
1/8/2021,2,3,Wind,1370
9/18/2025,15,16,Solar,9640
3/6/2023,15,16,Wind,6294
5/24/2022,3,4,Wind,5611
9/23/2025,22,23,Wind,7605
12/24/2024,11,12,Wind,4627
8/28/2025,11,12,Wind,9803
1/24/2023,15,16,Wind,4735
12/25/2022,3,4,Wind,4109
1/12/2023,7,8,Wind,16469
1/2/2021,8,9,Wind,1709
1/6/2022,17,18,Wind,3967
4/15/2024,5,6,Wind,4402
1/12/2025,5,6,Wind,2932
5/25/2025,4,5,Wind,8331
11/15/2023,19,20,Wind,4830
5/6/2024,14,15,Wind,10492
4/23/2022,1,2,Wind,5676
11/19/2022,7,8,Wind,2395
10/24/2025,3,4,Wind,13817
1/14/2024,15,16,Solar,1991
3/5/2020,9,10,Wind,7354
8/1/2025,3,4,Wind,1973
11/8/2025,4,5,Wind,1168
11/17/2023,10,11,Wind,6023
1/29/2021,8,9,Wind,14257
10/24/2020,18,19,Wind,11082
3/2/2025,1,2,Wind,9514
5/13/2023,8,9,Wind,5267
9/30/2024,19,20,Wind,13013
6/21/2020,23,0,Wind,3069
3/27/2021,8,9,Wind,8911
7/9/2023,6,7,Wind,2064
2/14/2024,12,13,Wind,13387
11/2/2022,20,21,Wind,8433
3/21/2022,11,12,Solar,7339
8/10/2021,11,12,Solar,5052
3/9/2025,13,14,Wind,6640
2/21/2024,4,5,Wind,4766
7/31/2022,20,21,Wind,3744
12/29/2021,8,9,Wind,7850
9/8/2020,11,12,Solar,3831
3/16/2020,23,0,Wind,1762
7/10/2021,3,4,Wind,368
3/10/2023,4,5,Wind,15360
6/20/2023,17,18,Wind,7085
9/4/2023,22,23,Wind,7587
11/2/2021,10,11,Wind,5816
7/10/2020,18,19,Wind,4489
4/19/2024,19,20,Wind,9604
8/11/2023,20,21,Wind,2098
4/26/2022,11,12,Solar,7141
8/26/2021,11,12,Solar,6923
2/5/2022,18,19,Wind,8244
5/20/2025,8,9,Wind,4058
4/4/2025,18,19,Wind,7603
2/5/2023,13,14,Wind,14016
7/20/2022,11,12,Solar,5560
2/15/2022,20,21,Wind,14008
9/25/2022,22,23,Wind,1330
10/15/2020,16,17,Wind,6707
11/23/2025,10,11,Wind,14522
6/23/2021,1,2,Wind,2779
4/14/2022,2,3,Wind,1081
3/27/2023,22,23,Wind,2095
8/27/2023,11,12,Wind,7574
5/17/2023,12,13,Wind,13731
10/8/2024,3,4,Wind,8409
9/22/2024,15,16,Solar,5827
3/16/2020,17,18,Wind,1894
6/2/2020,21,22,Wind,1541
12/28/2024,15,16,Solar,2293
10/19/2022,4,5,Wind,5296
10/5/2021,6,7,Wind,9449
4/1/2021,8,9,Wind,2046
9/6/2023,16,17,Solar,6074
8/28/2021,22,23,Wind,4750
12/16/2020,9,10,Wind,7478
11/30/2025,2,3,Wind,4986
7/12/2024,11,12,Solar,7134
6/6/2025,11,12,Wind,6633
8/20/2022,14,15,Solar,7075
12/12/2024,2,3,Wind,3479
6/30/2025,15,16,Solar,8690
12/2/2024,5,6,Wind,7367
2/15/2024,8,9,Wind,8805
6/13/2023,2,3,Wind,3411
2/21/2024,21,22,Wind,16510
1/15/2025,5,6,Wind,2811
12/30/2020,13,14,Wind,4162
4/15/2022,5,6,Wind,1269
2/5/2020,23,0,Wind,3016
5/10/2020,4,5,Wind,1999
4/12/2021,21,22,Wind,2101
7/27/2023,11,12,Wind,14703
10/15/2022,4,5,Wind,6165
8/3/2020,4,5,Wind,1807
5/27/2025,4,5,Wind,7445
4/19/2020,7,8,Wind,2773
4/17/2025,12,13,Solar,8468
4/25/2022,18,19,Wind,4652
3/31/2022,12,13,Wind,10672
7/18/2020,18,19,Solar,2969
4/22/2023,12,13,Wind,8775
11/15/2020,22,23,Wind,11803
11/8/2021,15,16,Wind,3397
4/4/2022,11,12,Wind,12389
2/22/2024,8,9,Wind,15230
5/9/2020,4,5,Wind,1859
10/7/2024,0,1,Wind,8470
9/6/2020,18,19,Wind,2830
10/20/2020,3,4,Wind,9440
11/29/2020,3,4,Wind,4371
12/18/2022,10,11,Wind,9537
9/15/2023,6,7,Wind,2970
12/3/2021,5,6,Wind,4111
8/9/2023,12,13,Solar,7433
10/11/2025,13,14,Solar,10006
9/19/2020,8,9,Wind,3960
9/26/2024,7,8,Wind,12682
5/14/2020,23,0,Wind,8600
3/3/2020,4,5,Wind,5219
11/9/2020,19,20,Wind,1559
6/30/2025,5,6,Wind,3644
5/3/2024,21,22,Wind,2172
9/30/2024,13,14,Wind,20496
9/23/2020,0,1,Wind,2457
8/23/2022,11,12,Solar,4942
5/30/2020,1,2,Wind,4979
4/27/2024,7,8,Wind,4993
9/28/2024,8,9,Wind,5351
4/19/2024,13,14,Wind,18236
10/1/2020,1,2,Wind,5088
3/8/2022,1,2,Wind,8906
6/20/2025,21,22,Wind,3368
8/24/2022,16,17,Solar,5682
12/6/2023,10,11,Solar,3090
3/24/2024,7,8,Wind,11645
12/7/2023,17,18,Wind,11158
3/11/2021,22,23,Wind,13240
10/19/2021,16,17,Wind,8254
11/20/2021,15,16,Solar,1154
5/1/2020,1,2,Wind,7796
1/23/2023,14,15,Wind,8212
12/20/2020,0,1,Wind,5141
11/12/2022,14,15,Solar,4438
3/26/2022,0,1,Wind,7833
5/14/2022,23,0,Wind,3359
4/9/2025,14,15,Solar,7309
8/8/2020,21,22,Wind,1688
7/6/2024,14,15,Wind,8757
8/4/2020,11,12,Solar,4858
10/11/2020,15,16,Wind,7061
10/20/2020,11,12,Wind,10168
3/9/2021,11,12,Solar,5044
1/11/2020,3,4,Wind,2171
6/20/2021,14,15,Solar,4249
11/24/2022,5,6,Wind,9880
10/17/2021,2,3,Wind,1790
3/2/2020,15,16,Wind,8752
10/22/2023,15,16,Solar,6926
1/19/2022,21,22,Wind,4486
8/20/2024,14,15,Solar,11799
2/11/2025,14,15,Solar,4876
1/27/2020,15,16,Wind,9610
7/10/2025,1,2,Wind,2511
11/4/2025,9,10,Wind,12277
7/18/2020,5,6,Wind,1082
10/30/2023,13,14,Wind,5889
1/5/2020,16,17,Wind,1419
7/4/2021,17,18,Wind,6310
3/27/2021,16,17,Wind,8697
2/23/2021,0,1,Wind,5202
4/10/2020,16,17,Solar,4451
7/6/2021,4,5,Wind,9230
5/16/2023,2,3,Wind,7588
11/5/2025,22,23,Wind,11760
11/8/2020,19,20,Wind,3108
4/1/2020,3,4,Wind,5685
10/29/2024,18,19,Wind,664
5/30/2020,22,23,Wind,4410
2/2/2023,6,7,Wind,5803
4/18/2023,16,17,Wind,11423
12/28/2023,8,9,Wind,13756
1/3/2025,1,2,Wind,2602
1/13/2021,2,3,Wind,3305
6/24/2021,4,5,Wind,2090
2/13/2022,2,3,Wind,7278
10/16/2020,21,22,Wind,1447
7/26/2020,14,15,Wind,7420
1/1/2024,12,13,Wind,13510
4/3/2023,5,6,Wind,5429
6/8/2025,15,16,Wind,8277
8/7/2022,14,15,Solar,10528
10/23/2025,12,13,Wind,23446
1/29/2021,0,1,Wind,11554
12/12/2020,9,10,Wind,5331
9/30/2021,3,4,Wind,1987
11/27/2024,14,15,Wind,18160
7/31/2023,11,12,Wind,16353
11/3/2024,18,19,Wind,2241
11/23/2024,19,20,Wind,18613
5/21/2023,21,22,Wind,4442
9/14/2021,11,12,Solar,3511
12/29/2022,20,21,Wind,8239
2/23/2022,22,23,Wind,2510
3/6/2022,13,14,Wind,9468
1/29/2020,9,10,Wind,7842
8/12/2024,20,21,Wind,3207
9/4/2021,17,18,Solar,3076
10/24/2025,10,11,Wind,14108
10/12/2023,15,16,Wind,9235
10/4/2022,8,9,Wind,1918
6/16/2024,6,7,Wind,8314
5/11/2021,8,9,Wind,1869
10/30/2023,23,0,Wind,6993
4/14/2024,13,14,Solar,4372
7/25/2024,3,4,Wind,1215
11/22/2024,9,10,Wind,12739
9/19/2023,11,12,Wind,13168
6/14/2021,10,11,Solar,4033
9/23/2020,7,8,Wind,3106
9/17/2024,19,20,Wind,11535
6/23/2021,5,6,Wind,2246
7/15/2025,22,23,Wind,5083
5/19/2021,11,12,Wind,8183
11/24/2025,19,20,Wind,11252
12/16/2020,19,20,Wind,7844
6/3/2025,10,11,Solar,9271
8/18/2023,4,5,Wind,2115
1/5/2020,5,6,Wind,1646
8/8/2022,4,5,Wind,5792
5/3/2025,6,7,Wind,6121
11/6/2025,5,6,Wind,8136
12/20/2020,4,5,Wind,4319
3/29/2025,2,3,Wind,9847
12/18/2024,1,2,Wind,11736
7/4/2025,5,6,Wind,4180
1/30/2020,1,2,Wind,5680
12/25/2021,17,18,Wind,777
4/18/2025,0,1,Wind,2994
4/8/2023,16,17,Solar,7433
7/24/2022,9,10,Solar,3890
12/29/2022,16,17,Wind,8800
8/20/2020,16,17,Wind,7298
1/22/2023,0,1,Wind,6555
12/27/2021,7,8,Wind,6328
9/17/2024,0,1,Wind,8774
9/30/2025,12,13,Solar,9131
7/12/2022,5,6,Wind,2737
4/18/2022,23,0,Wind,3306
7/27/2023,23,0,Wind,4005
10/5/2024,15,16,Solar,11153
9/3/2022,0,1,Wind,1524
1/13/2025,21,22,Wind,3556
4/19/2024,16,17,Wind,16924
3/16/2024,16,17,Solar,4992
3/10/2023,11,12,Wind,20082
11/18/2025,7,8,Wind,2098
1/17/2023,6,7,Wind,2313
11/11/2025,23,0,Wind,13277
6/5/2023,9,10,Solar,5435
12/19/2020,3,4,Wind,11015
8/21/2020,18,19,Wind,8443
1/29/2024,6,7,Wind,6822
2/24/2024,10,11,Wind,12391
11/16/2020,16,17,Wind,4976
4/12/2020,10,11,Solar,3092
7/26/2020,16,17,Wind,7379
7/25/2024,6,7,Wind,1137
11/28/2022,16,17,Wind,2991
11/10/2024,1,2,Wind,693
1/24/2020,16,17,Solar,731
6/9/2021,23,0,Wind,1648
8/31/2020,2,3,Wind,2724
4/7/2024,0,1,Wind,11210
7/23/2022,20,21,Wind,1827
12/21/2020,22,23,Wind,12789
5/3/2025,14,15,Solar,5916
4/11/2020,3,4,Wind,2864
3/30/2021,16,17,Solar,4858
7/13/2024,15,16,Solar,4040
5/15/2021,11,12,Wind,8566
3/30/2021,5,6,Wind,3025
10/28/2024,11,12,Solar,5254
10/23/2024,22,23,Wind,6652
12/26/2021,6,7,Wind,2356
1/15/2020,11,12,Wind,13354
5/29/2022,23,0,Wind,4482
10/9/2025,17,18,Wind,4312
11/28/2021,18,19,Wind,6382
6/13/2024,18,19,Wind,8210
10/26/2020,3,4,Wind,5652
8/31/2023,9,10,Wind,5574
5/26/2020,8,9,Wind,2998
6/12/2023,16,17,Solar,5202
10/18/2024,14,15,Solar,5056
2/6/2022,22,23,Wind,15503
8/7/2022,12,13,Solar,11053
2/27/2021,7,8,Wind,6052
10/14/2023,7,8,Wind,5621
6/13/2024,13,14,Solar,11779
4/12/2024,1,2,Wind,1229
10/6/2025,11,12,Solar,8619
3/1/2023,12,13,Wind,13193
10/13/2020,7,8,Wind,3199
2/5/2022,17,18,Wind,7385
11/25/2023,6,7,Wind,6053
9/2/2021,12,13,Wind,7359
9/17/2023,13,14,Solar,7310
1/30/2020,17,18,Wind,9640
4/14/2020,14,15,Wind,8655
7/21/2023,7,8,Wind,3159
12/6/2024,23,0,Wind,14188
6/30/2022,6,7,Wind,990
4/7/2024,14,15,Wind,6204
2/1/2024,9,10,Wind,5085
8/15/2021,12,13,Solar,5123
6/6/2022,3,4,Wind,2012
8/11/2020,8,9,Solar,1218
4/19/2025,10,11,Wind,9178
7/11/2021,18,19,Solar,2611
11/26/2025,8,9,Wind,5452
3/9/2020,11,12,Wind,9187
5/16/2020,22,23,Wind,4055
6/6/2021,9,10,Solar,3448
5/24/2022,16,17,Wind,6735
12/31/2022,15,16,Wind,16889
5/10/2025,8,9,Wind,7661
4/10/2025,23,0,Wind,6451
9/10/2020,14,15,Solar,3209
11/17/2022,15,16,Wind,11292
2/1/2025,0,1,Wind,3602
2/22/2023,0,1,Wind,3439
4/17/2020,6,7,Wind,2573
8/11/2021,4,5,Wind,651
9/18/2025,5,6,Wind,1632
10/27/2021,8,9,Wind,2015
9/11/2023,20,21,Wind,1699
4/21/2020,3,4,Wind,5975
1/7/2021,21,22,Wind,1503
11/2/2020,21,22,Wind,5335
7/14/2025,3,4,Wind,4737
12/6/2020,13,14,Wind,3698
9/29/2021,10,11,Wind,8410
5/4/2020,3,4,Wind,749
2/9/2020,3,4,Wind,9990
5/30/2021,22,23,Wind,4735
5/6/2020,21,22,Wind,2297
2/28/2020,9,10,Wind,6925
4/30/2021,12,13,Solar,2760
6/25/2020,12,13,Solar,5056
1/7/2020,7,8,Wind,2921
9/29/2025,19,20,Wind,2182
2/28/2023,9,10,Wind,8946
11/20/2020,3,4,Wind,3345
7/24/2025,2,3,Wind,2602
9/18/2020,17,18,Wind,5317
11/26/2025,14,15,Solar,5715
4/17/2022,3,4,Wind,7220
5/15/2022,22,23,Wind,5715
5/9/2024,8,9,Solar,4123
4/23/2024,18,19,Wind,7213
2/11/2024,11,12,Wind,15480
2/1/2023,15,16,Wind,11319
2/6/2023,6,7,Wind,6432
2/26/2025,17,18,Wind,13797
11/4/2020,17,18,Wind,2833
12/16/2020,15,16,Wind,6370
5/13/2022,1,2,Wind,2381
3/6/2020,10,11,Wind,8200
11/17/2022,0,1,Wind,15386
11/30/2022,20,21,Wind,4171
6/2/2023,5,6,Wind,7424
7/21/2023,3,4,Wind,2273
6/24/2025,4,5,Wind,2490
5/7/2023,10,11,Solar,3864
4/9/2021,6,7,Wind,3993
12/30/2023,14,15,Wind,11921
11/19/2025,13,14,Wind,15718
10/28/2023,18,19,Wind,14676
3/12/2023,20,21,Wind,11361
12/21/2021,18,19,Wind,2261
12/18/2021,22,23,Wind,5065
7/3/2023,6,7,Wind,3614
6/30/2022,21,22,Wind,2139
11/12/2025,21,22,Wind,14384
6/5/2025,5,6,Wind,3476
4/25/2022,2,3,Wind,3561
9/20/2023,19,20,Wind,8636
3/26/2021,12,13,Wind,11194
6/4/2022,20,21,Wind,3317
9/8/2020,9,10,Solar,2344
1/30/2020,14,15,Wind,9836
12/22/2024,7,8,Wind,18996
9/4/2023,11,12,Solar,9319
4/27/2024,6,7,Wind,4826
2/5/2023,6,7,Wind,4967
5/25/2020,18,19,Wind,4228
7/7/2022,4,5,Wind,3228
9/23/2024,17,18,Wind,7862
6/25/2023,10,11,Solar,6081
6/11/2024,20,21,Wind,3246
5/15/2022,20,21,Wind,4383
11/26/2022,10,11,Wind,5760
11/22/2021,14,15,Wind,12194
11/12/2023,9,10,Wind,9039
2/28/2021,11,12,Wind,8215
3/20/2023,9,10,Solar,5864
9/3/2022,21,22,Wind,831
12/17/2022,12,13,Solar,4986
5/17/2025,3,4,Wind,5221
4/9/2020,12,13,Solar,4365
4/27/2020,6,7,Wind,786
2/10/2025,9,10,Wind,5014
4/21/2022,20,21,Wind,5010
6/23/2022,4,5,Wind,949
3/6/2024,1,2,Wind,2585
11/22/2025,6,7,Wind,4987
5/26/2020,1,2,Wind,4094
9/12/2022,20,21,Wind,1981
5/19/2022,4,5,Wind,3797
10/5/2023,21,22,Wind,879
12/29/2024,14,15,Solar,2801
10/11/2024,19,20,Wind,1510
9/28/2024,7,8,Wind,5403
9/26/2025,16,17,Solar,3770
10/6/2021,16,17,Wind,10866
7/1/2023,18,19,Wind,13018
7/10/2024,21,22,Wind,1505
12/18/2020,2,3,Wind,5549
3/7/2024,14,15,Wind,13643
2/9/2021,20,21,Wind,7700
2/11/2024,22,23,Wind,6505
12/9/2020,21,22,Wind,3950
10/13/2023,22,23,Wind,14966
9/10/2025,21,22,Wind,9798
9/11/2021,23,0,Wind,644
1/28/2025,9,10,Wind,18989
8/2/2022,3,4,Wind,1268
4/5/2022,7,8,Wind,5885
12/15/2024,3,4,Wind,4586
1/6/2020,3,4,Wind,2379
8/21/2024,12,13,Solar,9052
5/11/2024,17,18,Solar,7105
1/3/2024,4,5,Wind,10210
5/28/2021,11,12,Solar,5538
3/27/2023,9,10,Wind,5310
11/25/2020,5,6,Wind,6214
5/7/2022,10,11,Solar,5699
1/16/2024,22,23,Wind,4241
3/24/2025,5,6,Wind,935
11/27/2020,15,16,Wind,1909
12/29/2021,15,16,Wind,13943
6/20/2025,15,16,Solar,11100
12/22/2022,13,14,Wind,14393
12/11/2020,19,20,Wind,6219
3/3/2023,8,9,Wind,5196
8/23/2020,12,13,Wind,8495
10/22/2023,6,7,Wind,6992
8/5/2022,7,8,Wind,2721
6/11/2025,21,22,Wind,5748
4/10/2020,3,4,Wind,3749
3/22/2023,17,18,Wind,12575
11/27/2025,9,10,Wind,9961
6/27/2021,15,16,Solar,3989
9/1/2021,4,5,Wind,5420
4/25/2025,22,23,Wind,4970
10/25/2024,0,1,Wind,8132
2/17/2024,23,0,Wind,5102
5/20/2020,9,10,Solar,3373
9/13/2023,22,23,Wind,1561
12/8/2021,11,12,Wind,7161
6/30/2021,9,10,Wind,4081
5/1/2021,12,13,Solar,3548
11/13/2021,19,20,Wind,2488
8/28/2022,9,10,Solar,5276
12/22/2021,18,19,Wind,4956
7/5/2020,22,23,Wind,7121
8/18/2022,8,9,Wind,1839
11/7/2023,14,15,Wind,12142
7/14/2020,5,6,Wind,1669
12/27/2020,4,5,Wind,11710
1/26/2024,12,13,Wind,13712
3/12/2021,2,3,Wind,11130
6/5/2024,13,14,Solar,8497
1/1/2022,16,17,Wind,3671
2/25/2025,12,13,Wind,12655
3/26/2023,22,23,Wind,9445
10/15/2022,1,2,Wind,6810
8/9/2025,9,10,Solar,4678
8/16/2024,18,19,Solar,5227
7/6/2021,11,12,Wind,12191
2/4/2024,12,13,Wind,10475
7/14/2024,14,15,Solar,3991
6/21/2021,22,23,Wind,3410
12/12/2022,0,1,Wind,1461
5/17/2020,13,14,Solar,4953
8/7/2020,15,16,Solar,4207
12/14/2022,12,13,Solar,3161
5/22/2021,12,13,Wind,13793
4/2/2020,2,3,Wind,2942
2/18/2020,23,0,Wind,11615
8/14/2025,22,23,Wind,4287
11/23/2023,13,14,Wind,8140
12/6/2020,12,13,Wind,3606
4/4/2022,7,8,Wind,4130
8/12/2024,11,12,Solar,7732
1/3/2021,12,13,Solar,3032
6/25/2020,19,20,Wind,1972
12/27/2023,0,1,Wind,4474
11/11/2025,12,13,Wind,13596
4/26/2024,8,9,Wind,2640
11/17/2024,8,9,Wind,3927
7/3/2025,16,17,Solar,8838
11/8/2022,17,18,Wind,12034
2/16/2020,7,8,Wind,12850
11/29/2020,8,9,Wind,4474
6/15/2021,7,8,Wind,1762
9/18/2021,17,18,Solar,2671
4/15/2020,15,16,Wind,7206
5/29/2023,22,23,Wind,10672
3/6/2021,13,14,Wind,7614
8/23/2022,17,18,Solar,3950
10/28/2024,15,16,Solar,3244
10/4/2025,16,17,Wind,12984
10/16/2020,4,5,Wind,3179
11/30/2024,21,22,Wind,2863
8/10/2020,10,11,Solar,2747
7/20/2025,14,15,Wind,7652
10/16/2021,2,3,Wind,1706
8/11/2020,11,12,Solar,3005
5/6/2025,4,5,Wind,10466
3/9/2023,10,11,Wind,15492
3/25/2021,3,4,Wind,1864
3/24/2021,7,8,Wind,1646
3/17/2022,10,11,Wind,5576
10/6/2023,7,8,Wind,1465
1/21/2021,13,14,Wind,12466
3/14/2023,0,1,Wind,15604
12/10/2021,22,23,Wind,11417
12/10/2022,8,9,Wind,1427
6/14/2020,14,15,Solar,5689
9/29/2020,15,16,Solar,3556
10/26/2021,8,9,Wind,2621
11/13/2024,1,2,Wind,7495
4/4/2022,16,17,Wind,14663
3/21/2024,6,7,Wind,1965
5/23/2021,12,13,Wind,10206
10/30/2021,19,20,Wind,4432
8/16/2020,10,11,Solar,2862
4/23/2020,10,11,Solar,2004
7/18/2024,0,1,Wind,2727
4/11/2020,6,7,Wind,2109
9/28/2023,2,3,Wind,3806
1/12/2021,22,23,Wind,4480
4/17/2024,10,11,Solar,8492
7/29/2021,13,14,Solar,7906
3/21/2025,16,17,Wind,10741
7/11/2022,12,13,Solar,9097
1/29/2020,17,18,Wind,3885
6/4/2022,17,18,Solar,5233
6/22/2025,20,21,Wind,4182
12/29/2021,21,22,Wind,12035
10/26/2022,10,11,Wind,7776
10/7/2025,3,4,Wind,1899
10/7/2023,11,12,Solar,7052
11/14/2020,0,1,Wind,4467
3/11/2020,13,14,Wind,12048
4/2/2024,9,10,Wind,16185
8/12/2025,8,9,Wind,5347
5/8/2022,5,6,Wind,3756
9/29/2022,3,4,Wind,2015
2/25/2025,23,0,Wind,11703
2/9/2021,1,2,Wind,1965
3/11/2025,5,6,Wind,2285
3/13/2021,5,6,Wind,14516
5/3/2020,21,22,Wind,718
10/25/2020,0,1,Wind,11467
7/10/2025,12,13,Solar,11422
1/23/2021,21,22,Wind,5214
1/17/2022,11,12,Solar,3219
10/1/2020,19,20,Wind,3115
3/20/2025,5,6,Wind,6028
3/31/2024,3,4,Wind,8277
1/19/2023,17,18,Wind,1614
12/17/2022,2,3,Wind,2316
9/19/2023,13,14,Wind,15085
12/24/2021,14,15,Wind,3228
9/3/2025,16,17,Wind,11305
2/5/2024,18,19,Wind,7024
9/26/2024,8,9,Wind,13021
11/28/2021,11,12,Wind,10768
5/1/2025,4,5,Wind,4397
11/29/2020,19,20,Wind,2885
12/5/2022,10,11,Solar,2880
3/6/2021,14,15,Wind,7533
8/19/2020,11,12,Solar,5666
5/7/2025,2,3,Wind,8406
3/19/2025,9,10,Wind,10178
2/14/2023,0,1,Wind,2816
10/7/2024,9,10,Wind,4231
11/30/2021,2,3,Wind,7746
9/26/2020,8,9,Wind,10653
3/21/2021,11,12,Wind,8535
4/6/2024,5,6,Wind,14630
1/20/2023,5,6,Wind,2341
6/7/2023,20,21,Wind,4890
10/8/2021,4,5,Wind,3279
8/28/2025,0,1,Wind,2407
9/15/2023,11,12,Solar,7035
2/10/2024,1,2,Wind,6087
5/6/2022,2,3,Wind,3394
3/3/2020,9,10,Wind,3343
5/30/2025,10,11,Solar,7775
10/1/2022,20,21,Wind,8074
6/28/2020,21,22,Wind,2513
11/4/2020,14,15,Wind,4102
2/6/2022,16,17,Wind,16334
5/4/2023,10,11,Solar,9642
4/13/2022,11,12,Solar,3185
5/2/2021,9,10,Solar,3238
9/6/2025,22,23,Wind,9670
7/21/2020,5,6,Wind,3998
3/18/2021,4,5,Wind,3379
11/20/2025,7,8,Wind,6065
10/28/2021,13,14,Wind,8950
3/8/2021,6,7,Wind,3069
1/28/2022,4,5,Wind,1456
12/12/2021,21,22,Wind,2041
5/23/2022,16,17,Wind,11589
7/21/2023,17,18,Wind,8708
4/9/2023,15,16,Solar,7375
7/28/2022,2,3,Wind,4008
10/12/2025,4,5,Wind,4988
1/16/2022,17,18,Wind,2561
5/13/2022,2,3,Wind,2277
8/1/2024,2,3,Wind,1500
7/27/2024,17,18,Solar,4955
7/21/2025,21,22,Wind,9486
8/24/2023,7,8,Wind,5023
9/6/2021,19,20,Wind,1856
7/3/2020,18,19,Wind,6185
9/16/2025,5,6,Wind,10515
12/23/2021,17,18,Wind,6003
4/22/2021,11,12,Solar,7823
7/18/2023,21,22,Wind,2613
10/2/2022,16,17,Wind,8620
4/29/2024,8,9,Wind,2636
11/25/2024,22,23,Wind,6373
11/18/2021,18,19,Wind,1620
4/4/2021,15,16,Solar,5923
7/18/2024,20,21,Wind,1218
9/7/2021,13,14,Solar,8013
12/23/2022,11,12,Wind,16174
8/27/2025,15,16,Wind,9280
2/9/2022,11,12,Solar,5309
5/17/2022,15,16,Solar,7283
6/14/2020,7,8,Wind,3044
8/28/2023,7,8,Wind,2860
9/15/2020,11,12,Solar,3157
10/29/2021,22,23,Wind,5728
8/24/2021,2,3,Wind,4980
4/16/2023,9,10,Wind,6250
6/22/2025,3,4,Wind,5669
4/27/2021,17,18,Solar,1946
11/10/2025,10,11,Wind,10431
11/29/2021,4,5,Wind,3390
11/16/2021,2,3,Wind,779
9/16/2022,5,6,Wind,1905
6/19/2023,19,20,Wind,3219
8/15/2020,19,20,Wind,1174
7/8/2022,7,8,Wind,3326
4/4/2023,8,9,Wind,6686
3/8/2020,11,12,Wind,12973
5/25/2023,7,8,Wind,7535
4/2/2021,4,5,Wind,6572
10/8/2025,19,20,Wind,1537
1/26/2023,13,14,Wind,6783
6/27/2024,11,12,Solar,7585
6/13/2022,9,10,Solar,4202
9/16/2023,8,9,Wind,3403
1/22/2020,10,11,Wind,4329
7/9/2024,5,6,Wind,5100
10/6/2023,23,0,Wind,1877
12/1/2020,8,9,Wind,7636
1/9/2020,6,7,Wind,9532
12/12/2022,9,10,Wind,2380
6/29/2024,10,11,Solar,5344
3/6/2020,15,16,Wind,7935
3/11/2024,15,16,Wind,10207
8/21/2020,7,8,Wind,4882
9/21/2021,3,4,Wind,3226
2/5/2020,1,2,Wind,4298
7/1/2023,3,4,Wind,7322
12/20/2022,13,14,Wind,10928
11/5/2022,16,17,Wind,5080
5/30/2025,21,22,Wind,700
6/17/2022,9,10,Solar,4073
12/18/2021,12,13,Wind,6863
1/5/2025,0,1,Wind,10485
11/3/2022,12,13,Wind,11025
12/21/2024,19,20,Wind,19227
9/14/2022,22,23,Wind,1867
7/21/2022,11,12,Solar,5773
10/28/2025,23,0,Wind,5698
12/31/2020,6,7,Wind,5108
11/8/2024,15,16,Solar,3198
8/26/2025,10,11,Solar,7202
11/26/2021,22,23,Wind,8427
9/7/2024,1,2,Wind,3373
2/12/2021,13,14,Wind,9230
7/20/2023,4,5,Wind,1539
4/27/2025,2,3,Wind,4195
7/1/2024,3,4,Wind,2118
9/13/2024,20,21,Wind,3952
11/9/2025,22,23,Wind,5458
4/3/2025,20,21,Wind,5067
11/16/2021,8,9,Wind,961
7/23/2020,20,21,Wind,1423
3/5/2025,6,7,Wind,2195
8/24/2024,2,3,Wind,5311
1/20/2024,17,18,Wind,3465
6/24/2020,7,8,Wind,4400
3/8/2021,18,19,Wind,1966
2/23/2023,9,10,Wind,2749
2/19/2024,13,14,Wind,11110
1/14/2022,18,19,Wind,394
4/6/2023,3,4,Wind,1463
4/20/2025,11,12,Wind,5367
5/19/2020,11,12,Solar,5071
6/5/2021,7,8,Wind,2995
2/15/2023,8,9,Wind,5048
6/15/2024,14,15,Wind,10596
9/26/2022,9,10,Wind,9260
8/2/2025,13,14,Solar,12132
12/28/2020,4,5,Wind,6587
9/14/2024,0,1,Wind,4251
5/14/2021,0,1,Wind,2668
11/6/2021,6,7,Wind,2718
8/26/2020,8,9,Wind,8911
12/31/2023,19,20,Wind,17409
9/19/2020,23,0,Wind,1827
9/7/2021,6,7,Wind,3156
8/25/2020,15,16,Wind,13685
8/4/2021,21,22,Wind,1747
7/3/2025,1,2,Wind,5240
6/2/2021,11,12,Solar,4663
11/11/2021,10,11,Solar,2827
7/29/2020,19,20,Solar,1154
2/25/2021,4,5,Wind,4490
7/11/2023,20,21,Wind,6121
6/3/2022,18,19,Solar,3779
6/9/2025,0,1,Wind,2302
11/19/2024,17,18,Wind,14114
10/3/2021,12,13,Wind,9970
4/16/2025,20,21,Wind,2381
1/24/2021,4,5,Wind,3664
12/27/2024,11,12,Solar,3925
9/24/2022,5,6,Wind,1081
8/4/2023,4,5,Wind,3423
11/12/2020,18,19,Wind,1692
12/16/2022,7,8,Wind,5167
4/13/2024,16,17,Solar,5398
12/6/2022,22,23,Wind,2228
7/24/2021,16,17,Wind,6637
10/11/2020,16,17,Wind,6548
2/26/2021,17,18,Wind,4014
9/25/2022,5,6,Wind,3023
5/25/2025,10,11,Wind,8012
8/5/2024,1,2,Wind,838
10/23/2023,10,11,Wind,8918
5/19/2020,4,5,Wind,3446
9/27/2022,11,12,Wind,11268
2/3/2023,17,18,Wind,6212
1/26/2022,18,19,Wind,1087
8/10/2023,5,6,Wind,2719
7/20/2024,23,0,Wind,3975
1/7/2020,5,6,Wind,3312
12/20/2023,16,17,Wind,10356
11/23/2023,22,23,Wind,8172
5/9/2025,3,4,Wind,5827
7/4/2024,9,10,Wind,9533
4/28/2025,21,22,Wind,5512
8/22/2022,8,9,Wind,1989
6/4/2023,11,12,Solar,8152
11/7/2023,20,21,Wind,8869
3/26/2025,1,2,Wind,2432
5/9/2021,12,13,Wind,10863
10/21/2025,17,18,Wind,7923
3/23/2021,1,2,Wind,2167
5/14/2022,17,18,Solar,4045
12/18/2024,4,5,Wind,13295
10/25/2021,9,10,Wind,3223
12/7/2020,20,21,Wind,3407
3/23/2022,3,4,Wind,3093
10/27/2021,9,10,Wind,2722
3/23/2025,4,5,Wind,3930
8/9/2023,5,6,Wind,2136
10/30/2021,12,13,Wind,9384
6/29/2023,12,13,Solar,6152
2/20/2022,23,0,Wind,15429
7/8/2025,5,6,Wind,5776
2/5/2025,2,3,Wind,2375
4/5/2024,23,0,Wind,9031
1/24/2023,2,3,Wind,8592
8/13/2020,5,6,Wind,1569
8/30/2021,8,9,Wind,3673
7/30/2024,7,8,Wind,1798
11/28/2020,20,21,Wind,5865
4/11/2020,11,12,Solar,3645
4/13/2024,8,9,Wind,3498
2/6/2023,18,19,Wind,6332
6/29/2020,11,12,Wind,7703
2/9/2023,18,19,Wind,496
11/9/2025,12,13,Solar,7651
5/31/2025,20,21,Wind,3469
9/29/2022,5,6,Wind,1468
8/17/2024,8,9,Solar,2207
11/28/2023,21,22,Wind,1339
11/26/2025,16,17,Wind,2902
11/9/2022,6,7,Wind,8279
1/31/2024,9,10,Wind,2305
11/10/2021,23,0,Wind,1041
10/21/2025,16,17,Wind,9869
12/2/2023,22,23,Wind,3791
1/2/2024,1,2,Wind,17458
1/12/2020,9,10,Wind,8213
3/5/2023,0,1,Wind,2748
5/10/2023,20,21,Wind,4282
2/13/2024,1,2,Wind,3697
2/12/2022,16,17,Wind,4832
11/27/2023,7,8,Wind,10053
5/23/2025,20,21,Wind,3114
11/2/2021,18,19,Wind,2000
5/2/2021,8,9,Solar,2184
8/16/2025,2,3,Wind,6574
6/19/2021,4,5,Wind,1344
5/21/2023,17,18,Wind,6226
5/13/2024,4,5,Wind,2078
6/4/2020,0,1,Wind,3245
10/10/2021,2,3,Wind,1873
5/21/2021,20,21,Wind,11433
8/6/2023,16,17,Wind,16681
9/28/2025,11,12,Solar,5308
12/22/2020,13,14,Wind,9286
8/19/2024,12,13,Solar,9209
9/28/2025,2,3,Wind,2138
7/9/2025,22,23,Wind,2375
10/1/2025,16,17,Solar,7632
10/21/2020,20,21,Wind,8516
8/28/2024,10,11,Solar,6551
12/11/2021,20,21,Wind,4458
4/6/2021,22,23,Wind,4217
1/20/2020,7,8,Wind,6046
9/25/2020,9,10,Wind,10022
3/28/2025,9,10,Solar,7543
6/13/2021,23,0,Wind,3274
9/20/2022,12,13,Solar,7199
10/14/2022,19,20,Wind,6361
10/30/2020,9,10,Wind,7120
1/1/2021,11,12,Solar,1901
11/15/2025,1,2,Wind,5788
4/9/2025,10,11,Solar,7772
1/9/2021,22,23,Wind,5461
4/24/2025,9,10,Solar,5352
2/8/2021,13,14,Solar,2397
11/20/2020,4,5,Wind,3152
7/27/2020,18,19,Wind,10003
10/25/2021,11,12,Solar,4093
12/27/2021,5,6,Wind,5030
9/30/2022,7,8,Wind,1283
7/15/2024,10,11,Solar,6739
4/26/2020,12,13,Solar,3194
8/3/2025,21,22,Wind,4355
2/22/2024,15,16,Wind,19013
3/25/2024,10,11,Wind,9507
4/10/2020,8,9,Wind,3204
2/9/2022,23,0,Wind,3347
8/18/2024,9,10,Wind,5409
9/24/2024,14,15,Wind,12776
7/8/2020,21,22,Wind,1753
8/30/2023,5,6,Wind,2812
11/15/2023,17,18,Wind,5254
12/26/2023,1,2,Wind,8104
1/5/2024,15,16,Wind,6244
8/11/2022,10,11,Solar,6084
8/3/2022,23,0,Wind,1594
5/29/2023,4,5,Wind,8626
8/11/2022,1,2,Wind,6081
4/3/2023,11,12,Wind,10788
2/23/2022,8,9,Wind,1526
2/17/2021,10,11,Wind,10089
6/12/2020,21,22,Wind,3713
11/8/2024,16,17,Wind,2001
3/21/2025,23,0,Wind,9287
5/27/2021,18,19,Solar,2982
12/17/2024,4,5,Wind,1776
4/25/2020,19,20,Wind,2163
1/13/2024,1,2,Wind,2230
11/4/2022,17,18,Wind,6273
8/14/2021,13,14,Solar,5095
2/23/2020,17,18,Wind,11731
9/1/2024,0,1,Wind,4889
4/6/2024,22,23,Wind,9218
11/15/2022,5,6,Wind,8086
11/4/2021,23,0,Wind,4200
10/18/2022,6,7,Wind,1722
12/17/2024,0,1,Wind,2135
10/12/2025,17,18,Wind,7582
9/28/2020,8,9,Wind,3926
10/3/2023,21,22,Wind,4261
4/11/2023,19,20,Wind,6924
9/16/2025,4,5,Wind,10766
3/14/2021,19,20,Wind,8956
4/14/2024,9,10,Solar,3576
3/4/2024,4,5,Wind,3501
11/22/2021,9,10,Wind,10933
11/9/2023,3,4,Wind,8566
10/14/2023,22,23,Wind,1668
5/19/2024,17,18,Solar,4011
6/7/2020,16,17,Solar,3937
10/5/2022,1,2,Wind,3268
1/24/2020,4,5,Wind,2060
8/10/2022,21,22,Wind,5555
9/12/2021,13,14,Solar,4881
4/15/2024,11,12,Wind,16978
8/3/2021,13,14,Solar,4269
9/6/2025,6,7,Wind,5399
6/3/2024,5,6,Wind,2317
11/1/2020,15,16,Wind,12850
1/13/2021,19,20,Wind,10339
6/12/2021,18,19,Solar,4030
9/20/2022,11,12,Solar,6253
7/7/2022,12,13,Solar,9438
8/20/2021,23,0,Wind,1531
6/7/2023,5,6,Wind,4352
4/18/2024,0,1,Wind,4040
12/16/2023,10,11,Solar,4513
7/8/2023,16,17,Solar,7310
2/24/2022,20,21,Wind,8855
3/8/2024,13,14,Wind,10797
4/14/2022,16,17,Solar,5209
8/3/2025,22,23,Wind,4115
6/29/2022,5,6,Wind,854
5/7/2020,4,5,Wind,2211
10/21/2024,16,17,Wind,7269
6/1/2024,12,13,Wind,9704
2/5/2024,11,12,Wind,9035
12/17/2020,5,6,Wind,5497
4/11/2023,7,8,Wind,6483
7/28/2020,10,11,Wind,4844
5/22/2023,3,4,Wind,2787
3/13/2020,9,10,Wind,6233
10/5/2025,5,6,Wind,8170
3/5/2021,3,4,Wind,3145
5/16/2022,18,19,Solar,3393
11/5/2024,17,18,Wind,156
7/24/2025,11,12,Solar,8064
4/11/2025,1,2,Wind,5455
10/2/2025,0,1,Wind,2372
11/1/2024,3,4,Wind,629
8/17/2024,12,13,Solar,6186
11/24/2023,3,4,Wind,8791
11/4/2023,8,9,Wind,16514
3/10/2023,15,16,Wind,16624
6/23/2021,14,15,Solar,4359
5/31/2020,21,22,Wind,4566
12/23/2023,2,3,Wind,12232
1/22/2020,17,18,Wind,4502
7/22/2023,8,9,Solar,3282
3/20/2024,4,5,Wind,2785
10/16/2024,17,18,Wind,10575
8/5/2023,22,23,Wind,12731
7/15/2021,8,9,Wind,6975
4/7/2023,13,14,Solar,7934
8/18/2020,11,12,Solar,3329
9/8/2020,5,6,Wind,1417
3/20/2025,12,13,Wind,11883
10/2/2022,18,19,Wind,3558
3/18/2020,22,23,Wind,585
4/24/2025,12,13,Solar,8988
1/3/2025,18,19,Wind,3075
6/15/2024,22,23,Wind,8524
7/17/2022,8,9,Wind,4175
6/21/2023,14,15,Solar,4967
6/6/2023,5,6,Wind,5301
5/6/2025,19,20,Wind,10464
2/8/2021,21,22,Wind,2130
1/16/2025,18,19,Wind,2916
6/20/2021,6,7,Wind,2667
9/8/2024,15,16,Wind,12644
10/28/2022,15,16,Solar,5600
1/19/2022,7,8,Wind,2063
1/5/2025,19,20,Wind,18735
8/20/2021,11,12,Solar,4529
1/30/2021,8,9,Wind,6852
2/5/2023,7,8,Wind,5713
3/2/2025,8,9,Wind,9865
12/11/2020,13,14,Wind,7284
11/1/2022,7,8,Wind,10856
5/29/2025,9,10,Solar,6882
12/14/2022,13,14,Solar,3223
6/7/2024,14,15,Solar,6792
7/31/2025,2,3,Wind,2485
11/17/2023,6,7,Wind,4312
4/24/2023,8,9,Wind,6896
8/30/2025,15,16,Wind,13806
7/4/2025,20,21,Wind,2977
10/30/2020,8,9,Wind,6769
12/4/2020,4,5,Wind,11709
10/22/2023,9,10,Wind,6962
7/5/2022,18,19,Solar,5553
5/15/2020,10,11,Wind,6556
6/24/2024,16,17,Solar,7884
5/25/2020,11,12,Solar,5412
2/18/2024,18,19,Wind,9440
6/8/2025,1,2,Wind,12478
5/11/2023,14,15,Solar,7033
12/11/2024,11,12,Wind,7228
5/15/2022,11,12,Solar,7436
2/4/2021,8,9,Wind,2586
1/31/2025,10,11,Wind,7320
3/12/2023,8,9,Wind,9032
5/27/2022,21,22,Wind,3268
3/11/2021,5,6,Wind,14286
11/14/2021,8,9,Wind,2768
7/2/2020,3,4,Wind,2722
10/13/2021,1,2,Wind,3041
10/15/2022,2,3,Wind,6241
6/25/2024,9,10,Solar,5024
10/29/2021,2,3,Wind,11122
10/6/2025,6,7,Wind,2985
8/5/2021,21,22,Wind,7478
8/17/2020,23,0,Wind,1216
3/3/2024,12,13,Wind,7264
10/7/2022,20,21,Wind,1779
11/19/2025,21,22,Wind,12405
2/27/2025,9,10,Wind,6497
9/2/2022,3,4,Wind,2024
1/29/2024,20,21,Wind,9042
3/11/2025,3,4,Wind,1789
12/31/2020,17,18,Wind,1953
1/21/2020,6,7,Wind,3460
6/9/2021,7,8,Wind,1167
3/14/2025,10,11,Solar,6032
5/14/2022,21,22,Wind,2053
3/12/2020,10,11,Wind,8026
2/23/2022,19,20,Wind,1864
6/9/2023,10,11,Solar,5172
11/15/2025,13,14,Solar,6839
9/3/2020,11,12,Solar,5622
9/5/2025,10,11,Solar,7219
1/16/2023,11,12,Wind,14153
11/2/2024,23,0,Wind,4456
12/15/2022,23,0,Wind,6899
1/9/2022,19,20,Wind,2267
1/4/2023,23,0,Wind,12634
10/21/2023,7,8,Wind,15797
12/8/2023,22,23,Wind,8037
10/13/2022,14,15,Wind,6202
12/14/2022,6,7,Wind,1569
5/10/2025,0,1,Wind,7724
3/4/2025,11,12,Solar,7711
8/9/2020,21,22,Wind,3507
5/8/2021,12,13,Wind,11670
10/14/2025,21,22,Wind,6127
8/15/2020,15,16,Solar,3906
6/9/2022,1,2,Wind,5784
11/5/2021,20,21,Wind,2390
2/8/2021,1,2,Wind,1246
11/10/2022,0,1,Wind,4198
5/13/2024,7,8,Wind,2591
5/3/2023,19,20,Wind,6920
3/17/2022,6,7,Wind,5072
3/24/2024,22,23,Wind,3009
6/14/2020,9,10,Wind,3957
9/28/2023,16,17,Solar,7326
6/14/2022,21,22,Wind,2188
12/26/2021,19,20,Wind,3007
5/23/2022,8,9,Wind,4377
8/2/2020,19,20,Wind,4109
7/27/2020,11,12,Wind,9356
8/25/2021,20,21,Wind,3760
9/25/2024,22,23,Wind,12410
5/7/2023,7,8,Wind,1230
6/25/2024,10,11,Solar,6461
1/25/2020,15,16,Wind,1735
9/11/2024,14,15,Wind,11849
12/28/2022,9,10,Wind,13296
11/20/2021,9,10,Solar,1892
2/13/2024,4,5,Wind,3962
7/23/2023,7,8,Wind,9757
1/31/2025,5,6,Wind,2715
12/19/2021,7,8,Wind,3052
4/30/2025,17,18,Solar,9522
11/14/2025,4,5,Wind,11812
3/7/2023,6,7,Wind,5917
7/12/2024,20,21,Wind,3639
6/30/2024,21,22,Wind,2468
3/30/2022,18,19,Wind,3054
2/13/2021,13,14,Wind,10366
12/2/2023,2,3,Wind,3639
3/18/2022,22,23,Wind,12339
3/30/2024,10,11,Solar,6556
7/7/2022,6,7,Wind,2848
1/8/2020,15,16,Wind,3764
4/5/2022,13,14,Wind,9732
6/11/2025,9,10,Solar,7380
1/15/2022,7,8,Wind,1449
1/22/2021,8,9,Wind,3859
12/18/2023,14,15,Solar,4868
4/27/2020,5,6,Wind,745
6/2/2021,10,11,Solar,3848
12/16/2023,7,8,Wind,2502
2/14/2020,0,1,Wind,9467
10/24/2020,20,21,Wind,11725
7/23/2021,23,0,Wind,5801
2/3/2024,16,17,Wind,5832
2/1/2021,11,12,Wind,6603
11/19/2023,0,1,Wind,12065
8/5/2021,3,4,Wind,1665
10/18/2025,14,15,Solar,11482
7/28/2024,9,10,Solar,5250
12/10/2021,14,15,Wind,15805
11/14/2025,9,10,Wind,12995
1/19/2025,11,12,Solar,3446
5/16/2025,2,3,Wind,9300
3/17/2022,4,5,Wind,5448
9/7/2021,23,0,Wind,6642
11/6/2021,14,15,Solar,5949
8/18/2021,17,18,Wind,4712
10/13/2021,12,13,Solar,5536
3/8/2021,8,9,Wind,3736
2/1/2021,1,2,Wind,5414
5/16/2020,8,9,Wind,1958
6/8/2025,8,9,Wind,5506
4/29/2025,5,6,Wind,5168
1/12/2022,3,4,Wind,2275
4/25/2022,23,0,Wind,2326
6/26/2021,9,10,Solar,2489
8/13/2020,22,23,Wind,2142
7/16/2023,13,14,Wind,7978
12/25/2022,4,5,Wind,4125
7/25/2021,7,8,Wind,2997
6/18/2022,13,14,Solar,7771
1/27/2024,18,19,Wind,3753
3/21/2024,22,23,Wind,1385
10/12/2020,13,14,Solar,4493
2/12/2025,23,0,Wind,785
2/15/2023,11,12,Solar,6458
5/26/2024,7,8,Wind,4957
4/15/2025,7,8,Wind,5774
5/14/2025,22,23,Wind,6038
7/24/2020,5,6,Wind,1687
6/5/2023,18,19,Wind,6926
10/27/2020,2,3,Wind,5983
5/24/2025,6,7,Wind,4716
10/16/2024,12,13,Wind,12823
7/22/2022,17,18,Solar,4258
6/9/2025,11,12,Solar,4283
11/5/2020,4,5,Wind,4535
7/3/2025,2,3,Wind,5331
11/7/2025,8,9,Wind,4526
8/31/2024,9,10,Wind,5419
10/12/2020,7,8,Wind,1930
8/18/2021,8,9,Wind,2409
2/14/2020,22,23,Wind,5113
11/4/2021,15,16,Wind,4431
4/14/2024,16,17,Solar,3639
3/7/2022,2,3,Wind,6710
9/16/2024,22,23,Wind,8329
3/15/2025,15,16,Wind,16428
2/24/2024,7,8,Wind,8138
5/31/2021,9,10,Solar,4423
6/7/2024,22,23,Wind,1679
4/23/2021,18,19,Wind,6878
7/16/2020,15,16,Wind,4519
4/19/2024,9,10,Wind,12590
7/28/2020,0,1,Wind,4747
11/21/2023,2,3,Wind,3887
1/18/2025,11,12,Solar,3863
9/21/2022,5,6,Wind,2972
3/24/2025,16,17,Solar,5039
4/4/2020,13,14,Solar,6618
3/28/2023,19,20,Wind,5664
6/2/2025,17,18,Solar,4436
4/6/2020,5,6,Wind,7590
11/7/2020,15,16,Wind,3599
9/23/2025,18,19,Wind,10074
9/13/2022,15,16,Solar,5335
2/1/2024,8,9,Wind,5105
6/26/2021,17,18,Solar,3656
12/19/2020,5,6,Wind,11420
11/21/2024,19,20,Wind,9265
10/8/2021,15,16,Wind,8027
3/17/2023,11,12,Wind,10552
7/12/2025,16,17,Solar,8649
3/18/2024,20,21,Wind,914
4/1/2020,9,10,Wind,3625
8/19/2023,18,19,Solar,3872
10/29/2024,7,8,Wind,1842
6/11/2023,11,12,Solar,6410
5/5/2022,15,16,Solar,6127
12/4/2024,6,7,Wind,2234
10/12/2020,23,0,Wind,2920
8/5/2021,23,0,Wind,7722
10/30/2023,18,19,Wind,7647
8/12/2024,10,11,Solar,6805
6/30/2023,17,18,Wind,9376
11/3/2021,0,1,Wind,3514
1/7/2021,15,16,Solar,1827
11/16/2022,12,13,Wind,12633
5/23/2023,5,6,Wind,4797
11/30/2024,18,19,Wind,2103
7/2/2023,5,6,Wind,3071
8/9/2023,21,22,Wind,1416
9/21/2020,6,7,Wind,687
9/24/2021,5,6,Wind,432
8/22/2023,8,9,Solar,2172
5/27/2021,4,5,Wind,1203
6/15/2025,0,1,Wind,2952
10/1/2022,7,8,Wind,11822
8/9/2023,8,9,Solar,2742
7/6/2024,0,1,Wind,6153
5/17/2020,19,20,Wind,2676
1/8/2023,23,0,Wind,13950
2/16/2024,18,19,Wind,5231
2/3/2022,12,13,Wind,4473
4/4/2025,16,17,Wind,10149
4/2/2025,19,20,Wind,12687
3/31/2023,23,0,Wind,17048
2/2/2025,10,11,Solar,4625
11/3/2021,17,18,Wind,2942
10/1/2021,8,9,Wind,6778
3/28/2023,23,0,Wind,6044
6/4/2020,10,11,Wind,3494
5/14/2020,7,8,Wind,7194
6/28/2023,6,7,Wind,1771
3/2/2020,1,2,Wind,7945
11/16/2024,2,3,Wind,1180
1/14/2024,4,5,Wind,464
8/7/2022,10,11,Solar,7935
8/11/2025,10,11,Solar,8550
1/16/2022,5,6,Wind,1948
6/10/2023,10,11,Solar,5172
8/3/2020,6,7,Wind,1581
1/27/2025,18,19,Wind,17706
12/23/2020,2,3,Wind,6547
8/18/2025,3,4,Wind,5539
11/23/2020,10,11,Solar,2193
11/16/2021,5,6,Wind,675
7/16/2020,5,6,Wind,1459
12/30/2020,16,17,Wind,3734
7/12/2022,7,8,Wind,2654
10/17/2023,23,0,Wind,10838
3/6/2023,4,5,Wind,1465
6/2/2020,9,10,Solar,1991
1/11/2023,16,17,Wind,13098
8/9/2025,18,19,Solar,7229
4/28/2023,7,8,Wind,4883
10/22/2024,21,22,Wind,1672
5/8/2022,14,15,Solar,7595
5/16/2025,3,4,Wind,8824
10/29/2024,23,0,Wind,837
3/27/2021,1,2,Wind,9142
6/16/2022,15,16,Solar,5859
7/4/2023,19,20,Wind,7817
3/4/2023,11,12,Solar,8265
5/9/2023,3,4,Wind,2930
8/24/2023,6,7,Wind,4368
7/1/2021,2,3,Wind,806
6/29/2021,19,20,Wind,3306
6/13/2022,10,11,Solar,5374
11/29/2021,21,22,Wind,3962
9/2/2023,17,18,Solar,4976
3/10/2025,16,17,Solar,3477
10/8/2020,9,10,Wind,8727
10/26/2022,16,17,Wind,5603
8/13/2022,16,17,Solar,6326
12/6/2023,9,10,Wind,2089
2/13/2024,17,18,Wind,8574
11/5/2023,13,14,Wind,19597
4/29/2022,5,6,Wind,2886
11/12/2025,9,10,Wind,14391
1/18/2020,8,9,Wind,3089
11/2/2023,8,9,Wind,15426
8/30/2023,2,3,Wind,1971
1/30/2025,0,1,Wind,6365
1/20/2024,16,17,Wind,3727
5/9/2025,17,18,Wind,8980
9/9/2022,0,1,Wind,6514
7/12/2020,3,4,Wind,4473
12/23/2020,14,15,Wind,11526
11/6/2023,22,23,Wind,8937
4/26/2025,12,13,Solar,4310
5/28/2025,7,8,Wind,11765
6/30/2023,12,13,Solar,7738
12/30/2024,5,6,Wind,604
1/26/2023,19,20,Wind,6771
7/25/2023,21,22,Wind,3267
2/28/2024,21,22,Wind,6800
9/30/2025,9,10,Solar,4646
11/28/2023,1,2,Wind,12837
7/10/2020,7,8,Wind,2934
11/8/2021,6,7,Wind,1895
9/25/2020,12,13,Wind,12958
2/6/2020,16,17,Wind,3969
1/4/2023,10,11,Wind,16497
2/25/2023,1,2,Wind,3516
6/7/2025,15,16,Wind,9507
9/7/2022,19,20,Wind,3466
5/3/2021,11,12,Solar,6479
12/2/2024,2,3,Wind,7335
11/29/2021,8,9,Wind,3082
1/14/2021,16,17,Wind,11179
10/7/2023,3,4,Wind,1847
4/4/2022,19,20,Wind,9948
4/13/2024,21,22,Wind,3966
11/3/2024,21,22,Wind,2963
5/8/2023,10,11,Solar,5020
5/12/2023,6,7,Wind,2929
7/4/2021,19,20,Wind,4593
10/30/2022,2,3,Wind,3262
9/7/2020,7,8,Wind,1980
1/18/2020,16,17,Wind,1661
2/14/2021,14,15,Wind,10128
12/10/2022,2,3,Wind,1365
4/2/2025,14,15,Wind,10618
10/26/2024,8,9,Wind,2267
8/10/2023,22,23,Wind,1895
10/11/2021,7,8,Wind,2757
6/27/2022,12,13,Solar,6448
9/26/2023,10,11,Solar,5726
3/30/2024,5,6,Wind,3139
1/9/2020,18,19,Wind,10787
1/13/2022,8,9,Wind,2672
9/6/2020,4,5,Wind,1651
4/9/2022,14,15,Solar,7915
9/9/2023,2,3,Wind,1539
6/28/2023,2,3,Wind,2275
10/12/2022,7,8,Wind,400
8/1/2024,22,23,Wind,2715
10/22/2023,0,1,Wind,11609
7/22/2023,1,2,Wind,2441
3/9/2023,22,23,Wind,15536
12/15/2022,14,15,Wind,7255
11/18/2024,21,22,Wind,11165
8/13/2025,6,7,Wind,961
3/12/2025,23,0,Wind,2505
12/20/2021,14,15,Wind,4620
6/8/2023,12,13,Solar,9163
1/7/2022,11,12,Wind,11109
11/14/2022,10,11,Wind,4659
6/9/2021,4,5,Wind,1012
5/8/2023,9,10,Solar,4109
1/9/2022,20,21,Wind,1940
7/29/2022,15,16,Solar,5803
9/3/2021,1,2,Wind,3596
5/14/2024,13,14,Wind,5572
1/19/2025,2,3,Wind,1010
4/27/2020,18,19,Wind,2437
8/27/2023,19,20,Wind,5511
11/13/2022,17,18,Wind,1321
3/18/2020,0,1,Wind,695
1/8/2025,10,11,Wind,8070
11/7/2022,16,17,Wind,8629
12/3/2024,13,14,Solar,3255
7/24/2025,21,22,Wind,2448
10/3/2025,19,20,Wind,11369
4/6/2024,8,9,Wind,16513
10/15/2023,13,14,Solar,8663
4/22/2021,2,3,Wind,5938
10/10/2022,17,18,Wind,3757
4/11/2024,20,21,Wind,1126
4/21/2023,19,20,Wind,2818
7/8/2025,23,0,Wind,2046
10/9/2023,17,18,Solar,2814
8/25/2021,7,8,Wind,4847
5/15/2025,18,19,Wind,12805
4/11/2022,16,17,Wind,11143
6/19/2021,18,19,Wind,4299
1/6/2024,17,18,Wind,7263
2/4/2022,16,17,Wind,11584
4/1/2021,18,19,Wind,5963
12/3/2023,1,2,Wind,4897
11/1/2023,6,7,Wind,11861
2/10/2022,0,1,Wind,3786
7/25/2024,13,14,Solar,10186
3/6/2023,9,10,Solar,3252
7/2/2021,10,11,Solar,3568
7/1/2024,20,21,Wind,5033
5/18/2021,23,0,Wind,3219
11/17/2021,10,11,Wind,2528
11/26/2021,4,5,Wind,2243
12/27/2020,2,3,Wind,13269
12/21/2020,5,6,Wind,7573
5/24/2023,22,23,Wind,6981
6/27/2020,1,2,Wind,2530
10/26/2022,3,4,Wind,6939
5/25/2020,15,16,Solar,5770
1/31/2020,7,8,Wind,6025
10/16/2021,23,0,Wind,1607
8/2/2021,17,18,Solar,4625
1/7/2023,8,9,Wind,12429
8/19/2025,1,2,Wind,3004
10/18/2020,21,22,Wind,764
11/29/2021,23,0,Wind,5471
7/7/2022,20,21,Wind,5541
8/24/2024,18,19,Wind,12903
12/31/2021,23,0,Wind,3172
9/20/2024,21,22,Wind,3700
9/9/2021,22,23,Wind,3161
3/3/2024,21,22,Wind,5087
3/17/2024,16,17,Wind,4526
6/29/2021,2,3,Wind,1432
4/4/2025,0,1,Wind,6262
12/24/2020,23,0,Wind,7565
5/25/2020,14,15,Solar,5870
9/12/2021,7,8,Wind,874
10/30/2022,11,12,Solar,6934
5/9/2022,8,9,Solar,2705
12/15/2022,4,5,Wind,3851
6/23/2020,18,19,Wind,4486
4/30/2025,20,21,Wind,3627
6/3/2024,0,1,Wind,3324
5/13/2024,17,18,Wind,8362
9/24/2023,8,9,Wind,4733
8/9/2023,17,18,Solar,5618
3/3/2025,4,5,Wind,2586
6/25/2025,20,21,Wind,4230
5/7/2020,3,4,Wind,2432
4/15/2023,16,17,Wind,13758
10/24/2024,21,22,Wind,7968
8/29/2024,23,0,Wind,2860
10/24/2021,17,18,Wind,3540
1/6/2024,4,5,Wind,5011
7/6/2024,20,21,Wind,9394
11/7/2020,18,19,Wind,4486
4/26/2023,20,21,Wind,935
12/22/2021,1,2,Wind,3054
10/10/2023,10,11,Solar,5220
7/3/2024,22,23,Wind,5665
10/15/2025,17,18,Wind,7572
4/17/2023,5,6,Wind,3647
9/20/2021,20,21,Wind,3187
3/25/2025,8,9,Solar,3685
3/30/2022,8,9,Wind,1340
1/20/2025,4,5,Wind,1641
3/29/2020,3,4,Wind,11274
5/30/2023,1,2,Wind,9492
11/8/2024,17,18,Wind,1689
11/16/2025,8,9,Wind,2517
10/14/2025,11,12,Wind,10675
2/11/2024,8,9,Wind,11613
10/28/2023,16,17,Wind,14741
12/21/2020,15,16,Wind,11628
9/1/2024,2,3,Wind,3921
5/30/2022,21,22,Wind,850
1/31/2020,19,20,Wind,7831
7/28/2025,1,2,Wind,4209
2/28/2020,20,21,Wind,11084
3/8/2020,15,16,Wind,11310
11/11/2024,2,3,Wind,2399
9/23/2021,0,1,Wind,1703
3/2/2022,14,15,Solar,2793
2/15/2022,8,9,Wind,7098
8/2/2021,9,10,Solar,2734
12/27/2022,7,8,Wind,3989
8/25/2020,19,20,Wind,10487
10/24/2023,23,0,Wind,6911
1/16/2025,4,5,Wind,4402
7/7/2024,6,7,Wind,3539
12/24/2023,9,10,Wind,16840
8/16/2022,4,5,Wind,487
1/11/2024,18,19,Wind,10664
8/14/2023,23,0,Wind,1358
5/17/2021,7,8,Wind,11107
7/1/2023,4,5,Wind,7213
10/8/2024,5,6,Wind,8940
8/5/2025,5,6,Wind,2457
8/13/2021,2,3,Wind,1362
6/28/2023,12,13,Solar,7340
6/16/2025,4,5,Wind,2469
12/9/2023,6,7,Wind,12035
11/20/2020,16,17,Wind,2169
3/27/2020,7,8,Wind,3580
12/10/2020,3,4,Wind,5245
8/9/2025,15,16,Solar,5039
2/6/2021,5,6,Wind,2261
10/1/2020,14,15,Wind,8906
4/14/2020,7,8,Wind,6443
2/13/2022,9,10,Wind,11853
12/27/2024,22,23,Wind,525
9/12/2022,19,20,Wind,1845
11/21/2022,5,6,Wind,5262
10/17/2022,0,1,Wind,9182
8/9/2023,3,4,Wind,2823
7/8/2020,5,6,Wind,1709
8/4/2025,10,11,Solar,8681
10/6/2024,16,17,Wind,10209
4/14/2025,7,8,Wind,805
11/3/2025,6,7,Wind,7444
7/17/2022,10,11,Solar,6316
6/14/2025,1,2,Wind,4533
6/26/2020,16,17,Solar,5292
3/26/2025,20,21,Wind,3988
3/10/2022,2,3,Wind,6407
3/13/2022,22,23,Wind,5674
11/19/2024,14,15,Wind,19346
2/11/2023,16,17,Solar,3202
3/13/2022,5,6,Wind,9589
9/23/2020,2,3,Wind,2551
8/18/2024,0,1,Wind,2699
7/17/2023,20,21,Wind,1848
3/23/2021,10,11,Solar,4930
11/11/2025,19,20,Wind,14227
12/4/2024,13,14,Solar,6214
12/24/2022,18,19,Wind,3095
6/4/2025,1,2,Wind,4477
3/16/2022,8,9,Wind,4885
11/19/2025,9,10,Wind,13878
5/19/2020,20,21,Wind,3101
5/23/2022,2,3,Wind,2534
10/16/2025,12,13,Solar,10726
3/21/2021,6,7,Wind,3117
5/10/2020,0,1,Wind,2352
11/21/2020,21,22,Wind,2679
12/30/2023,6,7,Wind,6796
6/20/2023,16,17,Wind,8008
1/15/2023,16,17,Wind,15717
7/20/2025,0,1,Wind,4129
8/29/2021,19,20,Wind,4796
2/23/2022,13,14,Solar,6253
2/21/2020,3,4,Wind,4935
8/25/2025,16,17,Solar,6815
10/11/2021,22,23,Wind,3327
10/12/2025,20,21,Wind,7079
3/23/2023,16,17,Wind,13741
1/10/2025,21,22,Wind,2734
1/3/2020,14,15,Wind,8872
10/15/2024,19,20,Wind,9350
4/12/2022,13,14,Wind,7968
3/15/2020,16,17,Wind,7035
5/1/2025,8,9,Wind,6159
3/9/2021,0,1,Wind,2287
11/29/2021,18,19,Wind,3305
7/12/2021,4,5,Wind,2715
7/28/2025,13,14,Solar,11420
4/4/2022,21,22,Wind,8975
10/28/2024,18,19,Wind,1865
10/9/2024,19,20,Wind,10376
6/5/2023,14,15,Solar,9248
4/1/2023,19,20,Wind,9879
5/2/2023,12,13,Solar,8759
3/3/2022,19,20,Wind,689
11/23/2024,15,16,Wind,18662
7/5/2022,6,7,Wind,2059
4/25/2023,9,10,Wind,3831
1/27/2022,15,16,Wind,6401
9/16/2024,23,0,Wind,8474
6/1/2024,8,9,Wind,7950
3/12/2022,0,1,Wind,10424
5/10/2020,23,0,Wind,8962
8/25/2020,11,12,Wind,9710
4/15/2025,18,19,Wind,12783
10/15/2021,9,10,Solar,2178
3/11/2025,8,9,Wind,4594
7/25/2022,19,20,Wind,9703
3/16/2021,6,7,Wind,2975
3/23/2020,1,2,Wind,8643
3/19/2020,3,4,Wind,1056
3/15/2025,1,2,Wind,9785
2/19/2020,0,1,Wind,11601
8/30/2025,14,15,Wind,7874
11/17/2021,13,14,Wind,2838
4/22/2022,4,5,Wind,5191
6/20/2025,7,8,Wind,5253
12/31/2024,22,23,Wind,10251
5/8/2021,4,5,Wind,4738
2/11/2025,5,6,Wind,3840
9/30/2020,21,22,Wind,3903
10/29/2025,4,5,Wind,5558
4/27/2024,12,13,Wind,10386
11/7/2025,14,15,Wind,8201
1/2/2024,6,7,Wind,17011
6/14/2020,18,19,Wind,3920
9/30/2025,0,1,Wind,2388
5/31/2024,6,7,Wind,5703
3/19/2025,21,22,Wind,6718
7/13/2025,10,11,Solar,7166
8/23/2025,16,17,Solar,8687
7/10/2025,13,14,Solar,11742
1/22/2025,7,8,Wind,5386
10/14/2022,18,19,Wind,6569
4/30/2023,7,8,Wind,4109
12/28/2023,6,7,Wind,13170
12/20/2021,6,7,Wind,3014
10/1/2024,16,17,Wind,7150
1/7/2023,23,0,Wind,12798
12/14/2021,4,5,Wind,519
9/15/2023,1,2,Wind,3057
2/16/2020,4,5,Wind,11902
7/28/2023,16,17,Wind,9800
3/8/2024,0,1,Wind,11060
10/19/2024,10,11,Wind,8320
5/27/2023,4,5,Wind,7092
10/21/2021,12,13,Wind,14816
4/19/2024,0,1,Wind,4775
3/7/2022,10,11,Wind,10104
2/20/2025,5,6,Wind,7129
1/20/2022,1,2,Wind,3374
5/7/2024,21,22,Wind,5883
3/1/2024,5,6,Wind,11237
11/9/2023,4,5,Wind,8257
10/25/2025,7,8,Wind,13034
1/30/2025,13,14,Wind,9468
7/29/2020,7,8,Wind,1240
10/25/2025,1,2,Wind,14330
8/26/2020,4,5,Wind,9338
8/10/2024,7,8,Wind,1483
6/10/2024,10,11,Wind,12886
12/25/2022,15,16,Wind,9115
11/30/2025,0,1,Wind,5167
8/4/2022,17,18,Solar,5589
12/14/2022,22,23,Wind,2208
9/10/2024,19,20,Wind,12206
11/27/2021,13,14,Wind,9876
7/2/2025,19,20,Wind,8780
9/21/2024,23,0,Wind,5150
12/12/2020,13,14,Wind,7409
6/25/2025,4,5,Wind,1748
6/11/2020,4,5,Wind,897
5/26/2025,7,8,Wind,5389
2/2/2025,6,7,Wind,2400
1/20/2021,14,15,Wind,14131
5/24/2020,7,8,Wind,2972
6/17/2020,4,5,Wind,1232
1/11/2023,9,10,Wind,9782
9/2/2024,6,7,Wind,1514
12/7/2021,10,11,Wind,7360
8/13/2020,18,19,Wind,3818
11/16/2022,7,8,Wind,9503
6/24/2024,10,11,Solar,7519
12/16/2022,14,15,Solar,4314
10/8/2022,3,4,Wind,2198
3/1/2024,1,2,Wind,9704
1/21/2025,19,20,Wind,5905
1/3/2022,12,13,Wind,12157
5/16/2022,14,15,Solar,7497
5/16/2025,12,13,Solar,7063
6/16/2020,1,2,Wind,1967
10/15/2025,22,23,Wind,5599
8/25/2024,18,19,Solar,5505
11/3/2020,9,10,Wind,6176
6/16/2022,9,10,Solar,3715
5/21/2023,23,0,Wind,4133
12/30/2024,18,19,Wind,949
3/30/2025,15,16,Wind,7794
2/6/2023,14,15,Wind,8995
7/6/2025,11,12,Wind,12344
12/6/2021,4,5,Wind,2792
12/17/2024,5,6,Wind,1877
2/24/2025,0,1,Wind,12837
1/12/2021,20,21,Wind,5636
8/30/2021,16,17,Wind,7781
7/9/2023,19,20,Wind,3542
8/25/2025,20,21,Wind,718
6/12/2021,20,21,Wind,2136
6/11/2021,2,3,Wind,1889
9/6/2022,13,14,Solar,7149
7/27/2024,6,7,Wind,504
10/2/2020,2,3,Wind,8986
5/16/2020,7,8,Wind,2201
9/29/2023,3,4,Wind,8366
4/7/2020,17,18,Wind,3591
3/2/2021,20,21,Wind,2232
6/3/2024,16,17,Solar,7455
6/7/2022,7,8,Wind,3206
5/23/2021,16,17,Wind,8989
1/15/2023,9,10,Wind,15497
4/3/2025,6,7,Wind,9938
6/18/2024,18,19,Wind,5034
7/19/2022,7,8,Wind,5905
6/23/2024,16,17,Solar,3751
6/11/2021,18,19,Solar,3490
3/5/2021,15,16,Wind,8409
3/30/2025,3,4,Wind,7447
1/14/2020,17,18,Wind,12678
2/12/2025,5,6,Wind,2311
11/29/2024,7,8,Wind,8197
1/12/2020,18,19,Wind,4543
4/25/2021,22,23,Wind,10548
12/7/2022,13,14,Solar,4345
10/23/2021,7,8,Wind,1575
10/25/2023,12,13,Wind,11955
10/24/2022,7,8,Wind,11552
11/19/2025,14,15,Wind,15260
7/23/2025,5,6,Wind,961
5/15/2025,23,0,Wind,10774
1/30/2020,16,17,Wind,9462
1/25/2025,6,7,Wind,10739
6/14/2022,18,19,Solar,3421
5/31/2025,6,7,Wind,1038
6/17/2022,7,8,Wind,3742
9/2/2025,15,16,Wind,16580
9/8/2020,12,13,Solar,4283
5/16/2023,12,13,Wind,14283
10/1/2025,23,0,Wind,2447
9/23/2021,16,17,Solar,4836
11/4/2022,4,5,Wind,8919
7/25/2021,2,3,Wind,2831
4/26/2023,22,23,Wind,1436
3/26/2020,10,11,Wind,8266
2/25/2024,21,22,Wind,12551
9/1/2021,14,15,Wind,10478
5/4/2021,10,11,Wind,14956
5/7/2020,11,12,Solar,3915
4/29/2021,12,13,Solar,4237
3/4/2025,9,10,Solar,5652
2/7/2022,12,13,Solar,6115
4/25/2024,6,7,Wind,921
10/8/2023,4,5,Wind,1346
5/15/2020,12,13,Wind,7997
2/23/2024,17,18,Wind,10057
2/7/2020,0,1,Wind,5340
3/8/2020,10,11,Wind,12159
8/23/2024,11,12,Wind,15378
10/28/2022,19,20,Wind,2409
9/29/2025,0,1,Wind,1767
10/31/2025,19,20,Wind,14581
11/20/2020,22,23,Wind,3118
3/13/2020,19,20,Wind,1790
6/4/2023,1,2,Wind,7843
7/23/2024,7,8,Wind,6345
8/24/2024,0,1,Wind,4375
8/13/2020,17,18,Wind,4015
5/12/2022,11,12,Solar,4874
5/9/2021,1,2,Wind,7300
1/4/2024,13,14,Wind,11389
5/18/2024,16,17,Solar,5591
8/25/2025,17,18,Solar,5257
3/12/2025,16,17,Wind,3621
5/6/2023,0,1,Wind,1553
12/23/2020,12,13,Wind,10337
9/5/2025,7,8,Wind,2787
7/5/2022,17,18,Solar,6506
2/1/2023,9,10,Wind,7820
11/27/2022,18,19,Wind,7560
10/31/2020,13,14,Wind,10446
7/19/2025,14,15,Wind,15104
1/28/2022,11,12,Solar,3059
12/26/2022,22,23,Wind,5563
2/23/2024,23,0,Wind,7042
5/30/2023,6,7,Wind,8555
6/15/2025,4,5,Wind,1898
12/15/2023,6,7,Wind,1624
9/10/2022,5,6,Wind,5037
9/23/2024,7,8,Wind,3884
4/29/2020,18,19,Wind,8567
9/28/2022,15,16,Wind,6112
11/12/2025,16,17,Wind,12859
7/6/2020,17,18,Wind,8003
8/19/2024,11,12,Solar,8331
10/25/2023,7,8,Wind,10171
1/16/2021,22,23,Wind,5292
9/25/2020,17,18,Wind,13424
4/4/2021,0,1,Wind,7881
7/26/2022,15,16,Solar,7429
12/21/2021,7,8,Wind,2870
7/10/2021,14,15,Solar,5152
2/8/2024,12,13,Wind,19025
10/6/2025,13,14,Solar,10062
3/2/2025,16,17,Solar,7784
5/8/2025,10,11,Solar,9527
11/4/2021,8,9,Wind,3607
11/11/2021,15,16,Solar,1690
6/18/2025,8,9,Solar,4097
12/2/2023,23,0,Wind,4266
4/19/2020,3,4,Wind,1839
3/27/2025,21,22,Wind,3185
10/11/2022,23,0,Wind,1757
6/11/2020,14,15,Wind,5054
11/7/2021,11,12,Wind,7233
11/15/2022,1,2,Wind,7003
4/10/2024,4,5,Wind,5715
5/25/2022,18,19,Wind,9411
3/25/2024,16,17,Wind,10169
2/12/2025,13,14,Solar,3203
4/17/2021,15,16,Wind,8077
5/6/2024,8,9,Wind,4839
9/28/2020,7,8,Wind,4004
9/30/2025,14,15,Solar,9085
5/29/2023,16,17,Wind,9059
2/11/2022,11,12,Solar,4195
11/26/2024,21,22,Wind,6190
9/3/2024,18,19,Wind,3030
9/27/2025,17,18,Solar,4300
3/22/2024,3,4,Wind,1771
4/24/2022,4,5,Wind,2970
12/7/2024,6,7,Wind,18286
5/22/2023,23,0,Wind,5569
2/18/2022,10,11,Wind,16957
4/27/2023,16,17,Solar,5403
3/24/2025,20,21,Wind,3166
10/5/2020,22,23,Wind,10661
1/2/2021,16,17,Wind,1915
8/26/2022,6,7,Wind,3068
6/15/2023,12,13,Solar,7217
6/2/2023,7,8,Wind,8085
11/28/2025,19,20,Wind,6619
1/4/2021,2,3,Wind,1998
7/15/2023,22,23,Wind,9300
11/2/2023,9,10,Wind,15605
10/30/2021,9,10,Wind,9487
11/19/2025,6,7,Wind,11534
7/9/2024,7,8,Wind,5349
12/13/2022,19,20,Wind,3704
4/25/2020,12,13,Solar,4241
1/10/2021,23,0,Wind,2318
12/12/2024,10,11,Wind,4953
5/21/2022,1,2,Wind,2873
11/9/2020,6,7,Wind,2571
10/26/2022,20,21,Wind,3302
12/13/2021,11,12,Solar,3340
2/28/2020,16,17,Wind,10709
9/3/2025,0,1,Wind,11912
6/28/2020,14,15,Wind,6750
9/23/2022,11,12,Solar,3916
12/18/2023,21,22,Wind,4233
8/15/2021,15,16,Wind,7189
8/28/2022,20,21,Wind,4275
4/11/2024,19,20,Wind,1888
3/23/2023,21,22,Wind,13791
2/27/2024,8,9,Wind,11123
9/21/2024,12,13,Solar,7196
12/21/2023,23,0,Wind,16370
2/23/2023,18,19,Wind,4972
10/31/2021,20,21,Wind,9191
9/16/2023,3,4,Wind,3622
4/9/2021,14,15,Wind,7683
5/5/2025,22,23,Wind,9814
11/6/2022,14,15,Wind,12332
7/20/2022,17,18,Solar,6654
3/10/2025,21,22,Wind,1018
1/26/2021,4,5,Wind,4678
11/13/2020,22,23,Wind,4413
2/12/2020,9,10,Wind,8368
11/24/2025,14,15,Wind,13184
5/11/2021,3,4,Wind,1565
11/15/2020,11,12,Wind,14663
9/23/2024,1,2,Wind,3988
1/14/2024,19,20,Wind,1512
2/14/2024,11,12,Wind,12951
1/28/2022,16,17,Wind,3009
6/13/2022,11,12,Solar,6412
3/24/2023,21,22,Wind,15040
4/26/2024,6,7,Wind,2256
1/3/2023,22,23,Wind,13002
4/12/2020,6,7,Wind,933
2/4/2024,22,23,Wind,7356
4/10/2020,13,14,Solar,5231
2/11/2024,13,14,Wind,16368
11/12/2025,15,16,Wind,12752
6/5/2021,14,15,Solar,6013
2/20/2024,2,3,Wind,3433
12/30/2021,15,16,Wind,7502
4/22/2025,22,23,Wind,3456
8/21/2024,17,18,Solar,7903
8/18/2024,14,15,Solar,10708
4/11/2024,8,9,Wind,4264
7/24/2021,17,18,Wind,5803
3/3/2020,2,3,Wind,6674
8/14/2023,16,17,Solar,8482
3/28/2022,13,14,Solar,6195
11/25/2020,22,23,Wind,3361
7/31/2024,11,12,Solar,7416
4/19/2022,13,14,Solar,5202
7/1/2024,11,12,Solar,7048
2/24/2021,9,10,Wind,7269
7/12/2024,0,1,Wind,4636
6/2/2020,4,5,Wind,1742
3/13/2025,8,9,Wind,4181
9/13/2025,15,16,Wind,14326
1/8/2023,5,6,Wind,10703
4/24/2021,1,2,Wind,8018
3/12/2023,16,17,Wind,11890
11/2/2020,7,8,Wind,12123
4/5/2022,21,22,Wind,6472
12/12/2024,14,15,Solar,4444
7/30/2025,21,22,Wind,2430
6/12/2020,20,21,Wind,3736
12/26/2023,22,23,Wind,3133
4/29/2022,23,0,Wind,4848
4/22/2020,10,11,Wind,2834
5/14/2024,14,15,Wind,5305
3/6/2025,20,21,Wind,8849
10/2/2023,14,15,Solar,8840
10/12/2021,10,11,Solar,4108
2/2/2022,7,8,Wind,7221
5/17/2021,14,15,Wind,15377
8/17/2025,15,16,Solar,11715
11/16/2022,14,15,Wind,11248
11/10/2021,2,3,Wind,803
5/25/2023,17,18,Wind,12419
6/1/2023,22,23,Wind,8154
2/4/2022,9,10,Wind,8695
7/20/2022,15,16,Solar,7760
10/23/2023,2,3,Wind,4866
2/17/2022,14,15,Wind,15764
10/27/2021,10,11,Solar,3870
11/30/2021,4,5,Wind,9611
9/4/2023,17,18,Wind,9901
7/15/2024,14,15,Solar,10586
7/14/2025,18,19,Wind,10455
4/3/2021,16,17,Wind,13536
10/27/2024,7,8,Wind,1690
4/14/2022,17,18,Solar,4309
8/28/2022,13,14,Solar,9118
12/4/2021,9,10,Wind,9211
11/30/2025,7,8,Wind,4625
3/14/2024,13,14,Solar,10524
5/25/2022,10,11,Solar,6661
2/4/2024,16,17,Wind,9219
10/28/2023,19,20,Wind,16112
10/19/2023,4,5,Wind,9259
11/15/2024,9,10,Solar,3807
7/18/2021,1,2,Wind,5323
5/27/2024,23,0,Wind,2916
8/6/2025,13,14,Solar,4269
1/3/2024,21,22,Wind,17547
1/29/2025,7,8,Wind,13244
11/3/2022,19,20,Wind,10795
10/19/2022,20,21,Wind,7845
8/28/2022,11,12,Solar,8084
10/3/2023,10,11,Wind,11009
12/5/2020,16,17,Wind,5852
7/14/2023,14,15,Wind,14874
2/17/2025,8,9,Wind,4451
3/20/2025,17,18,Wind,6397
3/28/2025,7,8,Wind,3624
11/10/2020,20,21,Wind,776
10/30/2024,1,2,Wind,1000
10/26/2021,4,5,Wind,2666
4/26/2023,5,6,Wind,2521
6/9/2021,19,20,Wind,2469
8/21/2020,1,2,Wind,5795
3/16/2025,23,0,Wind,5377
7/8/2022,14,15,Solar,8974
1/16/2025,12,13,Wind,7832
3/7/2025,10,11,Wind,12963
5/27/2025,20,21,Wind,11720
1/17/2023,18,19,Wind,4849
7/4/2025,19,20,Solar,4117
4/21/2023,10,11,Solar,6036
12/19/2020,22,23,Wind,5738
11/25/2020,6,7,Wind,6196
11/7/2023,3,4,Wind,7316
3/18/2025,4,5,Wind,12470
11/11/2021,1,2,Wind,1103
12/15/2020,17,18,Wind,2675
5/17/2025,0,1,Wind,7833
9/29/2025,13,14,Solar,9179
8/16/2023,23,0,Wind,2671
10/18/2024,5,6,Wind,4213
8/12/2021,14,15,Solar,4309
6/20/2023,6,7,Wind,3732
10/20/2024,4,5,Wind,3945
6/12/2021,14,15,Solar,4527
5/11/2023,22,23,Wind,2583
9/5/2022,3,4,Wind,3746
8/25/2021,21,22,Wind,4236
8/2/2024,4,5,Wind,1395
10/22/2025,19,20,Wind,8537
10/8/2022,4,5,Wind,1988
5/25/2024,23,0,Wind,2734
1/4/2024,20,21,Wind,14084
12/28/2020,5,6,Wind,6250
4/30/2025,2,3,Wind,5753
6/9/2020,10,11,Wind,4367
2/26/2024,10,11,Wind,11727
3/23/2020,22,23,Wind,7532
8/26/2025,14,15,Solar,10872
9/15/2022,1,2,Wind,1756
11/10/2021,5,6,Wind,714
9/23/2023,5,6,Wind,3364
8/29/2020,16,17,Wind,4953
9/15/2025,14,15,Wind,11979
12/11/2024,1,2,Wind,5632
4/6/2021,11,12,Wind,8580
6/5/2020,17,18,Wind,12631
9/30/2020,13,14,Solar,5773
10/3/2022,16,17,Solar,4509
9/26/2025,5,6,Wind,1111
6/22/2022,3,4,Wind,3916
2/15/2022,2,3,Wind,6368
3/20/2021,13,14,Wind,8753
1/11/2023,8,9,Wind,9986
3/4/2020,18,19,Wind,5388
11/27/2020,5,6,Wind,1536
11/14/2023,9,10,Wind,13425
8/24/2020,20,21,Wind,1038
4/4/2024,9,10,Wind,16758
1/6/2023,2,3,Wind,7350
1/29/2025,11,12,Wind,14893
3/21/2021,20,21,Wind,6509
5/13/2020,12,13,Wind,6906
12/28/2022,21,22,Wind,16299
8/17/2021,18,19,Wind,6711
11/10/2020,10,11,Solar,1886
9/21/2020,7,8,Wind,672
3/13/2024,4,5,Wind,4829
5/4/2023,21,22,Wind,3423
10/31/2021,13,14,Wind,14693
9/2/2025,21,22,Wind,11668
10/1/2023,19,20,Wind,1339
10/31/2022,11,12,Wind,7956
7/23/2024,3,4,Wind,5236
8/8/2024,16,17,Solar,8873
1/21/2023,6,7,Wind,7349
7/25/2023,4,5,Wind,5474
10/22/2025,3,4,Wind,3713
4/9/2025,23,0,Wind,11234
5/2/2024,17,18,Wind,15149
8/6/2023,7,8,Wind,12389
11/5/2023,23,0,Wind,12519
6/16/2025,13,14,Solar,10662
8/2/2023,22,23,Wind,15706
1/27/2025,3,4,Wind,18336
4/17/2025,22,23,Wind,2594
3/24/2023,9,10,Wind,14750
2/7/2024,12,13,Wind,18400
1/31/2022,10,11,Wind,14558
1/19/2025,17,18,Wind,855
10/31/2021,2,3,Wind,4784
7/14/2024,18,19,Solar,3698
4/24/2020,12,13,Solar,3756
3/23/2024,16,17,Wind,17577
11/27/2021,9,10,Wind,8554
12/27/2022,0,1,Wind,5060
12/1/2022,7,8,Wind,4282
7/21/2020,17,18,Solar,4666
8/17/2020,14,15,Wind,5835
8/31/2021,5,6,Wind,3318
9/2/2025,7,8,Wind,7751
6/11/2022,16,17,Solar,5370
9/29/2024,21,22,Wind,10407
12/30/2021,16,17,Wind,6244
8/28/2025,8,9,Wind,4079
9/11/2022,22,23,Wind,3288
1/9/2022,13,14,Wind,6457
12/2/2022,17,18,Wind,3798
10/22/2020,20,21,Wind,3317
8/26/2024,9,10,Solar,5814
4/8/2022,22,23,Wind,8183
7/28/2022,3,4,Wind,3637
1/18/2021,4,5,Wind,2402
11/18/2025,15,16,Wind,6777
4/24/2021,23,0,Wind,8657
1/10/2022,23,0,Wind,2766
10/5/2025,1,2,Wind,13977
4/8/2022,5,6,Wind,5384
3/9/2020,1,2,Wind,7314
1/20/2020,0,1,Wind,6763
1/9/2021,5,6,Wind,2772
8/2/2022,6,7,Wind,1169
4/13/2021,8,9,Wind,3757
6/14/2024,4,5,Wind,7240
12/12/2024,4,5,Wind,3181
8/23/2023,3,4,Wind,2336
6/1/2025,5,6,Wind,2085
9/5/2020,0,1,Wind,1942
4/1/2024,15,16,Wind,8896
9/7/2022,1,2,Wind,2393
1/19/2021,23,0,Wind,11798
9/27/2023,3,4,Wind,346
2/5/2023,18,19,Wind,9262
7/2/2025,16,17,Wind,12094
8/25/2020,9,10,Wind,6880
4/1/2024,10,11,Wind,11064
8/17/2021,7,8,Wind,1667
8/2/2022,15,16,Solar,6504
8/31/2024,10,11,Solar,6619
8/9/2020,12,13,Solar,3872
11/21/2022,10,11,Wind,9465
5/15/2024,6,7,Wind,2217
7/10/2022,11,12,Solar,8757
10/15/2025,0,1,Wind,5787
3/19/2021,10,11,Wind,11635
2/12/2020,5,6,Wind,8157
12/4/2022,17,18,Wind,1505
10/20/2022,3,4,Wind,5791
11/15/2020,2,3,Wind,11112
5/29/2025,18,19,Solar,6429
3/25/2022,12,13,Solar,8491
11/12/2020,14,15,Wind,4340
8/26/2024,21,22,Wind,1432
3/13/2020,8,9,Wind,5899
12/3/2023,23,0,Wind,12274
1/31/2021,12,13,Wind,4432
12/22/2022,16,17,Wind,12947
4/22/2022,22,23,Wind,5118
1/13/2025,9,10,Wind,6228
5/8/2020,20,21,Wind,1748
8/24/2024,1,2,Wind,4788
8/27/2022,17,18,Solar,5514
6/6/2023,9,10,Solar,5870
6/5/2020,22,23,Wind,5516
7/16/2020,12,13,Solar,4320
10/5/2024,17,18,Wind,7477
8/12/2020,5,6,Wind,2017
4/3/2023,22,23,Wind,8801
2/17/2022,18,19,Wind,8232
4/18/2020,8,9,Wind,1693
5/8/2023,8,9,Solar,2707
9/12/2023,8,9,Solar,1128
9/4/2025,10,11,Wind,11727
3/16/2021,7,8,Wind,2884
10/30/2020,4,5,Wind,7334
11/11/2020,2,3,Wind,625
6/12/2022,6,7,Wind,2771
4/21/2020,15,16,Wind,5106
9/21/2022,20,21,Wind,1952
5/26/2024,15,16,Wind,7024
9/9/2020,16,17,Solar,3440
2/12/2023,22,23,Wind,4013
12/23/2022,7,8,Wind,8666
10/7/2024,23,0,Wind,9154
7/14/2021,8,9,Wind,5955
1/6/2021,14,15,Solar,1849
5/14/2025,1,2,Wind,1099
7/1/2022,18,19,Solar,4395
4/10/2022,21,22,Wind,5319
9/29/2020,20,21,Wind,659
9/9/2020,3,4,Wind,1137
10/23/2021,10,11,Solar,3808
9/27/2024,18,19,Wind,13061
1/18/2022,23,0,Wind,2255
7/29/2024,2,3,Wind,5927
11/20/2024,19,20,Wind,7765
3/6/2025,18,19,Wind,6734
11/30/2021,1,2,Wind,6917
7/26/2021,14,15,Solar,7034
4/29/2024,6,7,Wind,1919
1/19/2025,0,1,Wind,1453
12/29/2024,17,18,Wind,476
1/17/2025,7,8,Wind,744
10/15/2021,17,18,Solar,2340
1/7/2023,15,16,Wind,15311
9/15/2021,16,17,Solar,3458
5/23/2025,8,9,Solar,5029
1/27/2025,8,9,Wind,17239
8/15/2020,21,22,Wind,979
3/12/2025,20,21,Wind,2447
12/14/2024,1,2,Wind,1065
10/29/2025,8,9,Wind,7125
5/2/2023,19,20,Wind,5640
12/1/2021,15,16,Wind,10359
2/17/2021,17,18,Wind,5347
12/22/2020,0,1,Wind,12712
9/15/2023,2,3,Wind,2860
5/10/2025,19,20,Wind,5683
9/16/2022,2,3,Wind,1799
7/13/2022,15,16,Solar,7136
4/9/2024,17,18,Wind,11081
6/1/2022,12,13,Solar,6398
12/2/2022,23,0,Wind,6886
6/10/2022,1,2,Wind,2339
9/27/2021,22,23,Wind,2765
4/7/2022,22,23,Wind,12572
6/28/2022,21,22,Wind,1622
9/20/2023,8,9,Wind,9075
1/13/2025,3,4,Wind,5217
11/7/2024,12,13,Solar,5194
3/25/2022,23,0,Wind,8026
11/23/2021,4,5,Wind,8250
3/25/2021,15,16,Solar,4730
12/29/2023,11,12,Wind,15303
8/26/2022,13,14,Solar,6874
10/30/2021,6,7,Wind,9510
8/9/2020,5,6,Wind,991
3/10/2024,10,11,Solar,3944
7/11/2021,1,2,Wind,1268
5/7/2021,5,6,Wind,4193
10/7/2023,20,21,Wind,2804
8/12/2023,21,22,Wind,1811
1/8/2022,18,19,Wind,15235
5/12/2021,0,1,Wind,5463
1/11/2025,21,22,Wind,2419
5/12/2022,14,15,Solar,6227
6/5/2024,1,2,Wind,3495
4/1/2024,22,23,Wind,11035
11/21/2021,3,4,Wind,492
10/6/2020,3,4,Wind,10216
8/18/2020,4,5,Wind,1030
1/3/2024,19,20,Wind,17926
1/17/2024,2,3,Wind,5231
6/30/2020,18,19,Wind,5854
5/21/2020,16,17,Solar,3675
12/30/2022,2,3,Wind,7789
10/11/2024,12,13,Solar,6172
7/24/2022,11,12,Solar,6671
4/24/2021,21,22,Wind,7652
8/16/2020,15,16,Solar,4583
11/10/2022,12,13,Solar,6135
11/5/2025,20,21,Wind,13196
11/9/2024,15,16,Solar,1288
2/24/2024,14,15,Wind,15689
11/5/2023,3,4,Wind,14503
8/22/2025,15,16,Solar,9271
2/20/2023,15,16,Solar,5704
11/16/2025,3,4,Wind,1957
5/12/2024,5,6,Wind,3935
7/26/2023,20,21,Wind,2947
9/4/2022,22,23,Wind,5142
7/19/2021,20,21,Wind,3682
4/14/2024,14,15,Solar,4317
9/29/2021,7,8,Wind,6844
12/13/2023,3,4,Wind,9568
7/9/2021,19,20,Solar,1611
3/7/2021,17,18,Wind,1864
2/12/2022,22,23,Wind,6946
12/2/2021,8,9,Wind,7861
5/18/2024,2,3,Wind,589
8/7/2023,14,15,Solar,10089
5/27/2024,4,5,Wind,2140
11/7/2023,10,11,Wind,10681
1/14/2025,6,7,Wind,2198
2/5/2020,8,9,Wind,2082
7/21/2021,0,1,Wind,3154
1/10/2024,8,9,Wind,2410
9/1/2020,22,23,Wind,2514
4/22/2020,23,0,Wind,3164
1/15/2025,4,5,Wind,2805
7/30/2020,23,0,Wind,4487
11/9/2023,7,8,Wind,9029
1/7/2022,2,3,Wind,9439
3/8/2024,2,3,Wind,10197
10/28/2022,5,6,Wind,8432
4/26/2024,3,4,Wind,2539
9/26/2020,12,13,Wind,12508
1/7/2022,1,2,Wind,9343
2/8/2024,19,20,Wind,14576
3/22/2023,11,12,Wind,16265
12/24/2020,3,4,Wind,9838
3/22/2024,1,2,Wind,1497
10/7/2023,0,1,Wind,1916
2/16/2021,4,5,Wind,9443
7/22/2021,1,2,Wind,3008
7/30/2025,10,11,Solar,6072
9/24/2020,16,17,Wind,8746
3/14/2024,3,4,Wind,5007
3/9/2022,23,0,Wind,6540
8/3/2021,1,2,Wind,1006
4/17/2020,5,6,Wind,2416
8/6/2024,11,12,Solar,7322
4/17/2020,21,22,Wind,2016
5/8/2022,21,22,Wind,3821
10/27/2020,21,22,Wind,9739
11/18/2022,16,17,Wind,3719
12/13/2024,12,13,Solar,3609
8/30/2021,10,11,Wind,6152
12/20/2021,0,1,Wind,3449
4/7/2022,17,18,Wind,16649
3/31/2025,21,22,Wind,10124
8/4/2021,12,13,Solar,2925
8/14/2024,3,4,Wind,1597
8/15/2021,22,23,Wind,5614
3/1/2023,15,16,Wind,12418
10/8/2025,10,11,Solar,4840
5/16/2024,18,19,Solar,3823
8/11/2023,14,15,Solar,8460
3/5/2024,7,8,Wind,5757
9/8/2024,21,22,Wind,10041
1/3/2022,9,10,Wind,9677
5/19/2020,17,18,Wind,5432
11/22/2024,20,21,Wind,9084
7/24/2025,22,23,Wind,2052
8/20/2021,21,22,Wind,799
8/24/2024,12,13,Wind,9956
5/29/2021,15,16,Solar,6519
8/11/2025,3,4,Wind,6358
5/1/2022,21,22,Wind,2342
7/2/2023,15,16,Wind,8101
1/12/2020,10,11,Wind,8828
8/13/2022,15,16,Solar,7186
10/26/2020,15,16,Wind,9925
2/18/2024,21,22,Wind,7897
7/30/2022,18,19,Wind,5430
3/7/2023,15,16,Wind,10563
9/1/2022,20,21,Wind,2137
8/7/2021,20,21,Wind,10241
8/19/2020,5,6,Wind,1984
10/20/2024,20,21,Wind,11391
5/25/2020,8,9,Solar,2574
9/11/2022,3,4,Wind,515
1/19/2024,0,1,Wind,3060
7/20/2024,4,5,Wind,1088
11/18/2021,19,20,Wind,1639
8/8/2025,19,20,Solar,3081
2/9/2020,6,7,Wind,11413
5/11/2020,15,16,Wind,12482
12/15/2023,13,14,Solar,4274
2/5/2023,23,0,Wind,9082
1/13/2025,15,16,Solar,6695
4/22/2021,6,7,Wind,5953
10/3/2025,12,13,Wind,10314
10/5/2023,11,12,Solar,5557
5/21/2025,4,5,Wind,2033
2/22/2022,2,3,Wind,6429
7/2/2022,3,4,Wind,703
1/22/2023,13,14,Wind,6779
1/18/2025,9,10,Wind,2175
8/3/2021,21,22,Wind,711
2/19/2023,22,23,Wind,2936
4/16/2022,5,6,Wind,4650
2/4/2023,16,17,Wind,3847
5/26/2025,15,16,Solar,6516
7/25/2020,10,11,Solar,4726
12/10/2022,23,0,Wind,2131
7/31/2024,19,20,Wind,3161
1/26/2024,16,17,Wind,5987
7/15/2022,10,11,Solar,6609
8/24/2021,16,17,Wind,12239
10/13/2024,8,9,Wind,2416
10/31/2025,4,5,Wind,9827
11/18/2024,15,16,Wind,8211
12/24/2022,14,15,Wind,4868
7/28/2023,13,14,Solar,9599
6/25/2024,8,9,Solar,3813
10/25/2024,11,12,Wind,6728
10/10/2020,17,18,Wind,6107
9/21/2020,11,12,Solar,2145
10/17/2022,14,15,Wind,6222
4/1/2023,3,4,Wind,16237
12/25/2024,18,19,Wind,1467
1/12/2022,8,9,Wind,2303
6/23/2022,11,12,Solar,5082
12/31/2020,15,16,Wind,2977
9/21/2024,5,6,Wind,2949
6/10/2024,3,4,Wind,4339
7/5/2020,11,12,Wind,10806
11/28/2021,23,0,Wind,4795
1/11/2021,15,16,Wind,5824
1/2/2023,14,15,Wind,7379
10/28/2025,15,16,Wind,12723
8/8/2024,23,0,Wind,2743
3/11/2022,3,4,Wind,9787
9/19/2021,20,21,Wind,2476
10/14/2022,14,15,Wind,8215
6/28/2023,17,18,Solar,5177
5/8/2022,20,21,Wind,3132
9/27/2020,10,11,Wind,13039
2/5/2025,18,19,Wind,2811
12/12/2023,16,17,Wind,11235
4/27/2022,15,16,Solar,9341
12/3/2022,1,2,Wind,6637
3/4/2022,13,14,Solar,5525
3/30/2022,6,7,Wind,1254
4/8/2024,5,6,Wind,3238
7/19/2024,22,23,Wind,1453
11/21/2021,0,1,Wind,392
3/24/2024,3,4,Wind,10645
2/18/2023,5,6,Wind,7118
1/21/2020,7,8,Wind,3483
7/27/2020,14,15,Wind,11113
9/25/2022,11,12,Solar,5522
8/5/2022,23,0,Wind,6442
1/15/2020,8,9,Wind,12815
6/25/2023,17,18,Solar,7858
1/6/2025,22,23,Wind,15966
6/8/2025,20,21,Wind,3433
8/29/2025,23,0,Wind,7321
12/10/2021,7,8,Wind,12494
10/11/2025,23,0,Wind,6000
10/3/2025,17,18,Wind,10342
8/9/2022,13,14,Solar,10630
10/11/2020,8,9,Wind,3291
2/28/2025,16,17,Wind,7661
4/6/2022,11,12,Wind,9309
4/8/2025,7,8,Wind,2418
7/5/2025,10,11,Solar,8178
10/17/2024,21,22,Wind,4673
8/24/2020,2,3,Wind,2346
3/18/2025,22,23,Wind,10568
12/17/2022,10,11,Wind,4622
6/7/2022,13,14,Wind,10871
3/8/2023,21,22,Wind,13339
12/16/2022,18,19,Wind,3121
3/31/2025,9,10,Wind,7084
12/24/2023,17,18,Wind,15669
7/16/2021,2,3,Wind,4567
6/28/2023,14,15,Solar,7440
10/8/2022,6,7,Wind,1752
11/25/2022,0,1,Wind,8016
6/13/2025,11,12,Solar,9133
12/14/2022,8,9,Wind,1683
6/24/2023,15,16,Solar,8186
2/1/2024,23,0,Wind,1978
12/13/2023,8,9,Wind,7111
2/27/2022,6,7,Wind,8353
10/29/2021,8,9,Wind,12399
7/2/2021,12,13,Solar,4573
2/17/2025,1,2,Wind,4092
10/9/2022,8,9,Wind,5077
10/12/2024,0,1,Wind,6026
12/23/2024,12,13,Wind,14858
3/30/2020,12,13,Wind,12885
6/4/2021,19,20,Wind,2668
10/12/2022,4,5,Wind,526
3/6/2024,0,1,Wind,2883
8/2/2024,6,7,Wind,1341
4/23/2022,19,20,Wind,6356
7/2/2025,10,11,Solar,7335
7/25/2025,18,19,Solar,6849
8/18/2022,19,20,Wind,4206
9/15/2023,18,19,Wind,3297
7/13/2024,8,9,Solar,2728
8/24/2025,4,5,Wind,3134
3/22/2024,9,10,Solar,5777
6/19/2023,20,21,Wind,2650
4/8/2022,3,4,Wind,6908
3/12/2022,13,14,Wind,8524
10/25/2020,14,15,Wind,7236
10/11/2020,5,6,Wind,3491
4/4/2023,7,8,Wind,6681
10/6/2023,6,7,Wind,1392
10/9/2020,7,8,Wind,2238
12/13/2024,8,9,Wind,2876
12/17/2022,13,14,Solar,4731
5/26/2025,23,0,Wind,4737
7/8/2020,13,14,Solar,7007
5/17/2023,17,18,Wind,12123
2/28/2024,7,8,Wind,2325
5/27/2024,0,1,Wind,3013
2/15/2025,2,3,Wind,6491
2/3/2022,14,15,Wind,3627
5/15/2023,22,23,Wind,8295
7/2/2022,23,0,Wind,1927
1/23/2022,17,18,Wind,3313
3/11/2024,11,12,Wind,8327
3/15/2022,7,8,Wind,5018
9/18/2021,14,15,Solar,4025
8/25/2024,22,23,Wind,2454
3/18/2024,0,1,Wind,1456
1/9/2020,5,6,Wind,9302
10/5/2023,12,13,Solar,6428
7/19/2023,13,14,Solar,11050
10/14/2020,22,23,Wind,5727
6/3/2025,23,0,Wind,5008
7/3/2023,12,13,Solar,10343
6/15/2023,1,2,Wind,3385
3/25/2023,11,12,Wind,18342
4/21/2021,10,11,Solar,3010
5/6/2025,6,7,Wind,9886
6/21/2020,9,10,Wind,4310
11/22/2022,14,15,Wind,14594
3/28/2023,5,6,Wind,4392
2/16/2025,19,20,Wind,6840
3/20/2022,10,11,Wind,4647
6/6/2024,23,0,Wind,2822
9/7/2020,17,18,Solar,3957
8/13/2023,18,19,Solar,4398
10/19/2023,18,19,Wind,7333
5/15/2022,5,6,Wind,4007
10/14/2022,8,9,Wind,4711
10/25/2022,23,0,Wind,6441
3/7/2023,21,22,Wind,7386
3/21/2020,20,21,Wind,8533
10/3/2021,20,21,Wind,5440
10/11/2021,13,14,Solar,6584
3/4/2021,4,5,Wind,1035
6/11/2022,9,10,Solar,3797
1/31/2022,9,10,Wind,13657
1/22/2024,8,9,Wind,16717
1/13/2025,16,17,Wind,4481
9/28/2020,17,18,Wind,5716
10/5/2025,15,16,Wind,8982
10/17/2020,10,11,Solar,2285
8/17/2025,19,20,Wind,6262
11/16/2023,9,10,Wind,9766
11/19/2024,18,19,Wind,12693
8/13/2020,11,12,Solar,3404
5/31/2022,7,8,Solar,922
12/26/2022,4,5,Wind,8693
11/17/2022,21,22,Wind,9080
10/17/2022,17,18,Wind,2640
7/19/2023,0,1,Wind,2756
7/4/2022,10,11,Solar,4063
3/5/2023,15,16,Solar,5131
6/22/2024,9,10,Wind,6861
8/8/2021,17,18,Wind,7865
12/10/2022,17,18,Wind,1544
8/15/2025,10,11,Solar,8008
3/4/2023,9,10,Wind,5863
5/28/2023,13,14,Solar,6907
10/15/2022,18,19,Wind,4785
11/7/2021,2,3,Wind,6679
7/25/2024,1,2,Wind,1388
4/29/2021,15,16,Solar,3883
7/26/2024,13,14,Solar,7170
3/5/2021,8,9,Wind,4500
5/10/2022,19,20,Wind,4018
12/5/2022,6,7,Wind,742
12/27/2024,12,13,Solar,4108
4/23/2025,10,11,Wind,13296
8/15/2025,23,0,Wind,7753
5/21/2023,0,1,Wind,6743
11/26/2022,7,8,Wind,3492
7/27/2022,9,10,Solar,4792
6/7/2022,19,20,Wind,5355
11/27/2023,21,22,Wind,13081
11/26/2023,8,9,Wind,2479
2/13/2020,17,18,Wind,13534
6/20/2024,16,17,Solar,4560
1/2/2025,3,4,Wind,10133
12/28/2023,3,4,Wind,9140
4/19/2025,1,2,Wind,9147
4/21/2024,3,4,Wind,5623
6/17/2024,17,18,Solar,5863
5/21/2020,7,8,Wind,1690
11/21/2024,12,13,Wind,9038
6/17/2025,9,10,Solar,6316
10/1/2021,12,13,Wind,9747
1/26/2025,18,19,Wind,19347
2/17/2023,10,11,Wind,11301
6/12/2021,8,9,Solar,2190
11/20/2025,21,22,Wind,4337
4/20/2021,9,10,Solar,2187
3/28/2020,20,21,Wind,10372
4/5/2020,21,22,Wind,5921
5/14/2025,14,15,Solar,4349
11/21/2020,9,10,Wind,4423
10/1/2023,18,19,Solar,1877
6/11/2021,6,7,Wind,1357
6/4/2023,16,17,Solar,7508
10/29/2022,15,16,Wind,7520
1/20/2023,1,2,Wind,1897
7/28/2023,0,1,Wind,4160
3/9/2021,7,8,Wind,2283
1/8/2025,7,8,Wind,4452
11/28/2022,18,19,Wind,3148
12/15/2021,21,22,Wind,1695
6/17/2023,18,19,Solar,3214
9/29/2024,11,12,Solar,8557
11/26/2024,18,19,Wind,4266
2/7/2022,11,12,Solar,5800
8/22/2020,20,21,Wind,4736
11/22/2021,3,4,Wind,7873
7/1/2023,9,10,Wind,10143
11/19/2020,21,22,Wind,4244
11/8/2025,16,17,Wind,2708
3/17/2022,5,6,Wind,5175
6/23/2025,13,14,Wind,8298
8/16/2021,18,19,Wind,7937
11/27/2023,1,2,Wind,6792
3/25/2025,18,19,Wind,4031
1/21/2020,14,15,Wind,3021
4/28/2025,14,15,Solar,4878
11/27/2021,14,15,Wind,8786
10/15/2020,4,5,Wind,4207
12/17/2024,19,20,Wind,8156
7/25/2023,3,4,Wind,4944
7/3/2020,16,17,Wind,7245
11/21/2021,11,12,Wind,3060
10/30/2023,15,16,Wind,6804
4/18/2024,22,23,Wind,3293
7/17/2024,19,20,Solar,2231
9/29/2020,14,15,Solar,3896
10/2/2025,15,16,Solar,8925
10/25/2023,17,18,Wind,7932
6/27/2020,12,13,Wind,10445
1/13/2024,21,22,Wind,580
12/18/2020,11,12,Wind,7368
8/16/2023,8,9,Wind,2723
4/8/2021,22,23,Wind,1613
10/13/2022,7,8,Wind,2728
6/6/2020,10,11,Wind,8816
8/18/2021,12,13,Solar,4980
6/9/2021,5,6,Wind,867
6/22/2023,9,10,Wind,4102
7/14/2023,23,0,Wind,8037
12/29/2020,5,6,Wind,5261
3/12/2025,1,2,Wind,3631
3/28/2020,3,4,Wind,2129
5/17/2022,22,23,Wind,2760
9/26/2023,15,16,Solar,6150
8/1/2025,23,0,Wind,4182
8/30/2025,10,11,Solar,8838
1/14/2022,13,14,Solar,3916
1/31/2024,1,2,Wind,655
1/3/2025,13,14,Solar,5591
6/24/2020,2,3,Wind,5365
6/12/2020,15,16,Wind,7026
1/12/2025,8,9,Wind,3236
8/6/2020,10,11,Solar,3135
11/5/2020,23,0,Wind,7651
4/25/2022,12,13,Solar,6246
7/15/2021,18,19,Wind,8377
6/5/2023,10,11,Solar,6782
4/9/2025,17,18,Wind,12252
6/26/2025,20,21,Wind,6509
9/18/2024,18,19,Wind,11425
7/30/2021,7,8,Wind,4590
7/14/2025,16,17,Wind,13334
10/26/2023,12,13,Wind,8327
7/2/2023,14,15,Wind,7560
3/22/2023,21,22,Wind,13422
9/20/2024,17,18,Wind,5651
11/21/2020,20,21,Wind,2829
2/15/2024,15,16,Wind,8878
1/7/2025,5,6,Wind,14321
12/3/2020,10,11,Wind,7487
4/9/2022,2,3,Wind,5126
8/6/2021,0,1,Wind,8109
10/8/2023,11,12,Solar,5879
8/20/2020,18,19,Wind,4521
2/5/2020,12,13,Solar,3994
2/27/2025,10,11,Solar,7970
11/17/2025,19,20,Wind,5468
9/26/2023,6,7,Wind,2761
4/22/2022,9,10,Wind,4687
11/18/2022,11,12,Wind,7597
6/2/2024,21,22,Wind,4248
7/17/2024,8,9,Solar,2637
2/12/2020,1,2,Wind,9295
3/27/2025,17,18,Wind,5335
5/21/2025,8,9,Solar,4192
1/29/2020,1,2,Wind,9827
7/11/2021,10,11,Solar,3543
10/31/2023,9,10,Wind,8091
5/18/2024,10,11,Solar,4655
5/29/2025,5,6,Wind,2224
7/11/2024,12,13,Solar,6830
7/3/2021,7,8,Wind,2124
1/4/2024,19,20,Wind,13837
6/9/2025,12,13,Solar,4615
5/22/2022,5,6,Wind,2386
5/27/2025,1,2,Wind,6409
6/22/2024,4,5,Wind,6299
8/7/2025,9,10,Solar,5456
2/1/2023,16,17,Wind,9974
3/21/2024,21,22,Wind,1352
5/17/2020,17,18,Solar,4250
3/10/2020,18,19,Wind,11828
11/28/2020,0,1,Wind,3832
10/1/2022,4,5,Wind,13572
8/10/2022,20,21,Wind,5035
12/10/2020,1,2,Wind,5182
7/2/2022,14,15,Solar,7196
5/21/2025,16,17,Solar,7689
12/23/2024,3,4,Wind,17379
10/13/2023,0,1,Wind,5120
6/26/2022,10,11,Solar,3344
3/19/2020,7,8,Wind,1538
10/2/2024,1,2,Wind,5020
5/24/2021,8,9,Wind,7873
7/20/2023,3,4,Wind,2092
5/26/2022,7,8,Wind,3190
4/19/2021,8,9,Solar,1861
8/16/2023,16,17,Solar,5674
7/26/2025,3,4,Wind,2571
5/22/2020,15,16,Wind,7717
9/3/2025,21,22,Wind,12535
9/28/2021,23,0,Wind,5680
6/21/2024,11,12,Solar,6974
1/6/2025,10,11,Wind,19204
7/24/2023,16,17,Wind,12571
1/14/2023,13,14,Wind,18977
11/25/2021,1,2,Wind,1632
9/3/2021,0,1,Wind,4070
11/20/2025,16,17,Wind,4331
11/13/2021,1,2,Wind,6352
8/2/2025,19,20,Wind,5288
1/17/2025,14,15,Solar,4844
4/13/2021,6,7,Wind,2924
10/20/2022,10,11,Wind,6776
1/15/2024,17,18,Wind,3318
4/21/2021,0,1,Wind,1945
11/23/2023,3,4,Wind,2908
4/1/2024,9,10,Wind,8813
2/5/2024,10,11,Wind,7951
6/29/2022,19,20,Wind,2697
5/3/2020,15,16,Solar,4887
4/27/2025,3,4,Wind,4101
8/11/2025,17,18,Solar,8482
2/27/2024,21,22,Wind,5106
3/13/2022,7,8,Wind,9416
11/27/2025,11,12,Wind,12038
3/27/2023,11,12,Solar,7619
5/27/2020,4,5,Wind,3704
9/6/2025,1,2,Wind,2858
2/19/2021,20,21,Wind,8423
3/24/2023,4,5,Wind,11234
11/22/2021,1,2,Wind,6802
4/7/2020,7,8,Wind,2348
5/21/2024,2,3,Wind,2303
1/4/2023,6,7,Wind,14520
3/21/2020,22,23,Wind,8214
6/17/2022,17,18,Solar,4670
7/22/2022,3,4,Wind,3179
3/24/2022,21,22,Wind,5931
8/3/2023,19,20,Wind,5818
8/1/2020,10,11,Solar,3111
3/18/2023,4,5,Wind,7193
3/14/2025,16,17,Wind,7438
12/31/2020,5,6,Wind,5269
6/23/2022,15,16,Solar,5474
3/4/2023,0,1,Wind,4975
9/17/2020,21,22,Wind,8334
11/7/2023,13,14,Wind,13048
10/6/2022,9,10,Solar,2478
11/29/2020,7,8,Wind,4438
12/27/2020,13,14,Wind,12383
5/12/2021,22,23,Wind,3895
3/6/2021,11,12,Wind,7105
7/22/2023,12,13,Solar,11660
2/4/2022,10,11,Wind,10097
4/8/2021,13,14,Solar,5166
2/13/2023,11,12,Solar,6394
4/24/2020,20,21,Wind,1532
5/23/2023,23,0,Wind,7120
12/2/2024,15,16,Wind,10171
1/21/2023,10,11,Wind,10322
1/21/2022,17,18,Wind,3775
6/9/2025,14,15,Solar,4717
4/28/2022,11,12,Solar,7004
9/24/2024,8,9,Wind,7843
4/10/2021,6,7,Wind,3816
5/4/2022,12,13,Solar,5228
11/15/2021,12,13,Wind,3981
1/20/2022,9,10,Wind,3974
7/7/2024,12,13,Solar,6230
3/28/2021,6,7,Wind,3455
1/27/2020,10,11,Wind,8786
2/25/2024,19,20,Wind,13570
3/16/2023,5,6,Wind,7861
4/30/2025,18,19,Solar,7085
3/1/2021,2,3,Wind,5388
12/18/2024,10,11,Wind,16772
3/27/2025,13,14,Solar,10020
11/19/2021,12,13,Solar,3706
9/3/2021,17,18,Solar,2314
6/23/2025,16,17,Wind,8406
2/14/2020,2,3,Wind,7293
5/10/2024,18,19,Solar,6868
2/10/2020,23,0,Wind,13054
12/1/2024,21,22,Wind,8006
8/28/2021,19,20,Wind,5798
1/28/2023,12,13,Wind,7646
3/31/2023,7,8,Wind,16756
9/8/2021,3,4,Wind,5324
1/18/2021,21,22,Wind,6792
6/30/2020,15,16,Wind,8793
6/28/2020,8,9,Wind,4863
2/6/2024,10,11,Wind,13811
10/31/2025,1,2,Wind,10444
7/5/2024,21,22,Wind,3608
3/10/2022,16,17,Wind,5926
3/16/2020,5,6,Wind,3361
9/30/2022,4,5,Wind,967
4/29/2025,7,8,Wind,5440
4/13/2021,10,11,Solar,5861
8/3/2021,10,11,Solar,3111
8/27/2025,22,23,Wind,1830
12/18/2023,11,12,Solar,5259
4/22/2025,0,1,Wind,2609
5/21/2025,13,14,Solar,9170
10/7/2021,17,18,Solar,3773
5/17/2020,20,21,Wind,2136
4/30/2020,14,15,Wind,12735
4/11/2022,12,13,Wind,12327
5/11/2020,2,3,Wind,9685
4/12/2025,11,12,Wind,10775
12/6/2024,18,19,Wind,7896
1/31/2021,9,10,Wind,2875
11/27/2020,0,1,Wind,1721
1/20/2021,20,21,Wind,14971
9/1/2020,17,18,Solar,3886
12/13/2020,21,22,Wind,9848
1/19/2023,13,14,Wind,4134
3/8/2021,10,11,Solar,3967
9/7/2020,15,16,Solar,4909
5/31/2024,3,4,Wind,5616
3/5/2025,8,9,Wind,4726
10/20/2020,10,11,Wind,9786
3/24/2023,14,15,Wind,18112
5/3/2025,2,3,Wind,7117
8/13/2020,21,22,Wind,2410
10/25/2020,13,14,Wind,7456
12/3/2020,21,22,Wind,12426
12/16/2022,21,22,Wind,2942
9/28/2024,22,23,Wind,816
10/4/2021,16,17,Wind,7226
7/13/2023,17,18,Solar,7303
4/18/2023,3,4,Wind,7089
2/14/2024,6,7,Wind,8311
1/28/2021,19,20,Wind,9114
3/22/2022,17,18,Wind,5210
7/12/2023,10,11,Solar,6584
6/26/2025,16,17,Wind,15054
5/7/2025,19,20,Wind,6462
11/13/2025,3,4,Wind,11881
12/13/2022,1,2,Wind,7021
2/24/2023,7,8,Wind,4906
5/11/2021,17,18,Wind,8922
5/12/2023,9,10,Solar,5727
10/21/2023,16,17,Wind,18725
4/7/2024,7,8,Wind,7826
12/19/2024,14,15,Wind,19122
3/3/2021,20,21,Wind,952
3/12/2025,3,4,Wind,2948
5/3/2023,1,2,Wind,7917
7/17/2022,5,6,Wind,4761
8/2/2022,18,19,Solar,3568
10/24/2023,14,15,Wind,9706
6/23/2020,6,7,Wind,2469
8/6/2020,17,18,Solar,2950
10/7/2022,1,2,Wind,1090
8/21/2024,15,16,Solar,5638
10/25/2021,18,19,Wind,2352
8/26/2023,13,14,Solar,8009
12/25/2022,17,18,Wind,8899
2/16/2022,4,5,Wind,14854
8/19/2024,8,9,Wind,3240
2/10/2022,21,22,Wind,3573
9/18/2022,20,21,Wind,4219
11/4/2023,19,20,Wind,15605
1/15/2020,16,17,Wind,7912
10/12/2022,20,21,Wind,538
11/9/2022,22,23,Wind,4695
2/25/2021,13,14,Solar,4581
12/13/2023,5,6,Wind,8584
6/11/2021,4,5,Wind,1501
7/17/2020,7,8,Wind,1719
9/14/2020,18,19,Wind,2251
2/2/2020,6,7,Wind,10143
9/9/2020,17,18,Solar,2966
3/12/2024,8,9,Wind,6387
2/27/2021,17,18,Wind,9423
4/23/2025,9,10,Wind,11588
3/31/2024,21,22,Wind,5400
1/9/2022,14,15,Wind,5418
11/28/2023,12,13,Solar,5597
10/18/2022,3,4,Wind,1438
2/21/2022,12,13,Wind,18527
1/3/2024,13,14,Wind,19226
10/30/2025,18,19,Wind,5984
11/14/2024,9,10,Wind,4839
9/14/2024,16,17,Solar,9037
9/27/2023,1,2,Wind,396
3/16/2021,13,14,Wind,6250
7/22/2020,17,18,Solar,3351
5/30/2021,11,12,Solar,6815
2/3/2020,10,11,Wind,8359
5/18/2025,20,21,Wind,3396
12/10/2024,15,16,Wind,8501
6/17/2022,12,13,Solar,6752
5/29/2025,2,3,Wind,2923
7/17/2020,16,17,Solar,4565
7/28/2024,21,22,Wind,4446
4/21/2023,11,12,Solar,7206
4/10/2021,14,15,Wind,6753
9/27/2025,23,0,Wind,2803
6/2/2020,1,2,Wind,2548
6/12/2024,22,23,Wind,1500
3/12/2023,21,22,Wind,12568
3/22/2022,10,11,Solar,8002
10/30/2022,22,23,Wind,2273
2/18/2022,8,9,Wind,14686
6/5/2023,21,22,Wind,6239
12/7/2022,8,9,Wind,2216
11/2/2022,22,23,Wind,8751
3/4/2025,4,5,Wind,2851
8/14/2024,7,8,Wind,1216
10/18/2021,7,8,Wind,2524
3/18/2022,20,21,Wind,12664
5/11/2023,5,6,Wind,1879
9/30/2023,10,11,Solar,4676
9/8/2025,16,17,Solar,5247
11/22/2021,13,14,Wind,12561
1/18/2020,12,13,Solar,2812
7/31/2020,3,4,Wind,3949
5/28/2021,8,9,Solar,2912
2/19/2022,19,20,Wind,14007
10/14/2020,11,12,Wind,4728
3/1/2020,23,0,Wind,8231
10/10/2024,21,22,Wind,3499
11/18/2024,3,4,Wind,8758
2/29/2020,1,2,Wind,12453
3/1/2024,22,23,Wind,12889
7/3/2020,5,6,Wind,2515
6/10/2021,8,9,Solar,2074
7/20/2023,10,11,Solar,5246
3/9/2022,13,14,Solar,8696
4/10/2023,8,9,Wind,6194
9/27/2025,7,8,Wind,501
8/15/2025,13,14,Solar,11070
10/13/2024,18,19,Solar,920
5/3/2025,21,22,Wind,4724
12/24/2024,5,6,Wind,3535
4/7/2023,11,12,Solar,6456
1/17/2024,4,5,Wind,5516
4/23/2023,2,3,Wind,6860
2/22/2020,10,11,Wind,11188
7/5/2024,6,7,Wind,3126
5/12/2021,18,19,Wind,4185
9/20/2023,5,6,Wind,4541
1/19/2024,15,16,Solar,3902
4/11/2022,13,14,Wind,12573
3/4/2022,5,6,Wind,3061
10/31/2025,15,16,Wind,13464
1/23/2022,13,14,Solar,5609
11/1/2025,2,3,Wind,14299
11/1/2024,20,21,Wind,1076
7/30/2021,12,13,Wind,11065
5/18/2020,18,19,Wind,4153
6/30/2021,16,17,Solar,5733
6/2/2024,19,20,Wind,6404
5/2/2025,1,2,Wind,3477
4/13/2020,23,0,Wind,9402
12/8/2022,11,12,Wind,2626
2/9/2023,16,17,Solar,2213
1/3/2021,13,14,Wind,2951
6/4/2024,2,3,Wind,613
8/24/2025,12,13,Solar,5378
8/28/2024,3,4,Wind,2096
1/15/2020,22,23,Wind,4397
2/1/2020,9,10,Wind,9620
7/4/2025,16,17,Solar,9027
8/29/2023,21,22,Wind,1727
11/4/2023,23,0,Wind,14683
9/1/2024,14,15,Solar,8576
10/19/2024,5,6,Wind,5683
3/6/2022,2,3,Wind,3897
10/24/2022,17,18,Wind,10130
10/15/2025,13,14,Solar,10742
1/23/2020,12,13,Wind,4373
4/17/2023,22,23,Wind,6803
8/22/2024,3,4,Wind,2251
7/27/2023,0,1,Wind,4389
8/18/2024,8,9,Wind,4503
5/22/2024,5,6,Wind,4458
4/18/2021,22,23,Wind,2129
12/20/2020,1,2,Wind,4897
10/19/2023,22,23,Wind,7866
10/3/2021,17,18,Wind,6099
6/1/2020,4,5,Wind,4884
2/15/2021,13,14,Wind,10661
2/19/2025,11,12,Wind,9150
2/18/2021,21,22,Wind,6023
1/28/2021,10,11,Wind,14677
9/16/2023,23,0,Wind,2415
7/24/2025,7,8,Wind,3157
7/27/2023,8,9,Wind,10399
2/9/2024,15,16,Wind,11664
7/18/2023,14,15,Solar,7179
5/14/2021,7,8,Wind,3313
3/8/2024,17,18,Wind,9480
10/10/2020,13,14,Wind,6993
8/15/2020,4,5,Wind,388
7/16/2021,18,19,Wind,6526
2/14/2025,21,22,Wind,7206
2/7/2025,13,14,Wind,11607
4/29/2024,7,8,Wind,2142
1/25/2023,17,18,Wind,1855
2/25/2020,15,16,Wind,12987
11/8/2021,9,10,Wind,3102
1/22/2024,16,17,Wind,16157
6/29/2022,6,7,Wind,846
8/29/2024,17,18,Solar,4970
9/28/2024,9,10,Wind,6003
6/1/2024,14,15,Wind,7180
6/27/2023,19,20,Wind,3641
8/17/2023,10,11,Solar,4932
3/26/2024,8,9,Wind,4200
2/5/2025,23,0,Wind,3250
9/5/2023,13,14,Solar,8100
8/17/2025,5,6,Wind,6007
10/21/2020,13,14,Wind,15779
3/26/2024,10,11,Wind,4346
5/29/2025,1,2,Wind,3509
9/21/2023,9,10,Wind,6725
3/12/2024,2,3,Wind,5033
9/27/2025,13,14,Solar,8252
6/18/2024,16,17,Solar,7144
1/30/2021,1,2,Wind,6459
12/20/2020,7,8,Wind,4342
10/29/2023,6,7,Wind,13661
9/26/2022,4,5,Wind,3601
6/14/2025,12,13,Solar,4603
5/24/2024,0,1,Wind,1019
4/19/2021,23,0,Wind,924
9/29/2023,1,2,Wind,7415
7/20/2021,8,9,Wind,2950
9/11/2021,20,21,Wind,686
7/2/2021,0,1,Wind,505
5/15/2022,0,1,Wind,3828
6/1/2023,12,13,Solar,9191
12/3/2022,3,4,Wind,6900
11/27/2022,0,1,Wind,7291
3/9/2024,5,6,Wind,11800
6/1/2023,21,22,Wind,7603
4/3/2023,4,5,Wind,5034
4/3/2021,6,7,Wind,7694
11/4/2021,12,13,Wind,5582
8/22/2023,18,19,Solar,3524
10/6/2023,1,2,Wind,1325
7/24/2024,13,14,Solar,8142
6/25/2025,7,8,Solar,2029
7/5/2025,6,7,Wind,2848
4/29/2025,9,10,Solar,7334
8/14/2022,20,21,Wind,2496
4/9/2021,0,1,Wind,2399
5/15/2023,2,3,Wind,3402
8/14/2022,21,22,Wind,1904
4/10/2021,21,22,Wind,4483
2/24/2025,2,3,Wind,12818
5/1/2023,4,5,Wind,2042
11/11/2025,5,6,Wind,6998
8/30/2023,17,18,Wind,9423
2/15/2024,3,4,Wind,8263
6/26/2020,8,9,Wind,3981
8/30/2024,2,3,Wind,2977
9/28/2021,4,5,Wind,1707
10/9/2021,11,12,Solar,4578
2/11/2020,10,11,Wind,12305
3/14/2025,3,4,Wind,2142
2/19/2022,23,0,Wind,13042
1/28/2020,22,23,Wind,10701
9/24/2024,4,5,Wind,4925
4/26/2025,5,6,Wind,4804
10/2/2025,16,17,Solar,7335
7/28/2024,17,18,Solar,8165
11/7/2022,8,9,Wind,11846
8/10/2020,8,9,Wind,1414
5/23/2023,0,1,Wind,5516
11/29/2025,20,21,Wind,8023
4/25/2020,16,17,Solar,3622
4/25/2024,13,14,Solar,7143
8/17/2020,15,16,Wind,6159
2/19/2020,23,0,Wind,6060
4/26/2025,2,3,Wind,5160
4/6/2022,14,15,Wind,12345
4/3/2024,2,3,Wind,9911
10/23/2020,0,1,Wind,3122
8/5/2023,6,7,Wind,2898
2/11/2024,6,7,Wind,10641
9/27/2025,8,9,Solar,1347
9/13/2025,14,15,Wind,8699
5/2/2023,0,1,Wind,3668
8/3/2023,8,9,Wind,11807
10/1/2024,1,2,Wind,10011
12/29/2020,23,0,Wind,2933
4/24/2021,11,12,Solar,8484
5/21/2021,11,12,Wind,14218
12/4/2024,5,6,Wind,1821
4/27/2025,23,0,Wind,3534
11/3/2024,19,20,Wind,2730
4/26/2024,1,2,Wind,2572
6/22/2021,22,23,Wind,3353
3/28/2020,12,13,Solar,7407
10/21/2020,23,0,Wind,7224
9/13/2020,2,3,Wind,1119
1/11/2024,2,3,Wind,5351
3/25/2024,2,3,Wind,1257
3/2/2023,16,17,Wind,5431
3/20/2021,3,4,Wind,5321
5/28/2024,13,14,Wind,13316
4/11/2024,18,19,Solar,3754
6/3/2022,11,12,Solar,3819
9/14/2023,19,20,Wind,855
12/4/2023,13,14,Wind,15087
6/28/2020,20,21,Wind,3106
4/28/2022,13,14,Solar,8049
3/21/2022,3,4,Wind,3569
8/30/2025,1,2,Wind,6710
4/17/2025,23,0,Wind,2782
2/13/2020,16,17,Wind,13547
5/2/2024,6,7,Wind,6265
5/25/2020,3,4,Wind,2680
4/8/2022,13,14,Wind,11262
8/27/2020,17,18,Wind,8161
8/31/2025,18,19,Wind,6176
11/23/2021,9,10,Wind,8816
7/4/2023,1,2,Wind,3801
1/31/2024,2,3,Wind,569
12/8/2023,21,22,Wind,7644
1/18/2021,16,17,Wind,4521
11/20/2024,13,14,Wind,9986
10/21/2023,5,6,Wind,15663
1/11/2021,21,22,Wind,8250
8/19/2021,2,3,Wind,1879
5/25/2022,7,8,Wind,2887
9/19/2021,16,17,Wind,4691
3/19/2025,4,5,Wind,8827
2/9/2021,10,11,Wind,2809
4/18/2024,5,6,Wind,3348
2/12/2022,4,5,Wind,4161
6/24/2021,11,12,Solar,4198
10/8/2024,1,2,Wind,9817
11/7/2021,15,16,Wind,5440
7/10/2023,5,6,Wind,691
3/7/2025,20,21,Wind,8725
3/23/2025,0,1,Wind,4095
11/21/2025,21,22,Wind,4167
11/5/2025,5,6,Wind,11833
10/17/2024,11,12,Wind,3275
5/19/2024,7,8,Solar,971
12/21/2023,14,15,Wind,19156
12/17/2024,6,7,Wind,2189
12/3/2020,17,18,Wind,12126
7/17/2025,14,15,Solar,9695
10/22/2023,12,13,Wind,8531
8/23/2023,23,0,Wind,2769
9/29/2020,21,22,Wind,701
6/2/2024,17,18,Wind,4725
7/2/2025,13,14,Solar,11266
10/27/2022,22,23,Wind,8201
4/27/2021,23,0,Wind,2147
11/8/2020,7,8,Wind,3846
7/28/2020,2,3,Wind,5089
9/28/2022,13,14,Solar,6425
4/17/2021,2,3,Wind,4484
10/3/2022,23,0,Wind,1638
12/4/2023,21,22,Wind,12619
8/23/2024,16,17,Wind,12635
4/9/2022,8,9,Wind,3386
12/12/2022,1,2,Wind,1367
1/31/2025,15,16,Wind,7824
2/27/2022,10,11,Wind,9602
8/16/2022,1,2,Wind,883
12/28/2024,22,23,Wind,685
10/3/2021,1,2,Wind,11453
11/29/2025,14,15,Wind,14710
8/20/2023,8,9,Solar,2459
5/6/2021,17,18,Wind,8354
1/20/2022,6,7,Wind,3349
3/6/2024,4,5,Wind,1570
11/27/2023,17,18,Wind,11085
10/14/2022,3,4,Wind,3168
5/11/2023,16,17,Solar,6585
3/21/2021,0,1,Wind,3778
10/4/2024,2,3,Wind,5120
4/27/2021,2,3,Wind,5185
7/21/2024,20,21,Wind,6330
2/24/2025,4,5,Wind,13262
2/26/2025,13,14,Wind,16631
10/29/2020,15,16,Wind,7808
11/17/2025,12,13,Wind,13176
4/25/2021,7,8,Wind,8868
5/21/2022,23,0,Wind,2663
2/18/2021,18,19,Wind,8306
1/14/2022,19,20,Wind,468
1/6/2025,17,18,Wind,16835
9/6/2020,17,18,Wind,3609
7/18/2021,17,18,Wind,10199
8/2/2024,1,2,Wind,1622
8/13/2024,18,19,Solar,4043
5/16/2024,14,15,Solar,7137
2/22/2021,22,23,Wind,4776
1/28/2023,10,11,Wind,6160
8/24/2024,6,7,Wind,6700
11/13/2025,9,10,Wind,10904
5/11/2025,15,16,Wind,5126
4/13/2021,3,4,Wind,2148
4/25/2025,3,4,Wind,2778
12/25/2022,9,10,Wind,5941
3/23/2025,5,6,Wind,4230
4/5/2024,10,11,Wind,16813
4/7/2025,4,5,Wind,5932
5/7/2021,4,5,Wind,4002
11/24/2024,17,18,Wind,19788
2/22/2025,14,15,Wind,11709
10/6/2020,22,23,Wind,10656
11/14/2020,8,9,Wind,7341
3/11/2023,14,15,Wind,6624
3/19/2021,17,18,Wind,11092
9/3/2025,18,19,Wind,17742
7/8/2025,11,12,Solar,11920
3/9/2021,13,14,Solar,5487
8/18/2022,18,19,Wind,5074
5/8/2025,22,23,Wind,6644
10/27/2025,14,15,Wind,20967
2/7/2020,17,18,Wind,4172
9/3/2025,1,2,Wind,12295
7/26/2022,13,14,Solar,7084
12/8/2024,19,20,Wind,14886
1/2/2025,15,16,Wind,3435
9/9/2022,19,20,Wind,7979
2/25/2024,15,16,Wind,13148
9/24/2022,6,7,Wind,1108
10/1/2025,5,6,Wind,1769
8/25/2020,14,15,Wind,13085
1/23/2023,11,12,Wind,6692
8/23/2021,20,21,Wind,4873
11/30/2020,6,7,Wind,1235
1/12/2020,19,20,Wind,4303
7/25/2021,13,14,Solar,7252
2/29/2024,12,13,Wind,12854
12/27/2021,12,13,Wind,10145
2/26/2022,7,8,Wind,4329
2/21/2023,7,8,Wind,1613
3/22/2021,0,1,Wind,5678
6/2/2023,14,15,Solar,10536
11/7/2025,16,17,Wind,4010
2/10/2021,8,9,Wind,7651
5/8/2022,15,16,Solar,7290
3/9/2024,13,14,Wind,14136
2/17/2020,7,8,Wind,6993
5/10/2021,8,9,Wind,7430
2/12/2025,17,18,Wind,612
8/20/2021,22,23,Wind,1231
5/21/2020,18,19,Solar,2130
4/27/2025,1,2,Wind,4528
6/10/2020,11,12,Solar,3775
4/18/2022,1,2,Wind,5657
6/17/2024,4,5,Wind,2573
3/12/2022,20,21,Wind,8929
6/25/2023,15,16,Solar,8719
6/3/2025,4,5,Wind,1399
3/27/2020,8,9,Wind,3506
9/12/2024,10,11,Solar,6398
2/3/2022,7,8,Wind,3115
8/22/2021,8,9,Wind,4099
7/18/2020,16,17,Solar,4257
3/23/2022,12,13,Solar,7887
1/17/2024,21,22,Wind,6865
7/14/2023,18,19,Wind,14007
9/4/2020,15,16,Solar,4942
4/6/2025,5,6,Wind,8733
6/17/2025,22,23,Wind,3146
11/13/2021,7,8,Wind,5328
8/5/2025,3,4,Wind,2495
4/27/2025,6,7,Wind,3765
11/22/2025,10,11,Wind,10179
5/10/2024,20,21,Wind,4243
1/5/2024,7,8,Wind,8635
12/15/2021,10,11,Wind,3161
1/7/2024,0,1,Wind,7107
9/4/2021,4,5,Wind,959
9/7/2022,3,4,Wind,2716
8/9/2025,20,21,Wind,4899
8/15/2021,6,7,Wind,1023
5/14/2023,13,14,Solar,7630
5/29/2021,23,0,Wind,5747
12/1/2024,20,21,Wind,7621
2/19/2020,17,18,Wind,4251
11/18/2021,21,22,Wind,1299
2/18/2025,16,17,Wind,8247
7/18/2022,1,2,Wind,4386
10/1/2022,2,3,Wind,13863
5/7/2021,19,20,Wind,1744
9/17/2025,7,8,Wind,3079
5/26/2021,8,9,Wind,8241
11/20/2021,6,7,Wind,1355
10/7/2021,0,1,Wind,2137
8/28/2025,20,21,Wind,6033
11/15/2024,11,12,Solar,5983
1/10/2023,23,0,Wind,14747
8/27/2022,20,21,Wind,2811
11/30/2021,6,7,Wind,10326
7/6/2025,17,18,Wind,13293
6/22/2021,19,20,Wind,4526
12/29/2021,2,3,Wind,8346
10/4/2023,22,23,Wind,1502
4/24/2020,4,5,Wind,530
5/15/2022,3,4,Wind,4034
2/5/2024,3,4,Wind,7125
12/15/2023,18,19,Wind,1714
7/30/2025,17,18,Solar,8427
1/25/2024,18,19,Wind,5051
4/15/2021,18,19,Wind,6703
8/2/2023,14,15,Wind,20606
11/5/2022,0,1,Wind,3640
10/11/2025,11,12,Solar,8809
3/30/2025,16,17,Wind,7433
10/27/2025,18,19,Wind,10415
12/14/2023,13,14,Wind,6704
8/21/2025,21,22,Wind,7003
5/25/2020,6,7,Wind,2387
3/21/2020,18,19,Wind,8807
6/8/2021,2,3,Wind,957
7/22/2022,15,16,Solar,5345
1/14/2023,10,11,Wind,17819
2/26/2023,6,7,Wind,11386
7/12/2024,6,7,Wind,4854
3/29/2021,5,6,Wind,3707
3/3/2024,7,8,Wind,3110
5/4/2024,15,16,Wind,8134
1/30/2020,2,3,Wind,5963
3/29/2023,6,7,Wind,4527
11/21/2023,19,20,Wind,7349
1/22/2024,14,15,Wind,17458
7/5/2021,17,18,Wind,7296
10/14/2020,5,6,Wind,2376
9/13/2023,17,18,Solar,4039
3/21/2022,19,20,Wind,3720
1/9/2022,6,7,Wind,10140
7/18/2025,20,21,Wind,2726
9/1/2025,15,16,Wind,12357
10/21/2023,0,1,Wind,12370
5/7/2023,11,12,Solar,4691
10/12/2022,6,7,Wind,427
2/4/2021,0,1,Wind,5938
1/22/2022,7,8,Wind,2720
3/25/2022,4,5,Wind,4165
1/4/2022,17,18,Wind,6526
8/5/2024,10,11,Solar,6241
4/13/2022,13,14,Solar,3987
12/21/2020,17,18,Wind,11325
4/22/2024,10,11,Solar,10244
1/13/2025,1,2,Wind,5184
7/29/2021,23,0,Wind,1104
11/20/2023,3,4,Wind,9883
5/16/2025,17,18,Wind,6727
5/2/2020,19,20,Wind,2937
2/5/2025,16,17,Solar,3938
4/27/2022,23,0,Wind,7348
4/3/2024,15,16,Wind,18694
12/6/2021,2,3,Wind,3292
4/5/2022,2,3,Wind,7223
6/13/2022,2,3,Wind,4188
11/16/2022,13,14,Wind,12169
12/16/2020,22,23,Wind,7219
3/10/2024,3,4,Wind,3080
1/30/2020,4,5,Wind,6314
4/4/2025,17,18,Wind,9346
10/26/2025,11,12,Wind,14029
4/9/2021,2,3,Wind,3155
10/9/2021,7,8,Wind,2659
4/2/2022,15,16,Wind,12750
10/15/2024,9,10,Wind,5379
7/21/2020,2,3,Wind,4691
10/19/2022,14,15,Wind,9367
8/14/2020,2,3,Wind,2037
11/8/2024,21,22,Wind,1954
1/3/2021,4,5,Wind,1534
10/27/2023,16,17,Wind,10295
12/25/2024,21,22,Wind,1835
12/23/2021,9,10,Wind,9101
10/3/2021,8,9,Wind,8874
7/12/2024,10,11,Wind,6364
8/10/2021,3,4,Wind,1108
10/6/2024,1,2,Wind,8540
6/8/2021,15,16,Solar,4784
12/22/2022,21,22,Wind,11479
7/23/2021,3,4,Wind,3761
10/13/2020,19,20,Wind,3135
7/18/2025,4,5,Wind,1255
10/18/2023,12,13,Wind,12878
2/25/2022,17,18,Wind,4954
9/12/2024,7,8,Wind,3200
2/14/2021,18,19,Wind,10190
12/28/2022,10,11,Wind,14488
9/23/2024,12,13,Solar,9411
12/27/2024,18,19,Wind,478
6/22/2022,8,9,Wind,2988
6/28/2025,2,3,Wind,1570
8/10/2024,10,11,Solar,3363
10/22/2025,1,2,Wind,3358
11/5/2025,9,10,Wind,14554
1/10/2023,6,7,Wind,7280
6/4/2025,17,18,Wind,8170
2/2/2020,11,12,Wind,14019
6/13/2023,10,11,Solar,4848
2/28/2022,23,0,Wind,3412
6/5/2025,12,13,Wind,9745
8/11/2020,20,21,Wind,1741
8/23/2020,23,0,Wind,2394
1/21/2023,21,22,Wind,8012
10/18/2023,5,6,Wind,11012
8/6/2021,6,7,Wind,6061
12/31/2021,3,4,Wind,6004
3/6/2021,22,23,Wind,4975
10/31/2020,2,3,Wind,2111
11/24/2022,1,2,Wind,11794
1/16/2024,17,18,Wind,1469
3/30/2024,21,22,Wind,7540
3/21/2022,22,23,Wind,5004
2/4/2020,17,18,Wind,10225
2/18/2022,6,7,Wind,12932
6/26/2024,19,20,Solar,2618
6/22/2023,2,3,Wind,3123
3/29/2020,18,19,Wind,13447
8/2/2020,16,17,Wind,5716
9/10/2023,1,2,Wind,3467
9/17/2022,21,22,Wind,3461
8/14/2023,9,10,Solar,4385
4/14/2022,8,9,Wind,2164
7/14/2025,6,7,Wind,5524
9/2/2020,7,8,Wind,1000
6/6/2021,2,3,Wind,1515
3/29/2024,10,11,Wind,12530
7/6/2022,21,22,Wind,2878
4/11/2020,22,23,Wind,983
12/11/2020,7,8,Wind,8460
5/16/2025,8,9,Wind,7514
5/23/2020,22,23,Wind,4615
3/9/2025,21,22,Wind,2394
2/14/2021,11,12,Wind,9627
12/4/2020,16,17,Wind,5061
10/16/2020,8,9,Wind,3025
10/23/2022,22,23,Wind,12731
6/27/2020,20,21,Wind,5498
11/12/2022,22,23,Wind,3209
2/8/2021,11,12,Solar,2264
7/5/2020,2,3,Wind,7204
11/25/2024,21,22,Wind,6886
3/11/2023,11,12,Wind,6247
8/27/2021,18,19,Wind,5983
10/30/2025,21,22,Wind,9268
11/17/2024,9,10,Wind,5156
11/4/2024,5,6,Wind,2711
9/28/2022,22,23,Wind,2612
2/28/2020,17,18,Wind,10484
9/20/2020,15,16,Solar,2485
1/1/2023,6,7,Wind,9308
12/12/2020,17,18,Wind,5880
5/22/2023,21,22,Wind,5031
6/19/2024,8,9,Wind,5936
2/20/2022,18,19,Wind,15715
6/22/2021,8,9,Wind,5021
1/14/2022,20,21,Wind,488
8/23/2021,4,5,Wind,2557
4/10/2021,1,2,Wind,4130
6/16/2022,0,1,Wind,3101
11/19/2023,7,8,Wind,12047
3/31/2021,8,9,Wind,2922
3/10/2020,14,15,Wind,13585
1/1/2023,12,13,Wind,10436
7/31/2021,9,10,Wind,3783
7/13/2022,6,7,Wind,1185
5/6/2023,1,2,Wind,1487
1/27/2025,12,13,Wind,19864
3/31/2024,4,5,Wind,7615
2/10/2021,9,10,Wind,7995
8/6/2023,12,13,Wind,17115
1/25/2025,14,15,Wind,5602
12/28/2022,11,12,Wind,15763
3/5/2023,8,9,Wind,2713
1/9/2025,9,10,Wind,14926
12/20/2024,22,23,Wind,12692
12/25/2020,0,1,Wind,7148
7/18/2022,9,10,Solar,4580
12/26/2021,7,8,Wind,2618
8/29/2025,7,8,Wind,10534
7/12/2025,21,22,Wind,3741
3/17/2024,17,18,Wind,2963
4/5/2024,13,14,Wind,17174
1/1/2024,21,22,Wind,16738
8/18/2020,1,2,Wind,1237
10/13/2020,0,1,Wind,2835
11/7/2025,23,0,Wind,2725
7/26/2023,15,16,Solar,8836
5/21/2021,5,6,Wind,9113
3/16/2020,21,22,Wind,1514
9/2/2023,6,7,Wind,1952
10/12/2020,22,23,Wind,2847
12/19/2024,15,16,Wind,17875
6/15/2021,0,1,Wind,2417
9/21/2020,19,20,Wind,863
11/13/2023,17,18,Wind,15862
11/21/2023,3,4,Wind,3879
9/22/2024,23,0,Wind,3634
4/20/2023,21,22,Wind,3479
1/11/2025,13,14,Solar,5144
4/25/2022,10,11,Solar,5175
2/17/2025,3,4,Wind,4015
1/6/2021,5,6,Wind,1272
5/4/2025,13,14,Wind,6693
12/10/2023,7,8,Wind,13539
1/31/2021,7,8,Wind,2704
3/30/2025,14,15,Wind,8047
12/2/2024,4,5,Wind,7446
7/4/2024,19,20,Wind,10930
4/29/2025,14,15,Solar,5531
6/12/2022,7,8,Wind,2670
7/20/2022,14,15,Solar,8048
3/8/2025,4,5,Wind,10795
11/20/2022,12,13,Wind,11504
9/2/2022,7,8,Wind,2253
11/10/2023,5,6,Wind,13071
8/30/2020,13,14,Wind,6249
3/17/2023,0,1,Wind,8567
1/23/2020,14,15,Wind,3879
4/21/2022,14,15,Wind,7386
5/23/2022,1,2,Wind,2742
2/21/2021,19,20,Wind,6997
9/19/2025,9,10,Wind,8774
6/10/2024,23,0,Wind,2680
4/5/2020,1,2,Wind,7263
12/29/2022,0,1,Wind,15627
12/11/2023,6,7,Wind,12685
7/6/2022,17,18,Solar,7297
10/5/2023,7,8,Wind,1011
9/21/2023,19,20,Wind,5728
9/23/2024,13,14,Solar,9373
10/12/2020,12,13,Solar,4266
7/14/2024,5,6,Wind,548
2/19/2021,2,3,Wind,4884
8/16/2022,19,20,Wind,1646
2/12/2020,21,22,Wind,4044
10/22/2020,8,9,Wind,5132
10/20/2025,20,21,Wind,16498
4/26/2024,2,3,Wind,2572
10/28/2025,18,19,Wind,6718
6/27/2021,2,3,Wind,3926
1/15/2020,1,2,Wind,12014
5/23/2024,20,21,Wind,1511
5/9/2025,5,6,Wind,5025
11/15/2020,20,21,Wind,12335
9/14/2021,4,5,Wind,3051
12/22/2023,22,23,Wind,14088
3/4/2024,21,22,Wind,5529
12/21/2021,0,1,Wind,3368
6/17/2023,8,9,Solar,3038
10/22/2024,19,20,Wind,1043
12/27/2021,3,4,Wind,4472
10/13/2020,11,12,Wind,5705
6/29/2020,10,11,Wind,6311
7/30/2023,0,1,Wind,4502
10/6/2024,19,20,Wind,7577
9/13/2025,13,14,Wind,8706
6/15/2025,19,20,Wind,5419
11/29/2023,15,16,Wind,2018
1/25/2023,4,5,Wind,1775
5/5/2025,23,0,Wind,10289
8/27/2021,16,17,Solar,7403
1/1/2025,10,11,Wind,16789
1/16/2022,20,21,Wind,2168
1/25/2024,11,12,Wind,7180
6/10/2024,12,13,Wind,14996
4/8/2025,6,7,Wind,2276
8/5/2020,21,22,Wind,882
5/16/2020,13,14,Solar,3993
10/6/2025,14,15,Solar,10214
9/29/2023,8,9,Wind,8861
1/17/2020,5,6,Wind,8520
1/30/2020,12,13,Wind,9897
7/11/2020,9,10,Solar,3336
5/2/2021,4,5,Wind,1696
1/13/2023,23,0,Wind,8534
5/24/2020,11,12,Solar,5543
7/8/2024,6,7,Wind,721
7/19/2022,16,17,Wind,10306
7/21/2024,9,10,Wind,4296
6/23/2023,10,11,Solar,5939
12/8/2023,4,5,Wind,4935
3/1/2025,9,10,Wind,9595
2/25/2024,0,1,Wind,9401
2/23/2021,18,19,Wind,6648
5/18/2021,11,12,Solar,5164
9/20/2025,9,10,Wind,10677
10/22/2025,18,19,Wind,7401
10/1/2025,3,4,Wind,2001
12/7/2023,18,19,Wind,11630
3/2/2024,6,7,Wind,10829
6/17/2022,16,17,Solar,5651
9/17/2023,19,20,Wind,3487
2/1/2025,10,11,Solar,4951
12/16/2024,11,12,Wind,8376
5/8/2025,11,12,Solar,11435
12/14/2023,12,13,Wind,7022
2/27/2023,7,8,Wind,12827
12/3/2023,6,7,Wind,7397
10/29/2025,19,20,Wind,8656
3/17/2023,7,8,Wind,7534
7/4/2022,2,3,Wind,3026
4/11/2021,5,6,Wind,5100
12/26/2021,15,16,Wind,3470
8/23/2025,7,8,Wind,1894
12/12/2024,12,13,Solar,5634
8/21/2022,5,6,Wind,545
6/21/2022,7,8,Wind,3135
7/26/2023,2,3,Wind,2967
10/3/2024,9,10,Wind,8391
1/1/2021,23,0,Wind,1153
9/8/2023,10,11,Solar,5091
1/10/2025,12,13,Wind,5634
9/3/2023,20,21,Wind,6389
3/20/2023,0,1,Wind,1603
7/15/2022,16,17,Solar,6905
4/2/2023,5,6,Wind,9001
6/27/2024,5,6,Wind,881
6/14/2020,23,0,Wind,1650
12/7/2023,3,4,Wind,4529
8/18/2023,18,19,Solar,4478
4/11/2024,23,0,Wind,1185
11/24/2023,7,8,Wind,7816
9/20/2024,7,8,Wind,5558
4/4/2021,19,20,Wind,2015
3/1/2023,8,9,Wind,8783
6/7/2022,18,19,Wind,7733
1/14/2024,9,10,Wind,1428
3/3/2022,21,22,Wind,1064
10/21/2024,11,12,Solar,7079
10/27/2024,0,1,Wind,1696
12/3/2021,20,21,Wind,10778
6/24/2020,1,2,Wind,5914
2/21/2022,0,1,Wind,15347
3/12/2021,20,21,Wind,12221
3/3/2020,5,6,Wind,4667
9/10/2023,3,4,Wind,3394
10/4/2020,20,21,Wind,10074
4/8/2023,13,14,Solar,8694
12/5/2022,16,17,Wind,1131
7/31/2023,18,19,Wind,14470
11/25/2025,8,9,Wind,12389
3/13/2021,19,20,Wind,12688
11/20/2025,18,19,Wind,3836
4/6/2022,1,2,Wind,5451
1/13/2020,1,2,Wind,2829
1/1/2024,0,1,Wind,15516
10/17/2022,15,16,Solar,4988
10/12/2021,5,6,Wind,2492
1/23/2020,13,14,Wind,4071
9/15/2020,22,23,Wind,800
5/4/2024,2,3,Wind,1896
10/3/2024,16,17,Wind,9834
3/30/2020,10,11,Wind,11170
3/20/2024,7,8,Wind,3337
1/14/2022,7,8,Wind,961
3/8/2023,7,8,Wind,12711
12/30/2023,16,17,Wind,10028
1/7/2023,0,1,Wind,8048
12/13/2020,8,9,Wind,3742
1/22/2020,2,3,Wind,3140
8/15/2023,23,0,Wind,1203
4/12/2022,2,3,Wind,8588
9/1/2023,23,0,Wind,1452
12/24/2022,7,8,Wind,6737
9/12/2024,8,9,Wind,3590
1/19/2025,6,7,Wind,823
2/17/2022,6,7,Wind,14817
2/12/2021,21,22,Wind,8822
8/7/2024,7,8,Wind,2192
9/14/2023,13,14,Solar,6568
7/18/2022,17,18,Solar,5861
1/4/2020,6,7,Wind,3231
7/5/2023,7,8,Wind,8771
3/30/2021,22,23,Wind,1615
5/13/2020,7,8,Wind,4225
4/17/2023,14,15,Solar,10467
3/11/2022,14,15,Wind,14835
3/28/2024,15,16,Wind,22347
5/15/2023,6,7,Wind,2543
9/28/2022,11,12,Wind,6066
3/23/2024,1,2,Wind,8305
6/28/2021,23,0,Wind,1737
5/17/2022,11,12,Solar,6618
6/1/2025,15,16,Solar,3789
8/19/2024,17,18,Solar,6588
8/14/2021,14,15,Solar,5104
6/5/2021,6,7,Wind,2747
4/21/2024,10,11,Wind,12962
4/17/2024,6,7,Wind,4985
7/20/2021,5,6,Wind,2869
10/12/2025,19,20,Wind,5609
8/14/2020,6,7,Wind,1956
8/12/2023,22,23,Wind,1562
2/1/2023,5,6,Wind,7307
2/25/2021,5,6,Wind,4287
8/27/2022,7,8,Wind,2324
5/4/2023,9,10,Wind,8283
5/25/2020,12,13,Solar,5786
11/30/2025,21,22,Wind,5281
8/4/2024,0,1,Wind,3115
8/4/2021,2,3,Wind,884
1/22/2023,20,21,Wind,3745
6/28/2023,3,4,Wind,2199
11/14/2023,15,16,Wind,16615
5/1/2022,10,11,Solar,4800
9/20/2023,0,1,Wind,6935
2/11/2020,0,1,Wind,13006
5/3/2024,5,6,Wind,8551
10/18/2023,20,21,Wind,12875
7/27/2023,17,18,Wind,12575
2/27/2021,22,23,Wind,8492
7/20/2022,3,4,Wind,2488
2/5/2022,12,13,Solar,7317
6/17/2025,15,16,Solar,9585
2/24/2023,6,7,Wind,4966
3/27/2024,19,20,Wind,11865
11/13/2025,22,23,Wind,11616
12/2/2022,16,17,Wind,3732
1/15/2024,19,20,Wind,3046
11/1/2020,22,23,Wind,11740
5/27/2024,14,15,Wind,8168
12/8/2024,18,19,Wind,14802
1/25/2024,2,3,Wind,3653
1/28/2024,15,16,Wind,7327
1/18/2022,22,23,Wind,2157
3/8/2021,12,13,Solar,4900
1/13/2024,16,17,Solar,1279
2/2/2020,1,2,Wind,6443
11/27/2024,12,13,Wind,19633
4/10/2023,11,12,Wind,9594
6/8/2021,7,8,Wind,1353
2/25/2024,3,4,Wind,7694
3/14/2024,22,23,Wind,9996
12/11/2020,8,9,Wind,8337
5/9/2025,11,12,Solar,10937
11/7/2022,12,13,Wind,15067
8/31/2024,4,5,Wind,4286
11/9/2020,0,1,Wind,3037
8/27/2024,8,9,Wind,5145
2/20/2025,7,8,Wind,8186
10/6/2023,3,4,Wind,1336
3/28/2024,6,7,Wind,14841
2/24/2020,21,22,Wind,10891
10/8/2020,17,18,Wind,9362
10/27/2025,6,7,Wind,17432
1/26/2022,10,11,Solar,2632
3/10/2021,9,10,Wind,7183
12/11/2024,22,23,Wind,5086
1/1/2022,8,9,Wind,4970
8/19/2025,8,9,Wind,2884
9/18/2023,17,18,Wind,13292
2/5/2021,12,13,Wind,2788
4/21/2024,23,0,Wind,7979
8/17/2020,13,14,Wind,5654
3/13/2024,7,8,Wind,3729
9/3/2024,20,21,Wind,1441
7/27/2025,9,10,Solar,5265
1/14/2025,9,10,Wind,3474
5/13/2023,6,7,Wind,4746
4/10/2025,13,14,Solar,12413
3/23/2025,11,12,Solar,9539
6/1/2024,6,7,Wind,5842
12/10/2023,19,20,Wind,16151
7/20/2023,5,6,Wind,1128
3/6/2022,1,2,Wind,3979
11/16/2020,21,22,Wind,5207
11/6/2022,3,4,Wind,7392
3/8/2024,7,8,Wind,10211
10/23/2022,2,3,Wind,6307
1/15/2020,20,21,Wind,4982
8/19/2023,9,10,Solar,4820
12/21/2024,23,0,Wind,18865
2/19/2021,1,2,Wind,5091
12/24/2022,11,12,Wind,6226
2/10/2024,8,9,Wind,4961
6/7/2023,1,2,Wind,5177
5/31/2025,21,22,Wind,3249
6/27/2021,5,6,Wind,2407
5/29/2020,12,13,Wind,8141
3/15/2021,13,14,Wind,11138
5/13/2022,23,0,Wind,1952
2/25/2023,22,23,Wind,10909
4/29/2021,18,19,Wind,2127
11/5/2023,22,23,Wind,12665
3/10/2022,11,12,Solar,5610
6/10/2021,4,5,Wind,1121
4/14/2025,12,13,Solar,8178
10/11/2022,2,3,Wind,2708
7/29/2022,7,8,Wind,974
5/24/2022,17,18,Wind,5711
8/11/2020,7,8,Wind,863
7/29/2020,12,13,Solar,3864
10/2/2022,9,10,Wind,6903
8/22/2023,15,16,Solar,6851
9/27/2023,6,7,Wind,1009
12/8/2024,22,23,Wind,14102
9/16/2024,21,22,Wind,7984
10/26/2022,12,13,Wind,8712
11/10/2020,19,20,Wind,742
1/4/2023,3,4,Wind,14202
7/9/2022,2,3,Wind,3360
3/6/2020,5,6,Wind,8634
4/29/2025,22,23,Wind,7143
6/22/2024,14,15,Solar,8627
1/22/2021,2,3,Wind,7471
11/23/2020,8,9,Wind,491
11/27/2021,4,5,Wind,6524
11/6/2021,2,3,Wind,2620
9/29/2023,5,6,Wind,8321
2/9/2022,13,14,Solar,5522
8/7/2023,16,17,Solar,9371
8/8/2020,4,5,Wind,1306
9/5/2023,7,8,Wind,6698
12/3/2020,0,1,Wind,3076
1/3/2021,18,19,Wind,2080
8/18/2020,7,8,Wind,893
9/23/2020,6,7,Wind,2910
5/23/2025,15,16,Solar,10375
4/19/2023,5,6,Wind,7129
10/19/2025,12,13,Wind,10715
4/7/2020,12,13,Solar,4828
1/8/2022,1,2,Wind,9914
10/4/2023,17,18,Solar,3922
6/20/2022,6,7,Wind,3790
3/20/2024,9,10,Solar,5609
3/28/2024,5,6,Wind,14768
9/19/2022,16,17,Solar,7420
8/12/2025,20,21,Wind,1924
11/25/2025,2,3,Wind,10314
2/16/2021,12,13,Wind,8667
10/31/2023,0,1,Wind,7258
7/3/2025,9,10,Solar,7186
11/9/2023,20,21,Wind,13482
7/30/2020,2,3,Wind,2254
11/13/2022,5,6,Wind,2153
7/29/2025,13,14,Solar,10622
11/4/2023,3,4,Wind,11023
3/6/2020,21,22,Wind,4456
6/23/2020,23,0,Wind,5666
5/1/2022,5,6,Wind,2330
5/9/2022,22,23,Wind,429
10/9/2022,21,22,Wind,4626
6/3/2023,13,14,Solar,6483
7/30/2025,19,20,Wind,4981
12/9/2021,22,23,Wind,10967
9/2/2023,1,2,Wind,1921
4/20/2023,9,10,Wind,7872
4/9/2025,5,6,Wind,5010
5/3/2025,23,0,Wind,4655
6/25/2024,12,13,Solar,8208
12/3/2021,6,7,Wind,4970
8/8/2025,14,15,Solar,4862
6/10/2023,12,13,Solar,7097
7/19/2024,14,15,Solar,8080
1/30/2025,23,0,Wind,3089
5/6/2020,22,23,Wind,2798
3/31/2021,11,12,Solar,4526
7/23/2021,10,11,Solar,4640
1/31/2024,10,11,Solar,3665
11/7/2024,0,1,Wind,2053
9/24/2023,18,19,Wind,5101
1/8/2021,23,0,Wind,1210
10/22/2024,7,8,Wind,1356
3/31/2025,11,12,Solar,11051
1/22/2024,3,4,Wind,16755
10/20/2022,19,20,Wind,6213
4/16/2023,3,4,Wind,5597
3/16/2022,16,17,Wind,3458
3/19/2022,19,20,Wind,8901
4/17/2023,4,5,Wind,3497
1/19/2023,5,6,Wind,2581
3/8/2022,2,3,Wind,8290
6/13/2024,22,23,Wind,5759
9/25/2025,19,20,Wind,2354
6/18/2024,9,10,Solar,5451
11/26/2023,6,7,Wind,2381
1/6/2024,1,2,Wind,4876
8/24/2025,15,16,Solar,5114
9/15/2025,22,23,Wind,12979
8/19/2021,19,20,Wind,2090
3/29/2022,21,22,Wind,2028
8/6/2022,21,22,Wind,6101
7/24/2020,11,12,Solar,4715
2/14/2022,22,23,Wind,6121
1/30/2024,2,3,Wind,7141
8/31/2020,0,1,Wind,2798
8/5/2024,20,21,Wind,1045
8/21/2025,8,9,Wind,5508
3/16/2021,21,22,Wind,8421
10/10/2024,13,14,Solar,9309
3/5/2021,13,14,Wind,8783
12/24/2022,6,7,Wind,7283
8/11/2021,9,10,Solar,2522
10/20/2024,14,15,Wind,9513
9/17/2021,5,6,Wind,618
1/23/2020,9,10,Wind,5277
10/2/2025,11,12,Solar,8700
10/4/2021,10,11,Wind,6128
7/26/2021,19,20,Wind,3709
5/31/2025,22,23,Wind,3230
4/19/2024,12,13,Wind,17585
9/30/2024,2,3,Wind,11126
6/27/2021,21,22,Wind,949
7/8/2025,0,1,Wind,5508
5/24/2021,1,2,Wind,10051
1/26/2020,12,13,Wind,3748
8/17/2021,11,12,Solar,5886
7/20/2021,4,5,Wind,3096
12/16/2024,2,3,Wind,8208
10/30/2023,1,2,Wind,7677
5/17/2024,3,4,Wind,1677
10/27/2022,16,17,Wind,5718
8/12/2024,1,2,Wind,6953
7/17/2021,21,22,Wind,3940
11/14/2022,17,18,Wind,4881
2/1/2023,10,11,Wind,8553
9/8/2024,9,10,Wind,7424
9/12/2021,0,1,Wind,669
11/17/2020,11,12,Wind,5342
4/8/2021,11,12,Solar,4474
9/12/2021,2,3,Wind,795
5/14/2023,0,1,Wind,5165
6/13/2024,14,15,Solar,12138
6/12/2022,22,23,Wind,4342
3/30/2021,14,15,Solar,5712
8/28/2020,22,23,Wind,3019
6/24/2022,1,2,Wind,2331
11/5/2023,15,16,Wind,17260
10/26/2022,4,5,Wind,6736
10/4/2020,11,12,Wind,11732
6/16/2022,21,22,Wind,1259
2/20/2023,22,23,Wind,2348
8/18/2022,21,22,Wind,3736
6/23/2022,3,4,Wind,887
7/8/2022,10,11,Solar,6364
5/25/2021,5,6,Wind,10039
8/12/2024,2,3,Wind,6436
8/6/2020,3,4,Wind,1330
2/3/2020,5,6,Wind,8238
8/10/2025,5,6,Wind,2840
4/16/2025,3,4,Wind,4022
6/21/2021,19,20,Wind,3618
11/21/2022,21,22,Wind,11758
12/8/2023,16,17,Wind,4948
12/20/2024,14,15,Wind,9894
4/6/2020,6,7,Wind,7340
8/10/2020,3,4,Wind,2040
5/14/2022,8,9,Solar,2653
7/6/2021,2,3,Wind,8978
9/1/2020,3,4,Wind,1427
10/20/2025,15,16,Wind,18573
3/14/2023,4,5,Wind,15459
11/17/2025,6,7,Wind,7600
7/3/2024,0,1,Wind,1953
3/28/2020,5,6,Wind,2175
7/8/2023,9,10,Solar,5162
9/25/2023,20,21,Wind,269
6/28/2020,16,17,Wind,6374
6/7/2024,9,10,Solar,4085
8/3/2024,11,12,Solar,8051
12/9/2024,4,5,Wind,13835
11/3/2023,7,8,Wind,9663
6/19/2023,2,3,Wind,2884
7/23/2025,21,22,Wind,1975
4/27/2025,15,16,Solar,3694
8/10/2022,18,19,Wind,7190
10/8/2020,1,2,Wind,4968
3/14/2024,18,19,Wind,6419
6/29/2021,12,13,Solar,4855
10/6/2025,5,6,Wind,3542
5/13/2023,0,1,Wind,4608
3/25/2022,20,21,Wind,7801
3/8/2020,17,18,Wind,8607
7/20/2020,3,4,Wind,2894
8/18/2022,23,0,Wind,3907
1/25/2023,20,21,Wind,1669
6/22/2024,17,18,Wind,7566
12/25/2024,3,4,Wind,1627
2/29/2020,11,12,Wind,13600
2/11/2021,5,6,Wind,4727
8/9/2021,0,1,Wind,2949
1/18/2022,8,9,Wind,3567
1/17/2022,3,4,Wind,1311
2/27/2023,22,23,Wind,10530
5/27/2024,6,7,Wind,1993
3/23/2024,0,1,Wind,7939
11/30/2023,7,8,Wind,1838
4/26/2024,17,18,Solar,4769
2/23/2025,4,5,Wind,2042
4/15/2022,6,7,Wind,1302
2/18/2023,12,13,Wind,13064
8/3/2025,18,19,Wind,9140
12/9/2020,16,17,Wind,2188
3/5/2025,1,2,Wind,2284
3/4/2020,21,22,Wind,5942
7/12/2020,20,21,Wind,3022
1/27/2025,16,17,Wind,17660
5/29/2022,18,19,Wind,6869
12/21/2022,14,15,Wind,10711
9/28/2020,1,2,Wind,4675
6/19/2025,2,3,Wind,5071
5/31/2023,15,16,Wind,13403
10/18/2023,19,20,Wind,13376
10/9/2023,10,11,Solar,4302
12/29/2021,0,1,Wind,10141
9/29/2025,5,6,Wind,1639
1/4/2023,2,3,Wind,14210
1/15/2023,8,9,Wind,14452
12/9/2021,0,1,Wind,5506
2/6/2021,2,3,Wind,2352
9/13/2024,14,15,Solar,11402
6/6/2024,0,1,Wind,1554
6/9/2025,17,18,Solar,6442
4/29/2021,3,4,Wind,2499
7/7/2025,0,1,Wind,5737
6/17/2024,6,7,Wind,2438
11/9/2022,9,10,Wind,7949
3/7/2024,19,20,Wind,11647
6/20/2020,18,19,Solar,3049
6/7/2020,22,23,Wind,1679
12/3/2020,22,23,Wind,12279
1/20/2025,15,16,Solar,2407
5/29/2021,11,12,Solar,5331
8/27/2021,8,9,Wind,3316
4/2/2021,1,2,Wind,7379
10/25/2020,15,16,Wind,7515
10/20/2021,21,22,Wind,13802
12/3/2022,9,10,Wind,6631
3/9/2022,3,4,Wind,3818
5/3/2023,6,7,Wind,6633
5/9/2022,23,0,Wind,499
11/2/2025,16,17,Wind,12365
6/3/2025,12,13,Wind,7229
5/26/2023,5,6,Wind,6064
6/24/2025,7,8,Wind,2970
8/2/2025,12,13,Solar,11621
10/30/2022,23,0,Wind,2035
9/28/2025,13,14,Solar,6541
7/12/2023,18,19,Wind,8218
2/19/2022,10,11,Wind,8915
1/4/2025,2,3,Wind,2886
3/6/2021,18,19,Wind,3757
1/2/2025,19,20,Wind,3287
11/24/2020,20,21,Wind,6418
9/30/2023,20,21,Wind,593
3/22/2023,18,19,Wind,11937
8/29/2024,0,1,Wind,2731
2/3/2022,0,1,Wind,2135
6/15/2025,13,14,Solar,4178
11/28/2024,19,20,Wind,2906
2/5/2021,22,23,Wind,2507
3/24/2025,15,16,Solar,5993
7/4/2023,9,10,Solar,4186
11/20/2020,2,3,Wind,3795
3/18/2020,6,7,Wind,794
9/27/2024,1,2,Wind,9455
6/15/2020,22,23,Wind,1914
12/17/2023,7,8,Wind,2892
1/16/2020,3,4,Wind,3101
3/1/2020,7,8,Wind,9464
12/6/2023,11,12,Solar,3781
11/15/2021,20,21,Wind,1948
11/21/2024,11,12,Wind,8588
8/16/2021,4,5,Wind,3451
7/28/2025,7,8,Wind,4386
3/20/2023,23,0,Wind,2603
1/12/2025,12,13,Solar,7726
8/25/2024,19,20,Wind,3343
11/2/2025,10,11,Wind,13628
7/14/2024,23,0,Wind,313
2/4/2024,18,19,Wind,8240
8/28/2020,2,3,Wind,5937
8/10/2021,20,21,Wind,756
11/5/2021,16,17,Wind,2115
12/7/2024,18,19,Wind,18217
9/20/2025,2,3,Wind,6636
5/11/2024,22,23,Wind,4042
12/21/2021,6,7,Wind,2806
5/28/2020,10,11,Solar,5248
2/17/2023,17,18,Wind,8900
2/26/2023,8,9,Wind,13872
9/24/2021,13,14,Solar,5163
8/5/2020,23,0,Wind,1308
9/27/2020,8,9,Wind,12307
7/11/2022,17,18,Solar,7207
5/13/2020,0,1,Wind,3209
7/3/2025,11,12,Solar,9351
8/25/2025,14,15,Solar,8286
8/7/2020,8,9,Wind,2502
1/19/2021,15,16,Wind,10102
9/14/2023,12,13,Solar,6556
7/15/2023,5,6,Wind,5487
2/18/2024,4,5,Wind,6541
8/1/2024,4,5,Wind,1942
8/29/2020,11,12,Wind,4250
8/20/2021,3,4,Wind,672
4/10/2022,6,7,Wind,1342
10/6/2021,18,19,Wind,5968
9/14/2023,8,9,Solar,1563
10/14/2023,20,21,Wind,1786
9/18/2021,0,1,Wind,1220
7/15/2023,11,12,Wind,12344
5/1/2023,23,0,Wind,3387
4/18/2022,18,19,Solar,3136
5/30/2025,2,3,Wind,1200
4/30/2021,14,15,Solar,2910
3/27/2024,18,19,Wind,11185
6/21/2020,20,21,Wind,4535
9/4/2025,14,15,Wind,15384
5/30/2024,12,13,Wind,9625
1/29/2020,22,23,Wind,5650
7/11/2021,17,18,Solar,3657
9/6/2025,4,5,Wind,4352
2/9/2024,6,7,Wind,15819
12/9/2021,4,5,Wind,5642
9/7/2022,11,12,Solar,6385
11/1/2023,19,20,Wind,14069
8/11/2023,8,9,Solar,2805
9/5/2025,18,19,Solar,3777
3/19/2023,5,6,Wind,2501
4/6/2023,16,17,Wind,11196
3/11/2020,11,12,Wind,11831
1/4/2022,21,22,Wind,9412
4/21/2020,2,3,Wind,6292
5/24/2025,9,10,Solar,9226
8/11/2025,23,0,Wind,6289
12/11/2023,12,13,Wind,11218
11/26/2022,15,16,Wind,4644
11/11/2023,12,13,Solar,6252
5/4/2023,20,21,Wind,3982
10/24/2022,21,22,Wind,8277
12/26/2024,16,17,Wind,2276
11/28/2025,11,12,Wind,10097
10/5/2020,20,21,Wind,9822
6/17/2025,7,8,Wind,3148
5/14/2022,4,5,Wind,1879
2/26/2025,6,7,Wind,7597
10/30/2022,3,4,Wind,3059
5/1/2020,9,10,Wind,7350
8/24/2020,5,6,Wind,1735
4/15/2025,17,18,Wind,13469
4/15/2025,14,15,Wind,7276
5/5/2023,23,0,Wind,1560
12/17/2023,9,10,Wind,4025
2/7/2022,1,2,Wind,14177
7/4/2023,6,7,Wind,1388
1/6/2023,21,22,Wind,8019
9/3/2023,2,3,Wind,3744
1/10/2023,7,8,Wind,7396
11/2/2022,12,13,Wind,9330
10/28/2021,5,6,Wind,5738
1/22/2022,2,3,Wind,3222
7/17/2024,5,6,Wind,1516
5/11/2022,13,14,Wind,13441
5/19/2024,15,16,Solar,3223
12/27/2022,8,9,Wind,4022
11/24/2020,6,7,Wind,1985
2/16/2025,18,19,Wind,5834
5/3/2024,3,4,Wind,8294
5/6/2020,11,12,Solar,4795
7/20/2022,10,11,Solar,4378
3/19/2024,9,10,Solar,4668
12/2/2022,0,1,Wind,2495
6/19/2025,0,1,Wind,4891
4/26/2022,12,13,Solar,7883
3/16/2020,8,9,Wind,3472
7/19/2024,19,20,Solar,2644
9/30/2023,22,23,Wind,1059
12/11/2024,21,22,Wind,5503
5/30/2025,5,6,Wind,791
2/21/2024,7,8,Wind,6947
6/3/2024,17,18,Solar,6535
11/12/2024,6,7,Wind,9835
8/5/2021,2,3,Wind,1703
6/19/2025,4,5,Wind,5141
9/9/2023,10,11,Solar,5575
9/19/2020,3,4,Wind,5122
8/22/2022,18,19,Wind,3644
9/24/2023,6,7,Wind,3180
9/13/2025,10,11,Wind,11069
4/21/2023,21,22,Wind,3016
4/6/2022,22,23,Wind,14100
9/6/2024,12,13,Solar,6067
8/21/2021,16,17,Solar,5586
1/21/2024,4,5,Wind,11119
1/1/2025,20,21,Wind,16319
1/6/2024,2,3,Wind,4860
3/16/2021,8,9,Wind,3225
5/28/2024,4,5,Wind,4116
4/7/2025,13,14,Solar,10124
1/1/2021,21,22,Wind,1293
6/3/2025,19,20,Wind,7566
5/13/2022,9,10,Solar,3662
1/3/2020,18,19,Wind,5899
10/14/2024,16,17,Wind,5153
6/14/2021,20,21,Wind,1689
10/19/2025,0,1,Wind,7076
11/4/2024,6,7,Wind,2752
12/19/2020,16,17,Wind,6734
4/2/2024,11,12,Wind,19760
8/12/2021,15,16,Solar,4319
2/15/2023,22,23,Wind,4376
10/9/2024,4,5,Wind,10765
3/8/2023,20,21,Wind,12273
7/25/2022,7,8,Wind,3847
3/31/2023,3,4,Wind,13640
2/21/2024,10,11,Wind,12535
9/9/2020,18,19,Wind,2154
6/27/2020,17,18,Wind,10462
12/20/2021,4,5,Wind,2972
8/17/2024,20,21,Wind,2269
8/21/2023,16,17,Solar,5797
3/23/2025,10,11,Wind,9466
11/9/2024,14,15,Solar,1980
10/5/2025,20,21,Wind,7283
1/30/2022,6,7,Wind,2562
8/31/2022,4,5,Wind,2403
1/20/2024,6,7,Wind,3021
10/3/2021,2,3,Wind,10744
3/24/2023,10,11,Wind,16273
7/9/2025,4,5,Wind,1607
8/26/2025,11,12,Solar,8522
5/4/2022,0,1,Wind,3383
10/23/2022,3,4,Wind,6405
5/19/2020,7,8,Wind,2969
5/1/2020,16,17,Wind,9835
11/24/2021,9,10,Wind,4085
2/19/2023,21,22,Wind,3080
8/9/2020,3,4,Wind,1670
12/12/2023,12,13,Wind,11961
8/31/2023,3,4,Wind,2585
2/5/2020,2,3,Wind,3761
9/7/2024,3,4,Wind,2955
10/20/2022,12,13,Wind,8001
4/18/2024,9,10,Wind,6133
12/22/2024,10,11,Wind,19669
9/5/2021,13,14,Solar,4950
9/7/2024,4,5,Wind,2919
11/15/2022,19,20,Wind,8728
10/25/2022,12,13,Solar,5477
8/21/2020,16,17,Wind,9899
4/6/2023,13,14,Solar,10680
7/8/2020,17,18,Wind,5936
4/14/2020,21,22,Wind,5919
11/13/2023,10,11,Wind,18212
3/10/2024,22,23,Wind,2196
7/7/2024,11,12,Solar,5795
12/22/2023,4,5,Wind,16134
10/30/2025,5,6,Wind,5128
10/24/2020,13,14,Wind,13123
4/1/2021,9,10,Solar,2949
3/31/2025,19,20,Wind,7769
11/7/2023,4,5,Wind,7182
10/12/2024,1,2,Wind,6402
1/7/2020,11,12,Wind,3800
1/10/2020,19,20,Wind,1884
3/23/2020,5,6,Wind,7753
8/11/2023,19,20,Wind,3321
8/20/2022,6,7,Wind,1709
6/7/2022,23,0,Wind,2997
8/17/2021,10,11,Solar,4585
4/27/2021,6,7,Wind,3762
3/27/2023,6,7,Wind,5162
3/27/2021,7,8,Wind,8514
9/9/2022,18,19,Wind,9976
7/31/2023,19,20,Wind,12863
12/26/2020,5,6,Wind,2782
9/23/2021,3,4,Wind,1039
2/18/2021,9,10,Wind,11492
1/11/2024,8,9,Wind,7025
8/8/2024,10,11,Solar,6478
11/26/2020,22,23,Wind,1751
6/7/2022,22,23,Wind,2808
12/30/2023,20,21,Wind,14467
9/6/2023,10,11,Solar,5406
11/29/2022,13,14,Solar,3005
4/13/2025,11,12,Wind,5254
8/16/2021,14,15,Wind,10760
6/12/2025,5,6,Wind,6786
4/26/2023,21,22,Wind,1156
2/17/2024,15,16,Solar,6175
10/14/2021,21,22,Wind,1352
10/7/2023,13,14,Solar,8496
6/22/2022,7,8,Wind,2981
9/3/2023,16,17,Solar,8265
5/6/2022,21,22,Wind,3391
4/29/2021,4,5,Wind,2324
7/1/2020,5,6,Wind,3491
2/5/2025,8,9,Wind,2357
10/1/2023,6,7,Wind,2370
3/17/2020,15,16,Solar,2024
9/11/2025,20,21,Wind,9907
6/13/2022,17,18,Solar,5365
3/17/2021,6,7,Wind,8497
9/26/2023,9,10,Solar,5128
3/9/2021,21,22,Wind,2173
12/16/2023,20,21,Wind,2653
4/24/2021,13,14,Solar,8948
7/8/2025,3,4,Wind,5591
10/7/2021,8,9,Wind,1778
11/14/2025,15,16,Wind,12662
4/10/2022,22,23,Wind,6732
2/5/2022,1,2,Wind,5444
6/6/2020,22,23,Wind,4226
8/6/2023,10,11,Wind,15426
7/17/2023,14,15,Solar,10701
8/31/2020,20,21,Wind,1434
10/5/2025,10,11,Wind,9665
8/13/2025,21,22,Wind,3955
1/11/2024,6,7,Wind,5822
11/2/2024,8,9,Wind,4323
12/15/2024,19,20,Wind,9436
8/29/2021,6,7,Wind,3471
10/26/2021,21,22,Wind,3701
5/8/2020,0,1,Wind,2310
2/16/2023,15,16,Wind,9834
9/11/2022,18,19,Solar,2590
10/3/2023,18,19,Wind,7125
3/3/2020,1,2,Wind,7503
6/7/2021,8,9,Solar,2089
3/29/2022,0,1,Wind,3054
7/10/2023,14,15,Solar,8877
10/13/2025,12,13,Solar,12401
2/27/2022,17,18,Wind,4942
11/30/2025,10,11,Wind,5462
7/23/2024,8,9,Wind,7932
8/5/2022,11,12,Solar,7264
5/14/2024,8,9,Wind,6344
8/8/2024,21,22,Wind,2172
12/21/2024,8,9,Wind,8136
10/29/2020,8,9,Wind,7376
8/9/2021,12,13,Wind,8363
8/3/2020,13,14,Wind,6435
5/17/2023,2,3,Wind,7078
10/18/2025,9,10,Wind,7328
6/22/2022,11,12,Solar,5734
5/31/2021,7,8,Wind,4314
10/14/2023,18,19,Wind,2649
8/25/2025,6,7,Wind,2598
11/9/2023,21,22,Wind,13002
2/2/2023,7,8,Wind,5959
6/27/2024,13,14,Solar,10165
6/10/2023,23,0,Wind,1315
12/1/2020,16,17,Wind,6870
3/27/2024,8,9,Wind,8161
2/19/2022,20,21,Wind,14404
4/22/2022,23,0,Wind,5782
4/9/2023,16,17,Solar,6478
1/4/2023,14,15,Wind,16982
12/17/2020,2,3,Wind,6261
7/5/2022,13,14,Solar,7568
5/23/2020,18,19,Wind,8118
4/13/2020,0,1,Wind,2453
10/28/2021,22,23,Wind,10824
11/28/2023,17,18,Wind,1150
10/17/2023,2,3,Wind,7403
10/17/2025,22,23,Wind,6048
10/11/2022,14,15,Solar,4235
9/3/2020,12,13,Solar,6438
12/2/2021,6,7,Wind,7326
11/15/2025,19,20,Wind,2763
8/31/2021,22,23,Wind,6413
7/16/2023,22,23,Wind,2549
3/4/2021,13,14,Solar,4027
1/13/2021,15,16,Wind,8853
6/6/2023,1,2,Wind,6856
11/25/2023,5,6,Wind,6320
4/23/2024,16,17,Solar,9416
12/30/2021,11,12,Wind,9300
8/8/2021,0,1,Wind,7556
5/28/2021,6,7,Wind,2641
10/8/2023,9,10,Solar,3209
4/16/2022,16,17,Wind,10697
12/19/2020,18,19,Wind,6861
10/21/2021,15,16,Wind,12180
8/28/2023,12,13,Solar,7423
9/29/2020,8,9,Wind,1694
9/3/2025,15,16,Wind,12360
5/19/2023,13,14,Solar,10255
11/20/2024,22,23,Wind,6810
1/26/2020,3,4,Wind,2543
1/16/2025,20,21,Wind,2948
1/28/2021,11,12,Wind,14905
4/28/2024,5,6,Wind,10703
9/23/2020,15,16,Wind,7914
3/27/2025,23,0,Wind,2821
3/31/2025,23,0,Wind,10942
2/28/2025,4,5,Wind,4656
8/15/2022,17,18,Wind,6544
4/19/2020,4,5,Wind,2028
1/23/2024,7,8,Wind,8881
6/30/2020,6,7,Wind,3473
5/24/2025,0,1,Wind,2284
11/6/2022,8,9,Wind,8915
10/17/2023,5,6,Wind,6830
6/24/2024,0,1,Wind,2517
10/27/2024,2,3,Wind,1876
4/27/2024,10,11,Wind,8091
5/23/2025,19,20,Wind,5092
9/25/2025,10,11,Solar,5628
8/4/2022,11,12,Solar,5773
6/29/2023,14,15,Solar,6545
4/28/2023,17,18,Wind,8168
8/17/2022,18,19,Solar,2933
9/17/2024,14,15,Wind,17137
10/9/2025,16,17,Solar,5408
5/1/2022,14,15,Solar,6567
11/26/2024,14,15,Wind,6582
2/24/2024,23,0,Wind,9789
9/15/2022,20,21,Wind,1810
2/7/2025,6,7,Wind,10672
6/25/2022,15,16,Solar,6025
11/8/2024,6,7,Wind,2289
1/15/2022,23,0,Wind,1151
8/18/2025,9,10,Solar,5542
11/20/2024,5,6,Wind,6319
11/25/2022,2,3,Wind,6857
4/28/2024,3,4,Wind,11002
4/18/2024,11,12,Solar,8540
12/15/2024,20,21,Wind,9708
4/10/2020,23,0,Wind,3602
7/31/2021,7,8,Wind,3296
9/1/2020,1,2,Wind,1480
6/25/2024,20,21,Wind,2962
1/14/2022,3,4,Wind,1261
2/10/2022,14,15,Solar,5683
2/15/2022,1,2,Wind,6602
12/8/2021,4,5,Wind,9589
1/9/2020,20,21,Wind,11104
4/17/2023,15,16,Wind,10496
9/9/2025,22,23,Wind,3035
3/24/2024,15,16,Wind,15098
1/23/2025,23,0,Wind,16417
10/19/2024,6,7,Wind,5995
9/23/2021,13,14,Solar,5959
10/22/2022,19,20,Wind,3372
10/7/2024,22,23,Wind,8678
5/16/2020,6,7,Wind,2202
4/29/2022,11,12,Solar,5764
11/28/2024,2,3,Wind,4517
9/20/2020,9,10,Wind,1507
3/9/2022,20,21,Wind,6208
6/23/2025,15,16,Wind,8257
6/1/2025,18,19,Wind,4872
11/8/2021,2,3,Wind,2711
11/24/2022,13,14,Wind,8724
10/2/2022,15,16,Wind,9912
7/20/2024,14,15,Solar,5377
8/27/2022,0,1,Wind,3178
2/6/2021,10,11,Wind,2979
10/4/2020,1,2,Wind,8073
7/25/2020,0,1,Wind,1583
3/19/2020,1,2,Wind,1067
3/12/2022,19,20,Wind,8526
7/7/2023,12,13,Solar,9615
8/14/2025,5,6,Wind,1937
10/16/2022,15,16,Wind,7511
7/4/2023,0,1,Wind,4204
9/26/2025,4,5,Wind,1083
7/24/2025,8,9,Wind,3774
11/20/2021,16,17,Solar,428
4/29/2025,8,9,Wind,6429
9/10/2025,5,6,Wind,3862
9/7/2020,3,4,Wind,1682
5/10/2025,9,10,Solar,7582
4/7/2022,14,15,Wind,17658
12/30/2021,17,18,Wind,5361
6/1/2020,13,14,Solar,5468
4/27/2023,7,8,Wind,1748
8/7/2021,5,6,Wind,3298
6/19/2022,22,23,Wind,6781
9/7/2022,6,7,Wind,2886
3/14/2020,4,5,Wind,2442
1/8/2021,3,4,Wind,1232
4/19/2023,10,11,Solar,8885
7/30/2022,7,8,Wind,1263
10/22/2025,8,9,Wind,3959
2/4/2023,2,3,Wind,3231
5/13/2024,9,10,Solar,6326
6/24/2022,9,10,Wind,4102
12/17/2021,7,8,Wind,7040
1/26/2021,14,15,Wind,5549
5/18/2024,5,6,Wind,609
4/16/2021,20,21,Wind,4351
9/15/2021,22,23,Wind,1129
3/27/2024,13,14,Wind,15711
6/4/2020,4,5,Wind,2647
7/31/2023,5,6,Wind,7463
1/17/2025,9,10,Solar,1723
1/19/2021,11,12,Wind,12660
11/15/2020,8,9,Wind,13462
9/3/2021,13,14,Solar,3938
8/19/2020,7,8,Wind,2503
1/16/2024,7,8,Wind,1894
4/13/2020,19,20,Wind,11014
10/23/2020,4,5,Wind,2314
10/29/2023,11,12,Wind,15794
3/27/2022,16,17,Solar,5221
9/26/2022,6,7,Wind,5127
2/26/2021,13,14,Wind,5643
6/10/2025,0,1,Wind,739
6/3/2020,14,15,Solar,3854
3/7/2024,15,16,Wind,13548
4/13/2024,3,4,Wind,1968
7/20/2021,13,14,Solar,6920
10/5/2024,8,9,Wind,4046
11/14/2025,1,2,Wind,10792
1/12/2021,11,12,Wind,12790
4/15/2021,13,14,Solar,8902
8/6/2023,20,21,Wind,7539
7/22/2024,18,19,Wind,7828
2/7/2025,14,15,Wind,11067
11/15/2025,20,21,Wind,2943
8/25/2023,14,15,Wind,10296
4/12/2021,6,7,Wind,2122
8/10/2022,13,14,Solar,11340
1/28/2021,15,16,Wind,13966
6/25/2021,17,18,Solar,4451
12/30/2023,1,2,Wind,7983
2/14/2021,6,7,Wind,7437
8/31/2021,23,0,Wind,6563
6/2/2022,21,22,Wind,2485
9/18/2025,4,5,Wind,1868
3/8/2025,14,15,Wind,14845
11/2/2020,16,17,Wind,9780
11/18/2023,4,5,Wind,5289
12/22/2022,4,5,Wind,14146
6/25/2023,2,3,Wind,3099
12/17/2024,8,9,Wind,2984
1/14/2023,0,1,Wind,8436
9/15/2022,19,20,Wind,2206
2/7/2021,15,16,Wind,5405
7/31/2020,21,22,Wind,2183
2/10/2021,11,12,Wind,8634
1/2/2020,5,6,Wind,1775
4/2/2022,12,13,Wind,13529
10/11/2023,1,2,Wind,2398
7/6/2021,0,1,Wind,7868
11/22/2023,3,4,Wind,7313
9/20/2023,12,13,Wind,14525
1/5/2020,3,4,Wind,1679
8/18/2020,16,17,Solar,4998
2/23/2025,13,14,Wind,13472
8/27/2020,14,15,Solar,6834
2/10/2021,18,19,Wind,4924
7/17/2024,9,10,Solar,4405
7/27/2025,23,0,Wind,3816
3/21/2023,11,12,Solar,7553
7/19/2020,0,1,Wind,1658
10/22/2023,22,23,Wind,3410
5/31/2025,11,12,Solar,3329
12/16/2023,19,20,Wind,2599
1/15/2020,5,6,Wind,12548
3/30/2021,12,13,Solar,5222
10/1/2023,5,6,Wind,2507
3/15/2022,22,23,Wind,3911
4/19/2024,3,4,Wind,7411
12/27/2024,15,16,Solar,2134
3/9/2023,5,6,Wind,13966
7/20/2023,0,1,Wind,3082
11/4/2022,5,6,Wind,7949
12/15/2022,10,11,Wind,4943
6/13/2022,21,22,Wind,2306
4/12/2021,20,21,Wind,2335
3/22/2023,22,23,Wind,12937
8/15/2025,2,3,Wind,3888
11/30/2020,23,0,Wind,6400
4/17/2024,3,4,Wind,5391
8/6/2023,4,5,Wind,13187
7/21/2023,12,13,Solar,8073
2/28/2021,20,21,Wind,6943
7/2/2024,9,10,Solar,4736
12/9/2024,8,9,Wind,15335
4/15/2024,0,1,Wind,2897
8/11/2020,21,22,Wind,1293
4/23/2023,4,5,Wind,6865
11/5/2024,11,12,Solar,3709
3/20/2020,20,21,Wind,8427
11/14/2024,2,3,Wind,3850
3/26/2020,6,7,Wind,6741
4/21/2021,4,5,Wind,1181
6/24/2023,16,17,Solar,7379
4/25/2023,3,4,Wind,2722
5/12/2022,9,10,Solar,2937
4/17/2021,21,22,Wind,5809
11/29/2022,23,0,Wind,1125
3/26/2023,1,2,Wind,8992
9/21/2023,8,9,Wind,6604
12/15/2020,11,12,Wind,3817
7/1/2022,4,5,Wind,2242
11/13/2024,14,15,Wind,8574
5/18/2020,2,3,Wind,2241
5/14/2020,15,16,Wind,10960
4/12/2022,1,2,Wind,8671
4/20/2025,9,10,Wind,8917
8/5/2023,13,14,Wind,16784
2/4/2020,14,15,Wind,13682
3/3/2025,8,9,Wind,3709
4/18/2024,4,5,Wind,3445
7/12/2024,22,23,Wind,2399
10/27/2023,18,19,Wind,8213
1/21/2022,21,22,Wind,3407
5/1/2020,12,13,Wind,8601
10/2/2021,0,1,Wind,3206
11/13/2021,21,22,Wind,2473
3/31/2024,0,1,Wind,8303
5/20/2022,16,17,Wind,12694
5/29/2020,7,8,Wind,4950
9/21/2023,11,12,Wind,5337
8/2/2025,17,18,Solar,9975
8/14/2022,10,11,Wind,4046
5/4/2020,13,14,Solar,5174
5/28/2022,16,17,Solar,9508
2/15/2021,21,22,Wind,8575
2/7/2025,5,6,Wind,10080
4/9/2021,1,2,Wind,2738
3/4/2021,2,3,Wind,1340
10/16/2025,5,6,Wind,4678
3/16/2024,3,4,Wind,8335
12/17/2020,19,20,Wind,4202
6/21/2024,14,15,Solar,9981
5/25/2023,23,0,Wind,8297
7/11/2023,1,2,Wind,1324
9/14/2020,4,5,Wind,2543
4/7/2024,18,19,Wind,7274
7/14/2024,21,22,Wind,316
1/3/2023,0,1,Wind,4153
6/5/2025,8,9,Wind,8972
1/25/2023,6,7,Wind,1928
5/20/2022,19,20,Wind,8047
6/28/2021,14,15,Solar,4025
12/24/2023,18,19,Wind,15923
12/27/2020,14,15,Wind,11170
7/17/2023,23,0,Wind,956
8/2/2023,10,11,Wind,18523
10/25/2024,8,9,Wind,6688
7/17/2022,19,20,Wind,3333
6/17/2024,9,10,Solar,4874
6/26/2024,6,7,Wind,1703
4/8/2023,19,20,Wind,2553
12/24/2021,10,11,Wind,3789
2/13/2020,8,9,Wind,12836
3/28/2023,8,9,Wind,6340
2/14/2020,10,11,Wind,4681
10/18/2021,2,3,Wind,2709
5/13/2022,10,11,Solar,4843
3/5/2025,7,8,Wind,2803
6/5/2023,1,2,Wind,6710
1/23/2025,4,5,Wind,6670
4/27/2022,3,4,Wind,5449
1/30/2023,12,13,Wind,9661
3/31/2022,18,19,Wind,11159
12/19/2021,15,16,Wind,3520
9/4/2024,16,17,Solar,4140
5/7/2024,19,20,Wind,6553
7/23/2024,15,16,Wind,13933
4/10/2022,5,6,Wind,1160
12/17/2022,22,23,Wind,3540
1/14/2020,0,1,Wind,12199
3/4/2024,11,12,Solar,9193
10/29/2021,3,4,Wind,11260
3/27/2020,17,18,Wind,3726
11/6/2023,13,14,Wind,14983
9/7/2024,20,21,Wind,3127
11/21/2021,20,21,Wind,4770
6/30/2021,1,2,Wind,2432
6/5/2022,0,1,Wind,2806
11/24/2024,9,10,Wind,20134
12/3/2021,23,0,Wind,9750
6/1/2023,15,16,Solar,9505
5/12/2022,2,3,Wind,3412
10/27/2023,14,15,Wind,12884
4/17/2025,0,1,Wind,2213
6/3/2025,1,2,Wind,480
6/24/2025,10,11,Solar,10012
6/14/2023,10,11,Solar,5257
8/25/2021,18,19,Wind,5935
6/17/2022,10,11,Solar,5052
8/2/2021,7,8,Wind,1348
8/5/2023,23,0,Wind,13117
8/3/2022,11,12,Solar,5602
2/8/2022,4,5,Wind,5300
1/7/2023,13,14,Wind,16234
10/17/2024,10,11,Wind,3079
2/23/2020,2,3,Wind,7935
4/4/2023,2,3,Wind,7637
5/27/2023,3,4,Wind,7587
9/28/2022,4,5,Wind,5917
12/28/2022,2,3,Wind,11946
3/10/2024,21,22,Wind,1947
10/15/2023,7,8,Wind,3780
6/14/2021,12,13,Solar,5319
7/6/2021,14,15,Wind,11644
12/25/2024,13,14,Solar,3595
3/28/2022,2,3,Wind,1856
1/23/2023,13,14,Wind,7766
3/29/2025,0,1,Wind,10070
1/16/2024,23,0,Wind,4529
4/16/2025,19,20,Wind,3292
6/17/2021,5,6,Wind,6404
12/6/2022,16,17,Wind,1590
5/24/2020,4,5,Wind,3284
7/22/2024,6,7,Wind,3397
5/31/2022,12,13,Solar,5903
2/4/2024,1,2,Wind,6030
9/9/2023,9,10,Solar,4430
3/17/2025,6,7,Wind,5793
2/5/2021,10,11,Wind,2191
10/28/2021,7,8,Wind,5817
11/16/2020,22,23,Wind,4919
3/25/2022,1,2,Wind,5483
8/11/2022,11,12,Solar,8478
10/15/2023,14,15,Solar,8098
5/21/2023,20,21,Wind,4727
7/28/2024,0,1,Wind,2273
10/14/2024,3,4,Wind,4053
5/8/2023,11,12,Solar,5592
8/21/2020,9,10,Wind,6590
2/8/2024,0,1,Wind,8738
10/10/2025,5,6,Wind,2407
9/27/2022,8,9,Wind,7190
10/3/2020,6,7,Wind,2800
9/29/2022,12,13,Solar,4158
5/16/2023,18,19,Wind,11874
1/3/2025,23,0,Wind,3397
7/29/2021,10,11,Wind,6193
3/22/2020,1,2,Wind,7775
1/11/2025,1,2,Wind,1767
2/27/2024,0,1,Wind,13713
9/10/2021,7,8,Wind,1455
3/6/2023,5,6,Wind,1492
8/11/2021,18,19,Solar,2245
3/19/2024,17,18,Solar,2316
11/16/2023,17,18,Wind,11998
7/7/2022,22,23,Wind,4702
8/25/2024,7,8,Wind,3968
10/28/2024,7,8,Wind,1749
10/27/2024,13,14,Solar,3870
12/14/2024,8,9,Wind,2242
10/8/2022,22,23,Wind,2788
11/4/2023,10,11,Wind,18086
11/29/2023,1,2,Wind,2762
11/6/2020,7,8,Wind,6556
4/16/2020,6,7,Wind,4384
2/2/2021,16,17,Wind,9748
8/24/2023,16,17,Wind,12185
7/15/2024,23,0,Wind,8966
9/19/2024,13,14,Solar,15201
10/21/2025,15,16,Wind,11377
7/22/2025,14,15,Wind,15430
4/21/2022,17,18,Wind,6118
2/20/2022,19,20,Wind,15825
1/29/2022,13,14,Wind,11433
11/6/2024,11,12,Solar,3240
7/9/2023,4,5,Wind,2125
2/2/2023,14,15,Wind,10278
4/27/2024,23,0,Wind,10379
1/1/2022,11,12,Wind,7319
5/3/2020,8,9,Wind,2972
10/31/2023,19,20,Wind,9451
4/29/2020,8,9,Wind,4937
4/13/2025,19,20,Wind,2764
7/6/2024,17,18,Wind,8217
10/9/2022,0,1,Wind,3826
10/18/2023,7,8,Wind,11584
4/4/2020,2,3,Wind,1158
8/18/2024,10,11,Solar,7264
4/4/2025,20,21,Wind,6012
9/18/2025,12,13,Solar,10370
3/31/2022,15,16,Wind,13021
5/14/2025,12,13,Solar,4680
3/1/2024,10,11,Wind,19222
10/26/2023,9,10,Wind,7130
6/29/2022,9,10,Solar,3921
11/29/2024,22,23,Wind,7506
12/11/2022,19,20,Wind,1644
9/8/2023,22,23,Wind,1785
9/25/2024,17,18,Wind,11233
4/2/2025,12,13,Wind,19224
8/11/2020,5,6,Wind,838
9/17/2020,3,4,Wind,5838
10/25/2020,16,17,Wind,6359
10/1/2021,14,15,Wind,9238
8/4/2022,21,22,Wind,3909
2/18/2023,2,3,Wind,6146
9/26/2021,9,10,Wind,3703
5/26/2023,3,4,Wind,6527
12/29/2023,5,6,Wind,8082
10/27/2022,15,16,Wind,6147
7/31/2021,11,12,Wind,5374
3/13/2024,18,19,Wind,2479
5/11/2021,6,7,Wind,1710
8/27/2020,2,3,Wind,965
7/15/2020,7,8,Wind,1539
7/29/2020,8,9,Solar,1457
2/17/2024,11,12,Solar,6806
1/7/2023,3,4,Wind,9229
6/15/2023,5,6,Wind,2112
11/15/2022,18,19,Wind,8862
7/22/2025,3,4,Wind,7203
10/24/2023,0,1,Wind,5049
9/12/2023,11,12,Solar,3952
1/22/2022,22,23,Wind,1760
11/3/2024,15,16,Solar,3842
6/27/2024,16,17,Solar,10001
8/20/2021,7,8,Wind,674
12/27/2021,2,3,Wind,4162
3/27/2020,9,10,Solar,3563
5/2/2024,18,19,Wind,13877
1/19/2025,8,9,Wind,814
12/15/2020,20,21,Wind,4290
6/27/2024,19,20,Wind,6393
10/11/2024,14,15,Solar,6617
6/28/2024,13,14,Solar,4708
12/11/2022,5,6,Wind,2487
8/20/2022,11,12,Solar,5342
2/14/2021,19,20,Wind,10764
6/29/2023,2,3,Wind,1170
1/7/2021,2,3,Wind,468
12/28/2024,12,13,Solar,4417
1/14/2025,8,9,Wind,2258
5/30/2025,6,7,Wind,1119
10/2/2025,4,5,Wind,2470
6/8/2023,19,20,Wind,4273
4/20/2022,8,9,Wind,4367
9/21/2021,4,5,Wind,3269
7/24/2025,4,5,Wind,2588
7/4/2020,11,12,Wind,10751
8/27/2023,17,18,Wind,9048
9/4/2024,17,18,Solar,3991
1/26/2021,15,16,Wind,4758
8/3/2025,13,14,Solar,6549
8/8/2025,3,4,Wind,1391
9/3/2022,15,16,Solar,7360
4/18/2020,18,19,Solar,1559
4/22/2020,22,23,Wind,3511
7/3/2022,18,19,Solar,4544
11/16/2022,16,17,Wind,10634
10/25/2020,18,19,Wind,4988
9/12/2025,1,2,Wind,10152
8/3/2024,22,23,Wind,2987
11/29/2023,2,3,Wind,2787
1/11/2025,6,7,Wind,1985
6/25/2021,5,6,Wind,1283
7/31/2023,2,3,Wind,6606
1/17/2020,11,12,Wind,7934
2/25/2020,7,8,Wind,8971
5/23/2024,23,0,Wind,886
8/18/2023,11,12,Solar,6485
3/8/2022,15,16,Wind,6457
9/18/2023,14,15,Wind,14988
8/21/2021,10,11,Solar,3539
5/15/2024,13,14,Solar,6580
6/22/2020,15,16,Solar,4715
1/29/2025,10,11,Wind,14308
12/12/2024,8,9,Wind,3272
4/11/2023,18,19,Wind,8166
2/7/2023,7,8,Wind,8169
7/23/2021,4,5,Wind,3498
11/30/2023,14,15,Wind,1967
11/17/2021,8,9,Wind,2055
4/1/2021,10,11,Solar,3836
11/25/2025,4,5,Wind,11532
11/24/2023,8,9,Wind,7731
5/18/2020,12,13,Solar,5116
2/3/2024,19,20,Wind,4871
8/27/2024,22,23,Wind,2696
2/3/2025,9,10,Solar,3407
10/21/2025,1,2,Wind,15671
4/7/2020,3,4,Wind,1543
8/4/2025,8,9,Wind,4084
10/14/2025,17,18,Wind,8042
8/13/2021,19,20,Solar,1596
1/2/2021,4,5,Wind,1433
11/4/2020,19,20,Wind,4715
6/24/2023,20,21,Wind,1943
5/22/2024,7,8,Wind,4956
2/16/2025,11,12,Solar,8307
10/9/2025,14,15,Solar,6328
4/24/2025,6,7,Wind,2429
8/16/2021,23,0,Wind,2893
11/8/2022,5,6,Wind,13210
5/31/2022,3,4,Wind,1402
6/29/2021,1,2,Wind,1438
5/29/2024,21,22,Wind,6432
7/18/2020,4,5,Wind,1161
8/23/2022,12,13,Solar,5360
7/9/2025,0,1,Wind,2212
11/16/2020,3,4,Wind,9350
9/4/2021,7,8,Wind,747
3/29/2024,17,18,Wind,6785
10/9/2020,0,1,Wind,3227
4/13/2020,12,13,Wind,9354
7/8/2021,23,0,Wind,1342
3/9/2023,9,10,Wind,13931
8/9/2020,9,10,Solar,2029
12/19/2023,0,1,Wind,5043
7/16/2023,11,12,Wind,8109
2/24/2022,0,1,Wind,3647
5/31/2025,15,16,Solar,4393
7/9/2022,23,0,Wind,6034
3/20/2023,22,23,Wind,2340
12/21/2021,1,2,Wind,3098
4/6/2023,4,5,Wind,1615
2/3/2022,17,18,Wind,2162
6/13/2022,1,2,Wind,4442
7/5/2020,10,11,Wind,9150
12/2/2024,21,22,Wind,7986
7/10/2025,14,15,Solar,11903
8/13/2025,23,0,Wind,4264
5/18/2021,15,16,Wind,5634
2/26/2025,7,8,Wind,7595
9/9/2022,9,10,Wind,10458
10/12/2020,3,4,Wind,2916
2/17/2021,1,2,Wind,9032
11/7/2022,19,20,Wind,10311
9/30/2024,23,0,Wind,11177
6/1/2024,20,21,Wind,8555
12/29/2020,4,5,Wind,5708
10/11/2020,1,2,Wind,3763
6/3/2022,23,0,Wind,3179
1/21/2021,19,20,Wind,13380
10/9/2022,7,8,Wind,4864
12/31/2022,9,10,Wind,16378
3/7/2022,22,23,Wind,8685
9/16/2023,7,8,Wind,2683
4/29/2020,1,2,Wind,5296
6/1/2022,13,14,Solar,6755
10/21/2021,22,23,Wind,2821
7/14/2025,13,14,Solar,13881
6/29/2022,23,0,Wind,1317
5/24/2021,2,3,Wind,9697
11/16/2024,7,8,Wind,1355
9/7/2020,1,2,Wind,1708
3/9/2020,9,10,Wind,6979
4/22/2024,6,7,Wind,6322
7/14/2022,5,6,Wind,957
1/26/2020,22,23,Wind,8464
1/19/2020,10,11,Wind,6640
6/7/2024,20,21,Wind,1677
11/19/2023,8,9,Wind,12381
8/4/2022,4,5,Wind,1381
10/4/2021,2,3,Wind,4945
7/25/2024,2,3,Wind,1311
1/8/2025,4,5,Wind,4255
4/7/2024,21,22,Wind,6169
3/17/2024,11,12,Solar,7592
9/5/2025,22,23,Wind,1576
12/30/2021,20,21,Wind,5323
6/3/2021,1,2,Wind,1917
11/6/2024,17,18,Wind,1289
8/9/2024,19,20,Wind,6320
6/17/2021,18,19,Wind,2486
11/5/2021,23,0,Wind,2197
8/30/2020,7,8,Wind,3485
11/19/2025,5,6,Wind,11289
4/28/2022,8,9,Wind,4847
9/23/2022,17,18,Solar,1661
6/14/2023,23,0,Wind,4419
6/17/2020,1,2,Wind,1380
6/21/2024,17,18,Wind,9663
12/2/2024,9,10,Wind,8496
11/11/2020,18,19,Wind,4587
1/12/2023,14,15,Wind,17495
3/25/2024,19,20,Wind,8111
11/19/2024,15,16,Wind,17587
2/15/2020,5,6,Wind,5506
7/31/2022,21,22,Wind,3147
5/6/2021,7,8,Wind,3101
6/28/2022,9,10,Solar,4235
9/23/2022,9,10,Solar,2353
7/20/2023,7,8,Wind,1271
12/16/2020,14,15,Wind,7051
5/21/2025,3,4,Wind,2509
12/20/2021,11,12,Wind,4768
12/19/2021,19,20,Wind,2947
11/19/2024,3,4,Wind,16872
6/16/2021,7,8,Wind,1599
1/10/2021,2,3,Wind,5078
7/26/2022,7,8,Wind,1808
5/17/2022,0,1,Wind,1328
9/20/2025,15,16,Wind,14693
10/28/2021,16,17,Wind,8673
2/3/2021,21,22,Wind,8086
3/25/2021,19,20,Wind,1243
9/10/2024,5,6,Wind,4896
3/17/2022,17,18,Wind,5147
2/7/2025,21,22,Wind,9470
6/27/2024,1,2,Wind,1055
5/28/2025,12,13,Wind,18742
7/22/2021,13,14,Solar,6691
11/15/2020,9,10,Wind,14031
9/19/2022,13,14,Solar,8059
1/14/2022,6,7,Wind,1037
2/15/2020,3,4,Wind,5096
2/14/2020,6,7,Wind,3996
6/15/2024,15,16,Wind,10617
12/27/2021,20,21,Wind,12074
1/20/2020,5,6,Wind,5834
2/9/2020,19,20,Wind,12359
7/1/2025,7,8,Wind,2303
12/9/2024,11,12,Wind,15314
8/1/2024,9,10,Solar,4087
4/8/2024,16,17,Wind,7088
12/11/2021,8,9,Wind,4035
1/6/2025,15,16,Wind,18916
10/12/2021,14,15,Solar,7176
7/3/2023,7,8,Wind,3698
3/23/2025,9,10,Wind,7817
3/30/2025,0,1,Wind,6856
2/22/2025,21,22,Wind,2872
2/15/2020,16,17,Wind,10338
12/16/2024,17,18,Wind,3346
3/10/2024,6,7,Wind,2312
5/30/2021,9,10,Solar,4115
3/13/2024,11,12,Solar,9490
10/30/2025,10,11,Solar,8504
10/2/2024,12,13,Solar,5821
12/7/2021,11,12,Wind,9128
5/3/2024,22,23,Wind,2287
12/30/2020,0,1,Wind,2822
7/13/2022,2,3,Wind,1280
2/19/2022,7,8,Wind,7911
11/9/2020,20,21,Wind,1621
2/21/2025,5,6,Wind,10621
1/13/2024,15,16,Solar,2572
12/2/2020,17,18,Wind,1690
5/21/2025,2,3,Wind,3257
1/25/2025,22,23,Wind,9566
3/24/2024,0,1,Wind,9763
2/17/2025,14,15,Solar,6881
8/3/2022,15,16,Solar,6162
8/30/2024,17,18,Wind,7963
2/28/2024,15,16,Solar,7185
9/12/2023,10,11,Solar,3166
6/16/2024,14,15,Wind,7642
12/31/2020,7,8,Wind,4964
11/12/2022,21,22,Wind,3584
5/22/2021,18,19,Wind,9548
5/14/2022,20,21,Wind,1424
9/28/2022,5,6,Wind,5632
6/19/2023,15,16,Solar,5321
7/13/2022,9,10,Solar,3513
4/12/2020,3,4,Wind,696
8/25/2022,16,17,Solar,6767
4/29/2024,11,12,Solar,5597
3/1/2025,16,17,Wind,14564
2/13/2020,12,13,Wind,13365
12/13/2020,10,11,Wind,5458
6/11/2024,22,23,Wind,2626
5/17/2023,9,10,Wind,8516
11/19/2020,4,5,Wind,8029
6/19/2023,9,10,Solar,3320
11/5/2021,4,5,Wind,3108
9/16/2020,14,15,Solar,4372
5/20/2022,6,7,Wind,3077
3/25/2025,16,17,Solar,6253
8/21/2022,10,11,Solar,4371
10/30/2024,19,20,Wind,3308
4/27/2022,0,1,Wind,5877
6/18/2025,23,0,Wind,4381
7/9/2024,11,12,Solar,8792
4/5/2022,14,15,Wind,10131
8/18/2024,12,13,Solar,10131
3/13/2023,22,23,Wind,16043
4/13/2023,2,3,Wind,15153
1/18/2023,5,6,Wind,3632
2/21/2023,4,5,Wind,1551
8/15/2023,2,3,Wind,1815
8/28/2023,18,19,Wind,6364
12/16/2023,12,13,Solar,5496
6/29/2022,22,23,Wind,1362
10/17/2021,14,15,Solar,5013
10/12/2021,0,1,Wind,3116
5/8/2021,18,19,Wind,8981
5/28/2025,21,22,Wind,6654
11/21/2021,19,20,Wind,4207
3/14/2025,23,0,Wind,9284
2/27/2023,0,1,Wind,14067
9/1/2020,18,19,Wind,3107
1/18/2025,18,19,Wind,1711
2/22/2020,1,2,Wind,7407
1/26/2024,20,21,Wind,2414
2/20/2025,10,11,Wind,11145
2/23/2025,9,10,Wind,6682
6/24/2020,20,21,Wind,2740
4/26/2020,15,16,Solar,3214
2/2/2024,8,9,Wind,6090
3/24/2022,12,13,Solar,7393
5/21/2023,12,13,Wind,5335
3/19/2021,13,14,Wind,13628
3/25/2025,12,13,Solar,7446
10/24/2023,17,18,Wind,4894
11/19/2020,12,13,Wind,11021
8/27/2022,8,9,Wind,2846
7/10/2022,6,7,Wind,4085
1/20/2021,11,12,Wind,13519
9/14/2021,23,0,Wind,2897
9/16/2023,9,10,Wind,4351
12/3/2020,9,10,Wind,6349
7/12/2025,14,15,Solar,9766
4/5/2020,2,3,Wind,7378
4/13/2025,23,0,Wind,2040
1/31/2022,17,18,Wind,12938
11/22/2020,19,20,Wind,812
3/1/2025,17,18,Wind,12501
7/8/2024,22,23,Wind,3483
3/26/2025,14,15,Solar,7508
11/11/2024,6,7,Wind,3138
5/30/2025,11,12,Solar,8413
9/26/2021,22,23,Wind,2869
5/8/2022,4,5,Wind,3790
8/14/2024,10,11,Solar,3757
7/22/2025,19,20,Wind,6087
12/28/2024,10,11,Solar,3031
2/10/2023,7,8,Wind,841
5/11/2020,6,7,Wind,11556
5/16/2021,2,3,Wind,4880
3/14/2020,15,16,Wind,6028
8/3/2023,14,15,Wind,13128
12/26/2022,12,13,Wind,10287
3/31/2020,14,15,Wind,11530
4/1/2020,6,7,Wind,4758
7/14/2024,11,12,Solar,3060
4/2/2025,5,6,Wind,14891
6/9/2025,5,6,Wind,1768
5/27/2021,11,12,Solar,4595
4/20/2020,9,10,Wind,5565
6/12/2025,9,10,Solar,8599
10/1/2020,9,10,Wind,6038
6/15/2023,20,21,Wind,2436
2/15/2020,6,7,Wind,5724
12/20/2020,8,9,Wind,4384
1/18/2021,19,20,Wind,5880
5/2/2021,20,21,Wind,1062
8/6/2021,15,16,Wind,9850
3/5/2023,6,7,Wind,1771
7/29/2023,22,23,Wind,4121
11/20/2025,0,1,Wind,11619
5/2/2022,2,3,Wind,2628
5/23/2020,23,0,Wind,4447
10/7/2023,17,18,Solar,4413
5/26/2023,4,5,Wind,6236
2/8/2023,8,9,Wind,4464
8/27/2021,5,6,Wind,2931
6/18/2024,0,1,Wind,2605
2/13/2024,13,14,Wind,11902
8/22/2021,3,4,Wind,2536
5/24/2021,3,4,Wind,9148
11/28/2020,14,15,Wind,3421
11/1/2025,4,5,Wind,13937
3/26/2021,22,23,Wind,8516
9/25/2023,1,2,Wind,5916
8/3/2020,18,19,Wind,6456
12/1/2020,14,15,Wind,8026
4/3/2022,2,3,Wind,5248
12/18/2024,22,23,Wind,17502
1/20/2024,21,22,Wind,9728
10/23/2022,8,9,Wind,8388
3/26/2025,10,11,Solar,6945
3/18/2021,7,8,Wind,3408
9/13/2025,19,20,Wind,7832
7/11/2024,11,12,Solar,6114
12/28/2020,21,22,Wind,8068
1/24/2024,0,1,Wind,17265
6/6/2025,7,8,Wind,6994
1/25/2021,0,1,Wind,5802
11/24/2023,20,21,Wind,10327
4/18/2021,0,1,Wind,5087
10/2/2020,11,12,Wind,7894
1/11/2023,20,21,Wind,15134
10/20/2024,2,3,Wind,3144
10/26/2025,2,3,Wind,10423
3/7/2020,11,12,Solar,4821
7/30/2024,6,7,Wind,1315
11/27/2024,2,3,Wind,9979
5/30/2020,20,21,Wind,3245
9/24/2023,3,4,Wind,2167
7/7/2021,17,18,Solar,3832
4/4/2022,5,6,Wind,2766
6/2/2020,14,15,Solar,3647
8/7/2023,2,3,Wind,3960
1/19/2025,16,17,Solar,1639
6/24/2025,11,12,Solar,10339
6/1/2021,14,15,Solar,6833
2/4/2023,5,6,Wind,2826
8/26/2025,2,3,Wind,3571
6/11/2023,12,13,Solar,6339
7/5/2024,11,12,Solar,11896
7/24/2024,2,3,Wind,1384
4/5/2023,19,20,Wind,1553
9/6/2020,13,14,Solar,4370
6/28/2021,7,8,Wind,1647
4/25/2023,14,15,Solar,6386
4/8/2023,18,19,Solar,4336
9/14/2021,8,9,Wind,3204
4/23/2020,12,13,Solar,2744
8/1/2021,17,18,Wind,6041
6/6/2025,6,7,Wind,7021
4/25/2025,2,3,Wind,3007
10/10/2024,22,23,Wind,2686
12/29/2021,12,13,Wind,11788
2/20/2022,0,1,Wind,12216
11/24/2022,6,7,Wind,9276
8/19/2023,15,16,Solar,7877
12/12/2021,1,2,Wind,5502
10/7/2020,6,7,Wind,7030
4/14/2023,23,0,Wind,6103
7/14/2022,19,20,Wind,6951
9/28/2021,18,19,Wind,2589
2/28/2025,21,22,Wind,6959
1/10/2025,11,12,Wind,5594
2/11/2022,23,0,Wind,3464
5/7/2023,20,21,Wind,1938
6/18/2022,11,12,Solar,6348
10/8/2025,5,6,Wind,527
11/23/2021,6,7,Wind,7965
9/25/2023,16,17,Solar,5107
1/9/2023,21,22,Wind,10646
5/23/2022,6,7,Wind,2966
11/26/2022,18,19,Wind,5223
12/24/2023,14,15,Wind,18131
5/20/2025,22,23,Wind,5679
6/29/2021,4,5,Wind,1419
10/19/2025,11,12,Wind,10685
5/1/2023,18,19,Wind,7660
2/27/2022,15,16,Wind,8007
11/23/2020,18,19,Wind,784
3/25/2025,20,21,Wind,3781
5/30/2022,15,16,Solar,5422
1/2/2022,5,6,Wind,7811
4/5/2025,17,18,Solar,9394
1/5/2022,19,20,Wind,3988
7/8/2023,4,5,Wind,4232
9/24/2020,3,4,Wind,6870
10/7/2021,9,10,Solar,2972
4/16/2023,1,2,Wind,6782
8/26/2023,9,10,Wind,4426
7/16/2023,21,22,Wind,2634
4/22/2025,9,10,Solar,3698
5/18/2025,6,7,Wind,2353
12/29/2022,23,0,Wind,8069
4/2/2022,4,5,Wind,9769
4/22/2020,8,9,Wind,3372
2/14/2022,6,7,Wind,11238
5/18/2022,19,20,Wind,2474
3/9/2020,13,14,Wind,9791
6/8/2023,18,19,Wind,5223
9/3/2020,5,6,Wind,1423
2/13/2022,13,14,Wind,16623
3/31/2025,3,4,Wind,4983
10/26/2023,8,9,Wind,6160
6/3/2025,0,1,Wind,434
1/27/2020,3,4,Wind,8248
5/2/2025,5,6,Wind,2976
10/9/2022,15,16,Solar,6245
12/12/2021,20,21,Wind,2161
11/20/2022,3,4,Wind,5350
10/25/2020,2,3,Wind,11001
4/14/2020,17,18,Wind,7349
11/22/2024,10,11,Wind,14291
11/13/2023,19,20,Wind,14737
7/20/2020,23,0,Wind,5060
6/16/2023,5,6,Wind,969
11/11/2020,8,9,Wind,1412
1/15/2024,4,5,Wind,2505
8/10/2021,23,0,Wind,676
5/2/2024,8,9,Wind,7058
7/25/2023,13,14,Wind,10912
9/26/2025,9,10,Solar,2419
4/4/2023,23,0,Wind,3855
10/15/2020,14,15,Wind,7712
9/9/2023,3,4,Wind,1828
2/16/2020,1,2,Wind,12515
7/7/2024,23,0,Wind,1333
10/10/2020,20,21,Wind,4106
10/16/2023,9,10,Wind,7739
12/26/2021,9,10,Wind,3360
7/22/2021,12,13,Solar,6530
9/13/2021,9,10,Solar,3007
11/30/2021,9,10,Wind,12057
7/6/2022,19,20,Wind,4813
1/19/2020,13,14,Wind,7807
10/6/2022,20,21,Wind,610
12/28/2021,19,20,Wind,13898
2/25/2021,16,17,Solar,2748
10/15/2022,15,16,Wind,10209
10/26/2020,16,17,Wind,8459
10/3/2020,5,6,Wind,2568
3/26/2024,4,5,Wind,5440
9/15/2020,8,9,Wind,2951
9/8/2025,23,0,Wind,2603
11/16/2020,17,18,Wind,4567
6/29/2020,7,8,Wind,2906
1/19/2022,14,15,Wind,4196
12/28/2022,1,2,Wind,12001
10/29/2025,20,21,Wind,9021
2/13/2021,16,17,Wind,7911
4/16/2021,15,16,Wind,9476
10/16/2022,17,18,Wind,5468
10/21/2025,10,11,Wind,9985
12/23/2020,3,4,Wind,6408
10/4/2025,9,10,Wind,18706
4/1/2021,22,23,Wind,7883
4/21/2022,1,2,Wind,3576
4/20/2024,22,23,Wind,6474
9/21/2024,20,21,Wind,3523
7/11/2023,22,23,Wind,3753
1/31/2025,22,23,Wind,3899
3/2/2022,18,19,Wind,949
4/18/2020,14,15,Solar,3138
1/25/2021,1,2,Wind,5881
9/16/2025,15,16,Wind,14441
3/7/2023,19,20,Wind,7114
11/25/2025,13,14,Wind,14978
8/13/2023,13,14,Solar,8603
10/16/2023,20,21,Wind,9952
6/17/2023,9,10,Solar,4174
11/1/2024,4,5,Wind,627
7/26/2020,18,19,Wind,4916
3/28/2024,9,10,Wind,19786
1/13/2022,12,13,Solar,4756
3/29/2025,23,0,Wind,6384
2/15/2022,12,13,Wind,11976
4/20/2021,3,4,Wind,724
7/7/2024,1,2,Wind,4676
12/4/2022,0,1,Wind,3492
7/16/2021,21,22,Wind,3267
8/13/2022,17,18,Solar,5162
3/16/2022,0,1,Wind,4307
10/4/2022,15,16,Solar,6031
10/30/2023,21,22,Wind,7498
5/16/2024,5,6,Wind,1919
3/1/2025,21,22,Wind,11156
5/3/2021,17,18,Wind,11040
1/25/2023,5,6,Wind,1892
3/7/2021,9,10,Solar,1996
4/8/2025,17,18,Solar,6459
8/4/2021,6,7,Wind,848
9/17/2025,1,2,Wind,2780
7/6/2023,3,4,Wind,1103
4/14/2025,19,20,Wind,2687
9/28/2023,11,12,Solar,5746
11/25/2022,11,12,Wind,5292
5/5/2023,10,11,Solar,6177
8/8/2020,0,1,Wind,2093
3/13/2022,14,15,Wind,10288
5/30/2023,11,12,Solar,12740
8/13/2021,21,22,Wind,995
11/26/2024,10,11,Wind,7636
5/22/2025,9,10,Wind,8145
1/16/2025,22,23,Wind,2232
11/12/2025,23,0,Wind,13902
7/8/2024,1,2,Wind,890
4/21/2024,6,7,Wind,5599
1/21/2024,1,2,Wind,11712
9/26/2021,0,1,Wind,2238
3/16/2021,18,19,Wind,5463
5/30/2023,7,8,Wind,8814
9/6/2024,22,23,Wind,3434
7/20/2024,19,20,Wind,3673
7/15/2024,0,1,Wind,435
11/22/2021,6,7,Wind,9296
6/9/2023,17,18,Solar,5215
7/27/2025,7,8,Wind,2649
10/30/2021,0,1,Wind,5898
1/22/2023,21,22,Wind,3769
9/24/2025,8,9,Wind,7031
7/8/2024,15,16,Solar,8750
3/30/2024,16,17,Wind,7407
6/15/2020,1,2,Wind,2352
3/18/2025,17,18,Wind,9269
11/26/2025,0,1,Wind,8185
5/7/2020,2,3,Wind,2744
7/17/2020,1,2,Wind,1809
8/7/2022,19,20,Wind,7462
5/30/2024,22,23,Wind,5569
8/20/2020,19,20,Wind,2909
9/6/2025,5,6,Wind,4929
8/9/2022,8,9,Wind,5025
6/3/2022,17,18,Solar,4573
11/30/2022,23,0,Wind,3616
11/27/2021,23,0,Wind,8198
9/13/2020,14,15,Solar,4060
11/7/2022,3,4,Wind,11035
10/30/2024,18,19,Wind,3257
2/28/2022,12,13,Solar,6321
6/15/2020,6,7,Wind,2078
7/5/2023,16,17,Wind,11951
4/10/2020,11,12,Solar,4108
5/31/2022,15,16,Solar,7493
2/21/2021,23,0,Wind,7694
2/16/2022,22,23,Wind,15863
2/7/2021,16,17,Wind,4577
4/7/2025,1,2,Wind,8027
6/21/2020,8,9,Wind,3303
10/25/2021,16,17,Wind,3790
5/25/2023,3,4,Wind,7037
6/12/2022,13,14,Solar,6589
6/4/2021,9,10,Solar,2557
7/21/2023,6,7,Wind,2672
6/8/2021,11,12,Solar,4775
6/18/2023,12,13,Solar,6966
12/3/2024,12,13,Solar,3711
6/19/2020,5,6,Wind,2118
7/3/2022,10,11,Solar,5228
10/8/2025,14,15,Solar,7493
9/25/2024,0,1,Wind,3856
4/17/2022,8,9,Wind,5779
4/4/2021,3,4,Wind,5993
2/1/2024,4,5,Wind,7315
8/30/2025,2,3,Wind,6065
9/19/2023,16,17,Wind,14372
3/19/2021,16,17,Wind,12517
9/8/2025,19,20,Wind,2523
9/26/2023,14,15,Solar,6884
3/8/2020,14,15,Wind,12474
11/3/2022,4,5,Wind,9034
2/5/2023,10,11,Wind,9405
2/8/2024,17,18,Wind,15352
12/22/2022,22,23,Wind,11749
4/17/2024,9,10,Wind,6435
1/14/2020,20,21,Wind,12731
12/6/2024,14,15,Wind,10164
5/18/2021,0,1,Wind,6267
2/6/2020,18,19,Wind,4355
4/29/2025,13,14,Solar,5626
2/17/2020,18,19,Wind,11206
11/27/2024,21,22,Wind,7587
11/22/2023,9,10,Wind,6723
2/7/2022,15,16,Wind,6177
12/22/2021,21,22,Wind,5683
12/31/2023,9,10,Wind,17316
7/16/2020,18,19,Wind,3356
5/2/2020,0,1,Wind,6278
2/24/2024,15,16,Wind,14891
3/10/2020,10,11,Wind,13038
1/30/2021,15,16,Wind,7602
2/8/2024,11,12,Wind,17591
5/20/2021,20,21,Wind,7966
9/9/2020,5,6,Wind,996
1/16/2021,19,20,Wind,6506
11/24/2024,14,15,Wind,21819
2/3/2023,23,0,Wind,3645
1/22/2021,22,23,Wind,6450
11/3/2021,3,4,Wind,3691
2/7/2020,16,17,Wind,4506
2/17/2024,17,18,Wind,2886
4/8/2022,21,22,Wind,9139
5/20/2022,0,1,Wind,2743
6/9/2021,3,4,Wind,1231
6/18/2021,2,3,Wind,4004
6/10/2025,17,18,Solar,9108
1/29/2022,12,13,Wind,10699
5/4/2022,16,17,Solar,5479
5/10/2022,8,9,Wind,3851
1/21/2021,17,18,Wind,12458
6/16/2021,5,6,Wind,1216
6/27/2022,23,0,Wind,1976
8/23/2024,6,7,Wind,10900
2/4/2024,13,14,Wind,10941
2/14/2022,1,2,Wind,14132
6/19/2021,23,0,Wind,3400
6/8/2022,7,8,Wind,3640
8/25/2020,5,6,Wind,3173
6/16/2024,9,10,Wind,6479
5/8/2023,6,7,Wind,1286
9/24/2024,21,22,Wind,4210
8/9/2023,23,0,Wind,2266
4/2/2024,23,0,Wind,9775
10/25/2025,13,14,Wind,12273
7/4/2025,6,7,Wind,3695
5/18/2025,19,20,Wind,4077
12/14/2020,3,4,Wind,9160
11/19/2022,3,4,Wind,2488
10/20/2025,14,15,Wind,19450
10/10/2020,0,1,Wind,2884
6/1/2022,18,19,Solar,4000
12/8/2023,14,15,Wind,6066
10/23/2020,11,12,Wind,3018
11/25/2025,21,22,Wind,10266
6/3/2023,17,18,Wind,8586
12/10/2022,16,17,Wind,1838
8/13/2023,6,7,Wind,1032
11/17/2024,1,2,Wind,4491
7/31/2023,12,13,Wind,17513
7/20/2025,13,14,Wind,7495
2/28/2022,6,7,Wind,4013
7/27/2023,22,23,Wind,3939
9/5/2025,15,16,Solar,9529
10/7/2022,17,18,Solar,2927
4/30/2022,21,22,Wind,4089
6/6/2023,7,8,Wind,5204
7/29/2022,16,17,Solar,5618
8/5/2023,8,9,Wind,5666
8/31/2023,11,12,Solar,8438
5/4/2020,6,7,Wind,875
6/16/2021,14,15,Solar,5156
8/1/2022,2,3,Wind,1917
9/17/2021,21,22,Wind,1114
7/5/2024,0,1,Wind,4259
5/12/2024,0,1,Wind,4318
2/22/2022,6,7,Wind,6223
7/31/2023,15,16,Wind,17999
3/27/2024,9,10,Wind,9902
3/2/2021,14,15,Solar,3937
6/2/2024,10,11,Wind,5701
1/17/2020,16,17,Wind,8528
8/8/2024,9,10,Solar,4427
11/4/2021,14,15,Wind,5011
5/18/2020,19,20,Wind,3310
7/16/2022,3,4,Wind,3194
8/27/2021,19,20,Wind,4899
7/13/2021,12,13,Wind,6391
2/3/2022,18,19,Wind,2389
9/11/2021,17,18,Solar,3667
9/5/2024,0,1,Wind,3543
11/20/2021,3,4,Wind,1611
6/24/2022,14,15,Wind,9746
3/10/2024,14,15,Solar,4234
4/5/2022,11,12,Wind,8790
9/8/2025,14,15,Solar,6888
7/23/2024,14,15,Wind,14217
9/7/2023,2,3,Wind,2642
9/7/2024,14,15,Solar,7737
4/19/2020,21,22,Wind,5061
9/6/2022,8,9,Wind,3417
1/9/2024,17,18,Wind,3535
9/13/2024,12,13,Solar,10419
1/18/2025,17,18,Wind,1549
3/27/2024,17,18,Wind,11682
9/22/2025,9,10,Wind,10971
6/22/2024,5,6,Wind,6080
5/11/2022,1,2,Wind,2851
5/11/2020,13,14,Wind,12947
10/28/2024,16,17,Wind,1928
8/21/2021,14,15,Solar,5952
6/19/2021,2,3,Wind,1962
1/4/2022,0,1,Wind,7777
2/12/2025,6,7,Wind,2158
1/23/2023,8,9,Wind,4951
3/4/2020,23,0,Wind,5088
12/3/2020,6,7,Wind,4001
5/29/2025,7,8,Wind,3173
1/28/2024,0,1,Wind,7084
11/18/2022,1,2,Wind,9293
12/28/2024,6,7,Wind,459
8/29/2022,18,19,Wind,4151
2/9/2025,15,16,Solar,3225
8/25/2023,5,6,Wind,2492
10/27/2020,16,17,Wind,11928
3/16/2022,4,5,Wind,3942
1/19/2020,20,21,Wind,7105
3/31/2020,7,8,Wind,6917
1/6/2020,18,19,Wind,5455
6/29/2024,19,20,Wind,6169
1/23/2021,18,19,Wind,4866
2/11/2023,21,22,Wind,3706
1/2/2021,20,21,Wind,1679
8/23/2025,20,21,Wind,2368
9/28/2025,8,9,Wind,2444
4/27/2024,8,9,Wind,5758
1/30/2023,22,23,Wind,2185
10/20/2024,17,18,Wind,12601
12/24/2023,12,13,Wind,18989
2/11/2024,12,13,Wind,16222
5/7/2023,18,19,Solar,4243
9/15/2024,8,9,Wind,4614
6/28/2020,10,11,Wind,6325
9/19/2025,8,9,Wind,6897
2/9/2021,16,17,Wind,5426
7/31/2020,11,12,Solar,4900
10/26/2021,0,1,Wind,3045
12/16/2022,19,20,Wind,3195
1/29/2020,23,0,Wind,5513
9/24/2021,22,23,Wind,931
10/27/2021,20,21,Wind,3065
2/15/2025,14,15,Solar,8642
9/14/2025,10,11,Wind,7239
10/20/2022,7,8,Wind,4845
3/4/2022,0,1,Wind,1413
5/3/2024,7,8,Wind,8341
8/17/2021,4,5,Wind,1885
11/28/2021,19,20,Wind,6095
9/30/2021,21,22,Wind,4158
11/28/2024,10,11,Solar,4209
10/17/2021,0,1,Wind,1743
1/4/2021,17,18,Wind,2632
12/7/2021,19,20,Wind,13582
8/1/2021,20,21,Wind,2253
3/15/2025,23,0,Wind,10551
11/22/2022,19,20,Wind,10777
4/5/2023,6,7,Wind,1210
7/17/2020,12,13,Solar,4317
8/6/2024,23,0,Wind,2233
6/28/2025,23,0,Wind,3775
7/3/2024,7,8,Wind,2585
10/30/2021,21,22,Wind,4778
10/13/2024,1,2,Wind,4549
12/16/2023,13,14,Solar,5397
6/24/2022,8,9,Wind,3144
4/15/2020,21,22,Wind,4276
3/15/2024,11,12,Wind,17560
7/24/2024,20,21,Wind,1586
3/7/2021,21,22,Wind,3502
9/23/2020,5,6,Wind,2783
1/25/2021,21,22,Wind,4109
3/19/2025,5,6,Wind,8747
7/6/2024,23,0,Wind,5189
1/27/2023,22,23,Wind,6655
9/4/2024,20,21,Wind,2481
1/1/2024,17,18,Wind,10564
1/30/2021,10,11,Wind,8257
1/24/2021,20,21,Wind,6877
8/12/2025,10,11,Solar,7716
4/13/2023,19,20,Wind,4785
4/20/2022,3,4,Wind,4398
2/13/2025,9,10,Wind,2537
10/9/2020,13,14,Wind,5265
4/17/2023,8,9,Wind,4552
9/4/2023,14,15,Solar,11169
10/31/2023,8,9,Wind,6962
10/7/2025,5,6,Wind,1676
9/24/2023,19,20,Wind,3941
10/13/2020,18,19,Wind,3429
2/15/2024,17,18,Wind,9122
1/13/2025,19,20,Wind,4520
10/22/2021,14,15,Wind,8088
8/12/2023,13,14,Solar,9111
3/20/2020,13,14,Wind,7442
7/21/2022,22,23,Wind,2408
12/31/2024,20,21,Wind,9552
9/2/2025,13,14,Wind,16688
8/14/2020,23,0,Wind,686
1/8/2025,0,1,Wind,6353
5/8/2025,20,21,Wind,5960
5/4/2023,22,23,Wind,3584
4/23/2023,1,2,Wind,6699
9/13/2020,20,21,Wind,951
7/10/2020,12,13,Wind,6165
12/20/2023,4,5,Wind,8793
7/18/2025,18,19,Solar,5288
3/16/2022,18,19,Wind,3316
8/25/2023,11,12,Wind,8302
10/14/2025,14,15,Solar,11181
2/17/2021,21,22,Wind,7707
9/16/2023,20,21,Wind,1885
8/10/2021,21,22,Wind,542
8/9/2021,15,16,Wind,9102
5/2/2022,16,17,Solar,5358
3/28/2022,9,10,Solar,3516
4/20/2020,2,3,Wind,5375
2/20/2022,10,11,Wind,15513
3/8/2021,23,0,Wind,2567
8/16/2021,9,10,Wind,7321
9/27/2021,2,3,Wind,3723
6/29/2024,8,9,Wind,4165
10/7/2025,12,13,Solar,8314
10/29/2024,19,20,Wind,674
9/9/2025,8,9,Wind,2391
5/30/2023,5,6,Wind,8783
11/10/2021,20,21,Wind,1104
10/19/2025,21,22,Wind,13960
2/16/2025,14,15,Solar,8204
3/26/2021,1,2,Wind,3152
4/23/2024,7,8,Wind,4692
9/19/2025,7,8,Wind,5338
11/25/2021,18,19,Wind,3297
4/27/2022,10,11,Solar,6931
5/2/2023,14,15,Solar,9196
3/13/2024,0,1,Wind,7514
7/4/2024,0,1,Wind,6535
12/27/2022,10,11,Wind,5429
7/15/2024,21,22,Wind,6164
2/10/2023,15,16,Solar,5479
9/5/2025,2,3,Wind,3819
9/6/2022,20,21,Wind,4005
8/7/2023,22,23,Wind,1931
9/4/2024,13,14,Solar,4320
1/8/2022,0,1,Wind,10236
5/30/2021,16,17,Solar,5335
9/13/2021,17,18,Solar,2883
10/19/2021,12,13,Wind,9041
4/3/2021,11,12,Wind,14649
2/13/2023,8,9,Wind,3835
4/3/2021,15,16,Wind,14172
3/16/2025,15,16,Wind,10636
5/17/2025,8,9,Solar,5285
1/24/2024,11,12,Wind,15878
4/24/2024,20,21,Wind,4020
11/17/2020,13,14,Wind,5108
8/9/2023,22,23,Wind,1959
5/29/2025,11,12,Solar,10277
7/22/2025,22,23,Wind,1341
10/18/2024,12,13,Solar,4706
7/22/2022,9,10,Solar,3758
2/21/2022,5,6,Wind,14523
6/24/2021,23,0,Wind,2162
7/7/2020,6,7,Wind,1878
4/24/2024,4,5,Wind,4675
6/21/2021,15,16,Solar,4730
6/22/2023,23,0,Wind,4037
2/4/2021,4,5,Wind,3121
7/16/2024,16,17,Wind,15949
12/24/2021,12,13,Wind,3894
12/21/2022,6,7,Wind,6478
6/22/2023,21,22,Wind,3887
9/18/2022,11,12,Solar,8658
11/14/2023,2,3,Wind,12663
9/25/2020,22,23,Wind,11575
11/29/2021,17,18,Wind,2940
1/7/2020,2,3,Wind,4456
6/14/2023,17,18,Solar,6898
10/14/2025,20,21,Wind,5978
1/24/2025,15,16,Wind,15824
2/8/2020,20,21,Wind,4159
8/2/2020,2,3,Wind,2827
5/21/2020,11,12,Solar,3955
11/20/2021,2,3,Wind,1571
9/12/2025,20,21,Wind,5420
10/4/2024,8,9,Wind,4337
12/19/2022,13,14,Wind,14687
11/1/2021,7,8,Wind,8626
10/26/2023,7,8,Wind,5630
7/14/2020,12,13,Solar,4580
7/7/2020,19,20,Wind,2817
5/29/2023,14,15,Wind,9413
4/21/2022,0,1,Wind,3888
6/12/2021,16,17,Solar,4466
3/8/2020,16,17,Wind,9704
5/27/2024,16,17,Wind,8348
9/13/2023,11,12,Solar,4788
3/25/2022,13,14,Solar,8918
3/18/2023,2,3,Wind,7698
3/10/2023,3,4,Wind,15527
9/1/2025,12,13,Wind,12274
4/18/2020,9,10,Solar,1917
3/31/2020,2,3,Wind,6481
8/5/2022,15,16,Solar,9755
7/8/2020,15,16,Solar,7135
12/31/2021,14,15,Wind,5926
5/21/2022,0,1,Wind,2769
5/15/2024,11,12,Solar,5852
10/4/2022,7,8,Wind,1403
6/30/2025,9,10,Solar,5823
2/28/2025,23,0,Wind,7076
10/2/2021,22,23,Wind,13184
2/21/2020,5,6,Wind,4204
11/5/2024,22,23,Wind,64
7/19/2021,1,2,Wind,6188
7/21/2023,4,5,Wind,2102
6/26/2023,0,1,Wind,5494
10/11/2025,12,13,Solar,9663
10/27/2022,20,21,Wind,8245
12/2/2024,20,21,Wind,8546
10/16/2020,6,7,Wind,3056
7/20/2025,15,16,Wind,12774
3/28/2022,10,11,Solar,4340
12/3/2022,5,6,Wind,6384
12/31/2020,21,22,Wind,1257
1/29/2023,18,19,Wind,2744
7/9/2023,23,0,Wind,1743
5/22/2023,2,3,Wind,3069
6/22/2022,14,15,Solar,5729
5/2/2021,3,4,Wind,2088
10/31/2021,8,9,Wind,11372
3/2/2023,15,16,Solar,6140
9/12/2022,6,7,Wind,2813
11/15/2025,6,7,Wind,3450
2/5/2022,14,15,Wind,9733
4/20/2024,1,2,Wind,6953
5/19/2022,8,9,Wind,4300
10/22/2023,4,5,Wind,8008
9/18/2023,23,0,Wind,7001
10/25/2020,10,11,Wind,8575
4/10/2025,16,17,Solar,11745
11/30/2020,7,8,Wind,1192
8/2/2025,20,21,Wind,3196
4/14/2025,0,1,Wind,2026
12/19/2024,21,22,Wind,11190
8/2/2020,11,12,Solar,4919
5/28/2023,18,19,Wind,9012
1/10/2023,21,22,Wind,15393
6/15/2024,9,10,Wind,9480
9/26/2020,4,5,Wind,11282
5/2/2020,4,5,Wind,4894
4/28/2025,11,12,Solar,4376
5/20/2025,7,8,Wind,4311
7/16/2025,13,14,Solar,16578
8/12/2025,16,17,Solar,10907
3/23/2021,9,10,Solar,4067
1/14/2023,18,19,Wind,15326
7/8/2021,2,3,Wind,1488
8/9/2025,10,11,Solar,3448
2/21/2023,17,18,Solar,869
3/29/2023,0,1,Wind,6093
7/30/2022,11,12,Solar,5930
10/27/2025,7,8,Wind,17802
6/11/2024,17,18,Solar,7247
8/8/2025,22,23,Wind,1630
2/16/2022,12,13,Wind,16347
1/13/2023,10,11,Wind,15395
4/25/2022,1,2,Wind,3668
12/14/2023,20,21,Wind,3591
9/4/2021,8,9,Solar,1187
5/27/2023,19,20,Wind,4102
1/26/2025,20,21,Wind,19656
2/15/2022,4,5,Wind,6794
6/11/2023,2,3,Wind,1886
10/10/2024,10,11,Wind,7943
7/9/2021,8,9,Solar,1919
11/4/2022,14,15,Wind,9929
7/12/2025,10,11,Solar,7841
5/15/2020,9,10,Wind,5485
8/22/2024,5,6,Wind,3741
8/21/2025,3,4,Wind,3941
6/8/2023,22,23,Wind,4836
11/2/2023,22,23,Wind,13810
7/1/2022,8,9,Solar,3085
11/29/2023,8,9,Wind,3264
12/15/2022,20,21,Wind,8252
11/22/2020,12,13,Solar,3513
1/19/2024,8,9,Wind,1853
10/19/2021,14,15,Wind,9102
2/10/2022,23,0,Wind,4526
6/12/2024,12,13,Solar,7765
6/4/2023,5,6,Wind,5679
7/19/2022,15,16,Wind,11170
5/2/2023,11,12,Solar,8102
8/11/2021,14,15,Solar,5206
8/19/2020,19,20,Wind,4389
9/9/2023,8,9,Wind,3168
9/28/2025,7,8,Wind,1682
11/8/2024,2,3,Wind,3076
11/6/2022,0,1,Wind,7294
3/7/2025,16,17,Wind,10145
5/26/2025,19,20,Wind,6045
10/19/2024,3,4,Wind,5398
5/4/2024,3,4,Wind,1621
12/19/2020,15,16,Wind,7381
2/26/2022,22,23,Wind,9788
5/2/2025,0,1,Wind,3120
1/25/2021,3,4,Wind,6216
5/31/2021,14,15,Solar,7792
8/31/2022,15,16,Solar,6387
6/5/2022,9,10,Wind,4067
11/15/2025,17,18,Wind,2411
11/30/2021,7,8,Wind,10783
5/31/2021,10,11,Solar,5841
1/22/2024,17,18,Wind,15270
12/30/2023,10,11,Wind,9894
1/30/2025,19,20,Wind,5671
9/5/2021,11,12,Solar,4314
1/9/2020,1,2,Wind,6791
4/23/2021,13,14,Solar,8700
6/4/2024,11,12,Solar,7598
3/30/2023,1,2,Wind,10637
4/27/2024,9,10,Wind,6678
8/25/2025,19,20,Solar,1530
5/28/2025,11,12,Wind,17816
6/8/2025,9,10,Wind,6704
4/3/2020,6,7,Wind,1937
11/27/2023,11,12,Wind,12040
4/22/2025,20,21,Wind,2969
5/21/2025,19,20,Wind,4828
5/29/2023,6,7,Wind,8675
2/9/2023,3,4,Wind,1576
12/4/2022,15,16,Wind,2810
7/16/2021,6,7,Wind,3728
10/3/2022,0,1,Wind,1222
5/28/2025,23,0,Wind,4889
3/15/2022,11,12,Wind,4615
5/31/2021,21,22,Wind,3264
1/13/2025,22,23,Wind,3259
6/1/2020,7,8,Wind,3913
7/18/2023,10,11,Solar,5486
5/14/2022,9,10,Solar,3796
8/19/2023,16,17,Solar,6926
12/26/2020,16,17,Wind,7889
2/13/2023,19,20,Wind,2268
5/3/2024,1,2,Wind,8707
1/3/2021,16,17,Wind,2047
3/11/2024,23,0,Wind,5325
3/11/2020,0,1,Wind,11237
4/23/2022,2,3,Wind,5741
12/27/2023,10,11,Wind,12488
7/7/2020,18,19,Solar,3597
2/27/2024,15,16,Wind,8814
7/15/2023,19,20,Wind,11663
2/8/2025,17,18,Wind,3341
2/1/2023,11,12,Wind,9989
4/28/2022,14,15,Solar,7861
3/24/2020,14,15,Wind,6350
11/21/2024,2,3,Wind,3776
5/30/2022,16,17,Solar,4829
8/22/2021,22,23,Wind,3214
6/19/2025,21,22,Wind,5182
3/29/2025,22,23,Wind,5984
4/14/2021,3,4,Wind,3728
2/3/2020,7,8,Wind,7783
9/11/2024,16,17,Wind,10628
1/27/2023,17,18,Wind,7408
11/17/2020,4,5,Wind,4377
8/22/2021,1,2,Wind,2473
10/6/2024,7,8,Wind,7492
1/13/2020,14,15,Wind,9065
2/7/2023,5,6,Wind,8390
8/23/2022,6,7,Wind,907
6/8/2022,11,12,Wind,7219
7/9/2021,18,19,Solar,2863
6/14/2024,6,7,Wind,7196
8/13/2024,15,16,Solar,6082
8/30/2020,19,20,Wind,5011
10/16/2024,9,10,Wind,12066
11/3/2021,4,5,Wind,3777
9/9/2024,11,12,Wind,12032
10/9/2024,23,0,Wind,12173
1/29/2022,21,22,Wind,7841
11/23/2023,5,6,Wind,3097
5/16/2021,13,14,Wind,10336
2/3/2020,4,5,Wind,8185
9/3/2020,3,4,Wind,1055
10/16/2021,11,12,Solar,3963
7/5/2023,15,16,Wind,12493
3/18/2022,4,5,Wind,7637
12/11/2023,20,21,Wind,5734
3/12/2021,21,22,Wind,12809
8/17/2023,13,14,Solar,7657
11/12/2023,23,0,Wind,11007
11/20/2023,6,7,Wind,9818
3/19/2021,1,2,Wind,3657
9/22/2025,7,8,Wind,9424
2/27/2022,18,19,Wind,4258
11/27/2025,8,9,Wind,8567
9/9/2021,0,1,Wind,2672
3/30/2024,9,10,Wind,5490
6/20/2025,4,5,Wind,6244
7/26/2022,9,10,Solar,3674
2/15/2021,2,3,Wind,9873
7/17/2024,4,5,Wind,1809
4/30/2020,0,1,Wind,6306
5/7/2023,17,18,Solar,5191
3/5/2022,3,4,Wind,2445
12/11/2021,16,17,Wind,2701
1/3/2020,15,16,Wind,7760
1/2/2023,1,2,Wind,11316
6/21/2025,15,16,Solar,9560
8/29/2025,13,14,Wind,17258
5/29/2024,2,3,Wind,7420
7/21/2023,15,16,Solar,9544
8/23/2025,3,4,Wind,1573
6/26/2025,6,7,Wind,6460
3/11/2021,8,9,Wind,14706
10/8/2025,15,16,Solar,6851
1/13/2021,3,4,Wind,3280
4/6/2025,13,14,Solar,8583
11/27/2025,12,13,Wind,12336
3/28/2022,22,23,Wind,2689
12/31/2024,2,3,Wind,2381
4/14/2022,21,22,Wind,1870
5/19/2022,22,23,Wind,2542
9/1/2023,17,18,Solar,5577
12/8/2020,7,8,Wind,2356
6/21/2024,7,8,Wind,1935
11/24/2021,8,9,Wind,4414
1/24/2021,12,13,Wind,8088
1/26/2024,14,15,Wind,10946
10/20/2020,13,14,Wind,10409
5/15/2023,17,18,Wind,11313
10/8/2022,10,11,Solar,2818
8/16/2023,20,21,Wind,1998
11/28/2025,20,21,Wind,6643
8/21/2020,4,5,Wind,7156
3/13/2022,3,4,Wind,10169
4/16/2025,21,22,Wind,2334
3/29/2025,11,12,Wind,13610
5/15/2021,14,15,Wind,10754
3/10/2023,9,10,Wind,18818
2/12/2021,20,21,Wind,8741
4/18/2020,16,17,Solar,2674
4/18/2021,13,14,Solar,5674
12/7/2023,13,14,Wind,10631
3/18/2020,8,9,Solar,1636
10/5/2021,0,1,Wind,7276
1/15/2023,17,18,Wind,14768
1/15/2022,3,4,Wind,1157
11/18/2025,2,3,Wind,2859
9/13/2025,4,5,Wind,7286
2/12/2021,1,2,Wind,7887
5/27/2024,8,9,Solar,2780
10/10/2025,0,1,Wind,2867
10/25/2022,20,21,Wind,6828
9/22/2023,11,12,Wind,10275
6/14/2020,16,17,Solar,5312
6/27/2020,16,17,Wind,11405
9/22/2022,9,10,Solar,3149
10/25/2025,9,10,Wind,12226
1/15/2022,6,7,Wind,1431
1/17/2025,16,17,Solar,1837
8/18/2024,2,3,Wind,2890
5/11/2024,14,15,Solar,6258
7/8/2024,23,0,Wind,4242
1/4/2021,18,19,Wind,2789
3/18/2021,3,4,Wind,3457
2/8/2020,13,14,Wind,4506
10/31/2023,20,21,Wind,9841
2/2/2021,8,9,Wind,11321
9/3/2022,18,19,Wind,3706
7/27/2025,3,4,Wind,2052
1/16/2020,5,6,Wind,3920
9/6/2022,1,2,Wind,4064
12/17/2021,14,15,Wind,8465
11/2/2022,6,7,Wind,5999
4/5/2024,14,15,Wind,10822
11/20/2023,16,17,Wind,11718
9/14/2020,15,16,Solar,4979
6/25/2020,21,22,Wind,2348
4/18/2024,3,4,Wind,3710
3/30/2020,19,20,Wind,9614
7/10/2023,7,8,Wind,1299
6/21/2025,9,10,Solar,6679
4/10/2023,14,15,Wind,9241
3/25/2025,19,20,Wind,3772
5/4/2021,16,17,Wind,13688
5/16/2022,23,0,Wind,889
12/6/2020,17,18,Wind,2011
6/11/2025,23,0,Wind,8570
1/2/2021,19,20,Wind,1789
2/23/2022,1,2,Wind,3525
10/6/2022,17,18,Solar,2401
5/1/2022,17,18,Solar,4686
11/23/2025,21,22,Wind,7207
11/23/2024,6,7,Wind,12111
1/26/2023,5,6,Wind,1801
1/25/2022,5,6,Wind,404
5/21/2025,17,18,Wind,6937
2/10/2021,13,14,Wind,8405
5/31/2020,3,4,Wind,5099
12/30/2021,1,2,Wind,9909
2/20/2020,22,23,Wind,8229
6/30/2023,8,9,Wind,3126
4/22/2020,19,20,Wind,2344
2/28/2021,7,8,Wind,6995
1/28/2025,22,23,Wind,18821
12/27/2023,2,3,Wind,5350
9/20/2025,20,21,Wind,9395
7/23/2024,18,19,Wind,9449
2/9/2021,21,22,Wind,8178
8/22/2024,2,3,Wind,1728
12/13/2023,16,17,Wind,7721
8/12/2023,2,3,Wind,1504
3/30/2025,7,8,Wind,7623
1/6/2021,8,9,Wind,979
4/29/2023,18,19,Wind,3616
1/15/2021,2,3,Wind,8271
6/1/2021,6,7,Wind,5240
11/6/2025,16,17,Wind,2559
8/29/2025,20,21,Wind,7557
9/4/2023,12,13,Solar,10434
1/25/2024,5,6,Wind,2298
1/10/2024,23,0,Wind,4841
1/26/2023,11,12,Wind,5924
8/16/2025,5,6,Wind,7107
5/20/2021,7,8,Wind,1629
4/21/2023,22,23,Wind,3292
10/24/2022,4,5,Wind,12101
9/24/2022,15,16,Solar,4708
9/30/2025,7,8,Wind,1864
2/28/2024,8,9,Wind,2877
1/14/2024,8,9,Wind,1027
1/12/2022,1,2,Wind,2218
10/6/2022,10,11,Solar,3189
11/22/2023,19,20,Wind,4238
5/25/2024,10,11,Solar,5804
12/20/2024,12,13,Wind,9370
10/5/2023,1,2,Wind,1497
10/21/2021,3,4,Wind,12333
12/16/2021,21,22,Wind,5546
9/23/2021,21,22,Wind,1144
12/18/2023,13,14,Solar,5455
9/11/2021,10,11,Solar,3923
5/2/2023,15,16,Solar,9192
6/20/2022,5,6,Wind,3499
6/9/2021,22,23,Wind,1459
1/18/2022,10,11,Wind,4603
11/29/2022,9,10,Wind,1754
4/18/2023,20,21,Wind,6696
10/23/2024,10,11,Solar,4550
7/1/2021,3,4,Wind,757
4/9/2023,11,12,Solar,6733
1/7/2022,12,13,Wind,11723
1/4/2021,11,12,Wind,2394
11/23/2024,23,0,Wind,18704
5/4/2020,17,18,Wind,4712
11/17/2025,13,14,Wind,12989
12/15/2024,1,2,Wind,4474
9/17/2022,9,10,Wind,6322
11/27/2025,16,17,Wind,8367
6/27/2024,15,16,Solar,10273
2/6/2024,8,9,Wind,12348
1/10/2025,5,6,Wind,3418
3/19/2025,8,9,Wind,9711
7/14/2023,17,18,Wind,15799
8/21/2021,13,14,Solar,5635
4/2/2020,21,22,Wind,3165
7/23/2021,16,17,Wind,7633
9/11/2023,2,3,Wind,1746
6/4/2022,22,23,Wind,3661
3/20/2025,10,11,Wind,9849
1/16/2024,11,12,Solar,3276
10/9/2021,1,2,Wind,4310
1/4/2021,23,0,Wind,2893
1/10/2025,8,9,Wind,4267
10/7/2021,12,13,Solar,5782
11/19/2022,23,0,Wind,3793
5/7/2025,15,16,Wind,11074
10/17/2025,9,10,Wind,6086
9/26/2022,0,1,Wind,1588
3/8/2022,3,4,Wind,7900
9/13/2020,7,8,Wind,986
3/7/2020,20,21,Wind,5237
3/15/2023,16,17,Solar,4875
4/18/2023,15,16,Wind,11374
3/12/2023,6,7,Wind,8029
3/19/2021,22,23,Wind,6701
2/1/2024,17,18,Wind,2308
3/2/2020,8,9,Wind,5326
10/13/2021,21,22,Wind,2278
5/27/2021,22,23,Wind,2162
12/24/2024,14,15,Wind,4233
10/31/2020,6,7,Wind,4650
9/5/2020,6,7,Wind,2802
4/20/2021,0,1,Wind,925
5/29/2022,8,9,Wind,5334
6/11/2024,0,1,Wind,2412
2/26/2024,12,13,Wind,13521
8/4/2025,11,12,Solar,10906
4/26/2025,9,10,Solar,5651
2/17/2021,4,5,Wind,7667
7/18/2021,9,10,Wind,5324
5/4/2024,11,12,Wind,8405
7/16/2025,22,23,Wind,2982
8/25/2020,18,19,Wind,12079
12/26/2020,22,23,Wind,11599
8/15/2021,4,5,Wind,876
12/29/2022,10,11,Wind,13974
9/27/2021,17,18,Wind,8144
3/16/2024,17,18,Wind,2788
4/7/2021,5,6,Wind,4371
5/17/2021,10,11,Wind,13975
12/16/2021,18,19,Wind,4445
10/2/2022,22,23,Wind,1490
10/16/2020,17,18,Wind,2254
7/31/2025,8,9,Solar,4016
6/16/2024,1,2,Wind,8226
1/25/2022,20,21,Wind,237
1/20/2024,11,12,Solar,6340
4/20/2024,12,13,Solar,13619
9/27/2020,12,13,Wind,13618
10/6/2022,0,1,Wind,5326
12/8/2020,1,2,Wind,3398
7/20/2020,11,12,Solar,5721
2/21/2020,6,7,Wind,3708
1/3/2020,1,2,Wind,7361
7/3/2020,7,8,Wind,2428
8/20/2021,19,20,Solar,995
1/8/2021,9,10,Wind,1402
8/15/2020,22,23,Wind,1363
10/17/2024,20,21,Wind,3910
1/11/2024,1,2,Wind,4946
4/16/2020,5,6,Wind,4291
5/4/2024,6,7,Wind,1902
8/5/2021,22,23,Wind,7691
1/23/2024,4,5,Wind,11209
2/5/2022,6,7,Wind,3641
9/4/2020,10,11,Solar,3321
4/7/2020,23,0,Wind,3406
1/18/2023,15,16,Wind,5764
7/2/2022,1,2,Wind,668
9/19/2025,22,23,Wind,7000
8/15/2020,3,4,Wind,393
9/27/2020,21,22,Wind,5720
1/22/2021,13,14,Wind,4009
1/8/2023,21,22,Wind,11918
12/29/2021,22,23,Wind,10719
4/26/2021,6,7,Wind,8272
11/23/2023,21,22,Wind,8465
8/18/2021,19,20,Wind,2976
3/28/2021,22,23,Wind,3320
9/8/2020,21,22,Wind,606
10/16/2021,5,6,Wind,1565
1/6/2020,1,2,Wind,2400
9/24/2021,2,3,Wind,720
2/18/2023,4,5,Wind,6707
3/3/2022,16,17,Solar,2061
7/21/2020,23,0,Wind,5565
11/9/2020,7,8,Wind,2662
6/9/2025,9,10,Solar,5383
1/4/2025,11,12,Wind,5288
4/25/2023,17,18,Solar,4466
5/30/2021,14,15,Solar,6365
7/18/2025,14,15,Solar,8905
5/10/2025,16,17,Wind,5415
3/1/2025,3,4,Wind,6809
12/20/2020,21,22,Wind,5696
3/31/2025,16,17,Solar,12098
6/29/2021,22,23,Wind,2100
9/14/2023,22,23,Wind,2538
7/1/2020,21,22,Wind,3184
6/20/2022,21,22,Wind,4940
11/10/2023,17,18,Wind,16120
7/27/2024,16,17,Solar,5523
3/14/2025,20,21,Wind,8603
11/27/2022,13,14,Wind,7851
4/15/2025,8,9,Wind,6043
10/25/2021,21,22,Wind,3265
9/26/2022,17,18,Wind,12079
8/18/2023,5,6,Wind,1870
12/13/2023,17,18,Wind,8053
12/4/2024,20,21,Wind,5155
12/25/2023,6,7,Wind,8778
2/28/2024,5,6,Wind,2629
5/29/2022,13,14,Solar,9341
7/5/2020,14,15,Wind,10461
11/29/2025,12,13,Wind,16180
1/20/2024,22,23,Wind,10442
6/28/2023,21,22,Wind,1470
1/2/2023,17,18,Wind,4489
8/20/2023,12,13,Solar,6873
8/1/2020,0,1,Wind,2846
6/4/2024,20,21,Wind,5312
9/5/2021,16,17,Solar,3939
7/6/2024,8,9,Wind,12647
6/8/2024,13,14,Solar,4316
10/1/2022,9,10,Wind,11074
7/6/2022,15,16,Solar,7955
4/5/2020,8,9,Wind,7702
4/22/2021,13,14,Solar,8561
3/8/2024,9,10,Wind,9675
2/9/2023,15,16,Solar,3603
10/22/2022,8,9,Wind,3972
10/15/2024,5,6,Wind,3345
12/23/2023,23,0,Wind,14365
12/21/2023,21,22,Wind,16935
9/30/2022,6,7,Wind,1220
5/3/2025,20,21,Wind,3958
10/10/2021,4,5,Wind,1449
3/27/2021,5,6,Wind,9260
1/23/2021,10,11,Wind,6969
10/29/2020,19,20,Wind,7240
9/28/2024,12,13,Solar,8841
3/1/2024,19,20,Wind,14134
12/7/2022,10,11,Wind,3623
7/10/2022,7,8,Wind,3888
10/25/2020,7,8,Wind,8284
7/3/2022,4,5,Wind,1267
2/18/2023,3,4,Wind,6451
2/26/2023,5,6,Wind,10780
9/27/2025,4,5,Wind,377
7/30/2025,5,6,Wind,1297
10/6/2021,10,11,Wind,10182
1/26/2020,7,8,Wind,2330
11/5/2023,5,6,Wind,15176
7/6/2023,19,20,Solar,1852
8/11/2023,0,1,Wind,2044
7/28/2025,18,19,Wind,8298
11/27/2022,11,12,Wind,8885
4/11/2021,7,8,Wind,5645
11/6/2023,8,9,Wind,11452
7/15/2024,4,5,Wind,1419
4/3/2022,0,1,Wind,4786
11/3/2020,12,13,Wind,8638
12/27/2023,11,12,Wind,13414
5/20/2021,19,20,Wind,8631
1/11/2020,11,12,Wind,5877
3/3/2022,9,10,Solar,2468
6/29/2020,6,7,Wind,2767
10/2/2023,12,13,Solar,8123
12/5/2021,10,11,Wind,8046
10/6/2020,15,16,Wind,12541
1/19/2023,12,13,Wind,4261
3/22/2021,8,9,Wind,4431
9/26/2022,15,16,Wind,15202
1/20/2023,15,16,Wind,6413
3/12/2021,19,20,Wind,12434
6/22/2020,7,8,Wind,1676
1/27/2022,6,7,Wind,3007
10/19/2022,10,11,Wind,8295
4/10/2022,8,9,Wind,2961
7/21/2021,10,11,Solar,3606
8/31/2023,4,5,Wind,2696
3/12/2020,20,21,Wind,8207
12/14/2024,17,18,Wind,4306
4/24/2025,19,20,Wind,5635
9/26/2024,20,21,Wind,15706
9/28/2024,20,21,Wind,1026
11/10/2022,16,17,Wind,3352
4/21/2025,4,5,Wind,4221
12/30/2022,16,17,Wind,16355
11/18/2023,21,22,Wind,12763
4/22/2025,19,20,Wind,3727
12/2/2024,0,1,Wind,7815
3/6/2022,16,17,Wind,8951
4/3/2021,19,20,Wind,9524
5/23/2021,13,14,Wind,9422
3/22/2020,20,21,Wind,9418
3/31/2020,15,16,Wind,10937
5/3/2022,14,15,Solar,6311
10/22/2020,21,22,Wind,3016
3/15/2024,1,2,Wind,10820
10/13/2023,8,9,Wind,12710
5/21/2020,12,13,Solar,4269
10/26/2021,23,0,Wind,3510
3/18/2025,21,22,Wind,10634
11/26/2023,18,19,Wind,3227
7/31/2025,14,15,Solar,12024
10/5/2025,0,1,Wind,14504
5/14/2023,20,21,Wind,4053
9/2/2021,19,20,Wind,4286
7/5/2024,22,23,Wind,3920
9/18/2020,6,7,Wind,6206
6/7/2020,15,16,Solar,4201
12/21/2022,18,19,Wind,11572
2/23/2021,9,10,Wind,8270
4/28/2021,3,4,Wind,1085
10/21/2025,7,8,Wind,10843
10/16/2022,14,15,Solar,7380
6/10/2024,2,3,Wind,4764
1/5/2022,16,17,Wind,4488
2/21/2023,13,14,Solar,4033
3/3/2020,8,9,Wind,3689
4/1/2024,12,13,Wind,15400
4/14/2023,16,17,Wind,11935
6/9/2023,0,1,Wind,5027
2/20/2023,17,18,Wind,2158
11/19/2024,5,6,Wind,17294
7/26/2025,22,23,Wind,3525
11/20/2024,7,8,Wind,5558
9/26/2023,16,17,Solar,5214
9/25/2020,8,9,Wind,9832
2/13/2020,7,8,Wind,12480
11/24/2021,21,22,Wind,1974
10/23/2023,22,23,Wind,4492
10/22/2020,1,2,Wind,6104
6/7/2025,12,13,Wind,15518
5/27/2022,19,20,Wind,4617
5/2/2020,17,18,Wind,4734
4/30/2025,14,15,Solar,5917
12/7/2024,11,12,Wind,21099
4/20/2022,12,13,Wind,5586
11/11/2023,21,22,Wind,4496
1/1/2023,8,9,Wind,8785
6/14/2025,20,21,Wind,3073
3/5/2023,9,10,Solar,3932
4/17/2024,11,12,Solar,9877
11/20/2024,6,7,Wind,5708
1/8/2024,15,16,Wind,9400
1/9/2023,16,17,Wind,14394
3/26/2024,13,14,Wind,6648
12/15/2024,6,7,Wind,5059
5/17/2023,23,0,Wind,8115
3/23/2024,14,15,Wind,13269
10/29/2025,13,14,Wind,8722
1/21/2020,10,11,Wind,3120
4/1/2020,14,15,Solar,4969
7/28/2021,10,11,Wind,6479
8/23/2020,2,3,Wind,4705
8/18/2022,20,21,Wind,3869
3/1/2022,22,23,Wind,2574
11/27/2023,0,1,Wind,6195
12/31/2022,20,21,Wind,16494
7/26/2025,20,21,Wind,5936
4/27/2022,7,8,Wind,5655
5/5/2020,4,5,Wind,5205
2/14/2021,13,14,Wind,10449
1/28/2020,12,13,Wind,13941
7/18/2022,6,7,Wind,3476
10/30/2021,14,15,Wind,8685
6/2/2023,21,22,Wind,6335
12/23/2023,6,7,Wind,13686
3/10/2020,20,21,Wind,11230
11/27/2020,3,4,Wind,1636
1/3/2023,21,22,Wind,12963
7/31/2024,20,21,Wind,1821
1/22/2020,0,1,Wind,3282
8/24/2021,1,2,Wind,5130
8/15/2021,17,18,Wind,8493
9/12/2025,23,0,Wind,6106
4/7/2023,4,5,Wind,2181
4/22/2020,3,4,Wind,4783
12/15/2022,6,7,Wind,4615
10/24/2020,19,20,Wind,11524
12/26/2024,4,5,Wind,2761
2/10/2023,9,10,Solar,3262
8/8/2024,17,18,Solar,7862
6/20/2020,13,14,Solar,4277
5/5/2021,6,7,Wind,7204
3/26/2025,17,18,Wind,4851
2/18/2020,19,20,Wind,8698
4/29/2023,5,6,Wind,1345
7/26/2021,18,19,Wind,5211
3/4/2021,8,9,Wind,1365
4/1/2025,2,3,Wind,10696
4/16/2025,16,17,Solar,6754
12/4/2022,19,20,Wind,1172
2/16/2025,9,10,Wind,6111
4/18/2024,13,14,Solar,8602
5/18/2021,22,23,Wind,3092
10/17/2021,8,9,Wind,2107
9/7/2022,9,10,Wind,4141
5/11/2024,20,21,Wind,2966
3/15/2022,20,21,Wind,3429
3/11/2021,7,8,Wind,14567
4/8/2025,8,9,Wind,3478
3/19/2024,13,14,Solar,7662
1/24/2020,18,19,Wind,380
3/19/2021,19,20,Wind,7453
10/14/2020,9,10,Wind,3643
10/25/2023,21,22,Wind,6703
8/3/2025,3,4,Wind,1999
3/20/2024,10,11,Solar,6324
8/4/2022,5,6,Wind,1330
11/17/2024,10,11,Wind,5905
2/19/2021,11,12,Wind,8097
3/21/2025,4,5,Wind,9299
6/13/2025,3,4,Wind,1931
2/19/2025,1,2,Wind,10633
8/8/2023,16,17,Solar,9255
2/15/2022,19,20,Wind,13627
9/5/2021,5,6,Wind,340
9/28/2023,23,0,Wind,5564
4/7/2023,2,3,Wind,2171
11/10/2021,22,23,Wind,1028
5/30/2020,2,3,Wind,4665
1/16/2021,10,11,Wind,5561
11/24/2020,13,14,Wind,4398
7/13/2020,10,11,Solar,3495
12/7/2022,6,7,Wind,2331
1/3/2025,2,3,Wind,2500
3/9/2023,23,0,Wind,15725
7/22/2022,8,9,Wind,2945
9/11/2025,12,13,Wind,10980
12/14/2024,20,21,Wind,4767
6/26/2023,10,11,Solar,7395
12/17/2022,3,4,Wind,2325
1/11/2025,16,17,Wind,3141
3/26/2025,5,6,Wind,2345
8/22/2022,12,13,Solar,5703
9/10/2025,18,19,Wind,9749
12/11/2021,5,6,Wind,6332
8/19/2020,6,7,Wind,2277
1/28/2025,1,2,Wind,17888
7/20/2021,14,15,Solar,6790
6/26/2024,21,22,Wind,1045
11/8/2023,20,21,Wind,14680
5/5/2021,8,9,Wind,7470
3/17/2020,18,19,Wind,338
7/4/2020,4,5,Wind,4978
5/15/2020,8,9,Wind,5073
1/28/2020,15,16,Wind,12746
7/22/2020,5,6,Wind,4292
11/27/2025,15,16,Wind,9902
5/17/2022,23,0,Wind,3455
12/17/2020,1,2,Wind,6748
10/24/2023,12,13,Wind,8425
4/11/2021,16,17,Wind,8024
4/5/2023,21,22,Wind,1288
1/19/2022,10,11,Wind,3350
8/31/2022,6,7,Wind,2011
1/17/2022,5,6,Wind,1263
4/25/2023,6,7,Wind,3120
11/13/2023,7,8,Wind,14512
10/16/2021,19,20,Wind,722
8/20/2021,15,16,Solar,4911
1/26/2021,9,10,Wind,4795
3/15/2022,17,18,Wind,2973
6/6/2024,11,12,Solar,7091
1/25/2021,10,11,Wind,4623
4/24/2021,7,8,Wind,7049
1/24/2021,22,23,Wind,6319
11/27/2024,6,7,Wind,13710
1/3/2024,16,17,Wind,18273
3/24/2021,0,1,Wind,1503
11/8/2021,13,14,Solar,4680
11/7/2022,0,1,Wind,11055
7/1/2024,23,0,Wind,3831
1/10/2020,1,2,Wind,9074
6/27/2022,10,11,Solar,4959
9/29/2024,17,18,Wind,9717
10/8/2022,20,21,Wind,1733
6/22/2023,1,2,Wind,3148
8/21/2021,17,18,Wind,5204
12/5/2020,10,11,Wind,6207
6/23/2024,7,8,Wind,2726
6/29/2020,8,9,Wind,3713
5/1/2021,20,21,Wind,3124
11/5/2020,15,16,Wind,6665
8/17/2023,16,17,Solar,6755
11/1/2020,1,2,Wind,5170
7/9/2021,17,18,Solar,3952
5/3/2025,1,2,Wind,6886
4/29/2024,23,0,Wind,3135
11/24/2020,18,19,Wind,5470
12/31/2024,21,22,Wind,9919
5/21/2025,0,1,Wind,4831
5/25/2024,1,2,Wind,565
6/22/2023,22,23,Wind,3817
11/27/2025,17,18,Wind,8280
1/20/2025,8,9,Wind,1745
5/12/2023,1,2,Wind,2682
11/14/2021,13,14,Wind,4908
1/4/2020,0,1,Wind,3443
12/19/2020,20,21,Wind,6753
7/10/2020,20,21,Wind,3782
5/26/2024,17,18,Wind,8953
6/13/2021,8,9,Solar,2756
12/23/2022,13,14,Wind,17088
11/27/2023,10,11,Wind,11998
9/20/2021,23,0,Wind,3554
3/24/2023,1,2,Wind,13481
7/25/2025,19,20,Wind,5125
1/3/2021,15,16,Wind,2417
8/13/2023,4,5,Wind,834
6/19/2025,11,12,Solar,5199
2/14/2024,23,0,Wind,8392
12/25/2023,17,18,Wind,12132
4/30/2023,22,23,Wind,1778
9/24/2022,22,23,Wind,2982
6/20/2020,6,7,Wind,522
6/12/2021,13,14,Solar,5082
9/8/2022,21,22,Wind,5374
8/3/2023,23,0,Wind,3234
12/26/2020,2,3,Wind,3151
7/11/2022,14,15,Solar,9226
2/27/2023,17,18,Wind,14846
7/22/2020,19,20,Wind,1869
6/6/2021,6,7,Wind,1912
1/31/2023,16,17,Wind,6864
12/17/2021,19,20,Wind,8397
7/6/2020,5,6,Wind,5078
10/29/2023,8,9,Wind,13805
7/18/2025,22,23,Wind,3159
1/30/2025,3,4,Wind,6249
11/28/2020,5,6,Wind,3494
12/25/2023,2,3,Wind,9136
6/3/2024,19,20,Wind,3482
12/30/2023,8,9,Wind,7495
7/16/2020,20,21,Wind,2083
9/30/2020,23,0,Wind,4594
3/26/2020,5,6,Wind,6838
10/27/2024,15,16,Solar,2439
9/9/2020,6,7,Wind,855
1/12/2021,4,5,Wind,12098
10/10/2025,8,9,Wind,3118
10/14/2023,15,16,Wind,6861
3/5/2021,6,7,Wind,3494
12/5/2024,21,22,Wind,18362
1/15/2025,17,18,Wind,2945
4/25/2022,17,18,Solar,5902
7/21/2025,7,8,Wind,11701
1/7/2025,2,3,Wind,15710
10/19/2024,4,5,Wind,5402
12/24/2022,2,3,Wind,9708
3/31/2023,20,21,Wind,17510
10/21/2020,3,4,Wind,9073
11/14/2024,11,12,Solar,6523
7/12/2024,9,10,Wind,5928
5/12/2021,15,16,Solar,5361
1/28/2022,18,19,Wind,2453
12/6/2022,13,14,Solar,3228
6/26/2021,20,21,Wind,1439
12/5/2023,2,3,Wind,13420
12/24/2021,15,16,Wind,2655
11/17/2025,8,9,Wind,8436
5/15/2020,13,14,Wind,7485
2/11/2025,2,3,Wind,4829
2/21/2024,13,14,Wind,15261
1/12/2020,13,14,Wind,8785
5/13/2022,0,1,Wind,2469
7/13/2025,13,14,Solar,10175
8/31/2024,2,3,Wind,4778
5/4/2023,0,1,Wind,10162
7/19/2023,9,10,Wind,5973
5/14/2023,19,20,Wind,5302
10/30/2022,2,3,Wind,3107
12/10/2020,16,17,Wind,2738
12/7/2024,13,14,Wind,21214
10/7/2020,15,16,Wind,9056
11/10/2024,6,7,Wind,840
9/2/2025,18,19,Wind,13971
8/21/2023,5,6,Wind,1947
10/23/2020,9,10,Wind,2481
8/25/2022,6,7,Wind,2802
7/19/2021,6,7,Wind,4308
2/3/2025,22,23,Wind,1873
6/7/2022,16,17,Wind,10722
10/17/2021,16,17,Solar,3605
12/22/2021,14,15,Wind,4444
1/6/2021,16,17,Wind,928
5/5/2023,3,4,Wind,2913
9/28/2025,3,4,Wind,1903
5/4/2020,8,9,Solar,1817
7/31/2025,1,2,Wind,2555
4/3/2025,4,5,Wind,10182
8/22/2022,14,15,Solar,6238
8/21/2024,9,10,Solar,5444
8/19/2023,7,8,Wind,3194
2/22/2025,17,18,Wind,5768
3/15/2021,6,7,Wind,10222
6/11/2024,12,13,Solar,8251
7/7/2025,21,22,Wind,5942
6/15/2022,7,8,Wind,2431
4/21/2025,7,8,Wind,3970
3/26/2023,23,0,Wind,8886
9/27/2024,4,5,Wind,8783
12/20/2021,12,13,Wind,5081
10/22/2024,12,13,Solar,4823
2/10/2024,20,21,Wind,9163
9/7/2021,2,3,Wind,3883
11/28/2022,3,4,Wind,4637
10/2/2021,15,16,Wind,15203
1/8/2025,18,19,Wind,14956
12/26/2022,3,4,Wind,8678
11/28/2020,8,9,Wind,4114
5/9/2024,11,12,Solar,8385
8/30/2023,7,8,Wind,3318
9/6/2023,4,5,Wind,2335
12/17/2020,15,16,Wind,3273
10/30/2023,9,10,Wind,5597
9/30/2023,13,14,Solar,6783
6/12/2023,12,13,Solar,5725
10/14/2021,6,7,Wind,1820
5/10/2021,23,0,Wind,2168
10/9/2021,21,22,Wind,3510
1/27/2024,23,0,Wind,7229
8/12/2024,12,13,Solar,8747
6/25/2020,16,17,Solar,3709
4/7/2020,8,9,Wind,2799
1/27/2024,22,23,Wind,7073
11/11/2020,7,8,Wind,918
6/14/2025,9,10,Solar,6561
9/3/2022,23,0,Wind,1099
11/18/2025,14,15,Solar,8044
6/8/2021,8,9,Solar,2159
10/22/2023,11,12,Wind,8076
6/14/2024,11,12,Wind,11417
3/20/2023,10,11,Solar,7067
3/14/2025,0,1,Wind,2225
8/12/2023,20,21,Wind,2642
5/19/2023,22,23,Wind,7315
4/21/2021,15,16,Solar,5644
7/24/2023,20,21,Wind,4600
8/18/2025,20,21,Wind,2817
6/11/2022,6,7,Wind,942
12/10/2021,9,10,Wind,13646
7/8/2023,12,13,Solar,8320
10/6/2025,16,17,Solar,8425
11/18/2025,22,23,Wind,8900
12/1/2021,19,20,Wind,7103
1/27/2022,1,2,Wind,2288
6/14/2025,16,17,Solar,3976
1/27/2024,16,17,Solar,2553
5/16/2024,2,3,Wind,2106
1/6/2022,0,1,Wind,3928
4/4/2023,20,21,Wind,3553
9/17/2020,5,6,Wind,6142
9/5/2022,1,2,Wind,5729
11/15/2023,1,2,Wind,10875
9/17/2022,19,20,Wind,3860
3/26/2022,9,10,Wind,7366
8/3/2024,1,2,Wind,3948
7/27/2022,4,5,Wind,2791
8/10/2023,1,2,Wind,2446
7/8/2022,21,22,Wind,3182
1/15/2023,11,12,Wind,18166
4/12/2020,13,14,Solar,4456
5/10/2025,17,18,Wind,9129
9/17/2024,2,3,Wind,8552
6/27/2020,8,9,Wind,5371
2/23/2021,7,8,Wind,7427
11/6/2023,3,4,Wind,11057
8/29/2023,19,20,Wind,2843
8/19/2022,7,8,Wind,2717
10/6/2021,19,20,Wind,4123
4/23/2022,22,23,Wind,4747
11/4/2020,6,7,Wind,877
4/10/2020,14,15,Solar,5317
8/6/2024,1,2,Wind,1603
11/20/2024,18,19,Wind,7419
11/15/2025,23,0,Wind,2702
1/13/2025,23,0,Wind,3223
7/11/2024,13,14,Solar,7189
9/9/2024,16,17,Wind,13835
7/11/2020,12,13,Solar,5365
5/21/2022,3,4,Wind,2264
6/12/2021,23,0,Wind,2994
4/21/2022,19,20,Wind,5340
6/9/2024,19,20,Wind,6109
1/5/2020,1,2,Wind,1682
5/15/2022,18,19,Wind,6415
8/14/2024,22,23,Wind,2172
6/20/2021,18,19,Wind,3430
9/18/2022,5,6,Wind,2254
6/12/2022,17,18,Solar,5941
12/24/2024,10,11,Wind,4043
6/5/2021,19,20,Wind,2620
2/25/2020,21,22,Wind,12334
2/8/2020,14,15,Wind,3723
2/25/2021,14,15,Solar,4213
1/22/2020,6,7,Wind,3886
3/23/2024,23,0,Wind,9547
12/7/2020,21,22,Wind,3434
6/30/2023,2,3,Wind,2770
12/4/2022,10,11,Wind,3886
9/16/2023,1,2,Wind,4417
2/11/2020,16,17,Wind,12689
11/14/2024,7,8,Wind,3822
3/23/2025,12,13,Solar,9182
8/8/2021,22,23,Wind,3270
8/10/2024,6,7,Wind,1105
1/27/2020,0,1,Wind,8878
2/9/2024,23,0,Wind,7970
6/17/2023,1,2,Wind,1422
7/4/2020,8,9,Wind,5894
4/20/2021,20,21,Wind,1012
12/24/2020,12,13,Wind,11387
7/10/2022,4,5,Wind,4683
11/11/2021,3,4,Wind,1126
11/7/2024,9,10,Wind,3614
12/17/2024,13,14,Wind,7210
6/26/2023,22,23,Wind,3885
11/9/2022,18,19,Wind,4909
1/29/2021,15,16,Wind,15233
3/11/2025,2,3,Wind,1616
9/24/2025,22,23,Wind,3812
3/15/2020,11,12,Wind,9270
12/27/2022,1,2,Wind,4905
11/29/2022,19,20,Wind,1193
3/24/2020,4,5,Wind,6165
6/7/2021,5,6,Wind,1312
2/25/2021,11,12,Solar,4578
2/4/2020,20,21,Wind,8277
9/4/2025,23,0,Wind,5148
10/12/2024,17,18,Wind,6429
4/1/2024,16,17,Wind,8314
4/4/2021,16,17,Solar,5426
12/28/2020,6,7,Wind,6178
11/21/2024,20,21,Wind,8578
3/25/2020,3,4,Wind,5577
1/12/2023,2,3,Wind,15724
7/27/2022,18,19,Solar,4587
2/2/2023,5,6,Wind,5907
8/11/2021,11,12,Solar,4557
7/28/2021,7,8,Wind,3451
3/23/2025,18,19,Wind,1820
1/16/2024,12,13,Solar,3655
4/14/2021,16,17,Wind,9186
2/22/2020,2,3,Wind,7484
6/19/2021,9,10,Solar,2715
8/11/2021,12,13,Solar,5218
3/4/2025,13,14,Solar,7832
4/19/2023,21,22,Wind,6918
6/4/2023,2,3,Wind,7169
1/5/2023,20,21,Wind,5866
2/18/2023,19,20,Wind,7271
3/10/2020,23,0,Wind,11191
2/12/2021,14,15,Wind,9351
1/9/2021,0,1,Wind,1291
4/2/2025,15,16,Wind,10366
4/7/2024,1,2,Wind,11306
5/23/2021,14,15,Wind,9737
8/23/2020,3,4,Wind,4688
2/3/2025,14,15,Solar,6181
4/29/2024,10,11,Solar,4479
2/4/2022,18,19,Wind,8158
7/13/2021,0,1,Wind,3368
1/20/2025,13,14,Solar,3418
4/17/2024,20,21,Wind,5442
12/4/2020,3,4,Wind,12022
8/1/2025,15,16,Solar,12758
7/14/2024,1,2,Wind,335
8/10/2025,16,17,Solar,4559
11/5/2024,3,4,Wind,1963
12/25/2021,22,23,Wind,1523
1/7/2020,6,7,Wind,3156
8/21/2024,2,3,Wind,6385
2/4/2020,2,3,Wind,10381
4/21/2023,14,15,Solar,7827
3/9/2025,1,2,Wind,10447
11/14/2021,14,15,Wind,4779
4/20/2020,11,12,Wind,5625
9/17/2020,18,19,Wind,7110
12/17/2021,12,13,Wind,8345
11/11/2025,16,17,Wind,9929
9/17/2024,7,8,Wind,9296
11/27/2023,4,5,Wind,8458
2/9/2025,7,8,Wind,2907
7/25/2025,9,10,Solar,5349
1/30/2022,18,19,Wind,1547
6/10/2024,6,7,Wind,4770
3/19/2024,19,20,Wind,353
10/20/2023,7,8,Wind,4094
10/27/2020,0,1,Wind,6605
10/21/2022,9,10,Wind,7549
8/10/2021,17,18,Solar,3970
6/30/2023,7,8,Wind,2731
4/8/2021,20,21,Wind,996
1/15/2024,20,21,Wind,2749
6/22/2021,16,17,Wind,6589
4/23/2025,13,14,Wind,13597
12/10/2021,4,5,Wind,11836
6/27/2021,17,18,Solar,3501
5/23/2024,4,5,Wind,3073
7/14/2025,12,13,Solar,12612
3/12/2025,4,5,Wind,2924
8/13/2022,1,2,Wind,4592
6/7/2020,5,6,Wind,2371
1/16/2021,0,1,Wind,1915
9/3/2020,10,11,Solar,4557
6/23/2022,1,2,Wind,1285
10/28/2022,22,23,Wind,2934
12/5/2023,15,16,Wind,10146
10/4/2025,8,9,Wind,17542
10/29/2024,12,13,Solar,4896
3/27/2025,11,12,Solar,9239
8/14/2024,8,9,Wind,2058
5/19/2020,6,7,Wind,3004
10/2/2022,12,13,Wind,10738
8/10/2021,6,7,Wind,1072
12/17/2021,3,4,Wind,7079
1/27/2023,11,12,Wind,10740
10/23/2025,17,18,Wind,19307
8/5/2021,12,13,Solar,6780
5/25/2022,12,13,Wind,9014
6/14/2024,22,23,Wind,8718
3/6/2021,19,20,Wind,4374
12/23/2024,4,5,Wind,17365
11/13/2022,14,15,Solar,3527
5/6/2021,2,3,Wind,3195
12/19/2024,22,23,Wind,10760
9/3/2021,10,11,Solar,2486
7/11/2025,22,23,Wind,5874
6/4/2020,15,16,Wind,5865
4/27/2022,20,21,Wind,6251
11/26/2025,19,20,Wind,2931
2/21/2025,12,13,Wind,17705
8/7/2025,8,9,Solar,3387
7/28/2024,2,3,Wind,2296
9/24/2024,17,18,Wind,8785
2/13/2021,0,1,Wind,8119
1/16/2025,13,14,Wind,7171
2/24/2020,20,21,Wind,10897
5/25/2020,23,0,Wind,3958
7/7/2025,11,12,Wind,13430
11/20/2023,22,23,Wind,6071
7/24/2025,14,15,Solar,9401
9/24/2020,5,6,Wind,5730
11/1/2022,3,4,Wind,11967
8/3/2020,15,16,Wind,7388
9/2/2023,18,19,Wind,3646
12/22/2024,1,2,Wind,18444
7/20/2024,6,7,Wind,1104
10/1/2021,0,1,Wind,5497
9/11/2024,22,23,Wind,5257
8/26/2025,23,0,Wind,2587
4/29/2021,23,0,Wind,1746
9/12/2020,14,15,Solar,4333
6/16/2024,2,3,Wind,8340
7/23/2025,6,7,Wind,1048
11/9/2021,2,3,Wind,1812
7/22/2022,6,7,Wind,2829
2/19/2022,0,1,Wind,12116
6/30/2024,7,8,Wind,4150
10/31/2021,2,3,Wind,4462
6/30/2020,23,0,Wind,2994
2/1/2021,3,4,Wind,5162
2/10/2021,22,23,Wind,4122
6/7/2021,16,17,Solar,4235
4/25/2022,20,21,Wind,2378
10/8/2020,21,22,Wind,5474
7/12/2022,9,10,Solar,3884
10/24/2025,4,5,Wind,13101
7/31/2022,18,19,Wind,6902
10/9/2020,5,6,Wind,2113
2/3/2022,22,23,Wind,3774
10/6/2024,23,0,Wind,8935
9/15/2025,0,1,Wind,15154
4/9/2023,7,8,Wind,2993
7/25/2023,0,1,Wind,3524
2/2/2025,0,1,Wind,3726
10/22/2020,4,5,Wind,5457
5/18/2025,23,0,Wind,5640
6/28/2022,8,9,Solar,2874
7/25/2024,23,0,Wind,2329
7/3/2020,14,15,Wind,7186
4/29/2023,6,7,Wind,1421
8/11/2020,2,3,Wind,1508
8/19/2022,1,2,Wind,3854
7/6/2022,16,17,Solar,7772
10/1/2022,3,4,Wind,14018
4/28/2024,10,11,Wind,8299
11/8/2021,4,5,Wind,2191
4/22/2023,14,15,Wind,10032
5/5/2021,10,11,Wind,10383
12/13/2023,20,21,Wind,7880
6/20/2025,17,18,Solar,8420
8/19/2021,9,10,Solar,2407
1/30/2023,14,15,Wind,9370
8/1/2022,3,4,Wind,1425
5/31/2024,17,18,Wind,6654
2/1/2020,14,15,Wind,12517
7/30/2021,6,7,Wind,3978
8/19/2020,0,1,Wind,869
11/30/2020,10,11,Solar,2542
4/24/2021,2,3,Wind,7483
10/5/2025,6,7,Wind,12126
1/30/2020,3,4,Wind,6146
4/14/2021,8,9,Wind,3773
11/26/2025,5,6,Wind,6599
10/24/2022,6,7,Wind,11726
4/1/2023,7,8,Wind,14901
10/15/2021,0,1,Wind,1417
8/14/2020,22,23,Wind,817
5/13/2025,23,0,Wind,1246
2/1/2020,13,14,Wind,12798
3/23/2024,18,19,Wind,12857
9/9/2024,13,14,Wind,14127
9/1/2021,20,21,Wind,6111
5/7/2025,3,4,Wind,7958
11/1/2021,19,20,Wind,5863
10/17/2023,17,18,Wind,7522
11/21/2022,1,2,Wind,7488
8/2/2021,19,20,Wind,2279
8/17/2022,15,16,Solar,4541
6/8/2023,10,11,Solar,7309
5/9/2023,2,3,Wind,2877
4/11/2023,13,14,Wind,10747
10/1/2025,15,16,Solar,9156
3/29/2020,8,9,Wind,11663
6/4/2020,12,13,Wind,4401
5/3/2025,11,12,Solar,5167
3/2/2024,2,3,Wind,10989
1/15/2023,13,14,Wind,19289
12/8/2024,5,6,Wind,16916
6/7/2020,4,5,Wind,2545
2/15/2020,11,12,Wind,10329
10/27/2023,19,20,Wind,8296
9/29/2025,6,7,Wind,1588
4/28/2020,22,23,Wind,4458
5/11/2021,23,0,Wind,5351
4/4/2021,1,2,Wind,7204
3/24/2024,20,21,Wind,4174
5/9/2025,21,22,Wind,5702
12/31/2023,23,0,Wind,15903
9/13/2022,11,12,Wind,5250
11/8/2020,21,22,Wind,3701
5/10/2020,20,21,Wind,6827
2/25/2024,1,2,Wind,8874
4/17/2020,4,5,Wind,2180
1/9/2024,9,10,Wind,5081
5/11/2021,1,2,Wind,1876
4/22/2025,17,18,Solar,6432
12/19/2023,10,11,Wind,10112
7/16/2024,21,22,Wind,4248
6/3/2022,7,8,Wind,3128
12/30/2023,19,20,Wind,13502
2/11/2021,13,14,Wind,8689
5/30/2022,3,4,Wind,3844
3/8/2022,11,12,Wind,8083
4/18/2025,11,12,Solar,12424
11/24/2021,4,5,Wind,5212
1/7/2020,12,13,Wind,4139
3/26/2022,5,6,Wind,7115
8/26/2025,5,6,Wind,4233
8/10/2022,23,0,Wind,6992
5/7/2025,7,8,Wind,6688
6/6/2021,17,18,Solar,4413
9/27/2020,15,16,Wind,11528
10/20/2025,9,10,Wind,13046
3/24/2020,3,4,Wind,6368
6/5/2022,2,3,Wind,2663
10/22/2020,10,11,Wind,4764
3/24/2025,7,8,Wind,1681
3/5/2024,11,12,Wind,9886
5/27/2025,22,23,Wind,11238
1/23/2024,12,13,Wind,13150
7/9/2023,8,9,Solar,3236
5/10/2023,13,14,Wind,11344
1/10/2022,8,9,Wind,1349
9/20/2021,10,11,Solar,3086
6/8/2021,5,6,Wind,946
12/3/2023,7,8,Wind,8238
10/26/2023,22,23,Wind,5674
5/19/2020,5,6,Wind,3219
9/9/2020,1,2,Wind,999
7/13/2025,15,16,Solar,10818
3/8/2022,7,8,Wind,8131
11/20/2020,7,8,Wind,2190
7/2/2021,2,3,Wind,470
3/22/2023,4,5,Wind,9690
4/26/2020,9,10,Solar,1386
2/18/2021,4,5,Wind,10954
3/3/2022,17,18,Solar,1030
11/3/2024,1,2,Wind,3987
3/27/2021,3,4,Wind,9712
9/20/2022,3,4,Wind,2163
1/5/2024,8,9,Wind,7898
8/22/2023,17,18,Solar,4981
5/23/2020,2,3,Wind,1626
8/3/2022,1,2,Wind,1003
9/10/2021,16,17,Solar,4899
7/16/2024,15,16,Wind,16713
11/30/2023,10,11,Wind,2438
12/26/2021,4,5,Wind,2047
1/13/2021,0,1,Wind,3635
5/2/2023,4,5,Wind,2964
5/12/2024,3,4,Wind,3806
10/16/2024,2,3,Wind,11314
1/27/2025,15,16,Wind,18366
10/30/2021,17,18,Wind,5024
8/16/2025,16,17,Wind,13068
2/1/2023,13,14,Wind,11740
9/7/2021,0,1,Wind,4216
6/19/2024,21,22,Wind,6527
11/6/2022,15,16,Wind,11956
2/25/2020,22,23,Wind,11876
3/15/2020,21,22,Wind,3665
6/29/2025,16,17,Solar,7998
5/31/2020,2,3,Wind,5288
4/24/2020,9,10,Solar,1744
12/23/2024,7,8,Wind,16343
2/8/2023,6,7,Wind,3380
6/27/2022,21,22,Wind,2006
5/5/2021,1,2,Wind,6686
5/17/2021,11,12,Wind,14827
6/11/2023,23,0,Wind,1903
6/27/2020,23,0,Wind,4538
2/23/2024,3,4,Wind,13821
7/3/2021,11,12,Solar,3723
10/9/2024,20,21,Wind,11433
9/1/2022,4,5,Wind,3217
2/27/2025,21,22,Wind,4723
1/18/2023,21,22,Wind,4776
7/13/2024,18,19,Solar,4140
8/7/2021,14,15,Wind,11938
7/3/2023,15,16,Wind,11822
5/8/2020,13,14,Solar,4791
4/23/2025,17,18,Wind,8124
10/16/2025,19,20,Wind,4242
4/30/2023,2,3,Wind,3621
12/9/2024,6,7,Wind,14599
1/1/2024,13,14,Wind,13078
10/14/2024,1,2,Wind,3539
10/29/2025,6,7,Wind,5860
1/20/2024,0,1,Wind,3558
12/28/2021,2,3,Wind,11510
7/9/2020,11,12,Solar,5398
2/25/2020,5,6,Wind,9512
8/17/2025,23,0,Wind,7722
7/28/2020,9,10,Wind,4089
6/23/2022,22,23,Wind,2296
8/5/2021,0,1,Wind,1726
8/19/2023,8,9,Wind,3697
4/14/2021,11,12,Solar,7740
10/19/2024,20,21,Wind,3115
7/31/2025,20,21,Wind,4719
1/17/2025,19,20,Wind,1327
8/28/2023,16,17,Solar,8468
8/15/2023,19,20,Solar,1859
1/28/2022,0,1,Wind,2756
3/18/2024,22,23,Wind,797
9/30/2023,6,7,Wind,758
11/10/2023,22,23,Wind,11128
9/22/2024,17,18,Wind,5073
3/6/2025,0,1,Wind,5884
10/9/2025,22,23,Wind,2547
5/15/2021,17,18,Wind,10856
10/20/2020,8,9,Wind,9704
10/19/2020,21,22,Wind,9798
8/28/2025,2,3,Wind,2318
5/6/2024,19,20,Wind,4210
7/23/2021,6,7,Wind,3390
3/23/2021,19,20,Wind,405
10/16/2022,1,2,Wind,3901
6/23/2023,5,6,Wind,1575
8/2/2023,4,5,Wind,12520
9/7/2022,2,3,Wind,2729
12/24/2024,13,14,Solar,4671
10/9/2021,20,21,Wind,3193
11/12/2022,19,20,Wind,3313
4/3/2020,11,12,Solar,4359
8/1/2024,23,0,Wind,2316
6/28/2025,20,21,Wind,2348
8/27/2024,4,5,Wind,3373
1/24/2023,8,9,Wind,6833
7/20/2020,15,16,Solar,5724
7/25/2020,17,18,Wind,7306
8/4/2024,2,3,Wind,2516
11/6/2024,9,10,Solar,1567
10/7/2021,5,6,Wind,1477
8/24/2021,20,21,Wind,7059
8/6/2022,6,7,Wind,5612
5/31/2023,21,22,Wind,7614
12/14/2023,22,23,Wind,3423
12/18/2020,14,15,Wind,7822
9/14/2022,19,20,Wind,2557
7/18/2022,3,4,Wind,4057
3/27/2021,18,19,Wind,2880
11/26/2023,23,0,Wind,5691
12/2/2020,8,9,Wind,2746
1/12/2020,0,1,Wind,5357
4/1/2020,12,13,Solar,5453
12/6/2024,12,13,Wind,12932
10/6/2025,1,2,Wind,4656
6/22/2025,1,2,Wind,5895
10/30/2024,5,6,Wind,1711
4/23/2022,8,9,Wind,6471
12/29/2020,14,15,Wind,4968
1/20/2025,6,7,Wind,1629
6/1/2023,7,8,Wind,5874
12/31/2020,4,5,Wind,5350
10/30/2025,7,8,Wind,4753
10/29/2020,20,21,Wind,7684
10/13/2022,13,14,Wind,6534
11/19/2021,9,10,Solar,2308
11/30/2022,15,16,Wind,3146
2/6/2024,23,0,Wind,15982
10/18/2021,17,18,Wind,4080
2/21/2024,5,6,Wind,5151
4/22/2024,19,20,Wind,7407
2/6/2023,7,8,Wind,6441
3/26/2023,6,7,Wind,11392
4/10/2021,15,16,Wind,6614
6/2/2024,14,15,Wind,5327
3/19/2024,0,1,Wind,1042
6/23/2021,16,17,Solar,4302
7/28/2024,22,23,Wind,5534
4/12/2025,1,2,Wind,9520
7/5/2023,14,15,Wind,12658
1/28/2024,1,2,Wind,6881
10/19/2021,3,4,Wind,6107
8/31/2020,19,20,Wind,1757
1/4/2025,1,2,Wind,2946
1/23/2025,1,2,Wind,7190
8/9/2021,8,9,Wind,3791
10/1/2020,7,8,Wind,5454
9/25/2023,2,3,Wind,5283
7/15/2020,0,1,Wind,1514
9/19/2024,17,18,Wind,12718
6/24/2024,13,14,Solar,9241
9/27/2023,7,8,Wind,1493
11/21/2021,5,6,Wind,586
4/11/2022,14,15,Wind,12571
6/6/2024,4,5,Wind,1000
10/3/2020,17,18,Wind,6482
6/25/2021,2,3,Wind,1892
5/18/2023,12,13,Solar,10300
4/19/2020,18,19,Wind,4733
4/25/2023,22,23,Wind,2614
5/29/2024,14,15,Wind,11621
9/22/2025,18,19,Wind,12091
4/9/2022,20,21,Wind,2402
12/27/2024,4,5,Wind,1470
10/14/2020,13,14,Wind,6711
4/5/2021,7,8,Wind,5387
8/17/2022,14,15,Solar,4104
6/23/2025,17,18,Wind,14143
1/31/2021,1,2,Wind,5324
10/19/2021,17,18,Wind,7043
11/21/2024,3,4,Wind,4165
5/8/2025,4,5,Wind,5266
6/6/2025,3,4,Wind,9942
4/12/2022,20,21,Wind,2701
4/24/2021,10,11,Wind,7399
8/16/2023,5,6,Wind,1333
5/3/2024,14,15,Solar,12180
12/26/2023,7,8,Wind,8901
3/20/2025,4,5,Wind,5944
1/7/2025,6,7,Wind,13248
1/19/2024,21,22,Wind,3485
6/30/2025,6,7,Wind,3616
8/1/2023,13,14,Wind,15900
11/18/2022,9,10,Wind,7355
2/7/2021,13,14,Wind,6462
5/4/2020,2,3,Wind,674
8/6/2021,8,9,Wind,8857
7/28/2023,18,19,Wind,6810
7/11/2021,4,5,Wind,732
11/13/2020,12,13,Wind,6794
9/29/2024,0,1,Wind,964
5/17/2024,19,20,Wind,2719
7/27/2025,1,2,Wind,2441
10/11/2022,12,13,Solar,4648
3/14/2023,23,0,Wind,5228
7/1/2023,10,11,Wind,11170
9/11/2021,19,20,Wind,1058
6/23/2024,6,7,Wind,2465
3/29/2022,7,8,Wind,2796
4/23/2021,19,20,Wind,5711
5/6/2025,5,6,Wind,10208
8/24/2025,6,7,Wind,2817
3/18/2022,6,7,Wind,8824
1/25/2024,22,23,Wind,6532
11/13/2021,20,21,Wind,2420
4/21/2024,18,19,Wind,13906
2/25/2020,8,9,Wind,8372
10/22/2024,15,16,Solar,4616
9/3/2024,14,15,Solar,5316
1/7/2022,4,5,Wind,9576
7/12/2024,13,14,Solar,8247
7/3/2022,21,22,Wind,2589
12/29/2024,12,13,Solar,3489
9/5/2020,22,23,Wind,2365
2/17/2023,11,12,Wind,12424
5/9/2022,1,2,Wind,4167
12/9/2022,8,9,Wind,2830
3/19/2024,11,12,Solar,7549
5/4/2022,7,8,Wind,1702
11/24/2022,19,20,Wind,10548
2/16/2022,1,2,Wind,14146
11/25/2025,6,7,Wind,12539
11/27/2022,19,20,Wind,7442
1/18/2023,11,12,Wind,5423
12/7/2022,16,17,Wind,1948
12/6/2020,1,2,Wind,3826
2/7/2021,12,13,Wind,6365
8/24/2022,3,4,Wind,908
9/20/2020,12,13,Solar,2294
2/26/2025,20,21,Wind,12741
9/25/2024,1,2,Wind,4083
1/13/2020,2,3,Wind,2606
3/21/2024,18,19,Wind,1203
5/29/2023,19,20,Wind,12605
1/19/2023,8,9,Wind,2538
6/2/2025,6,7,Wind,2401
9/22/2020,18,19,Wind,1848
6/16/2022,20,21,Wind,1179
6/15/2025,17,18,Wind,4300
3/31/2022,11,12,Wind,9466
10/26/2025,23,0,Wind,16216
6/24/2022,15,16,Wind,10261
4/18/2020,19,20,Wind,936
9/28/2023,9,10,Solar,2990
5/7/2025,23,0,Wind,6111
5/24/2025,14,15,Wind,8752
1/28/2020,18,19,Wind,10404
9/8/2021,2,3,Wind,5381
6/7/2021,7,8,Wind,1509
9/24/2020,8,9,Wind,5580
9/1/2021,13,14,Wind,10499
6/26/2022,1,2,Wind,2487
6/1/2024,18,19,Wind,9516
7/10/2023,10,11,Solar,5571
5/2/2023,7,8,Wind,2545
5/31/2025,9,10,Solar,4038
9/3/2024,19,20,Wind,2194
7/10/2025,0,1,Wind,2573
6/4/2022,4,5,Wind,3051
10/14/2024,18,19,Wind,1897
3/19/2020,20,21,Wind,3314
1/30/2023,20,21,Wind,2928
1/5/2023,1,2,Wind,11513
4/5/2020,9,10,Wind,7246
4/16/2021,5,6,Wind,5001
4/15/2021,6,7,Wind,4728
1/29/2022,15,16,Wind,11127
8/25/2024,9,10,Solar,2951
9/8/2021,0,1,Wind,6186
9/8/2023,2,3,Wind,1048
3/15/2024,7,8,Wind,10700
5/26/2023,13,14,Solar,12466
5/15/2021,18,19,Wind,9536
12/22/2023,10,11,Wind,18322
2/23/2023,2,3,Wind,1122
11/28/2023,19,20,Wind,1063
10/19/2020,10,11,Wind,4592
5/24/2021,13,14,Wind,13298
1/24/2020,8,9,Wind,1882
2/25/2025,11,12,Wind,11927
2/19/2020,20,21,Wind,5241
3/3/2024,1,2,Wind,2679
8/25/2020,17,18,Wind,13129
4/7/2022,1,2,Wind,14431
4/28/2021,8,9,Wind,1239
10/21/2020,14,15,Wind,15507
5/23/2023,4,5,Wind,4715
4/12/2024,9,10,Solar,4718
6/23/2021,21,22,Wind,2824
4/23/2023,8,9,Wind,8238
1/10/2021,20,21,Wind,3657
4/3/2020,14,15,Solar,4937
4/13/2020,9,10,Wind,6343
8/29/2020,4,5,Wind,3115
4/3/2022,13,14,Wind,7323
1/11/2023,6,7,Wind,10799
7/12/2022,16,17,Solar,6057
8/20/2025,19,20,Wind,5389
6/8/2022,5,6,Wind,3163
4/28/2023,21,22,Wind,3182
2/11/2025,3,4,Wind,4480
5/11/2023,3,4,Wind,2507
5/5/2023,9,10,Solar,4856
8/12/2020,13,14,Solar,4803
10/1/2025,6,7,Wind,1806
8/1/2020,19,20,Wind,4450
6/21/2023,5,6,Wind,853
3/26/2022,20,21,Wind,9494
2/17/2022,23,0,Wind,6092
2/4/2023,20,21,Wind,3594
5/21/2021,14,15,Wind,15200
1/8/2021,12,13,Solar,3044
9/16/2024,10,11,Solar,6447
3/15/2022,15,16,Wind,4794
4/2/2023,15,16,Wind,11672
11/14/2023,17,18,Wind,15929
9/25/2023,3,4,Wind,4458
9/28/2020,16,17,Wind,6286
12/16/2024,22,23,Wind,2447
6/4/2025,12,13,Solar,7518
9/10/2024,22,23,Wind,12600
12/25/2022,8,9,Wind,5389
9/16/2021,15,16,Solar,3052
8/30/2023,11,12,Solar,8325
10/7/2024,21,22,Wind,8712
12/4/2024,14,15,Solar,5736
4/26/2021,9,10,Wind,7400
12/3/2024,23,0,Wind,1568
3/30/2023,3,4,Wind,10378
6/4/2025,7,8,Wind,3143
5/31/2023,0,1,Wind,9569
2/1/2021,22,23,Wind,3267
9/17/2024,23,0,Wind,10675
12/22/2023,18,19,Wind,16019
2/15/2021,6,7,Wind,10205
10/12/2022,9,10,Solar,1292
10/11/2025,20,21,Wind,5380
9/9/2023,4,5,Wind,2045
11/26/2021,3,4,Wind,2343
7/22/2022,2,3,Wind,3113
8/9/2025,1,2,Wind,1470
9/25/2023,23,0,Wind,1146
12/6/2020,11,12,Wind,3330
8/22/2021,4,5,Wind,2792
5/26/2021,15,16,Wind,10353
8/22/2025,16,17,Solar,8600
1/7/2020,4,5,Wind,3598
4/9/2022,17,18,Wind,7791
4/24/2025,11,12,Solar,8222
10/29/2025,5,6,Wind,5682
8/2/2022,13,14,Solar,6923
8/20/2024,8,9,Wind,4713
12/27/2020,0,1,Wind,12780
11/25/2024,18,19,Wind,6154
12/2/2023,16,17,Wind,2137
12/31/2024,13,14,Wind,8747
1/28/2025,15,16,Wind,20042
2/5/2023,9,10,Wind,8234
3/9/2024,8,9,Wind,12704
1/1/2024,5,6,Wind,8641
9/24/2022,0,1,Wind,1138
1/12/2021,10,11,Wind,13043
8/27/2021,20,21,Wind,4054
8/26/2021,20,21,Wind,3784
9/18/2021,22,23,Wind,2958
5/25/2023,8,9,Wind,7647
8/6/2020,13,14,Solar,4336
9/3/2024,9,10,Solar,2539
6/2/2025,0,1,Wind,3299
3/5/2022,14,15,Solar,5401
3/5/2024,14,15,Wind,10157
12/11/2022,9,10,Wind,2714
7/6/2024,13,14,Wind,8948
8/19/2025,15,16,Solar,6891
6/24/2021,2,3,Wind,2262
7/1/2025,16,17,Solar,8534
8/4/2021,8,9,Wind,1181
5/12/2025,13,14,Solar,4495
8/12/2022,2,3,Wind,4278
5/14/2022,3,4,Wind,2006
9/28/2023,17,18,Solar,5763
3/19/2020,10,11,Solar,3547
1/10/2020,7,8,Wind,7591
7/14/2023,16,17,Wind,16277
1/4/2025,4,5,Wind,3211
12/30/2021,19,20,Wind,5489
12/5/2021,7,8,Wind,7240
8/18/2022,6,7,Wind,1181
10/24/2024,14,15,Solar,8271
1/11/2024,9,10,Wind,7230
7/4/2024,17,18,Wind,14355
1/10/2021,7,8,Wind,4388
1/15/2021,21,22,Wind,2283
11/26/2020,19,20,Wind,1813
7/17/2023,13,14,Solar,10173
6/12/2020,12,13,Wind,6519
11/26/2022,9,10,Wind,5196
9/15/2023,14,15,Solar,8258
6/2/2022,13,14,Solar,7024
7/13/2022,4,5,Wind,1270
4/6/2022,21,22,Wind,13603
6/4/2023,3,4,Wind,6704
6/5/2025,6,7,Wind,4181
7/20/2024,17,18,Solar,6379
2/27/2022,8,9,Wind,8390
5/17/2025,21,22,Wind,2774
2/27/2024,16,17,Wind,8554
7/18/2024,23,0,Wind,1433
2/24/2021,17,18,Wind,5198
1/3/2023,14,15,Wind,9200
7/9/2024,14,15,Solar,11283
2/18/2024,2,3,Wind,5858
5/26/2023,9,10,Solar,7489
10/21/2024,18,19,Wind,3648
7/19/2021,18,19,Wind,6514
4/8/2020,23,0,Wind,825
6/17/2025,3,4,Wind,3176
4/5/2023,2,3,Wind,2221
12/27/2022,15,16,Wind,5825
10/9/2025,0,1,Wind,2634
12/5/2023,17,18,Wind,7256
5/23/2021,11,12,Wind,9650
9/8/2022,17,18,Wind,10068
9/22/2023,0,1,Wind,7352
2/10/2020,17,18,Wind,13705
2/14/2022,3,4,Wind,13182
7/31/2022,4,5,Wind,1709
2/28/2022,9,10,Solar,5142
9/3/2021,9,10,Solar,2217
4/6/2023,8,9,Wind,3495
1/23/2023,6,7,Wind,4286
8/31/2023,5,6,Wind,2870
2/17/2022,11,12,Wind,15777
4/20/2021,8,9,Solar,1343
10/31/2022,16,17,Wind,8671
12/31/2021,15,16,Wind,4707
10/26/2024,13,14,Solar,3224
4/5/2022,20,21,Wind,6779
3/15/2025,16,17,Wind,15410
5/3/2020,13,14,Solar,5135
3/7/2021,0,1,Wind,3546
11/23/2025,13,14,Wind,15302
4/16/2025,2,3,Wind,4565
7/26/2024,14,15,Solar,7248
7/29/2021,2,3,Wind,5135
6/17/2020,16,17,Solar,3925
1/6/2025,14,15,Wind,19475
2/11/2020,3,4,Wind,11971
7/14/2021,15,16,Wind,8891
7/3/2021,2,3,Wind,2170
6/24/2021,0,1,Wind,2233
9/9/2022,14,15,Wind,15173
3/7/2020,7,8,Wind,2338
7/10/2025,10,11,Solar,8612
7/20/2022,16,17,Solar,7276
6/22/2023,6,7,Wind,4224
5/22/2025,2,3,Wind,4907
11/10/2022,1,2,Wind,3753
2/17/2023,16,17,Wind,10394
5/24/2024,16,17,Solar,6342
6/12/2022,11,12,Solar,5452
3/11/2023,2,3,Wind,3179
8/20/2024,13,14,Solar,11619
8/18/2023,0,1,Wind,3104
3/21/2020,10,11,Wind,10703
12/6/2021,21,22,Wind,10765
5/26/2022,8,9,Wind,4002
1/1/2025,13,14,Wind,19592
4/12/2020,19,20,Wind,2717
6/19/2021,19,20,Wind,4228
3/22/2023,1,2,Wind,9571
5/6/2021,12,13,Wind,7426
10/28/2022,2,3,Wind,8249
11/4/2024,2,3,Wind,2704
6/3/2020,4,5,Wind,744
9/24/2025,17,18,Wind,8218
10/19/2020,5,6,Wind,1797
7/27/2022,12,13,Solar,6936
6/30/2022,10,11,Solar,2652
11/2/2023,19,20,Wind,14918
1/7/2020,0,1,Wind,5535
5/22/2021,10,11,Wind,13367
7/9/2022,20,21,Wind,6256
7/12/2025,18,19,Solar,6141
3/8/2025,18,19,Wind,10255
4/12/2022,0,1,Wind,8878
7/24/2020,17,18,Wind,5978
10/25/2021,2,3,Wind,2912
6/28/2022,3,4,Wind,1372
7/3/2021,16,17,Solar,4175
6/30/2025,1,2,Wind,4976
6/19/2021,1,2,Wind,2700
8/23/2025,6,7,Wind,1485
2/29/2024,9,10,Wind,9857
8/16/2022,14,15,Solar,5967
5/22/2024,20,21,Wind,3585
7/9/2021,0,1,Wind,1353
11/8/2023,16,17,Wind,14858
3/19/2023,17,18,Wind,5127
10/11/2024,1,2,Wind,1707
12/7/2021,23,0,Wind,11740
6/23/2022,16,17,Solar,5062
10/24/2025,5,6,Wind,12409
8/2/2025,11,12,Solar,10963
12/19/2024,12,13,Wind,19094
4/24/2021,9,10,Wind,6341
9/21/2024,2,3,Wind,3544
5/21/2024,8,9,Solar,2747
1/5/2023,0,1,Wind,12062
10/17/2024,17,18,Wind,3269
10/16/2025,13,14,Solar,11554
4/30/2022,17,18,Wind,7520
2/21/2024,2,3,Wind,4054
3/15/2020,17,18,Wind,5043
8/19/2024,4,5,Wind,1904
8/9/2020,22,23,Wind,4348
6/6/2020,0,1,Wind,5526
11/10/2021,3,4,Wind,982
8/14/2021,6,7,Wind,1405
10/11/2025,1,2,Wind,3141
4/2/2025,10,11,Wind,18034
11/16/2025,19,20,Wind,4460
1/4/2023,4,5,Wind,14392
11/4/2024,16,17,Wind,2758
5/30/2025,12,13,Solar,4615
8/1/2022,13,14,Solar,6626
12/5/2020,22,23,Wind,4879
3/11/2023,0,1,Wind,3159
4/25/2021,17,18,Wind,11222
8/15/2020,10,11,Solar,2541
1/27/2020,1,2,Wind,8860
7/27/2021,11,12,Solar,4459
12/11/2022,7,8,Wind,2393
7/8/2024,21,22,Wind,2482
5/12/2022,16,17,Solar,5413
5/9/2025,15,16,Solar,5987
6/23/2021,7,8,Wind,2369
3/17/2022,19,20,Wind,5426
4/2/2025,9,10,Wind,16203
9/1/2024,19,20,Wind,3293
3/16/2024,8,9,Wind,5162
4/3/2020,12,13,Solar,4816
4/21/2023,2,3,Wind,3166
9/2/2020,13,14,Solar,4465
4/29/2021,1,2,Wind,2309
1/9/2024,5,6,Wind,5078
1/30/2023,19,20,Wind,3169
7/16/2021,20,21,Wind,3959
6/25/2025,18,19,Solar,6146
1/22/2020,11,12,Wind,4127
10/8/2023,21,22,Wind,744
4/8/2021,6,7,Wind,695
4/11/2021,12,13,Wind,7816
12/1/2022,12,13,Wind,5494
4/20/2021,17,18,Solar,2428
1/4/2020,8,9,Wind,3342
2/25/2023,17,18,Wind,8200
9/17/2021,1,2,Wind,699
12/20/2020,9,10,Wind,4489
8/28/2025,15,16,Wind,11758
7/28/2023,7,8,Wind,3877
7/4/2023,8,9,Solar,2590
6/12/2025,21,22,Wind,1821
2/28/2022,13,14,Solar,6476
2/21/2022,20,21,Wind,12070
9/30/2023,18,19,Solar,1643
9/2/2024,8,9,Wind,3046
12/27/2020,1,2,Wind,13341
1/6/2021,11,12,Solar,1977
4/13/2021,23,0,Wind,4542
4/4/2022,9,10,Wind,7264
10/17/2025,16,17,Solar,8657
5/1/2025,20,21,Wind,2135
5/30/2023,23,0,Wind,9904
5/3/2022,23,0,Wind,3793
1/5/2023,9,10,Wind,5748
1/31/2020,0,1,Wind,9113
2/28/2025,20,21,Wind,6271
11/25/2025,3,4,Wind,10849
10/1/2021,4,5,Wind,5385
10/28/2024,20,21,Wind,2417
12/12/2021,11,12,Wind,5938
4/19/2022,0,1,Wind,3317
8/4/2023,5,6,Wind,3441
10/7/2024,2,3,Wind,7593
4/3/2024,0,1,Wind,10168
6/4/2022,3,4,Wind,2989
8/6/2022,10,11,Solar,8940
9/27/2022,21,22,Wind,8957
8/31/2021,3,4,Wind,3643
4/25/2025,5,6,Wind,2468
12/1/2024,5,6,Wind,5872
7/14/2024,3,4,Wind,393
9/21/2021,8,9,Wind,3313
4/9/2021,8,9,Wind,4499
6/9/2020,6,7,Wind,3098
9/7/2023,15,16,Solar,7154
11/15/2025,21,22,Wind,2981
8/20/2020,17,18,Wind,6305
4/26/2025,23,0,Wind,5880
5/21/2024,15,16,Solar,7449
6/22/2023,19,20,Wind,6275
2/20/2025,11,12,Wind,12010
9/11/2025,13,14,Wind,11288
7/22/2022,0,1,Wind,3023
10/8/2021,3,4,Wind,3324
3/23/2021,0,1,Wind,2327
6/9/2021,16,17,Solar,4677
4/24/2025,17,18,Wind,8514
11/14/2021,0,1,Wind,2299
9/22/2025,22,23,Wind,9403
1/23/2025,10,11,Wind,9514
3/11/2023,4,5,Wind,3717
4/7/2025,7,8,Wind,4924
3/5/2021,19,20,Wind,5958
10/5/2020,4,5,Wind,10763
7/19/2023,12,13,Solar,9982
6/8/2020,13,14,Solar,5104
6/1/2022,7,8,Wind,1752
5/22/2022,9,10,Solar,3677
9/14/2022,20,21,Wind,2238
7/14/2022,10,11,Solar,5159
1/4/2022,13,14,Wind,5920
9/17/2021,13,14,Solar,4901
10/4/2020,6,7,Wind,10875
8/13/2025,17,18,Solar,5153
8/8/2023,4,5,Wind,1545
10/29/2024,2,3,Wind,1493
7/27/2022,20,21,Wind,2861
7/3/2021,3,4,Wind,2153
10/22/2023,20,21,Wind,2509
10/8/2024,4,5,Wind,8959
12/31/2023,14,15,Wind,18777
7/13/2024,6,7,Wind,1044
4/30/2025,15,16,Solar,5960
12/13/2021,14,15,Solar,2908
1/12/2021,19,20,Wind,6332
3/9/2025,11,12,Wind,7241
3/23/2022,5,6,Wind,2903
10/30/2022,6,7,Wind,3727
4/3/2023,15,16,Wind,11461
7/15/2021,22,23,Wind,5285
10/3/2023,2,3,Wind,9790
7/16/2023,8,9,Wind,5475
11/19/2020,7,8,Wind,8765
5/3/2022,21,22,Wind,4118
1/29/2025,2,3,Wind,16732
2/5/2021,3,4,Wind,2398
8/22/2025,8,9,Wind,3838
9/19/2021,14,15,Solar,5472
3/8/2022,0,1,Wind,9131
10/26/2020,13,14,Wind,11267
7/13/2021,21,22,Wind,5506
12/23/2024,14,15,Wind,12048
11/3/2020,23,0,Wind,2798
10/6/2023,21,22,Wind,1439
3/8/2023,4,5,Wind,11231
2/21/2021,3,4,Wind,9412
11/18/2024,22,23,Wind,12416
6/8/2020,8,9,Solar,2022
2/9/2020,15,16,Wind,14078
6/24/2021,12,13,Solar,4296
2/21/2024,14,15,Wind,15337
9/25/2024,3,4,Wind,4282
8/22/2025,3,4,Wind,4187
8/28/2025,4,5,Wind,2083
5/21/2020,22,23,Wind,960
9/22/2020,7,8,Wind,459
6/26/2024,10,11,Solar,3227
10/4/2024,17,18,Solar,4914
10/9/2020,1,2,Wind,2780
8/26/2023,12,13,Solar,7772
2/4/2022,12,13,Wind,12483
4/19/2023,12,13,Solar,10375
3/17/2024,10,11,Solar,6826
2/8/2023,10,11,Solar,6717
4/11/2021,8,9,Wind,5974
9/17/2021,18,19,Solar,1730
12/14/2023,9,10,Wind,6089
4/21/2021,19,20,Wind,5125
8/17/2025,11,12,Solar,10395
3/6/2020,6,7,Wind,7966
1/13/2022,14,15,Solar,4554
2/28/2020,19,20,Wind,10840
3/4/2025,3,4,Wind,2893
12/9/2024,23,0,Wind,11628
8/23/2024,9,10,Wind,14408
12/31/2020,2,3,Wind,5738
6/23/2023,20,21,Wind,2354
8/14/2020,17,18,Solar,4073
1/31/2021,3,4,Wind,4503
9/26/2025,20,21,Wind,232
10/3/2023,6,7,Wind,8547
4/23/2021,14,15,Solar,9027
5/9/2025,18,19,Wind,7716
1/24/2021,18,19,Wind,7758
12/11/2024,5,6,Wind,5805
8/18/2021,16,17,Wind,5216
3/20/2022,19,20,Wind,2655
8/7/2021,0,1,Wind,2847
7/30/2025,12,13,Solar,8297
1/16/2020,12,13,Wind,8932
3/14/2025,21,22,Wind,8995
12/10/2022,12,13,Solar,4251
4/14/2023,8,9,Wind,5803
3/7/2021,4,5,Wind,1964
8/2/2024,5,6,Wind,1409
4/14/2021,12,13,Solar,8807
8/29/2022,22,23,Wind,5624
8/21/2024,4,5,Wind,5194
3/2/2024,8,9,Wind,11867
5/13/2023,18,19,Wind,8321
9/22/2025,11,12,Wind,15501
4/1/2024,6,7,Wind,6261
7/17/2021,12,13,Solar,6944
8/16/2025,1,2,Wind,6783
4/30/2021,9,10,Solar,2080
1/4/2021,4,5,Wind,1585
11/14/2021,21,22,Wind,4629
4/24/2023,13,14,Wind,10488
5/2/2023,1,2,Wind,3891
1/8/2025,1,2,Wind,5608
7/22/2023,13,14,Solar,12519
10/12/2022,15,16,Solar,4059
10/5/2021,10,11,Wind,10634
12/20/2021,13,14,Wind,5087
6/26/2022,22,23,Wind,1225
8/17/2025,2,3,Wind,5835
7/4/2025,15,16,Solar,9917
2/15/2024,19,20,Wind,10950
11/13/2020,2,3,Wind,4925
10/29/2023,2,3,Wind,15488
4/7/2024,2,3,Wind,10094
11/8/2025,3,4,Wind,1223
10/28/2023,12,13,Wind,16975
1/30/2023,16,17,Wind,5945
1/10/2022,14,15,Solar,2709
12/9/2022,21,22,Wind,1858
7/13/2023,9,10,Solar,4958
1/1/2023,21,22,Wind,13289
10/24/2024,16,17,Wind,6768
5/30/2023,19,20,Wind,11350
12/30/2023,13,14,Wind,12614
10/5/2022,19,20,Wind,7856
6/12/2024,14,15,Solar,7585
1/1/2020,21,22,Wind,1228
6/6/2024,19,20,Wind,3832
1/15/2022,8,9,Wind,1266
8/12/2022,19,20,Wind,3388
6/17/2025,6,7,Wind,2439
5/18/2022,12,13,Solar,6471
12/6/2020,14,15,Wind,3362
2/6/2022,17,18,Wind,16007
3/30/2022,1,2,Wind,1647
5/20/2022,20,21,Wind,5579
5/2/2023,20,21,Wind,5037
1/5/2021,3,4,Wind,2309
4/4/2020,1,2,Wind,1059
7/19/2024,7,8,Wind,2072
1/17/2021,19,20,Wind,3088
11/23/2022,4,5,Wind,6608
8/15/2022,5,6,Wind,2283
7/1/2023,22,23,Wind,6141
1/29/2023,17,18,Wind,2276
9/17/2023,2,3,Wind,3078
7/16/2021,22,23,Wind,3195
11/16/2025,22,23,Wind,4643
7/1/2022,0,1,Wind,2747
9/19/2021,11,12,Solar,5438
1/20/2024,8,9,Wind,3002
4/1/2024,5,6,Wind,5730
12/30/2021,8,9,Wind,8346
4/24/2022,18,19,Wind,5352
5/15/2020,6,7,Wind,6218
1/16/2022,21,22,Wind,1954
7/3/2024,13,14,Solar,10938
10/21/2025,19,20,Wind,6940
7/2/2021,7,8,Solar,811
9/27/2024,15,16,Wind,11353
11/7/2024,6,7,Wind,2280
10/3/2021,16,17,Wind,7208
11/28/2024,15,16,Solar,3117
12/12/2020,8,9,Wind,5116
7/17/2023,16,17,Solar,9405
4/8/2024,11,12,Wind,9916
3/11/2024,5,6,Wind,3993
3/19/2025,19,20,Wind,5144
12/28/2020,7,8,Wind,6519
4/30/2022,1,2,Wind,4279
9/4/2022,7,8,Wind,2514
9/4/2021,12,13,Solar,4091
6/6/2024,6,7,Wind,1334
10/18/2023,11,12,Wind,12358
6/27/2025,16,17,Solar,10539
10/22/2022,6,7,Wind,4764
12/6/2022,20,21,Wind,1974
1/14/2025,3,4,Wind,2973
6/27/2022,9,10,Solar,3694
8/28/2021,13,14,Solar,8864
7/16/2020,17,18,Wind,3970
11/26/2021,13,14,Wind,12001
7/27/2021,9,10,Solar,2639
6/22/2022,20,21,Wind,1793
4/16/2021,2,3,Wind,5687
9/18/2025,22,23,Wind,946
6/10/2022,20,21,Wind,1519
12/10/2023,12,13,Wind,17375
8/18/2025,12,13,Solar,9118
3/13/2025,10,11,Solar,5207
10/30/2021,10,11,Wind,9345
10/11/2022,22,23,Wind,2004
6/25/2022,23,0,Wind,2447
7/5/2025,14,15,Solar,6454
3/27/2021,0,1,Wind,8955
11/22/2022,15,16,Wind,13570
9/25/2023,14,15,Solar,6686
5/14/2021,15,16,Wind,9132
8/25/2022,13,14,Solar,6747
6/14/2024,13,14,Wind,13737
5/30/2020,23,0,Wind,5318
4/12/2022,9,10,Wind,7639
2/9/2021,22,23,Wind,8252
10/15/2023,23,0,Wind,5688
8/1/2022,7,8,Wind,1018
9/4/2024,23,0,Wind,3441
6/19/2024,15,16,Wind,9546
2/1/2020,23,0,Wind,7593
1/23/2021,8,9,Wind,6256
11/16/2021,23,0,Wind,1607
1/26/2023,4,5,Wind,1602
6/1/2025,6,7,Wind,2013
5/9/2022,12,13,Solar,6351
11/8/2023,21,22,Wind,14490
8/10/2020,0,1,Wind,3675
1/8/2021,22,23,Wind,1032
3/10/2021,22,23,Wind,13024
12/19/2022,3,4,Wind,12364
1/15/2022,17,18,Wind,467
8/27/2024,12,13,Solar,9570
1/1/2020,6,7,Wind,2293
5/6/2022,6,7,Wind,3224
2/19/2021,21,22,Wind,8977
6/7/2021,15,16,Solar,4364
7/10/2021,6,7,Wind,550
8/4/2022,20,21,Wind,4846
11/18/2022,19,20,Wind,3557
4/10/2023,16,17,Wind,13129
8/3/2021,9,10,Solar,2269
11/14/2025,18,19,Wind,10304
5/29/2020,14,15,Wind,8180
4/2/2020,10,11,Solar,2553
9/25/2023,10,11,Solar,5050
5/13/2021,21,22,Wind,2345
6/6/2020,11,12,Wind,9585
5/22/2024,13,14,Wind,12721
4/20/2024,3,4,Wind,7054
11/25/2025,19,20,Wind,10785
11/23/2023,16,17,Wind,6587
10/22/2021,21,22,Wind,2606
6/14/2022,4,5,Wind,4422
12/31/2024,14,15,Wind,8711
12/18/2021,3,4,Wind,6277
3/28/2024,12,13,Wind,23008
6/11/2025,14,15,Solar,5418
9/16/2024,13,14,Solar,10487
2/14/2025,15,16,Wind,8419
10/12/2021,6,7,Wind,2468
1/31/2025,16,17,Wind,6182
9/1/2023,15,16,Solar,8675
11/21/2024,16,17,Wind,10085
10/22/2021,10,11,Wind,4696
9/1/2022,13,14,Solar,6942
8/4/2020,23,0,Wind,1331
10/20/2022,8,9,Wind,4405
3/4/2024,8,9,Wind,5555
7/3/2022,12,13,Solar,6827
2/24/2023,4,5,Wind,5668
3/8/2023,14,15,Wind,15390
12/18/2021,14,15,Wind,6408
4/20/2021,18,19,Solar,1729
7/17/2021,11,12,Solar,6341
9/20/2020,20,21,Wind,2128
6/24/2022,7,8,Wind,3032
10/27/2025,13,14,Wind,22044
11/29/2025,19,20,Wind,9233
8/21/2020,23,0,Wind,4858
9/30/2021,6,7,Wind,1653
7/25/2020,15,16,Wind,7559
5/6/2022,5,6,Wind,3316
4/20/2023,23,0,Wind,3587
6/14/2023,18,19,Wind,6011
8/8/2022,8,9,Wind,4926
4/10/2020,0,1,Wind,4972
11/5/2025,14,15,Wind,12775
4/20/2025,5,6,Wind,6149
6/6/2022,13,14,Solar,8998
2/17/2020,0,1,Wind,9356
9/29/2023,18,19,Wind,3516
1/24/2020,13,14,Solar,2042
1/24/2024,17,18,Wind,7568
6/17/2021,12,13,Wind,5316
11/12/2023,11,12,Wind,10304
11/21/2025,2,3,Wind,4481
9/23/2022,14,15,Solar,3495
5/25/2022,2,3,Wind,2324
8/28/2022,7,8,Wind,4217
8/7/2023,9,10,Solar,5294
5/7/2025,6,7,Wind,6604
8/15/2022,1,2,Wind,1997
8/26/2023,19,20,Wind,2397
8/21/2020,22,23,Wind,4950
1/7/2022,5,6,Wind,9307
11/14/2025,13,14,Wind,14018
3/1/2024,9,10,Wind,17440
8/2/2021,13,14,Solar,5246
10/21/2023,21,22,Wind,14651
8/9/2021,1,2,Wind,2944
10/17/2023,14,15,Wind,7932
10/2/2020,0,1,Wind,7026
10/9/2023,23,0,Wind,611
8/25/2023,13,14,Wind,9966
9/14/2024,21,22,Wind,3367
11/23/2021,14,15,Wind,9060
8/24/2022,4,5,Wind,995
8/13/2025,20,21,Wind,3464
6/19/2020,12,13,Solar,5060
11/22/2022,5,6,Wind,12532
6/21/2022,8,9,Wind,3246
8/21/2020,17,18,Wind,9487
9/6/2025,23,0,Wind,9991
9/29/2022,23,0,Wind,1108
12/4/2024,21,22,Wind,5762
12/20/2024,18,19,Wind,11520
6/6/2023,6,7,Wind,5116
8/8/2022,23,0,Wind,8070
7/13/2021,3,4,Wind,2982
8/23/2021,3,4,Wind,2644
1/7/2020,21,22,Wind,5517
6/21/2023,23,0,Wind,3000
5/10/2022,0,1,Wind,548
3/24/2021,23,0,Wind,2169
6/25/2024,16,17,Solar,7589
8/30/2024,18,19,Wind,6982
5/4/2020,23,0,Wind,6670
7/25/2021,1,2,Wind,2725
5/22/2020,9,10,Wind,4790
7/27/2024,11,12,Solar,5453
6/9/2024,17,18,Wind,7344
5/30/2022,10,11,Solar,4864
1/9/2024,4,5,Wind,5268
8/20/2025,21,22,Wind,3789
7/28/2021,5,6,Wind,3238
12/30/2022,11,12,Wind,17204
5/14/2025,0,1,Wind,1393
7/10/2021,23,0,Wind,1446
3/26/2022,11,12,Solar,10464
4/8/2024,0,1,Wind,4488
3/10/2020,3,4,Wind,12375
4/7/2024,9,10,Wind,5752
11/28/2021,7,8,Wind,9505
10/20/2022,4,5,Wind,5575
1/17/2020,22,23,Wind,6330
5/19/2023,3,4,Wind,5816
3/19/2020,4,5,Wind,1106
4/1/2023,4,5,Wind,15884
9/18/2022,12,13,Solar,10799
4/15/2024,3,4,Wind,3239
10/3/2022,11,12,Solar,4175
2/19/2023,10,11,Wind,6088
12/8/2021,10,11,Wind,7279
4/8/2024,10,11,Wind,7830
3/29/2022,11,12,Solar,3720
6/21/2020,3,4,Wind,2507
3/9/2024,19,20,Wind,7216
5/14/2020,17,18,Wind,10500
7/2/2020,12,13,Wind,6116
5/27/2025,7,8,Wind,9303
5/16/2024,12,13,Solar,7290
2/5/2025,22,23,Wind,3158
10/8/2020,2,3,Wind,5588
11/12/2023,22,23,Wind,10113
10/14/2024,13,14,Solar,6457
2/21/2025,20,21,Wind,12923
4/3/2023,18,19,Wind,9051
1/26/2024,15,16,Wind,8532
7/26/2021,22,23,Wind,1466
4/13/2020,6,7,Wind,4932
6/20/2023,0,1,Wind,3075
6/3/2021,5,6,Wind,1480
2/4/2025,7,8,Wind,2088
12/27/2020,20,21,Wind,7901
9/16/2022,0,1,Wind,1791
4/21/2024,19,20,Wind,11414
4/30/2025,16,17,Solar,10536
2/16/2020,0,1,Wind,12461
5/28/2025,19,20,Wind,11919
4/21/2020,11,12,Wind,4758
6/5/2023,17,18,Solar,7291
12/5/2023,3,4,Wind,12965
9/21/2023,6,7,Wind,6941
3/4/2021,6,7,Wind,1000
10/23/2021,0,1,Wind,1791
2/7/2022,10,11,Wind,5055
2/6/2023,19,20,Wind,7368
3/2/2025,5,6,Wind,9159
8/13/2022,4,5,Wind,3605
6/22/2022,6,7,Wind,3111
2/8/2022,12,13,Solar,7502
4/28/2021,18,19,Wind,4305
4/1/2021,3,4,Wind,1902
10/14/2025,15,16,Solar,10500
9/17/2021,22,23,Wind,1338
10/12/2025,5,6,Wind,4873
9/24/2023,17,18,Wind,7583
4/9/2024,9,10,Wind,16419
1/16/2020,14,15,Wind,9497
12/1/2022,13,14,Wind,5340
7/15/2021,1,2,Wind,8038
6/28/2020,15,16,Wind,6630
1/17/2022,16,17,Wind,1829
11/12/2023,10,11,Wind,9659
7/13/2025,6,7,Wind,2082
7/31/2024,6,7,Wind,2944
6/30/2022,11,12,Solar,3391
1/25/2024,4,5,Wind,2455
2/25/2021,10,11,Wind,4342
11/2/2020,5,6,Wind,11681
9/30/2022,1,2,Wind,1096
6/9/2023,22,23,Wind,2504
4/7/2021,13,14,Wind,10615
12/16/2022,5,6,Wind,5476
12/12/2021,14,15,Wind,4467
5/26/2022,23,0,Wind,4339
6/7/2024,11,12,Solar,6085
4/14/2021,19,20,Wind,6098
4/27/2021,19,20,Wind,970
7/1/2020,15,16,Wind,6444
11/12/2023,1,2,Wind,6209
8/15/2023,7,8,Wind,1071
7/31/2020,5,6,Wind,3540
2/14/2022,9,10,Wind,10582
10/1/2020,20,21,Wind,3361
9/17/2020,8,9,Wind,6355
3/30/2020,11,12,Wind,12199
1/19/2023,1,2,Wind,3820
3/13/2021,7,8,Wind,14638
3/25/2020,11,12,Solar,5518
12/28/2020,11,12,Wind,9871
11/19/2025,11,12,Wind,15284
7/13/2024,17,18,Solar,5607
10/28/2025,9,10,Wind,14377
9/6/2020,3,4,Wind,1823
3/17/2025,23,0,Wind,11633
1/17/2025,3,4,Wind,1788
7/9/2020,0,1,Wind,1362
6/13/2025,10,11,Solar,8287
11/9/2022,14,15,Wind,6828
3/9/2020,14,15,Wind,9614
11/18/2020,14,15,Wind,6125
11/5/2023,12,13,Wind,19856
12/7/2022,9,10,Wind,2842
3/10/2023,16,17,Wind,14376
10/20/2020,9,10,Wind,9644
12/29/2023,2,3,Wind,8419
4/13/2022,8,9,Wind,1475
5/1/2021,0,1,Wind,1620
7/11/2020,21,22,Wind,3177
4/11/2022,0,1,Wind,8490
4/13/2025,16,17,Wind,4154
1/31/2024,4,5,Wind,499
7/14/2025,21,22,Wind,5445
9/27/2020,0,1,Wind,7917
6/21/2022,20,21,Wind,1925
11/25/2024,16,17,Wind,7541
12/7/2021,22,23,Wind,12165
7/21/2020,3,4,Wind,4554
1/8/2021,8,9,Wind,1029
11/23/2022,18,19,Wind,12300
5/22/2022,11,12,Solar,5522
7/11/2020,20,21,Wind,3401
2/18/2024,23,0,Wind,6277
9/12/2024,5,6,Wind,3850
10/22/2020,17,18,Wind,3599
10/17/2020,21,22,Wind,622
1/25/2023,16,17,Wind,1952
6/15/2022,0,1,Wind,4554
6/30/2025,16,17,Solar,7989
8/17/2021,16,17,Wind,8154
8/4/2020,18,19,Solar,3576
1/20/2022,18,19,Wind,4982
10/9/2024,17,18,Wind,10010
2/16/2021,10,11,Wind,9409
9/22/2023,8,9,Wind,6851
9/21/2025,2,3,Wind,6946
2/13/2022,1,2,Wind,7135
11/11/2024,17,18,Wind,6659
5/30/2022,17,18,Solar,3903
7/11/2020,6,7,Wind,2418
11/8/2025,9,10,Solar,2798
10/8/2020,5,6,Wind,7055
3/19/2020,21,22,Wind,3699
8/11/2025,13,14,Solar,11844
1/3/2020,20,21,Wind,4966
2/6/2024,4,5,Wind,10477
11/8/2025,11,12,Solar,5082
10/22/2022,15,16,Solar,5972
7/6/2024,7,8,Wind,10792
10/27/2020,3,4,Wind,5927
5/7/2023,23,0,Wind,1699
10/20/2025,23,0,Wind,16588
11/11/2022,14,15,Solar,5409
2/7/2023,21,22,Wind,5924
4/12/2022,16,17,Wind,7695
3/12/2023,15,16,Wind,13034
5/26/2025,9,10,Solar,8976
8/14/2020,12,13,Solar,4543
3/3/2022,20,21,Wind,913
5/12/2022,13,14,Solar,5753
3/5/2024,12,13,Wind,9895
9/27/2022,16,17,Wind,11612
3/22/2022,7,8,Wind,5751
7/3/2021,1,2,Wind,2037
8/6/2021,7,8,Wind,7736
2/6/2024,13,14,Wind,15931
3/15/2020,7,8,Wind,5361
8/11/2021,15,16,Solar,4874
7/27/2024,14,15,Solar,6404
4/14/2025,21,22,Wind,3136
9/6/2020,22,23,Wind,1873
1/28/2021,9,10,Wind,14271
4/17/2025,19,20,Wind,3189
1/29/2023,7,8,Wind,1207
9/5/2020,8,9,Wind,2116
1/1/2025,14,15,Wind,19237
3/3/2021,14,15,Solar,2716
6/9/2022,14,15,Solar,9340
4/22/2025,14,15,Solar,8137
7/23/2020,21,22,Wind,1360
6/17/2024,11,12,Solar,7294
5/31/2022,20,21,Wind,2409
9/30/2021,1,2,Wind,2244
11/28/2024,14,15,Solar,4315
1/9/2023,10,11,Wind,15802
12/11/2022,17,18,Wind,1227
1/1/2020,0,1,Wind,3542
2/10/2024,11,12,Wind,5983
5/27/2020,0,1,Wind,5625
11/15/2024,21,22,Wind,1981
6/13/2024,11,12,Solar,10078
2/10/2024,16,17,Wind,7364
4/16/2023,19,20,Wind,4464
11/1/2023,16,17,Wind,13294
1/15/2025,20,21,Wind,3693
2/4/2024,17,18,Wind,8176
4/21/2024,12,13,Wind,10196
4/6/2023,6,7,Wind,1955
4/21/2021,16,17,Wind,5855
9/23/2020,16,17,Wind,7460
10/9/2020,15,16,Wind,4986
8/22/2022,1,2,Wind,2044
8/15/2020,9,10,Solar,1841
7/14/2020,10,11,Solar,3161
10/31/2024,0,1,Wind,2531
8/31/2023,6,7,Wind,2973
3/6/2022,12,13,Wind,9106
8/10/2025,17,18,Solar,7824
4/14/2022,23,0,Wind,1982
4/10/2020,19,20,Wind,2094
10/21/2020,12,13,Wind,15716
2/20/2022,3,4,Wind,11070
9/5/2020,12,13,Solar,4711
6/3/2020,19,20,Wind,3544
1/22/2020,14,15,Wind,4042
9/11/2025,6,7,Wind,10244
1/2/2021,23,0,Wind,1514
1/4/2020,16,17,Wind,3413
1/23/2024,14,15,Wind,15285
8/23/2025,13,14,Solar,10392
5/24/2024,1,2,Wind,938
5/17/2020,12,13,Solar,5352
4/6/2024,0,1,Wind,10312
5/13/2020,15,16,Wind,8553
6/18/2025,14,15,Solar,9841
8/4/2025,16,17,Solar,12832
2/27/2025,20,21,Wind,4264
7/2/2024,3,4,Wind,2698
10/2/2024,17,18,Wind,3376
7/25/2023,16,17,Wind,9869
12/26/2021,21,22,Wind,3224
3/7/2024,7,8,Wind,6642
6/3/2024,13,14,Solar,7711
2/26/2020,5,6,Wind,10754
10/5/2024,3,4,Wind,2655
3/6/2024,19,20,Wind,1200
9/28/2025,22,23,Wind,1981
3/24/2024,18,19,Wind,6323
10/26/2023,19,20,Wind,5334
7/28/2022,14,15,Solar,5728
1/30/2020,11,12,Wind,9443
3/20/2020,9,10,Wind,5526
2/6/2020,23,0,Wind,5203
4/3/2021,22,23,Wind,8518
12/16/2020,11,12,Wind,8213
2/24/2024,11,12,Wind,14061
5/11/2024,11,12,Solar,5180
11/17/2024,15,16,Wind,5132
1/22/2023,9,10,Wind,6571
7/5/2022,3,4,Wind,3182
4/6/2020,20,21,Wind,1025
11/29/2022,12,13,Solar,3073
5/12/2024,12,13,Solar,3656
3/18/2024,14,15,Solar,7710
8/9/2023,18,19,Solar,3915
3/16/2025,21,22,Wind,6163
5/7/2021,9,10,Wind,3922
5/24/2023,12,13,Solar,11413
12/7/2020,1,2,Wind,912
1/16/2020,23,0,Wind,10352
9/15/2024,11,12,Solar,10747
8/7/2025,10,11,Solar,7700
9/15/2023,15,16,Solar,7459
3/9/2021,2,3,Wind,1781
8/11/2024,22,23,Wind,7084
3/30/2022,5,6,Wind,1116
1/19/2025,19,20,Wind,1130
1/23/2021,4,5,Wind,6483
2/22/2020,21,22,Wind,8294
1/12/2025,14,15,Solar,7827
2/1/2020,12,13,Wind,12443
6/20/2020,8,9,Solar,1518
6/12/2024,21,22,Wind,1621
5/6/2020,2,3,Wind,2819
10/22/2020,11,12,Wind,4765
1/1/2025,11,12,Wind,17997
10/27/2022,10,11,Wind,9007
7/21/2020,18,19,Wind,4212
8/8/2020,22,23,Wind,2127
3/1/2024,7,8,Wind,13866
5/15/2023,9,10,Solar,4805
6/29/2020,21,22,Wind,4179
12/18/2021,11,12,Wind,6895
12/18/2023,2,3,Wind,2360
1/8/2022,2,3,Wind,8278
7/7/2022,23,0,Wind,5004
8/31/2020,12,13,Solar,4755
1/27/2021,11,12,Wind,5221
11/16/2022,23,0,Wind,15396
6/29/2021,13,14,Solar,5014
10/5/2024,4,5,Wind,2780
10/2/2024,20,21,Wind,3902
3/15/2022,6,7,Wind,5173
1/14/2021,1,2,Wind,8334
6/2/2023,23,0,Wind,7156
12/14/2023,15,16,Wind,4661
3/31/2024,5,6,Wind,7300
7/23/2022,1,2,Wind,2176
3/4/2025,5,6,Wind,2950
4/16/2023,18,19,Wind,6478
10/22/2022,14,15,Solar,6570
8/8/2023,8,9,Solar,2987
5/24/2024,19,20,Solar,2424
6/16/2021,18,19,Solar,2452
7/25/2022,18,19,Wind,10903
6/8/2025,17,18,Wind,6451
8/16/2025,8,9,Wind,7975
9/30/2025,2,3,Wind,1861
8/10/2023,10,11,Solar,5790
8/14/2021,19,20,Solar,1147
2/20/2021,0,1,Wind,9623
8/8/2022,7,8,Wind,5353
1/30/2023,6,7,Wind,7236
7/22/2024,19,20,Wind,6135
2/11/2023,15,16,Solar,4758
5/3/2022,6,7,Wind,3306
11/28/2022,20,21,Wind,3209
7/13/2023,23,0,Wind,897
7/31/2025,17,18,Wind,10745
1/22/2025,15,16,Wind,4678
3/25/2020,6,7,Wind,4345
6/30/2021,0,1,Wind,2527
5/28/2021,16,17,Solar,4586
1/27/2024,17,18,Wind,2429
9/16/2023,21,22,Wind,2227
7/8/2023,17,18,Solar,5968
1/5/2023,3,4,Wind,10180
1/14/2020,16,17,Wind,13118
4/16/2021,6,7,Wind,4653
7/21/2022,5,6,Wind,1429
8/23/2023,9,10,Solar,3754
3/7/2023,7,8,Wind,6300
2/11/2023,11,12,Solar,6009
5/18/2020,7,8,Wind,1817
8/10/2022,19,20,Wind,6025
7/28/2025,17,18,Solar,10023
12/6/2024,0,1,Wind,18223
10/22/2021,20,21,Wind,2807
11/27/2021,0,1,Wind,7571
12/17/2023,18,19,Wind,2594
12/3/2020,18,19,Wind,12396
10/11/2021,23,0,Wind,3141
10/11/2021,15,16,Solar,6424
5/28/2024,9,10,Wind,8888
10/8/2025,9,10,Solar,3126
10/8/2021,11,12,Solar,6205
7/30/2021,16,17,Wind,13635
6/24/2025,9,10,Solar,7507
12/31/2023,0,1,Wind,15978
2/16/2021,11,12,Wind,8867
10/25/2020,19,20,Wind,4809
10/22/2023,16,17,Wind,5606
8/27/2025,20,21,Wind,2293
2/24/2021,3,4,Wind,7920
1/13/2024,8,9,Wind,1042
1/23/2021,23,0,Wind,4708
7/30/2025,14,15,Solar,9133
3/4/2024,1,2,Wind,4658
7/15/2020,19,20,Wind,3059
6/4/2024,0,1,Wind,1099
12/13/2021,19,20,Wind,1455
6/14/2022,3,4,Wind,4715
8/2/2022,20,21,Wind,1073
11/27/2021,12,13,Wind,10328
3/24/2025,11,12,Solar,5870
11/19/2020,6,7,Wind,8186
9/28/2021,6,7,Wind,1517
11/25/2023,0,1,Wind,9615
7/15/2024,8,9,Wind,5405
11/17/2021,20,21,Wind,2113
10/13/2022,9,10,Wind,3926
9/23/2022,21,22,Wind,912
6/17/2023,5,6,Wind,944
5/11/2022,8,9,Wind,4255
12/21/2022,8,9,Wind,7007
11/5/2024,20,21,Wind,93
6/18/2023,3,4,Wind,3467
4/11/2021,3,4,Wind,4575
8/10/2024,13,14,Solar,4635
12/19/2020,7,8,Wind,11619
8/1/2020,9,10,Solar,2746
9/15/2025,15,16,Wind,11790
11/16/2023,6,7,Wind,6018
8/25/2025,23,0,Wind,1932
2/8/2024,23,0,Wind,16609
12/24/2024,15,16,Wind,3586
11/6/2024,13,14,Solar,3841
12/23/2021,18,19,Wind,6927
7/17/2020,15,16,Solar,4639
11/26/2024,9,10,Wind,6853
9/18/2023,22,23,Wind,7593
3/6/2023,1,2,Wind,1230
7/15/2025,17,18,Wind,14290
9/16/2023,0,1,Wind,4807
9/19/2022,5,6,Wind,2598
2/8/2023,14,15,Solar,6279
3/13/2023,20,21,Wind,15832
1/8/2022,19,20,Wind,14996
2/24/2024,18,19,Wind,10739
5/6/2020,7,8,Wind,2763
8/12/2022,15,16,Solar,7875
7/11/2025,9,10,Solar,6695
1/9/2020,10,11,Wind,11398
2/25/2020,14,15,Wind,12607
1/26/2025,10,11,Wind,16541
5/7/2021,10,11,Solar,4618
3/13/2023,19,20,Wind,15161
4/7/2021,10,11,Wind,7771
6/22/2022,4,5,Wind,3391
1/31/2021,0,1,Wind,5390
11/4/2022,12,13,Wind,9101
2/27/2022,14,15,Wind,8594
4/11/2022,15,16,Wind,12223
11/21/2020,11,12,Solar,4970
3/16/2021,4,5,Wind,3460
7/15/2024,7,8,Wind,4680
9/21/2022,6,7,Wind,2953
4/29/2024,22,23,Wind,2979
8/20/2020,6,7,Wind,2482
9/22/2022,16,17,Solar,4570
7/5/2023,18,19,Wind,8967
12/23/2021,14,15,Wind,7138
12/8/2021,19,20,Wind,5745
8/23/2021,2,3,Wind,2698
8/11/2024,15,16,Solar,6222
5/27/2025,16,17,Wind,16521
12/16/2020,17,18,Wind,7144
3/5/2025,20,21,Wind,3035
7/19/2025,7,8,Wind,5336
6/23/2020,10,11,Solar,3737
2/2/2023,1,2,Wind,7365
11/21/2021,16,17,Wind,3278
8/6/2022,15,16,Solar,10984
5/30/2022,12,13,Solar,6113
4/23/2023,19,20,Wind,12261
7/27/2023,20,21,Wind,5118
6/11/2020,13,14,Wind,4922
4/12/2024,16,17,Solar,3742
2/23/2024,18,19,Wind,8362
5/16/2025,10,11,Solar,9997
5/30/2022,20,21,Wind,841
6/22/2025,6,7,Wind,3886
10/13/2023,4,5,Wind,8889
5/12/2020,18,19,Wind,3837
1/10/2023,1,2,Wind,8509
3/14/2025,7,8,Wind,2426
9/29/2020,11,12,Solar,3282
12/11/2024,9,10,Wind,5830
6/20/2024,2,3,Wind,5392
1/21/2022,19,20,Wind,3785
1/19/2025,5,6,Wind,852
11/16/2022,17,18,Wind,11902
5/1/2022,23,0,Wind,3230
9/10/2021,21,22,Wind,1868
9/21/2024,14,15,Solar,4387
1/6/2025,3,4,Wind,18607
2/21/2020,2,3,Wind,5506
3/8/2025,9,10,Wind,11983
6/18/2020,23,0,Wind,1767
8/25/2023,6,7,Wind,2945
1/22/2022,13,14,Solar,5231
1/5/2021,2,3,Wind,2418
12/15/2024,15,16,Wind,9236
11/19/2021,0,1,Wind,1174
6/6/2022,23,0,Wind,1781
1/11/2023,12,13,Wind,12806
4/22/2025,10,11,Solar,5222
7/21/2021,8,9,Wind,2072
5/5/2020,0,1,Wind,7897
9/16/2025,23,0,Wind,3069
11/13/2024,15,16,Wind,7138
7/14/2022,7,8,Wind,1556
9/18/2022,14,15,Wind,11865
3/15/2025,5,6,Wind,10618
1/20/2022,12,13,Wind,5608
12/8/2024,4,5,Wind,17060
7/13/2024,9,10,Solar,4295
9/24/2021,3,4,Wind,591
8/19/2024,9,10,Solar,5002
10/25/2021,12,13,Solar,4580
11/24/2022,15,16,Wind,9304
1/31/2023,3,4,Wind,2590
6/27/2024,20,21,Wind,5022
7/13/2020,20,21,Wind,2515
2/8/2024,13,14,Wind,18960
1/20/2022,4,5,Wind,3481
12/5/2020,19,20,Wind,6523
3/7/2022,19,20,Wind,6565
9/3/2025,19,20,Wind,15311
7/25/2023,12,13,Wind,10307
8/4/2023,12,13,Solar,8544
12/30/2024,22,23,Wind,1711
10/31/2022,1,2,Wind,1817
8/15/2025,3,4,Wind,3693
1/4/2025,12,13,Wind,5409
11/1/2023,12,13,Wind,16734
12/27/2020,8,9,Wind,13492
12/26/2024,8,9,Wind,2627
10/24/2023,6,7,Wind,4256
3/22/2024,0,1,Wind,1447
7/25/2022,5,6,Wind,3503
4/1/2021,13,14,Solar,5677
4/19/2021,17,18,Solar,3248
6/4/2022,9,10,Solar,3660
12/26/2024,3,4,Wind,2698
4/3/2023,16,17,Wind,11140
4/29/2025,6,7,Wind,4921
2/4/2025,2,3,Wind,1751
6/9/2025,18,19,Solar,4814
8/15/2023,3,4,Wind,1525
8/23/2020,10,11,Wind,6986
4/13/2020,4,5,Wind,4168
6/28/2024,0,1,Wind,3822
9/10/2024,17,18,Wind,15750
10/28/2022,20,21,Wind,2613
8/6/2023,13,14,Wind,17550
4/30/2021,5,6,Wind,1461
9/5/2020,3,4,Wind,2499
2/25/2020,10,11,Wind,8598
7/20/2020,5,6,Wind,3053
5/8/2023,4,5,Wind,1390
1/24/2023,22,23,Wind,2396
10/7/2023,9,10,Solar,4495
8/31/2021,19,20,Wind,5377
3/24/2022,4,5,Wind,1970
11/10/2024,2,3,Wind,702
5/1/2020,19,20,Wind,8919
8/6/2022,8,9,Wind,5803
1/20/2023,18,19,Wind,4318
7/21/2024,17,18,Wind,8301
1/10/2022,4,5,Wind,869
12/18/2022,11,12,Wind,10075
3/14/2021,0,1,Wind,11116
12/14/2024,19,20,Wind,4829
2/22/2022,3,4,Wind,6228
11/16/2025,6,7,Wind,1712
4/22/2024,1,2,Wind,7898
12/13/2020,16,17,Wind,8151
1/11/2022,0,1,Wind,2749
10/20/2020,23,0,Wind,8241
2/25/2022,22,23,Wind,2482
1/8/2021,15,16,Solar,1676
4/16/2022,0,1,Wind,5627
7/7/2022,21,22,Wind,4549
8/15/2021,23,0,Wind,5677
2/11/2025,4,5,Wind,4115
12/26/2020,18,19,Wind,9452
5/2/2023,23,0,Wind,7948
11/18/2020,5,6,Wind,5884
7/1/2023,20,21,Wind,8875
1/19/2020,5,6,Wind,5160
12/16/2024,21,22,Wind,2912
9/25/2024,7,8,Wind,4759
9/16/2022,17,18,Wind,8662
4/29/2020,9,10,Wind,5985
11/21/2024,13,14,Wind,9327
6/12/2023,15,16,Solar,5262
2/15/2022,23,0,Wind,13989
12/5/2023,20,21,Wind,5868
9/5/2024,14,15,Solar,7657
4/18/2020,2,3,Wind,1955
11/30/2021,5,6,Wind,10062
11/17/2024,14,15,Wind,6023
9/21/2021,10,11,Solar,4350
1/30/2022,11,12,Solar,3380
5/5/2023,17,18,Solar,6260
12/23/2021,20,21,Wind,7239
1/5/2025,13,14,Wind,20707
8/31/2020,21,22,Wind,1488
2/26/2021,7,8,Wind,2367
3/20/2025,23,0,Wind,7656
12/13/2024,11,12,Solar,3517
3/23/2023,22,23,Wind,13142
9/15/2022,21,22,Wind,2068
11/26/2020,10,11,Wind,3753
4/5/2020,4,5,Wind,7207
4/8/2024,14,15,Wind,13368
11/1/2022,6,7,Wind,10920
11/21/2022,15,16,Wind,12278
4/26/2023,16,17,Solar,3905
7/18/2024,4,5,Wind,1961
4/3/2025,10,11,Wind,11150
1/7/2024,1,2,Wind,7101
3/19/2023,14,15,Wind,8454
6/18/2022,14,15,Solar,8020
10/5/2023,8,9,Wind,1542
2/3/2025,16,17,Solar,3179
1/22/2023,10,11,Wind,7052
10/31/2021,5,6,Wind,7443
4/25/2022,8,9,Wind,3639
8/5/2025,10,11,Solar,5319
8/24/2023,9,10,Wind,6816
6/4/2023,7,8,Wind,5057
3/26/2021,15,16,Wind,11227
5/16/2020,16,17,Solar,3934
8/23/2021,1,2,Wind,2686
8/19/2023,2,3,Wind,5067
4/16/2024,12,13,Wind,17072
10/17/2021,15,16,Solar,4544
2/16/2025,15,16,Solar,7155
12/12/2023,10,11,Wind,9529
6/15/2023,3,4,Wind,2434
12/3/2021,16,17,Wind,11600
4/11/2022,20,21,Wind,7038
4/1/2020,2,3,Wind,5935
1/28/2021,3,4,Wind,8305
11/14/2024,3,4,Wind,3863
1/2/2025,22,23,Wind,2995
9/1/2024,20,21,Wind,2131
8/23/2022,2,3,Wind,1126
9/7/2020,8,9,Wind,2323
5/8/2023,12,13,Solar,6324
7/14/2021,19,20,Wind,7226
6/29/2021,11,12,Solar,4316
2/5/2025,0,1,Wind,2751
11/7/2025,12,13,Solar,9016
1/28/2025,11,12,Wind,20650
7/27/2023,15,16,Wind,15726
4/16/2020,7,8,Wind,4534
11/5/2021,18,19,Wind,2002
11/18/2022,3,4,Wind,8924
10/23/2021,21,22,Wind,3570
10/26/2021,5,6,Wind,2564
2/7/2024,6,7,Wind,16695
2/16/2025,6,7,Wind,3836
8/12/2021,12,13,Solar,3923
10/22/2024,16,17,Solar,3642
4/24/2021,17,18,Wind,7655
10/5/2023,23,0,Wind,1364
10/6/2024,0,1,Wind,8561
11/11/2023,23,0,Wind,4849
9/30/2021,4,5,Wind,1731
6/8/2025,21,22,Wind,2233
3/16/2020,3,4,Wind,3367
7/15/2023,1,2,Wind,7915
1/3/2020,2,3,Wind,7554
5/27/2021,6,7,Wind,939
3/4/2023,16,17,Wind,5502
4/7/2021,4,5,Wind,4185
8/9/2021,9,10,Wind,4671
7/4/2022,23,0,Wind,3448
7/29/2021,0,1,Wind,5676
6/19/2024,10,11,Wind,8189
5/16/2023,16,17,Wind,14738
11/26/2025,18,19,Wind,2868
1/7/2025,12,13,Wind,16890
10/14/2022,11,12,Wind,7336
2/10/2020,22,23,Wind,12939
8/12/2021,20,21,Wind,1083
2/9/2023,4,5,Wind,1391
3/31/2022,0,1,Wind,2510
7/2/2020,14,15,Wind,6846
6/21/2025,19,20,Solar,3693
5/2/2020,3,4,Wind,5149
7/27/2025,6,7,Wind,1996
12/21/2021,10,11,Wind,3362
4/16/2024,1,2,Wind,13448
10/12/2021,7,8,Wind,2542
4/14/2023,6,7,Wind,4503
11/8/2024,19,20,Wind,1963
3/18/2023,7,8,Wind,7421
4/30/2020,20,21,Wind,10466
6/18/2020,20,21,Wind,2345
2/17/2025,13,14,Solar,7315
8/30/2025,20,21,Wind,8867
7/15/2020,13,14,Solar,4264
11/12/2024,15,16,Wind,11541
4/9/2025,21,22,Wind,11097
9/20/2024,2,3,Wind,6153
3/4/2023,22,23,Wind,3474
6/26/2025,8,9,Wind,8516
8/1/2023,19,20,Wind,9676
5/19/2025,3,4,Wind,5848
11/10/2022,18,19,Wind,3805
6/23/2023,12,13,Solar,7868
4/5/2020,23,0,Wind,7390
6/18/2025,20,21,Wind,2471
11/26/2021,6,7,Wind,2850
7/19/2023,14,15,Solar,11617
6/7/2023,18,19,Wind,6354
3/30/2024,12,13,Solar,7961
6/26/2020,12,13,Solar,4879
3/6/2021,15,16,Wind,7172
2/21/2020,11,12,Wind,6122
5/19/2024,1,2,Wind,515
11/14/2024,18,19,Wind,3196
12/19/2022,19,20,Wind,14697
10/16/2023,12,13,Wind,10364
10/21/2021,10,11,Wind,13020
3/26/2022,14,15,Wind,12589
9/17/2023,14,15,Solar,6453
4/26/2021,12,13,Wind,9780
10/8/2021,19,20,Wind,4407
2/15/2024,11,12,Wind,9599
7/28/2022,6,7,Wind,2307
2/18/2020,2,3,Wind,9127
3/13/2021,20,21,Wind,12226
4/2/2023,19,20,Wind,7835
2/10/2020,1,2,Wind,10620
5/22/2020,19,20,Wind,3861
9/21/2021,7,8,Wind,3118
2/6/2020,2,3,Wind,2995
11/26/2024,3,4,Wind,6349
4/16/2025,10,11,Solar,6232
2/11/2021,0,1,Wind,3949
10/3/2020,4,5,Wind,2615
11/23/2020,23,0,Wind,1620
1/11/2023,11,12,Wind,10878
6/23/2023,23,0,Wind,2320
12/27/2021,19,20,Wind,11497
3/11/2021,23,0,Wind,12952
7/12/2023,3,4,Wind,3950
12/2/2023,1,2,Wind,3741
4/13/2024,10,11,Solar,3566
10/9/2020,23,0,Wind,3168
4/16/2022,4,5,Wind,4680
11/12/2020,16,17,Wind,1800
9/24/2021,18,19,Solar,1613
10/30/2023,17,18,Wind,6885
1/21/2020,4,5,Wind,3763
11/1/2020,13,14,Wind,13840
5/17/2020,4,5,Wind,2909
8/10/2023,18,19,Solar,4219
1/29/2023,21,22,Wind,4783
11/4/2021,22,23,Wind,4562
4/6/2024,19,20,Wind,9373
6/29/2023,18,19,Wind,5521
8/15/2024,18,19,Wind,7024
11/28/2022,9,10,Wind,4243
4/6/2023,20,21,Wind,4787
7/18/2020,3,4,Wind,1247
8/29/2025,22,23,Wind,6869
10/2/2021,13,14,Wind,14560
9/10/2024,12,13,Wind,15628
4/25/2024,5,6,Wind,979
7/1/2024,17,18,Wind,9112
8/26/2021,16,17,Wind,8285
7/20/2021,21,22,Wind,2494
3/13/2022,13,14,Wind,10644
7/31/2025,3,4,Wind,2302
11/10/2023,21,22,Wind,13041
11/12/2021,2,3,Wind,986
6/22/2023,20,21,Wind,4764
2/9/2020,17,18,Wind,12562
2/4/2022,8,9,Wind,7789
3/13/2022,19,20,Wind,6035
11/29/2021,13,14,Wind,4645
1/31/2022,13,14,Wind,16684
9/30/2022,2,3,Wind,1081
8/23/2023,13,14,Solar,6918
6/18/2023,13,14,Solar,7538
5/2/2022,23,0,Wind,5617
5/6/2022,4,5,Wind,3304
12/13/2024,2,3,Wind,3053
8/17/2020,21,22,Wind,1279
1/4/2025,17,18,Wind,8217
6/1/2021,4,5,Wind,5295
9/11/2020,17,18,Solar,2324
1/8/2024,16,17,Wind,8044
1/1/2021,14,15,Solar,1705
5/21/2020,10,11,Solar,3264
1/7/2022,10,11,Wind,10457
4/18/2021,18,19,Wind,3267
1/6/2025,20,21,Wind,15812
12/3/2022,22,23,Wind,4021
3/21/2022,14,15,Solar,7854
9/15/2024,15,16,Solar,10118
5/2/2022,21,22,Wind,4633
6/17/2025,8,9,Solar,4343
4/4/2023,0,1,Wind,8402
7/22/2020,4,5,Wind,4458
6/8/2020,12,13,Solar,4714
2/5/2022,15,16,Wind,9590
9/3/2024,7,8,Wind,725
8/17/2023,3,4,Wind,2222
4/1/2022,10,11,Wind,12482
12/11/2022,22,23,Wind,1569
9/17/2022,0,1,Wind,5622
5/6/2024,16,17,Wind,9142
3/21/2020,12,13,Wind,11035
4/19/2025,11,12,Wind,9305
9/19/2023,22,23,Wind,6638
9/3/2023,15,16,Solar,8881
7/5/2021,8,9,Wind,3883
10/8/2022,19,20,Wind,1062
4/28/2020,11,12,Wind,8477
4/9/2024,7,8,Wind,14257
1/22/2025,2,3,Wind,7217
2/11/2025,21,22,Wind,2817
3/28/2020,6,7,Wind,2218
7/9/2024,15,16,Solar,10826
2/8/2025,16,17,Wind,4480
9/14/2020,0,1,Wind,2990
7/8/2025,17,18,Solar,10947
2/28/2024,20,21,Wind,5811
10/8/2023,20,21,Wind,521
3/20/2024,2,3,Wind,2389
9/8/2021,8,9,Wind,5372
5/27/2021,2,3,Wind,1644
8/26/2020,20,21,Wind,2954
10/10/2023,6,7,Wind,945
12/15/2023,16,17,Wind,1958
4/13/2025,20,21,Wind,1701
11/28/2024,21,22,Wind,4044
8/10/2020,9,10,Solar,2096
4/18/2022,21,22,Wind,2766
1/17/2022,13,14,Solar,3675
4/15/2025,5,6,Wind,5877
3/23/2021,11,12,Solar,5128
9/13/2025,0,1,Wind,6235
7/2/2025,14,15,Solar,11724
7/30/2020,6,7,Wind,2373
5/11/2022,0,1,Wind,2910
12/13/2020,19,20,Wind,9712
3/12/2023,19,20,Wind,10462
6/8/2021,20,21,Wind,1444
12/8/2020,0,1,Wind,3424
6/3/2023,22,23,Wind,6956
5/7/2023,1,2,Wind,2074
1/14/2021,11,12,Wind,9276
6/27/2021,8,9,Wind,2326
4/23/2025,2,3,Wind,5483
6/9/2023,20,21,Wind,2641
5/2/2022,18,19,Wind,4161
10/4/2023,14,15,Solar,7421
8/22/2022,9,10,Solar,3035
5/18/2025,1,2,Wind,3660
1/6/2023,8,9,Wind,7276
4/17/2025,15,16,Solar,8066
4/1/2024,17,18,Wind,12166
6/6/2022,16,17,Solar,6803
6/18/2021,6,7,Wind,3428
1/19/2022,11,12,Wind,3817
1/5/2025,10,11,Wind,19056
1/2/2021,13,14,Wind,2606
1/23/2023,9,10,Wind,5593
9/25/2021,9,10,Wind,2617
10/3/2024,10,11,Wind,9919
11/12/2022,6,7,Wind,3706
11/19/2020,1,2,Wind,7757
10/9/2020,12,13,Wind,4752
7/16/2021,13,14,Wind,7364
11/19/2025,19,20,Wind,13400
12/6/2021,20,21,Wind,10689
8/28/2021,18,19,Wind,7363
3/28/2021,0,1,Wind,2875
11/1/2020,4,5,Wind,6231
7/9/2021,5,6,Wind,1024
3/12/2021,15,16,Wind,16628
6/5/2022,7,8,Wind,2175
4/3/2020,16,17,Solar,4195
1/26/2022,19,20,Wind,1205
2/11/2020,9,10,Wind,11492
3/6/2023,3,4,Wind,1335
3/7/2025,8,9,Wind,10910
5/21/2024,20,21,Wind,3805
9/11/2025,10,11,Wind,15535
8/8/2024,3,4,Wind,1248
6/7/2022,9,10,Wind,5804
9/13/2024,21,22,Wind,4106
6/21/2023,1,2,Wind,1204
12/6/2021,12,13,Wind,5752
10/29/2023,23,0,Wind,9616
1/7/2020,1,2,Wind,5162
2/21/2021,1,2,Wind,9990
6/12/2025,2,3,Wind,8093
3/27/2024,11,12,Wind,13922
11/23/2020,5,6,Wind,187
3/9/2020,18,19,Wind,5411
12/23/2024,20,21,Wind,5722
11/20/2022,7,8,Wind,6432
10/28/2022,14,15,Wind,6745
9/27/2021,21,22,Wind,3203
10/12/2020,1,2,Wind,3463
12/20/2024,6,7,Wind,6284
11/9/2020,21,22,Wind,1620
4/19/2022,22,23,Wind,4598
3/7/2025,0,1,Wind,10985
10/20/2020,14,15,Wind,10150
8/14/2020,20,21,Wind,1159
6/12/2025,22,23,Wind,1540
5/15/2020,15,16,Wind,6423
3/30/2024,20,21,Wind,6427
6/8/2020,18,19,Wind,6448
2/9/2025,4,5,Wind,3307
9/7/2025,19,20,Wind,5009
4/15/2022,13,14,Solar,6887
8/9/2023,10,11,Solar,5649
11/2/2025,1,2,Wind,8342
6/1/2025,16,17,Solar,3569
8/24/2020,6,7,Wind,1663
10/26/2022,21,22,Wind,4299
6/17/2025,18,19,Solar,6078
7/16/2022,5,6,Wind,2992
7/3/2024,4,5,Wind,1614
10/28/2021,20,21,Wind,10224
1/3/2020,23,0,Wind,3798
9/11/2023,16,17,Solar,5136
3/28/2022,23,0,Wind,2960
7/27/2024,10,11,Solar,4290
10/30/2024,20,21,Wind,3453
2/6/2025,12,13,Wind,12527
1/28/2022,2,3,Wind,2126
9/14/2022,23,0,Wind,1847
3/15/2025,20,21,Wind,11789
6/28/2020,13,14,Wind,6932
2/22/2025,20,21,Wind,2982
1/7/2025,14,15,Wind,16109
10/11/2023,11,12,Solar,6651
1/5/2021,15,16,Wind,2538
5/14/2025,2,3,Wind,1030
7/7/2025,7,8,Wind,6029
7/11/2022,0,1,Wind,5179
10/10/2020,19,20,Wind,3960
10/11/2020,11,12,Wind,4884
4/27/2022,16,17,Wind,8867
10/3/2024,0,1,Wind,4707
8/24/2025,18,19,Solar,5123
8/26/2023,15,16,Solar,7393
1/6/2024,5,6,Wind,5158
7/9/2025,7,8,Wind,2378
11/23/2023,6,7,Wind,3261
2/24/2024,19,20,Wind,10798
5/30/2023,14,15,Wind,14277
6/8/2022,9,10,Wind,5251
4/9/2025,15,16,Solar,7322
8/31/2025,19,20,Wind,4813
5/4/2021,0,1,Wind,12163
7/31/2022,6,7,Wind,1522
9/27/2024,6,7,Wind,14265
3/23/2020,12,13,Wind,7757
6/24/2023,18,19,Solar,4802
7/4/2024,16,17,Wind,8882
2/5/2024,16,17,Wind,7919
5/25/2023,4,5,Wind,7282
11/10/2023,8,9,Wind,14009
5/9/2023,14,15,Wind,7404
11/19/2025,18,19,Wind,13844
1/18/2020,21,22,Wind,4064
1/10/2022,18,19,Wind,2145
9/30/2021,12,13,Solar,7287
11/23/2025,8,9,Wind,11516
2/24/2022,19,20,Wind,9184
7/31/2022,22,23,Wind,3110
10/29/2021,12,13,Wind,12985
12/15/2021,18,19,Wind,1612
11/27/2025,3,4,Wind,6493
1/1/2020,23,0,Wind,1194
3/14/2021,9,10,Wind,11676
5/28/2020,5,6,Wind,4110
4/25/2023,16,17,Solar,5320
1/31/2022,3,4,Wind,10995
11/16/2022,5,6,Wind,8592
5/7/2023,6,7,Wind,1306
5/13/2025,8,9,Solar,2982
5/23/2022,20,21,Wind,6058
3/4/2020,2,3,Wind,3800
8/3/2023,16,17,Wind,11551
12/20/2024,19,20,Wind,12452
4/23/2024,12,13,Solar,9857
5/1/2025,7,8,Wind,4576
1/11/2025,10,11,Wind,3589
6/1/2021,3,4,Wind,5342
3/11/2023,3,4,Wind,3307
2/29/2020,7,8,Wind,13124
12/25/2023,22,23,Wind,12980
4/9/2022,16,17,Solar,8336
10/30/2020,15,16,Wind,5166
2/11/2023,5,6,Wind,1723
10/24/2025,11,12,Wind,15823
8/7/2022,22,23,Wind,7169
10/7/2024,10,11,Wind,4230
7/17/2023,8,9,Solar,2616
5/12/2023,23,0,Wind,4755
9/7/2023,4,5,Wind,2274
7/23/2023,0,1,Wind,7777
1/11/2022,1,2,Wind,2778
7/30/2022,9,10,Solar,3496
3/15/2023,6,7,Wind,2505
1/29/2022,2,3,Wind,4667
6/15/2022,20,21,Wind,2041
3/1/2024,21,22,Wind,13312
2/17/2025,2,3,Wind,4086
1/21/2021,4,5,Wind,12056
6/24/2024,22,23,Wind,3959
2/1/2020,10,11,Wind,10204
11/5/2025,19,20,Wind,13379
7/6/2022,6,7,Wind,2999
6/27/2022,3,4,Wind,1136
2/2/2020,7,8,Wind,11378
2/6/2020,9,10,Wind,4248
11/26/2024,15,16,Wind,4647
8/27/2025,6,7,Wind,2268
6/22/2020,19,20,Solar,1950
3/15/2023,5,6,Wind,3044
10/23/2023,8,9,Wind,8101
10/22/2024,23,0,Wind,1785
12/31/2022,17,18,Wind,16232
1/27/2024,20,21,Wind,6535
12/11/2024,3,4,Wind,5592
6/24/2024,1,2,Wind,2694
7/30/2021,8,9,Wind,4587
6/2/2022,19,20,Wind,2584
11/2/2022,8,9,Wind,5320
3/2/2021,7,8,Wind,3852
7/5/2022,4,5,Wind,2704
11/21/2025,8,9,Wind,5535
8/23/2022,8,9,Solar,1896
1/7/2021,19,20,Wind,1384
8/18/2021,14,15,Solar,5446
3/12/2022,17,18,Wind,9106
1/20/2025,21,22,Wind,1052
8/31/2025,17,18,Wind,7791
2/24/2020,7,8,Wind,6746
6/22/2020,1,2,Wind,2918
9/22/2024,19,20,Wind,2965
2/4/2022,17,18,Wind,9600
10/21/2023,22,23,Wind,13583
11/2/2023,18,19,Wind,15256
7/3/2024,5,6,Wind,1727
7/6/2020,9,10,Wind,6670
6/28/2022,15,16,Solar,7443
3/24/2024,1,2,Wind,9899
8/30/2024,16,17,Solar,8969
6/17/2021,19,20,Wind,1987
10/20/2020,17,18,Wind,9447
5/6/2022,22,23,Wind,3952
1/27/2023,1,2,Wind,7108
3/2/2024,22,23,Wind,3651
3/1/2023,11,12,Wind,12413
2/12/2025,18,19,Wind,474
10/10/2023,14,15,Solar,7219
12/10/2024,20,21,Wind,7830
4/13/2025,6,7,Wind,7599
7/13/2021,7,8,Wind,3123
12/14/2020,16,17,Wind,5569
11/30/2022,12,13,Solar,3697
10/19/2022,12,13,Wind,9398
6/27/2025,20,21,Wind,2491
12/28/2024,7,8,Wind,617
8/2/2020,3,4,Wind,2505
10/15/2020,21,22,Wind,4627
11/5/2021,21,22,Wind,2390
8/31/2025,23,0,Wind,4606
4/14/2023,3,4,Wind,4528
2/16/2022,10,11,Wind,15223
6/11/2020,7,8,Wind,2072
11/3/2020,6,7,Wind,4100
6/7/2020,2,3,Wind,3210
11/23/2024,18,19,Wind,18447
8/14/2022,14,15,Solar,7107
2/14/2024,14,15,Wind,12160
11/17/2020,15,16,Wind,3166
3/3/2023,10,11,Wind,7050
10/21/2021,5,6,Wind,10722
7/3/2020,12,13,Wind,5997
8/22/2023,3,4,Wind,1665
10/10/2023,2,3,Wind,757
4/6/2025,21,22,Wind,10201
6/9/2020,17,18,Wind,4566
9/25/2021,22,23,Wind,1935
3/1/2025,5,6,Wind,7111
11/5/2024,1,2,Wind,2138
11/19/2021,11,12,Solar,3368
10/6/2022,22,23,Wind,885
1/7/2020,14,15,Wind,4216
5/3/2023,4,5,Wind,6823
1/1/2021,3,4,Wind,984
11/25/2023,14,15,Wind,9967
6/11/2024,1,2,Wind,2314
11/8/2020,0,1,Wind,4278
3/19/2022,10,11,Wind,12386
9/17/2020,13,14,Wind,8056
1/12/2022,5,6,Wind,2226
5/20/2020,16,17,Solar,4857
11/27/2024,23,0,Wind,5542
12/14/2021,14,15,Solar,2491
2/13/2020,4,5,Wind,10213
9/20/2023,6,7,Wind,6569
1/22/2022,1,2,Wind,3157
10/25/2025,20,21,Wind,9369
8/20/2020,3,4,Wind,3914
6/13/2022,6,7,Wind,3373
1/11/2025,0,1,Wind,1979
12/11/2022,14,15,Solar,3684
7/6/2020,16,17,Wind,9211
11/2/2020,1,2,Wind,11459
12/18/2023,17,18,Wind,3133
10/9/2022,23,0,Wind,5491
7/26/2021,9,10,Solar,3294
9/30/2024,15,16,Wind,11916
9/18/2021,13,14,Solar,4228
11/16/2025,12,13,Solar,6487
12/26/2024,21,22,Wind,3351
6/18/2020,5,6,Wind,1663
7/23/2025,0,1,Wind,1417
4/20/2021,14,15,Solar,4025
2/26/2021,3,4,Wind,2068
9/24/2024,3,4,Wind,4935
2/5/2024,17,18,Wind,6930
10/16/2022,5,6,Wind,3196
2/1/2021,17,18,Wind,5450
8/10/2024,19,20,Solar,2156
2/12/2022,15,16,Wind,6418
3/24/2020,9,10,Wind,5409
2/14/2022,20,21,Wind,6345
10/9/2020,2,3,Wind,2519
7/20/2023,18,19,Solar,4502
6/8/2021,16,17,Solar,4356
2/18/2020,8,9,Wind,7749
6/21/2023,19,20,Wind,2299
6/28/2022,10,11,Solar,5829
3/30/2024,23,0,Wind,7943
11/6/2020,17,18,Wind,5589
10/19/2020,12,13,Wind,5943
10/10/2023,22,23,Wind,2409
12/27/2022,14,15,Wind,5976
10/6/2025,2,3,Wind,3974
9/21/2022,23,0,Wind,2817
9/8/2024,19,20,Wind,8874
11/12/2021,20,21,Wind,5645
2/27/2021,18,19,Wind,8328
11/5/2020,0,1,Wind,4710
9/23/2023,10,11,Solar,5525
2/14/2025,23,0,Wind,7837
9/9/2021,20,21,Wind,2391
7/3/2022,11,12,Solar,6129
8/6/2025,6,7,Wind,2237
8/12/2021,8,9,Solar,1437
1/11/2024,4,5,Wind,5923
5/15/2024,19,20,Wind,2752
10/11/2023,18,19,Wind,5626
6/20/2023,15,16,Solar,8474
2/4/2025,8,9,Wind,2409
12/12/2020,4,5,Wind,5039
8/1/2024,8,9,Wind,3438
4/7/2025,16,17,Solar,9124
5/12/2021,12,13,Solar,5885
11/1/2020,14,15,Wind,13461
10/5/2025,8,9,Wind,12724
12/2/2020,2,3,Wind,4849
2/27/2021,15,16,Wind,11231
8/10/2020,15,16,Solar,3348
8/16/2023,12,13,Solar,6398
7/20/2022,22,23,Wind,1581
11/13/2025,14,15,Wind,8834
8/18/2020,0,1,Wind,1191
1/18/2024,11,12,Wind,7787
10/27/2022,14,15,Wind,6649
2/2/2021,15,16,Wind,10565
4/21/2020,5,6,Wind,5715
11/19/2025,12,13,Wind,15763
5/11/2022,16,17,Wind,14193
5/4/2024,5,6,Wind,1588
6/10/2025,11,12,Solar,10884
6/21/2023,16,17,Solar,4119
1/28/2021,14,15,Wind,14593
7/28/2023,5,6,Wind,3799
6/18/2022,23,0,Wind,9051
1/14/2023,6,7,Wind,13863
9/30/2020,19,20,Wind,2917
9/11/2020,3,4,Wind,1391
11/7/2021,20,21,Wind,3371
8/15/2020,20,21,Wind,790
12/20/2020,17,18,Wind,4321
2/20/2020,13,14,Wind,13358
8/6/2023,6,7,Wind,12527
2/10/2021,4,5,Wind,7512
4/19/2020,1,2,Wind,1530
12/5/2022,12,13,Solar,3892
8/24/2023,10,11,Solar,8221
8/20/2020,20,21,Wind,2322
12/7/2021,15,16,Wind,12237
5/29/2021,2,3,Wind,3162
5/4/2025,14,15,Wind,6807
2/13/2021,9,10,Wind,8562
7/15/2023,6,7,Wind,5141
10/10/2020,15,16,Wind,7326
9/14/2021,16,17,Wind,4221
3/7/2020,12,13,Wind,5398
7/30/2023,15,16,Wind,9208
6/6/2025,21,22,Wind,4893
5/5/2023,11,12,Solar,7377
4/16/2023,17,18,Wind,8233
3/8/2021,11,12,Solar,4716
9/27/2021,0,1,Wind,3184
10/19/2023,16,17,Wind,8051
4/1/2025,23,0,Wind,16031
3/13/2025,20,21,Wind,1762
2/4/2022,11,12,Wind,11490
12/28/2024,16,17,Solar,869
3/11/2025,10,11,Solar,6885
8/5/2021,1,2,Wind,1736
1/28/2022,5,6,Wind,1422
6/27/2024,4,5,Wind,814
10/2/2024,23,0,Wind,4719
8/6/2020,12,13,Solar,4202
5/24/2025,7,8,Wind,5724
12/18/2022,12,13,Wind,10162
11/6/2020,6,7,Wind,6564
5/15/2022,2,3,Wind,4230
2/26/2022,6,7,Wind,3828
2/27/2021,13,14,Wind,11524
10/6/2024,14,15,Wind,6499
5/15/2024,4,5,Wind,2388
10/24/2023,8,9,Wind,4907
7/7/2021,22,23,Wind,1753
8/30/2020,14,15,Wind,6546
11/30/2023,1,2,Wind,1984
10/9/2025,6,7,Wind,1729
9/24/2023,21,22,Wind,6494
12/30/2022,4,5,Wind,9086
7/25/2023,11,12,Wind,9326
11/17/2024,5,6,Wind,4456
4/2/2023,2,3,Wind,8915
12/3/2022,16,17,Wind,4996
11/22/2025,11,12,Wind,11512
10/3/2020,1,2,Wind,3215
11/2/2021,2,3,Wind,5421
6/10/2025,7,8,Wind,3988
3/11/2025,12,13,Solar,7520
4/19/2025,4,5,Wind,8794
3/11/2024,2,3,Wind,3823
11/22/2022,4,5,Wind,12405
7/25/2022,22,23,Wind,6123
10/15/2025,20,21,Wind,5750
2/25/2022,13,14,Wind,10003
3/13/2021,18,19,Wind,13083
9/11/2024,17,18,Wind,9901
6/17/2022,5,6,Wind,3066
3/22/2022,14,15,Solar,8665
9/16/2024,8,9,Wind,3668
10/1/2023,17,18,Solar,3868
5/26/2025,16,17,Wind,10934
1/27/2022,4,5,Wind,2646
11/9/2025,7,8,Wind,2599
1/11/2024,15,16,Wind,8739
4/24/2020,10,11,Solar,2455
8/15/2025,22,23,Wind,7434
1/14/2021,6,7,Wind,6948
10/11/2021,1,2,Wind,3533
8/21/2025,19,20,Wind,8723
4/19/2022,10,11,Solar,3820
10/15/2024,3,4,Wind,2726
1/15/2022,5,6,Wind,1290
9/27/2021,13,14,Wind,11447
10/23/2025,14,15,Wind,15774
3/13/2020,3,4,Wind,8019
5/24/2020,20,21,Wind,1985
3/18/2024,16,17,Solar,5566
4/12/2023,0,1,Wind,11604
11/3/2021,11,12,Wind,4505
4/10/2025,6,7,Wind,7425
4/13/2021,4,5,Wind,2453
4/24/2022,17,18,Wind,5836
7/6/2023,6,7,Wind,910
1/17/2023,9,10,Wind,3811
9/1/2023,14,15,Solar,9373
2/26/2023,20,21,Wind,14441
6/15/2020,2,3,Wind,2366
4/26/2022,21,22,Wind,4572
10/6/2022,12,13,Solar,4691
5/1/2025,15,16,Solar,5097
5/28/2021,7,8,Wind,2891
5/22/2022,19,20,Wind,2313
11/5/2020,8,9,Wind,5558
2/19/2024,8,9,Wind,4102
9/27/2023,22,23,Wind,5864
8/10/2020,12,13,Solar,4090
3/8/2025,1,2,Wind,10523
6/18/2023,9,10,Solar,3968
12/11/2024,18,19,Wind,5794
6/1/2020,15,16,Solar,4627
3/31/2022,2,3,Wind,2903
7/1/2023,7,8,Wind,8202
2/28/2023,1,2,Wind,9215
1/5/2024,14,15,Wind,7467
6/22/2020,11,12,Solar,4262
8/1/2025,7,8,Wind,2309
12/3/2020,19,20,Wind,12427
3/4/2024,3,4,Wind,3528
4/13/2025,22,23,Wind,1801
5/31/2024,18,19,Wind,9697
7/29/2021,14,15,Solar,7842
8/17/2025,21,22,Wind,6260
1/17/2024,10,11,Wind,8518
3/6/2025,2,3,Wind,7168
5/6/2020,8,9,Wind,2754
10/10/2021,18,19,Wind,2605
3/17/2022,22,23,Wind,6415
5/21/2022,8,9,Solar,2716
11/1/2024,19,20,Wind,965
5/25/2022,15,16,Wind,11074
7/3/2023,19,20,Wind,8560
1/23/2021,22,23,Wind,4963
6/25/2020,15,16,Solar,4251
9/22/2021,19,20,Wind,1483
3/1/2023,19,20,Wind,7725
9/8/2021,23,0,Wind,2940
7/13/2024,14,15,Solar,4186
11/26/2020,15,16,Wind,2109
6/26/2023,6,7,Wind,3870
5/23/2025,1,2,Wind,3516
4/8/2023,8,9,Wind,4477
6/4/2024,16,17,Solar,8648
3/31/2022,22,23,Wind,9734
9/3/2024,0,1,Wind,600
9/20/2024,5,6,Wind,5665
11/16/2020,23,0,Wind,4979
2/23/2023,10,11,Wind,3227
8/2/2020,22,23,Wind,3315
8/1/2020,22,23,Wind,3317
5/21/2024,18,19,Wind,5759
7/26/2024,9,10,Solar,3852
12/15/2022,3,4,Wind,3505
6/15/2024,10,11,Wind,9848
1/5/2024,1,2,Wind,11932
12/12/2024,1,2,Wind,3768
11/13/2022,19,20,Wind,1926
8/18/2025,23,0,Wind,4278
1/7/2024,17,18,Wind,9641
3/17/2021,2,3,Wind,10683
12/11/2024,8,9,Wind,5770
7/24/2025,9,10,Solar,5279
12/21/2022,1,2,Wind,5795
7/8/2024,10,11,Solar,6740
1/5/2022,17,18,Wind,3653
10/24/2025,15,16,Wind,18939
11/28/2024,7,8,Wind,2298
3/1/2021,6,7,Wind,4387
6/4/2021,16,17,Wind,3917
2/22/2024,5,6,Wind,12000
1/17/2024,16,17,Wind,10630
8/11/2022,4,5,Wind,4542
11/3/2023,5,6,Wind,9424
3/8/2020,23,0,Wind,6989
2/24/2021,10,11,Wind,7123
4/30/2020,10,11,Wind,7950
3/13/2025,13,14,Solar,5997
10/23/2020,5,6,Wind,2146
6/17/2021,14,15,Solar,4692
7/19/2023,10,11,Solar,7532
5/23/2021,10,11,Wind,8138
4/15/2024,13,14,Wind,12633
8/22/2023,14,15,Solar,7188
1/6/2025,11,12,Wind,19056
9/23/2025,13,14,Wind,13220
12/19/2023,1,2,Wind,5244
11/25/2025,15,16,Wind,12616
6/20/2020,15,16,Solar,4342
11/15/2021,17,18,Wind,2689
10/23/2022,7,8,Wind,8752
4/26/2022,10,11,Solar,6151
4/18/2020,22,23,Wind,1263
5/7/2024,1,2,Wind,2637
2/5/2020,21,22,Wind,2909
3/30/2021,3,4,Wind,3274
4/17/2022,15,16,Solar,8579
10/28/2023,23,0,Wind,16652
7/9/2020,10,11,Solar,4311
1/11/2024,3,4,Wind,5871
3/27/2020,3,4,Wind,4120
4/17/2022,12,13,Solar,8453
8/1/2022,5,6,Wind,949
3/13/2021,17,18,Wind,14214
10/7/2022,22,23,Wind,2520
2/15/2023,1,2,Wind,4839
6/14/2021,13,14,Solar,5482
8/9/2021,21,22,Wind,966
6/17/2022,20,21,Wind,1176
3/5/2024,21,22,Wind,3174
4/12/2025,12,13,Wind,11246
5/15/2024,14,15,Solar,6647
2/10/2025,2,3,Wind,3451
4/11/2020,21,22,Wind,866
6/27/2022,11,12,Solar,6089
1/27/2022,16,17,Wind,5435
7/9/2020,2,3,Wind,1376
7/1/2023,1,2,Wind,7746
5/22/2024,0,1,Wind,4451
9/23/2020,4,5,Wind,2692
10/17/2021,9,10,Wind,3269
7/17/2022,3,4,Wind,5853
11/3/2022,13,14,Wind,11171
2/16/2024,19,20,Wind,5222
7/24/2020,2,3,Wind,1770
1/13/2024,20,21,Wind,689
5/24/2025,21,22,Wind,7099
12/27/2023,20,21,Wind,16523
10/14/2025,16,17,Wind,9410
8/23/2023,11,12,Solar,6256
7/9/2025,12,13,Solar,10285
12/30/2023,11,12,Wind,11127
3/8/2024,14,15,Wind,10651
10/11/2023,2,3,Wind,2497
8/18/2022,11,12,Solar,4861
4/15/2024,15,16,Wind,12867
8/16/2024,9,10,Solar,5032
3/2/2023,10,11,Solar,5025
3/19/2024,7,8,Wind,1588
1/29/2024,8,9,Wind,7089
3/16/2023,1,2,Wind,6062
11/18/2022,17,18,Wind,3529
7/14/2024,20,21,Solar,859
9/18/2024,22,23,Wind,8619
1/30/2021,19,20,Wind,6721
10/6/2023,11,12,Solar,6432
11/17/2020,23,0,Wind,2854
6/7/2023,21,22,Wind,5141
12/10/2023,13,14,Wind,17538
9/22/2022,14,15,Solar,6025
1/14/2021,9,10,Wind,7786
12/26/2024,23,0,Wind,2846
7/31/2025,9,10,Solar,6227
4/21/2024,14,15,Wind,11037
7/5/2025,5,6,Wind,2569
7/7/2025,1,2,Wind,5254
10/20/2023,9,10,Wind,5406
2/3/2024,2,3,Wind,4977
3/6/2022,4,5,Wind,3661
8/30/2024,11,12,Solar,7918
3/3/2022,22,23,Wind,1095
6/15/2023,2,3,Wind,2811
7/31/2023,21,22,Wind,11009
6/1/2021,23,0,Wind,4600
11/30/2022,19,20,Wind,4198
6/2/2020,5,6,Wind,1573
11/1/2022,22,23,Wind,11809
5/20/2023,12,13,Wind,11565
10/7/2023,21,22,Wind,3261
7/23/2020,7,8,Wind,1075
2/26/2024,7,8,Wind,8790
4/24/2022,19,20,Wind,4809
3/15/2025,11,12,Wind,17753
2/15/2024,2,3,Wind,8389
6/19/2023,1,2,Wind,3063
6/22/2020,13,14,Solar,4849
11/9/2025,23,0,Wind,5781
7/3/2020,19,20,Wind,5284
5/1/2021,9,10,Wind,2155
4/9/2021,23,0,Wind,5259
8/18/2020,20,21,Wind,998
7/14/2022,16,17,Solar,9226
10/11/2023,14,15,Solar,9061
2/3/2022,10,11,Wind,4074
2/7/2020,20,21,Wind,5746
4/3/2023,23,0,Wind,8787
5/4/2020,11,12,Solar,4510
3/24/2022,0,1,Wind,2808
4/11/2024,0,1,Wind,5817
3/20/2023,4,5,Wind,1983
12/2/2023,8,9,Wind,2309
2/18/2021,7,8,Wind,11133
12/29/2021,20,21,Wind,12856
1/20/2021,12,13,Wind,13723
1/25/2020,16,17,Wind,1376
5/17/2025,18,19,Solar,6964
7/24/2024,23,0,Wind,1469
8/3/2025,1,2,Wind,1815
10/4/2021,14,15,Wind,8782
11/16/2025,11,12,Wind,6348
5/13/2025,13,14,Solar,4103
7/9/2025,15,16,Solar,10142
12/14/2022,19,20,Wind,2397
11/29/2023,6,7,Wind,3365
6/29/2025,0,1,Wind,3897
6/12/2021,1,2,Wind,2256
3/1/2023,3,4,Wind,8050
6/8/2022,3,4,Wind,2868
1/9/2024,20,21,Wind,3515
7/2/2025,8,9,Solar,4029
6/16/2020,7,8,Wind,1432
4/24/2022,21,22,Wind,4426
4/9/2024,4,5,Wind,8443
9/22/2025,6,7,Wind,9099
4/18/2024,18,19,Solar,5599
5/3/2024,6,7,Wind,8273
10/9/2021,19,20,Wind,2457
8/4/2025,18,19,Wind,10030
6/28/2023,4,5,Wind,2000
10/21/2023,10,11,Wind,18904
10/28/2020,6,7,Wind,7707
10/1/2025,11,12,Solar,8257
10/5/2022,21,22,Wind,7414
11/2/2021,21,22,Wind,2408
11/22/2023,7,8,Wind,6850
11/5/2021,17,18,Wind,1716
8/29/2025,21,22,Wind,7140
12/10/2022,21,22,Wind,2069
9/16/2021,8,9,Wind,968
8/27/2021,15,16,Solar,7668
5/22/2025,12,13,Solar,11252
6/3/2025,5,6,Wind,1852
7/21/2021,20,21,Wind,1865
2/8/2023,5,6,Wind,3635
3/10/2024,17,18,Solar,1584
9/10/2023,0,1,Wind,3282
5/26/2021,9,10,Wind,8983
1/3/2021,1,2,Wind,1521
4/3/2025,11,12,Wind,10759
12/6/2020,8,9,Wind,2441
2/6/2025,22,23,Wind,11929
9/28/2024,19,20,Wind,1193
11/15/2021,11,12,Wind,4114
3/8/2023,16,17,Wind,12587
12/7/2021,5,6,Wind,5374
5/9/2024,3,4,Wind,4051
4/4/2021,17,18,Solar,4445
4/30/2022,20,21,Wind,3848
11/9/2025,15,16,Wind,6097
11/16/2022,9,10,Wind,10581
10/16/2025,6,7,Wind,4753
12/25/2022,19,20,Wind,10331
10/12/2021,16,17,Wind,6430
4/4/2023,12,13,Solar,11655
9/7/2024,0,1,Wind,3459
5/26/2020,22,23,Wind,5299
9/22/2020,22,23,Wind,1978
2/15/2024,1,2,Wind,8370
1/27/2021,14,15,Wind,5129
10/19/2023,8,9,Wind,8617
5/31/2024,8,9,Wind,7128
6/28/2021,22,23,Wind,2597
7/17/2022,12,13,Solar,8772
9/24/2021,6,7,Wind,484
8/27/2020,9,10,Solar,2457
7/26/2021,0,1,Wind,2214
4/20/2025,10,11,Wind,8882
10/27/2021,18,19,Wind,1751
5/24/2022,21,22,Wind,1603
8/11/2021,13,14,Solar,5381
11/3/2020,1,2,Wind,3288
6/28/2024,14,15,Solar,4610
6/26/2024,8,9,Solar,1569
7/9/2023,7,8,Wind,2378
6/20/2021,11,12,Solar,3624
2/6/2023,2,3,Wind,7645
6/24/2024,17,18,Solar,6973
3/23/2023,17,18,Wind,12809
3/12/2023,2,3,Wind,6307
6/13/2022,5,6,Wind,3568
8/8/2022,0,1,Wind,6967
6/5/2025,7,8,Wind,7676
12/10/2024,2,3,Wind,10280
9/1/2021,1,2,Wind,5976
8/28/2022,22,23,Wind,6424
11/30/2022,14,15,Solar,3691
7/27/2021,14,15,Wind,6245
6/2/2023,3,4,Wind,7063
6/23/2023,17,18,Solar,6546
5/27/2023,2,3,Wind,8087
6/18/2025,9,10,Solar,5963
2/4/2025,9,10,Wind,3833
1/13/2022,22,23,Wind,2612
11/23/2020,7,8,Wind,232
1/16/2022,0,1,Wind,1172
9/1/2020,12,13,Solar,4536
3/24/2024,2,3,Wind,10309
8/6/2022,5,6,Wind,5688
1/5/2020,21,22,Wind,1944
11/14/2025,7,8,Wind,13621
1/28/2023,18,19,Wind,3467
11/22/2020,23,0,Wind,606
5/11/2024,1,2,Wind,6169
6/23/2021,0,1,Wind,2879
5/6/2020,18,19,Solar,3027
7/12/2023,16,17,Wind,9441
6/29/2024,14,15,Solar,3469
2/21/2022,15,16,Wind,17995
4/20/2024,11,12,Wind,13730
8/30/2023,9,10,Wind,5138
7/7/2023,9,10,Solar,5416
3/14/2022,14,15,Wind,4954
2/5/2021,19,20,Wind,2115
5/11/2021,2,3,Wind,1609
12/27/2021,11,12,Wind,9281
10/31/2024,1,2,Wind,2168
9/6/2022,17,18,Wind,5690
2/10/2023,14,15,Solar,6249
4/10/2021,16,17,Wind,6646
9/28/2023,13,14,Solar,7507
12/3/2024,18,19,Wind,978
7/14/2020,1,2,Wind,2966
4/19/2020,6,7,Wind,2914
1/15/2021,1,2,Wind,8788
1/19/2022,15,16,Wind,4260
7/14/2020,4,5,Wind,2050
5/13/2022,21,22,Wind,1570
3/7/2022,20,21,Wind,7612
1/7/2025,21,22,Wind,7986
11/11/2023,10,11,Solar,5843
1/30/2022,16,17,Wind,2042
1/8/2025,13,14,Wind,11046
8/29/2022,14,15,Solar,7185
7/7/2021,9,10,Solar,3440
9/21/2022,12,13,Solar,7737
9/23/2023,3,4,Wind,4153
8/22/2024,14,15,Solar,8078
11/27/2024,7,8,Wind,14590
12/23/2021,8,9,Wind,8499
12/31/2024,15,16,Wind,8507
6/26/2020,13,14,Solar,5202
7/31/2022,10,11,Solar,6130
7/23/2025,20,21,Wind,3076
3/9/2022,1,2,Wind,4336
9/13/2022,12,13,Solar,5964
2/13/2020,19,20,Wind,13445
6/11/2024,14,15,Solar,8672
7/17/2020,5,6,Wind,1584
10/6/2023,19,20,Wind,855
6/28/2025,6,7,Wind,1512
9/3/2025,8,9,Wind,15581
7/24/2022,1,2,Wind,715
2/13/2025,12,13,Solar,4714
2/18/2020,14,15,Wind,11709
7/2/2022,20,21,Wind,1811
12/25/2021,13,14,Solar,2201
11/30/2024,10,11,Solar,4326
12/9/2023,22,23,Wind,16786
7/30/2022,10,11,Solar,4894
1/23/2022,12,13,Solar,5583
11/27/2021,7,8,Wind,8157
12/22/2022,6,7,Wind,13176
2/8/2020,7,8,Wind,5411
6/24/2021,6,7,Wind,2039
4/21/2021,9,10,Solar,2377
11/7/2020,10,11,Wind,5622
6/6/2021,1,2,Wind,1585
11/30/2022,10,11,Solar,2798
12/17/2020,10,11,Wind,4914
6/28/2024,10,11,Solar,6342
9/14/2023,2,3,Wind,943
11/3/2021,7,8,Wind,4059
2/16/2022,2,3,Wind,14370
10/21/2020,6,7,Wind,11123
1/27/2021,21,22,Wind,4874
10/11/2024,4,5,Wind,840
4/19/2023,2,3,Wind,7873
9/24/2020,22,23,Wind,9411
1/31/2024,5,6,Wind,624
3/31/2021,3,4,Wind,2232
4/27/2024,1,2,Wind,5015
5/17/2023,7,8,Wind,6444
9/15/2025,9,10,Wind,16219
3/16/2024,15,16,Solar,6756
12/25/2024,15,16,Solar,2192
9/28/2020,5,6,Wind,4186
5/4/2025,12,13,Wind,6382
5/28/2021,1,2,Wind,2766
5/13/2024,1,2,Wind,2608
3/10/2022,4,5,Wind,5546
9/25/2025,9,10,Wind,4363
1/31/2020,22,23,Wind,8273
6/6/2023,2,3,Wind,6150
2/16/2024,12,13,Wind,9151
5/13/2021,23,0,Wind,2596
7/12/2024,5,6,Wind,4928
8/1/2021,8,9,Wind,2850
9/18/2023,19,20,Wind,9122
9/30/2025,1,2,Wind,2168
9/23/2022,15,16,Solar,2939
10/14/2025,7,8,Wind,6121
2/7/2024,14,15,Wind,16440
8/10/2020,7,8,Wind,1160
9/2/2024,1,2,Wind,1633
10/10/2025,2,3,Wind,2847
6/12/2020,2,3,Wind,3680
5/10/2025,14,15,Solar,6571
10/24/2024,4,5,Wind,6407
5/25/2025,18,19,Wind,13957
5/6/2025,10,11,Wind,14123
2/25/2025,17,18,Wind,11935
10/12/2023,19,20,Wind,2966
7/22/2020,23,0,Wind,3130
11/3/2023,15,16,Wind,10397
2/23/2020,23,0,Wind,5179
7/22/2021,17,18,Solar,5139
3/5/2022,0,1,Wind,3107
5/19/2023,9,10,Solar,5624
3/29/2020,5,6,Wind,10883
10/31/2022,21,22,Wind,13338
1/3/2022,22,23,Wind,7702
6/21/2020,2,3,Wind,2258
11/2/2025,20,21,Wind,9312
1/24/2021,23,0,Wind,6108
8/22/2024,17,18,Wind,11613
8/31/2023,23,0,Wind,5176
5/13/2025,1,2,Wind,852
2/20/2022,15,16,Wind,17227
9/26/2020,6,7,Wind,10898
10/30/2023,12,13,Wind,5959
7/22/2023,19,20,Wind,7852
7/30/2022,4,5,Wind,940
10/7/2023,19,20,Wind,2250
6/29/2022,21,22,Wind,1722
12/12/2022,5,6,Wind,1111
7/17/2025,15,16,Solar,9573
3/9/2023,16,17,Wind,15068
8/3/2025,9,10,Solar,6182
5/26/2021,0,1,Wind,5204
9/3/2024,15,16,Solar,4862
5/13/2021,10,11,Wind,6884
9/24/2022,20,21,Wind,3089
8/12/2020,3,4,Wind,2283
8/5/2021,5,6,Wind,1559
7/23/2025,13,14,Solar,6587
1/31/2024,3,4,Wind,512
8/9/2024,4,5,Wind,3173
11/26/2025,7,8,Wind,5783
8/14/2022,6,7,Wind,3324
1/8/2022,15,16,Wind,15568
7/21/2020,10,11,Solar,4516
9/23/2023,9,10,Solar,4267
7/12/2024,2,3,Wind,4755
11/28/2025,6,7,Wind,7716
5/7/2020,7,8,Wind,2074
8/14/2025,15,16,Solar,8652
11/30/2021,17,18,Wind,11120
10/19/2024,2,3,Wind,5506
1/10/2020,3,4,Wind,8473
3/18/2023,8,9,Wind,7808
5/3/2024,23,0,Wind,2397
11/14/2022,5,6,Wind,3917
4/27/2025,7,8,Wind,3806
11/7/2020,14,15,Wind,3744
12/18/2022,20,21,Wind,11153
3/29/2020,11,12,Wind,14928
6/28/2021,9,10,Solar,2442
6/1/2025,4,5,Wind,2388
4/5/2023,22,23,Wind,1287
5/15/2020,7,8,Wind,5575
4/30/2025,10,11,Solar,8516
7/29/2024,19,20,Solar,3053
7/5/2022,20,21,Wind,4067
7/28/2025,11,12,Solar,10939
4/26/2022,2,3,Wind,1788
1/19/2025,15,16,Solar,2797
11/6/2023,21,22,Wind,9203
4/19/2021,1,2,Wind,1572
6/28/2022,11,12,Solar,7057
11/24/2020,4,5,Wind,1703
2/7/2025,23,0,Wind,9556
4/15/2022,7,8,Wind,1580
2/4/2021,13,14,Wind,3262
10/15/2022,11,12,Wind,12970
1/29/2023,14,15,Solar,4511
11/18/2020,13,14,Wind,6605
11/8/2024,3,4,Wind,2942
11/27/2020,14,15,Solar,2336
6/10/2020,7,8,Wind,1447
6/16/2022,17,18,Solar,4281
3/29/2021,13,14,Solar,6118
12/26/2022,14,15,Wind,9579
11/7/2024,1,2,Wind,1987
1/21/2023,20,21,Wind,8515
3/3/2021,1,2,Wind,2335
10/31/2022,0,1,Wind,1930
12/29/2021,14,15,Wind,13649
8/8/2020,20,21,Wind,1124
3/2/2023,18,19,Wind,3897
9/26/2025,23,0,Wind,438
4/7/2021,21,22,Wind,1675
4/2/2021,22,23,Wind,10937
9/20/2025,0,1,Wind,6718
10/1/2023,7,8,Wind,2436
3/15/2022,1,2,Wind,6019
2/3/2021,16,17,Wind,12903
2/20/2023,4,5,Wind,3787
4/26/2022,7,8,Wind,2439
6/3/2024,14,15,Solar,7856
6/18/2021,13,14,Wind,8922
4/28/2022,9,10,Wind,4845
11/7/2025,5,6,Wind,3912
4/6/2021,12,13,Wind,9964
4/4/2021,10,11,Solar,4872
4/27/2021,15,16,Solar,2970
11/27/2020,2,3,Wind,1646
8/5/2020,0,1,Wind,1235
10/31/2023,16,17,Wind,8950
8/13/2024,9,10,Solar,3381
10/28/2025,1,2,Wind,9852
6/11/2021,9,10,Solar,2930
9/2/2025,20,21,Wind,11674
4/8/2025,16,17,Solar,7972
10/29/2021,6,7,Wind,11910
3/11/2022,12,13,Wind,15051
1/1/2022,12,13,Wind,6877
5/25/2024,16,17,Solar,6340
7/29/2023,4,5,Wind,3248
4/24/2020,8,9,Solar,1100
5/26/2020,4,5,Wind,3483
4/19/2025,16,17,Wind,8350
3/7/2025,13,14,Wind,15031
7/11/2025,5,6,Wind,4088
6/22/2021,4,5,Wind,3562
9/4/2021,15,16,Solar,3929
5/19/2023,7,8,Wind,5242
6/7/2020,14,15,Solar,4231
9/29/2021,3,4,Wind,6904
8/15/2020,23,0,Wind,1660
2/23/2024,7,8,Wind,13910
6/12/2022,2,3,Wind,3256
1/14/2024,10,11,Solar,2107
12/8/2023,18,19,Wind,6048
7/16/2020,22,23,Wind,1729
6/3/2023,5,6,Wind,5785
4/4/2021,14,15,Solar,6158
5/28/2023,19,20,Wind,8373
6/26/2024,3,4,Wind,1549
2/10/2025,7,8,Wind,3458
7/8/2023,2,3,Wind,4943
5/21/2022,19,20,Solar,1551
5/8/2025,15,16,Wind,5459
8/28/2020,13,14,Wind,8045
12/21/2022,11,12,Wind,9060
2/15/2020,19,20,Wind,11731
1/24/2021,11,12,Wind,7244
3/20/2021,16,17,Wind,7684
5/22/2025,10,11,Solar,9030
8/9/2020,1,2,Wind,2146
3/26/2020,18,19,Wind,5318
5/13/2021,20,21,Wind,2078
2/3/2020,22,23,Wind,10537
4/10/2020,15,16,Solar,5105
1/25/2021,12,13,Wind,4893
12/24/2021,13,14,Wind,3739
12/6/2021,1,2,Wind,3554
2/10/2023,20,21,Wind,2106
10/11/2025,22,23,Wind,6129
11/12/2024,3,4,Wind,9187
5/27/2022,16,17,Solar,7944
3/11/2020,8,9,Wind,10307
3/20/2021,17,18,Wind,6337
3/28/2023,22,23,Wind,5898
5/17/2022,6,7,Wind,2598
3/25/2025,17,18,Wind,5078
2/10/2025,11,12,Wind,6572
9/10/2023,20,21,Wind,1566
4/23/2021,23,0,Wind,8170
3/17/2022,23,0,Wind,6617
8/19/2025,0,1,Wind,3778
6/13/2020,22,23,Wind,3047
12/17/2022,23,0,Wind,3559
4/1/2021,19,20,Wind,5562
10/7/2024,7,8,Wind,4274
7/1/2023,2,3,Wind,7588
8/8/2024,15,16,Solar,9451
11/25/2025,23,0,Wind,8990
10/18/2025,1,2,Wind,5509
6/9/2020,14,15,Solar,5184
4/16/2022,21,22,Wind,7313
11/22/2023,10,11,Wind,7288
5/4/2023,2,3,Wind,9610
7/17/2024,20,21,Solar,1041
7/21/2025,22,23,Wind,8098
10/20/2021,3,4,Wind,11030
10/13/2022,15,16,Wind,5371
7/1/2021,10,11,Solar,3925
6/13/2025,16,17,Solar,9401
9/3/2022,6,7,Wind,1431
11/5/2024,0,1,Wind,2399
1/4/2023,8,9,Wind,15148
4/13/2023,18,19,Wind,6986
11/3/2022,22,23,Wind,11510
5/8/2020,3,4,Wind,2146
4/19/2021,14,15,Solar,4838
7/19/2020,2,3,Wind,1066
6/20/2020,1,2,Wind,748
5/10/2023,16,17,Wind,10757
9/4/2025,0,1,Wind,9634
3/2/2024,15,16,Wind,7915
10/25/2021,0,1,Wind,3107
1/5/2022,1,2,Wind,8393
5/17/2022,12,13,Solar,7230
11/5/2023,8,9,Wind,16055
12/16/2023,23,0,Wind,1919
6/21/2025,16,17,Solar,8722
12/29/2022,3,4,Wind,11455
5/12/2021,5,6,Wind,2617
9/7/2022,14,15,Wind,6857
8/13/2020,13,14,Solar,4657
3/18/2021,22,23,Wind,3209
11/23/2020,19,20,Wind,969
12/9/2020,8,9,Wind,2951
1/20/2020,13,14,Wind,7211
5/28/2023,7,8,Wind,4350
5/3/2023,20,21,Wind,6933
11/5/2025,2,3,Wind,12107
5/4/2020,12,13,Solar,4920
1/12/2021,17,18,Wind,7855
1/21/2025,12,13,Solar,5935
1/10/2023,11,12,Wind,13237
3/18/2024,17,18,Solar,3230
4/9/2024,0,1,Wind,9865
6/30/2021,3,4,Wind,2177
1/11/2022,22,23,Wind,2113
10/21/2023,1,2,Wind,12945
11/14/2023,3,4,Wind,12335
4/28/2024,7,8,Wind,10700
6/2/2025,21,22,Wind,638
12/24/2022,16,17,Wind,2865
1/26/2021,20,21,Wind,5936
2/4/2023,12,13,Solar,5453
3/19/2024,15,16,Solar,6176
5/14/2020,14,15,Wind,11137
12/2/2020,10,11,Wind,2893
3/22/2024,15,16,Solar,8993
1/5/2022,6,7,Wind,6938
5/22/2024,22,23,Wind,2985
7/13/2023,18,19,Solar,5835
1/31/2020,20,21,Wind,8042
8/30/2023,14,15,Solar,9973
12/23/2020,17,18,Wind,12283
2/8/2024,4,5,Wind,8574
11/23/2022,7,8,Wind,9097
11/10/2020,4,5,Wind,523
10/8/2023,18,19,Solar,940
3/22/2024,7,8,Wind,2594
10/16/2021,12,13,Solar,4435
5/29/2024,4,5,Wind,6749
4/19/2024,7,8,Wind,9932
12/5/2021,20,21,Wind,5760
12/8/2024,3,4,Wind,16946
5/13/2022,18,19,Solar,4083
3/9/2023,11,12,Wind,16926
3/10/2023,8,9,Wind,17375
11/9/2022,11,12,Wind,7952
11/1/2025,19,20,Wind,9624
1/26/2021,3,4,Wind,4408
9/24/2024,18,19,Wind,6318
8/6/2020,1,2,Wind,1397
10/9/2021,23,0,Wind,3280
4/28/2024,22,23,Wind,3030
7/18/2021,0,1,Wind,5309
8/1/2022,6,7,Wind,816
8/7/2024,19,20,Wind,4174
12/6/2020,16,17,Wind,2094
7/4/2024,4,5,Wind,5185
2/8/2022,10,11,Wind,6525
3/19/2023,23,0,Wind,1821
1/11/2023,2,3,Wind,14203
9/27/2020,16,17,Wind,10533
1/6/2020,16,17,Wind,4328
2/24/2025,21,22,Wind,5717
3/25/2024,8,9,Wind,6832
7/28/2021,15,16,Wind,10292
4/10/2024,22,23,Wind,4894
8/17/2022,0,1,Wind,1932
9/27/2022,0,1,Wind,6920
5/31/2025,13,14,Solar,4213
5/20/2025,19,20,Wind,7318
9/29/2021,22,23,Wind,3277
11/12/2024,16,17,Wind,11132
3/28/2025,1,2,Wind,2213
4/15/2025,4,5,Wind,6164
9/20/2022,20,21,Wind,2412
1/9/2025,0,1,Wind,11396
1/1/2023,4,5,Wind,10243
11/6/2022,11,12,Wind,11380
10/2/2021,6,7,Wind,3096
9/25/2025,8,9,Wind,3460
11/30/2022,2,3,Wind,1109
6/21/2022,9,10,Solar,3393
12/2/2021,13,14,Wind,10797
6/24/2022,19,20,Wind,7795
4/2/2020,4,5,Wind,2349
6/8/2023,21,22,Wind,4128
2/21/2020,9,10,Wind,4854
11/30/2024,22,23,Wind,2930
8/12/2025,13,14,Solar,11157
9/27/2021,9,10,Wind,7668
11/15/2023,16,17,Wind,6489
12/17/2021,17,18,Wind,7631
10/21/2023,6,7,Wind,15587
2/8/2020,4,5,Wind,5164
10/8/2024,9,10,Wind,10492
2/9/2024,2,3,Wind,16383
7/19/2021,9,10,Solar,4364
10/6/2024,17,18,Wind,9241
7/29/2024,20,21,Wind,2146
3/22/2020,17,18,Wind,9239
4/18/2023,17,18,Wind,11088
5/11/2024,2,3,Wind,5504
12/1/2024,7,8,Wind,7020
6/15/2025,10,11,Solar,4445
9/4/2020,19,20,Wind,1596
11/4/2023,6,7,Wind,14075
9/10/2024,15,16,Wind,17846
11/16/2024,20,21,Wind,2522
12/11/2021,7,8,Wind,4646
10/15/2024,20,21,Wind,10354
2/20/2024,11,12,Solar,7673
7/25/2021,15,16,Wind,7292
8/22/2023,5,6,Wind,1122
9/13/2025,21,22,Wind,6113
8/26/2020,3,4,Wind,9695
3/10/2021,3,4,Wind,2163
7/18/2023,18,19,Solar,4924
11/18/2023,3,4,Wind,4564
2/24/2020,11,12,Wind,12355
10/26/2020,6,7,Wind,6325
3/13/2023,21,22,Wind,16122
5/24/2022,15,16,Wind,7710
7/4/2020,12,13,Wind,11419
11/4/2023,1,2,Wind,10287
10/17/2023,4,5,Wind,7121
9/18/2023,1,2,Wind,4117
10/12/2021,15,16,Solar,7081
10/11/2020,21,22,Wind,4264
7/1/2021,12,13,Solar,5015
10/11/2022,7,8,Wind,2731
12/18/2024,16,17,Wind,13459
11/30/2020,20,21,Wind,5347
8/21/2025,22,23,Wind,7221
1/24/2024,15,16,Wind,12726
5/15/2025,20,21,Wind,9881
7/30/2024,10,11,Solar,5298
6/2/2023,22,23,Wind,6874
10/10/2023,19,20,Wind,1800
6/6/2024,3,4,Wind,963
5/7/2022,0,1,Wind,3845
11/1/2021,6,7,Wind,8669
1/27/2021,1,2,Wind,6417
12/20/2022,8,9,Wind,12749
3/31/2021,14,15,Solar,5295
2/23/2021,13,14,Wind,12916
9/18/2021,12,13,Solar,4027
8/26/2025,6,7,Wind,4499
5/14/2023,1,2,Wind,4836
8/14/2023,0,1,Wind,1214
9/27/2020,17,18,Wind,9427
2/13/2020,9,10,Wind,12777
9/24/2022,23,0,Wind,3210
5/16/2024,16,17,Solar,5988
10/12/2023,0,1,Wind,6357
11/1/2025,21,22,Wind,10131
10/20/2023,11,12,Wind,7574
5/30/2020,3,4,Wind,4377
2/2/2022,2,3,Wind,9403
7/2/2024,5,6,Wind,2589
1/23/2025,16,17,Wind,15074
2/15/2022,22,23,Wind,13846
9/24/2021,14,15,Solar,4909
3/27/2022,6,7,Wind,5266
2/12/2021,12,13,Wind,9353
2/9/2024,10,11,Wind,14107
10/31/2022,5,6,Wind,2629
12/9/2021,3,4,Wind,5680
7/14/2023,20,21,Wind,8025
12/23/2023,13,14,Wind,16588
6/15/2024,21,22,Wind,8406
7/10/2023,15,16,Solar,8644
5/14/2024,22,23,Wind,3743
9/27/2020,4,5,Wind,10755
10/28/2023,1,2,Wind,10977
9/28/2025,6,7,Wind,1559
9/2/2022,4,5,Wind,1945
1/11/2025,12,13,Solar,5020
5/22/2023,14,15,Solar,6900
2/26/2023,3,4,Wind,10625
1/29/2024,16,17,Wind,5756
6/26/2025,1,2,Wind,4129
3/3/2024,9,10,Wind,4254
9/27/2025,14,15,Solar,8196
7/30/2022,1,2,Wind,1741
1/22/2021,0,1,Wind,9355
10/29/2023,13,14,Wind,17595
11/5/2022,23,0,Wind,7339
7/27/2022,16,17,Solar,6575
7/18/2025,1,2,Wind,1537
11/19/2020,10,11,Wind,9509
10/7/2020,1,2,Wind,9725
11/11/2023,2,3,Wind,5689
4/15/2020,23,0,Wind,5306
2/29/2020,9,10,Wind,13336
9/28/2022,18,19,Wind,3567
5/25/2024,12,13,Solar,7561
4/4/2020,16,17,Solar,5695
9/19/2022,9,10,Solar,4316
1/18/2025,16,17,Wind,1901
8/6/2025,16,17,Solar,7314
7/15/2021,17,18,Wind,9433
10/5/2022,23,0,Wind,5908
1/17/2020,4,5,Wind,8722
10/4/2020,18,19,Wind,10142
3/20/2025,11,12,Wind,10949
12/31/2023,18,19,Wind,17408
10/25/2025,17,18,Wind,8979
8/6/2023,21,22,Wind,6153
7/20/2023,9,10,Solar,3791
5/16/2020,11,12,Solar,3775
5/16/2024,11,12,Solar,7355
5/18/2021,5,6,Wind,3991
4/25/2020,0,1,Wind,2228
11/26/2024,20,21,Wind,5522
2/18/2020,15,16,Wind,11175
12/28/2023,11,12,Wind,14861
3/18/2020,21,22,Wind,469
12/3/2021,22,23,Wind,10132
5/15/2021,19,20,Wind,7664
8/6/2025,15,16,Solar,3846
12/17/2024,15,16,Wind,5793
12/22/2023,0,1,Wind,16406
9/5/2020,21,22,Wind,2289
4/18/2025,21,22,Wind,8780
2/5/2024,13,14,Wind,9958
1/1/2025,7,8,Wind,13992
12/13/2024,15,16,Solar,1529
9/16/2024,1,2,Wind,3575
11/10/2020,3,4,Wind,613
5/26/2022,9,10,Wind,5045
2/4/2024,9,10,Wind,8034
6/2/2021,19,20,Wind,3802
11/17/2023,22,23,Wind,2420
10/28/2020,10,11,Wind,10419
6/28/2021,0,1,Wind,695
9/24/2025,9,10,Wind,8307
10/7/2020,4,5,Wind,7982
10/1/2023,12,13,Solar,6967
9/20/2025,17,18,Wind,13411
4/15/2020,9,10,Wind,5459
12/29/2020,15,16,Wind,4460
10/27/2022,4,5,Wind,7379
4/30/2023,14,15,Solar,7559
11/17/2021,23,0,Wind,1687
7/30/2024,0,1,Wind,2565
8/1/2022,1,2,Wind,2357
12/17/2020,14,15,Wind,4124
10/11/2024,16,17,Solar,5248
12/25/2021,3,4,Wind,2872
6/7/2021,12,13,Solar,4354
7/29/2020,15,16,Solar,3832
6/16/2023,14,15,Solar,7106
12/26/2022,20,21,Wind,5898
10/7/2020,23,0,Wind,4403
9/19/2021,1,2,Wind,3617
11/21/2023,8,9,Wind,4767
7/7/2024,18,19,Wind,7351
8/4/2024,9,10,Solar,4624
1/18/2021,3,4,Wind,2290
2/3/2025,8,9,Wind,2083
7/16/2022,8,9,Wind,3498
4/26/2022,20,21,Wind,3977
12/7/2024,9,10,Wind,18708
1/31/2022,14,15,Wind,16171
10/16/2023,3,4,Wind,6238
8/13/2023,9,10,Solar,3182
10/28/2023,15,16,Wind,15895
12/20/2020,16,17,Wind,3947
4/24/2021,8,9,Wind,6454
4/7/2024,6,7,Wind,7420
6/8/2024,1,2,Wind,2388
10/12/2022,19,20,Wind,438
8/12/2023,17,18,Wind,8557
4/16/2021,19,20,Wind,5611
5/25/2020,1,2,Wind,2769
1/13/2023,12,13,Wind,17172
5/14/2024,9,10,Wind,6267
7/18/2021,20,21,Wind,6023
7/23/2020,19,20,Wind,1584
3/25/2021,17,18,Wind,2804
7/2/2021,17,18,Solar,3090
2/1/2022,19,20,Wind,12305
1/1/2025,5,6,Wind,12746
6/7/2022,2,3,Wind,2276
9/3/2022,16,17,Solar,6655
4/26/2020,1,2,Wind,1914
9/15/2023,4,5,Wind,2743
9/19/2024,2,3,Wind,8752
2/16/2023,20,21,Wind,8153
4/17/2023,20,21,Wind,6134
6/2/2020,0,1,Wind,2772
2/17/2024,16,17,Wind,4529
2/17/2025,5,6,Wind,4172
10/10/2023,3,4,Wind,787
12/17/2024,9,10,Wind,3893
11/6/2023,4,5,Wind,10798
7/28/2021,13,14,Wind,9468
11/16/2020,0,1,Wind,11433
3/30/2024,2,3,Wind,3366
11/6/2025,15,16,Wind,3477
7/5/2021,3,4,Wind,2860
8/1/2025,13,14,Solar,11232
5/12/2020,20,21,Wind,2540
8/1/2022,4,5,Wind,1160
2/26/2021,20,21,Wind,5112
8/22/2025,7,8,Wind,3068
8/5/2021,6,7,Wind,1590
4/7/2022,7,8,Wind,15940
2/8/2020,17,18,Wind,2478
12/5/2021,1,2,Wind,9046
8/31/2020,10,11,Solar,4040
7/31/2025,23,0,Wind,3129
8/6/2020,20,21,Wind,712
4/11/2025,13,14,Solar,5897
4/23/2022,14,15,Wind,8182
9/2/2020,4,5,Wind,1290
5/4/2023,12,13,Solar,11275
3/13/2021,15,16,Wind,16629
7/5/2021,4,5,Wind,2937
4/29/2025,17,18,Solar,9026
3/18/2023,18,19,Wind,4322
11/10/2022,21,22,Wind,4166
8/28/2024,7,8,Wind,2925
8/17/2024,0,1,Wind,1618
6/3/2022,0,1,Wind,4620
7/22/2022,12,13,Solar,5565
4/11/2025,4,5,Wind,3785
10/4/2023,12,13,Solar,7164
8/24/2020,23,0,Wind,574
6/25/2020,0,1,Wind,4092
4/15/2024,23,0,Wind,13862
11/23/2020,0,1,Wind,535
7/21/2025,16,17,Wind,17587
11/8/2021,22,23,Wind,1832
4/18/2023,22,23,Wind,7354
6/12/2022,12,13,Solar,5972
11/18/2022,7,8,Wind,7495
6/30/2024,0,1,Wind,3575
6/10/2025,4,5,Wind,2146
2/23/2023,6,7,Wind,1399
2/26/2021,2,3,Wind,2065
11/14/2023,4,5,Wind,11793
9/18/2024,11,12,Wind,14653
10/7/2020,2,3,Wind,9265
1/5/2023,10,11,Wind,5888
4/6/2022,19,20,Wind,13119
6/9/2025,1,2,Wind,2206
2/3/2024,7,8,Wind,4372
10/23/2022,6,7,Wind,7869
11/14/2021,7,8,Wind,2586
6/11/2023,9,10,Solar,4352
8/26/2024,8,9,Wind,4283
12/23/2024,1,2,Wind,16962
9/28/2024,1,2,Wind,7622
9/5/2022,18,19,Wind,5937
5/19/2021,5,6,Wind,3640
12/1/2020,1,2,Wind,7246
4/20/2020,10,11,Wind,5506
5/15/2025,15,16,Wind,8002
6/27/2025,7,8,Wind,2757
11/28/2024,16,17,Wind,1883
7/17/2024,2,3,Wind,2322
6/14/2023,15,16,Solar,7540
5/7/2021,0,1,Wind,2787
12/31/2020,3,4,Wind,5528
3/4/2020,10,11,Wind,4208
9/4/2021,18,19,Solar,2161
12/1/2024,2,3,Wind,4575
1/25/2025,10,11,Wind,8921
12/28/2021,11,12,Wind,15762
2/14/2021,4,5,Wind,7220
11/10/2023,13,14,Wind,18526
12/4/2022,11,12,Wind,4227
4/4/2025,11,12,Solar,9154
6/28/2023,23,0,Wind,1636
6/23/2020,12,13,Solar,5224
10/17/2021,17,18,Solar,2227
8/26/2022,22,23,Wind,3160
5/16/2025,19,20,Wind,9157
4/24/2020,5,6,Wind,496
2/4/2023,18,19,Wind,2979
9/18/2021,8,9,Wind,2104
12/20/2024,20,21,Wind,12932
12/14/2021,20,21,Wind,1149
12/21/2022,20,21,Wind,11987
10/19/2023,9,10,Wind,9416
7/6/2021,13,14,Wind,12056
4/4/2021,13,14,Solar,6278
6/23/2020,4,5,Wind,2319
8/29/2023,5,6,Wind,2228
11/24/2022,23,0,Wind,8784
11/19/2023,10,11,Wind,15085
6/13/2024,17,18,Wind,9924
5/6/2024,15,16,Wind,10006
10/22/2020,5,6,Wind,5058
12/3/2021,11,12,Wind,12157
9/5/2025,0,1,Wind,4616
3/22/2020,11,12,Wind,11583
2/12/2024,4,5,Wind,3424
4/6/2021,5,6,Wind,4612
1/23/2023,23,0,Wind,8904
10/26/2020,7,8,Wind,6892
8/4/2024,16,17,Solar,7323
10/10/2020,11,12,Solar,4595
8/13/2024,2,3,Wind,1681
2/22/2023,19,20,Wind,1666
10/24/2023,19,20,Wind,4212
11/9/2024,18,19,Wind,329
9/21/2025,21,22,Wind,5249
1/4/2025,6,7,Wind,3488
10/29/2024,16,17,Solar,1689
7/3/2022,17,18,Solar,5809
9/21/2025,13,14,Solar,4586
7/24/2020,12,13,Solar,5529
10/20/2025,10,11,Wind,14969
3/4/2020,22,23,Wind,5458
3/19/2024,12,13,Solar,7906
6/7/2021,23,0,Wind,1427
8/11/2022,20,21,Wind,3771
4/16/2020,12,13,Solar,4919
7/3/2024,21,22,Wind,5778
8/29/2024,2,3,Wind,2798
1/5/2023,21,22,Wind,6122
7/31/2021,23,0,Wind,2388
10/28/2024,10,11,Solar,4495
10/19/2023,5,6,Wind,9007
6/4/2022,10,11,Solar,4451
5/28/2020,11,12,Solar,6315
2/1/2020,7,8,Wind,9595
10/19/2022,5,6,Wind,5438
6/25/2021,21,22,Wind,706
7/24/2022,17,18,Solar,5706
12/14/2023,14,15,Wind,5813
12/29/2021,11,12,Wind,10644
6/20/2023,1,2,Wind,2980
9/29/2021,4,5,Wind,7241
4/12/2025,3,4,Wind,8383
5/10/2024,2,3,Wind,5430
4/24/2022,22,23,Wind,4098
5/30/2021,19,20,Wind,4465
2/19/2025,14,15,Solar,7382
6/30/2023,20,21,Wind,5710
7/31/2023,1,2,Wind,6364
11/16/2023,20,21,Wind,9268
10/18/2024,22,23,Wind,3048
3/17/2022,1,2,Wind,5389
8/12/2023,16,17,Wind,9373
4/22/2020,21,22,Wind,3242
8/11/2023,12,13,Solar,7558
1/5/2020,18,19,Wind,1560
7/1/2021,19,20,Solar,1934
3/20/2023,15,16,Solar,7022
3/18/2024,4,5,Wind,2157
7/12/2025,12,13,Solar,10093
1/21/2023,12,13,Wind,10693
5/25/2021,3,4,Wind,10501
8/18/2024,18,19,Wind,6860
9/18/2025,0,1,Wind,2782
6/8/2024,4,5,Wind,2264
6/14/2025,0,1,Wind,5120
7/9/2023,13,14,Solar,8039
12/29/2023,23,0,Wind,9562
4/13/2020,21,22,Wind,10036
1/26/2024,0,1,Wind,7393
2/12/2025,0,1,Wind,2674
11/4/2025,16,17,Wind,11909
8/29/2022,0,1,Wind,6402
4/12/2024,20,21,Wind,627
6/2/2021,16,17,Wind,5972
11/18/2025,5,6,Wind,2337
1/1/2020,14,15,Solar,1783
12/14/2022,7,8,Wind,1554
6/20/2022,14,15,Solar,7461
6/8/2025,2,3,Wind,12021
8/28/2023,22,23,Wind,3251
5/3/2021,14,15,Solar,9420
10/13/2025,8,9,Wind,6886
2/16/2023,14,15,Wind,10197
8/27/2021,14,15,Solar,7583
5/7/2020,16,17,Solar,3419
9/26/2024,19,20,Wind,16347
4/29/2022,20,21,Wind,4263
11/18/2021,1,2,Wind,1542
12/24/2024,16,17,Wind,2869
3/23/2022,14,15,Solar,7742
12/19/2023,19,20,Wind,11755
8/9/2022,15,16,Solar,10173
11/9/2022,13,14,Wind,7506
7/28/2024,20,21,Wind,4202
5/15/2022,10,11,Solar,6338
12/18/2023,10,11,Solar,4443
9/19/2020,19,20,Wind,2949
6/27/2022,16,17,Solar,6590
2/29/2020,0,1,Wind,12183
8/23/2021,9,10,Wind,4336
5/8/2020,5,6,Wind,2157
4/22/2021,18,19,Wind,6684
6/30/2025,17,18,Solar,6735
6/21/2025,3,4,Wind,3987
12/20/2022,18,19,Wind,8542
11/28/2021,1,2,Wind,8791
4/18/2020,11,12,Solar,2991
7/17/2022,21,22,Wind,2681
8/9/2022,12,13,Solar,10151
11/8/2022,12,13,Wind,14352
11/11/2024,16,17,Wind,6651
7/30/2025,6,7,Wind,1254
5/29/2025,8,9,Solar,4864
6/11/2021,13,14,Solar,5372
3/25/2020,23,0,Wind,6969
3/24/2021,5,6,Wind,1325
10/4/2020,13,14,Wind,12463
9/23/2022,23,0,Wind,1119
9/6/2020,14,15,Solar,4476
11/10/2020,7,8,Wind,449
1/27/2021,4,5,Wind,5765
6/21/2020,0,1,Wind,1628
5/15/2025,4,5,Wind,6015
3/22/2021,1,2,Wind,5294
8/26/2022,0,1,Wind,4579
11/3/2024,14,15,Solar,5164
9/11/2021,4,5,Wind,1614
8/22/2024,11,12,Solar,11902
9/19/2025,17,18,Solar,7677
5/7/2023,15,16,Solar,6016
8/11/2025,11,12,Solar,10411
7/17/2020,13,14,Solar,4428
2/2/2023,2,3,Wind,6840
5/25/2021,19,20,Wind,9400
1/31/2020,16,17,Wind,6945
3/30/2022,0,1,Wind,1732
10/20/2022,15,16,Wind,7796
10/25/2022,21,22,Wind,6881
11/3/2022,0,1,Wind,9136
8/31/2022,7,8,Wind,2217
7/6/2024,15,16,Wind,8938
6/27/2025,8,9,Solar,4114
10/16/2021,8,9,Wind,1618
12/21/2021,3,4,Wind,2955
3/26/2021,21,22,Wind,8143
10/17/2023,9,10,Wind,7017
11/12/2022,4,5,Wind,3946
10/20/2021,13,14,Wind,14518
5/16/2021,17,18,Wind,9888
4/22/2024,0,1,Wind,7681
4/17/2024,21,22,Wind,4359
11/20/2024,16,17,Wind,6965
12/23/2024,0,1,Wind,16528
10/22/2020,6,7,Wind,4862
7/12/2023,21,22,Wind,3598
3/2/2022,0,1,Wind,2584
4/15/2021,21,22,Wind,5233
2/26/2022,17,18,Wind,7675
3/6/2021,16,17,Wind,6177
10/11/2022,20,21,Wind,1921
10/20/2022,20,21,Wind,7203
2/28/2025,10,11,Solar,8466
2/25/2023,16,17,Wind,8910
10/10/2022,20,21,Wind,2175
4/25/2024,10,11,Solar,5487
3/17/2021,22,23,Wind,5372
6/21/2020,18,19,Wind,6097
8/29/2021,21,22,Wind,3315
2/7/2022,23,0,Wind,5040
3/31/2024,7,8,Wind,7090
7/7/2021,7,8,Wind,2587
12/8/2022,1,2,Wind,1342
6/27/2021,16,17,Solar,3903
9/19/2022,0,1,Wind,4138
12/22/2023,1,2,Wind,16336
1/4/2020,22,23,Wind,2149
9/30/2022,18,19,Wind,6866
3/8/2022,9,10,Wind,7883
5/18/2025,3,4,Wind,3101
7/12/2025,19,20,Wind,4978
3/19/2022,23,0,Wind,8005
12/26/2024,17,18,Wind,2450
6/27/2022,17,18,Wind,6141
2/19/2022,2,3,Wind,11293
2/12/2020,4,5,Wind,8766
3/14/2020,18,19,Wind,3233
6/4/2021,12,13,Solar,3610
2/26/2023,16,17,Wind,19965
10/11/2023,4,5,Wind,2507
11/28/2022,22,23,Wind,2851
2/12/2024,2,3,Wind,4578
5/5/2024,20,21,Wind,1825
1/26/2022,23,0,Wind,1890
12/9/2022,6,7,Wind,2612
10/21/2023,4,5,Wind,15028
1/13/2022,21,22,Wind,2744
4/14/2022,9,10,Solar,3105
12/17/2022,11,12,Solar,4980
3/24/2021,16,17,Solar,4636
5/2/2020,11,12,Wind,6581
12/1/2024,6,7,Wind,6233
5/1/2024,13,14,Solar,2109
8/17/2025,1,2,Wind,6275
8/14/2025,20,21,Wind,3217
3/22/2024,13,14,Solar,9292
1/23/2022,15,16,Wind,4906
7/17/2021,20,21,Wind,4193
4/18/2024,15,16,Solar,8691
3/16/2025,5,6,Wind,8043
6/3/2023,19,20,Wind,6867
10/1/2023,8,9,Wind,3076
3/3/2020,0,1,Wind,8062
12/24/2023,7,8,Wind,10496
8/30/2020,18,19,Wind,5983
3/21/2020,8,9,Wind,9057
4/21/2024,11,12,Wind,9379
6/23/2020,16,17,Solar,5312
1/16/2020,15,16,Wind,9452
2/4/2025,6,7,Wind,1898
11/18/2024,18,19,Wind,7907
8/13/2020,16,17,Wind,4487
5/30/2020,10,11,Solar,4549
10/7/2020,14,15,Wind,9167
1/12/2024,4,5,Wind,7100
7/20/2021,0,1,Wind,4396
7/27/2020,5,6,Wind,1993
2/25/2020,4,5,Wind,9680
12/26/2020,9,10,Wind,4439
3/1/2023,7,8,Wind,8245
1/12/2020,3,4,Wind,6168
3/1/2020,2,3,Wind,11159
8/5/2024,9,10,Solar,4467
4/20/2025,13,14,Wind,5047
6/19/2023,0,1,Wind,3239
4/4/2023,17,18,Solar,8449
4/7/2020,9,10,Wind,3285
7/3/2020,20,21,Wind,3960
11/5/2024,13,14,Solar,3483
12/23/2020,5,6,Wind,6298
7/19/2023,5,6,Wind,3409
3/5/2025,19,20,Wind,2296
8/22/2021,2,3,Wind,2553
1/10/2023,9,10,Wind,9254
6/7/2022,10,11,Wind,7361
4/13/2023,0,1,Wind,15942
9/30/2025,10,11,Solar,6200
2/13/2022,4,5,Wind,8137
5/16/2021,16,17,Wind,10089
3/12/2024,19,20,Wind,9585
12/4/2020,21,22,Wind,4653
5/20/2025,14,15,Solar,9517
7/7/2024,13,14,Solar,6607
11/10/2025,17,18,Wind,9236
1/10/2025,3,4,Wind,3557
12/2/2022,5,6,Wind,2030
6/18/2024,8,9,Wind,4254
6/23/2022,21,22,Wind,1852
7/30/2024,20,21,Wind,1840
3/23/2025,15,16,Solar,6790
6/18/2025,22,23,Wind,3593
7/23/2023,1,2,Wind,9214
11/11/2025,2,3,Wind,8003
10/9/2025,5,6,Wind,1741
12/6/2020,23,0,Wind,1167
5/30/2024,7,8,Wind,3829
9/14/2023,1,2,Wind,1081
2/2/2022,10,11,Wind,7376
3/24/2024,11,12,Wind,17071
3/15/2025,12,13,Wind,18157
12/5/2020,0,1,Wind,4182
7/10/2020,8,9,Wind,3593
1/1/2025,1,2,Wind,11555
9/26/2020,3,4,Wind,11640
6/19/2025,1,2,Wind,5227
7/14/2023,11,12,Solar,11405
6/3/2020,1,2,Wind,1600
9/13/2020,1,2,Wind,1217
10/31/2023,23,0,Wind,11732
8/15/2020,12,13,Solar,3531
8/5/2021,19,20,Wind,7755
6/26/2023,17,18,Wind,9078
1/20/2022,16,17,Wind,5071
2/4/2022,21,22,Wind,5616
7/31/2021,3,4,Wind,3988
7/12/2022,13,14,Solar,7082
10/9/2025,12,13,Solar,6196
7/1/2020,23,0,Wind,2533
3/17/2020,8,9,Wind,1299
10/27/2022,1,2,Wind,7360
8/28/2022,15,16,Solar,8156
4/18/2023,13,14,Wind,12059
6/3/2025,2,3,Wind,709
4/5/2021,21,22,Wind,5629
8/30/2022,2,3,Wind,4261
10/6/2023,18,19,Solar,1663
2/4/2023,19,20,Wind,3264
9/16/2025,22,23,Wind,3078
9/15/2025,7,8,Wind,15040
8/30/2024,7,8,Wind,3562
11/30/2022,17,18,Wind,3152
9/11/2023,18,19,Solar,2741
5/9/2020,12,13,Solar,3720
6/11/2020,9,10,Wind,3394
1/16/2022,12,13,Wind,5923
3/16/2022,17,18,Wind,3303
9/10/2022,8,9,Wind,5107
8/27/2022,16,17,Solar,6379
12/11/2020,10,11,Wind,8229
10/10/2024,17,18,Wind,6289
1/5/2025,7,8,Wind,17153
8/8/2022,21,22,Wind,6911
3/12/2025,17,18,Wind,3208
3/18/2024,1,2,Wind,1661
12/8/2024,7,8,Wind,17280
2/25/2020,1,2,Wind,10277
1/26/2025,17,18,Wind,18912
1/7/2021,9,10,Wind,1024
9/2/2022,13,14,Solar,5454
3/24/2021,10,11,Solar,4284
5/20/2022,8,9,Wind,4523
4/8/2025,10,11,Solar,7092
12/12/2022,21,22,Wind,6711
6/14/2021,1,2,Wind,3101
3/8/2022,5,6,Wind,7936
5/27/2023,22,23,Wind,5626
6/6/2020,15,16,Wind,9961
11/12/2025,19,20,Wind,14932
11/10/2025,3,4,Wind,6057
5/21/2023,18,19,Wind,6062
7/21/2024,2,3,Wind,2521
7/16/2023,20,21,Wind,3823
1/22/2024,4,5,Wind,16752
7/10/2023,11,12,Solar,7121
9/11/2021,7,8,Wind,1296
3/23/2021,14,15,Solar,4593
10/8/2021,13,14,Solar,8150
12/30/2022,10,11,Wind,16530
7/23/2021,12,13,Solar,6921
11/10/2025,18,19,Wind,9595
12/24/2021,0,1,Wind,6282
1/31/2022,20,21,Wind,9761
4/11/2021,11,12,Wind,7431
5/16/2020,5,6,Wind,2418
6/4/2024,12,13,Solar,8364
7/23/2020,5,6,Wind,1355
10/18/2021,3,4,Wind,2790
4/18/2025,2,3,Wind,3426
10/18/2025,6,7,Wind,5494
10/25/2020,21,22,Wind,5910
1/14/2020,8,9,Wind,11793
11/16/2024,3,4,Wind,1232
6/10/2020,14,15,Solar,3223
2/28/2025,8,9,Wind,5330
10/8/2022,14,15,Solar,4646
4/22/2024,4,5,Wind,7344
9/17/2023,17,18,Wind,4590
10/3/2023,12,13,Wind,13904
4/1/2024,2,3,Wind,4891
5/16/2022,21,22,Wind,424
1/11/2022,17,18,Wind,2445
12/13/2022,5,6,Wind,6467
4/27/2023,21,22,Wind,2165
6/8/2021,9,10,Solar,3273
9/6/2023,15,16,Solar,7057
11/29/2023,18,19,Wind,2218
1/6/2022,1,2,Wind,3650
6/28/2023,8,9,Solar,2916
3/27/2020,0,1,Wind,4356
11/7/2025,6,7,Wind,3964
7/15/2022,7,8,Wind,3574
8/10/2023,6,7,Wind,2946
2/13/2021,7,8,Wind,7561
4/1/2022,12,13,Wind,14246
7/26/2020,23,0,Wind,530
12/25/2021,19,20,Wind,1101
7/22/2025,11,12,Wind,14046
2/19/2023,0,1,Wind,7878
2/14/2020,13,14,Wind,6198
2/28/2024,16,17,Wind,5921
9/14/2024,1,2,Wind,4164
8/12/2024,19,20,Wind,3908
5/8/2024,23,0,Wind,4184
1/3/2024,14,15,Wind,18961
4/27/2024,2,3,Wind,5177
10/31/2024,7,8,Wind,1685
3/19/2021,3,4,Wind,4444
9/18/2022,18,19,Wind,6549
11/12/2023,0,1,Wind,5158
8/25/2021,15,16,Solar,8792
9/10/2021,8,9,Wind,1740
9/6/2021,21,22,Wind,3300
1/9/2020,22,23,Wind,10383
2/24/2025,3,4,Wind,12980
4/6/2023,22,23,Wind,4182
3/20/2024,14,15,Solar,6673
12/31/2022,22,23,Wind,15900
7/9/2025,21,22,Wind,2022
5/21/2020,15,16,Solar,4062
3/14/2025,12,13,Solar,7573
3/27/2025,6,7,Wind,3489
6/18/2022,4,5,Wind,1622
3/21/2025,2,3,Wind,8367
8/13/2023,19,20,Wind,2341
5/31/2024,21,22,Wind,7156
7/20/2024,8,9,Solar,2433
8/19/2020,3,4,Wind,1249
12/29/2023,4,5,Wind,7976
10/4/2025,18,19,Wind,17970
4/16/2020,13,14,Solar,4941
10/15/2023,22,23,Wind,5465
10/11/2020,17,18,Wind,5790
3/22/2025,19,20,Wind,5236
1/28/2022,12,13,Solar,3617
12/1/2020,10,11,Wind,7463
7/27/2024,18,19,Solar,4275
4/8/2022,12,13,Wind,10289
4/16/2020,15,16,Solar,4522
7/1/2020,3,4,Wind,3456
2/15/2020,14,15,Wind,11757
2/21/2022,9,10,Wind,16480
7/15/2021,20,21,Wind,6291
9/14/2023,11,12,Solar,5959
1/22/2021,14,15,Wind,4051
8/6/2022,0,1,Wind,6112
10/8/2024,19,20,Wind,12375
8/28/2020,3,4,Wind,5280
6/17/2023,7,8,Wind,1948
4/17/2022,21,22,Wind,4942
9/29/2021,12,13,Wind,11266
8/23/2025,11,12,Solar,9418
6/5/2022,1,2,Wind,2746
6/10/2023,14,15,Solar,7438
5/18/2023,11,12,Solar,9274
5/22/2021,19,20,Wind,8330
11/5/2025,7,8,Wind,12786
4/19/2025,5,6,Wind,9130
8/5/2023,21,22,Wind,13422
1/15/2023,7,8,Wind,13898
9/2/2024,16,17,Solar,6067
10/13/2020,12,13,Wind,6309
3/13/2021,3,4,Wind,14679
12/21/2023,19,20,Wind,17093
3/16/2022,20,21,Wind,3962
12/13/2024,1,2,Wind,3103
6/9/2025,7,8,Wind,2787
7/25/2023,1,2,Wind,4012
6/3/2023,18,19,Wind,8003
4/12/2022,17,18,Wind,6306
4/13/2022,4,5,Wind,1464
9/6/2024,7,8,Wind,2663
2/5/2023,1,2,Wind,3367
11/2/2020,0,1,Wind,11810
4/24/2022,2,3,Wind,2934
1/25/2025,17,18,Wind,6511
7/14/2024,16,17,Solar,3373
10/15/2021,23,0,Wind,1645
1/4/2022,7,8,Wind,6799
2/24/2023,5,6,Wind,5363
8/14/2024,20,21,Wind,2686
11/25/2022,5,6,Wind,5565
2/28/2023,14,15,Wind,11195
3/21/2024,7,8,Wind,2270
5/14/2024,3,4,Wind,8092
5/15/2021,2,3,Wind,3642
9/13/2021,13,14,Solar,5283
10/24/2022,9,10,Wind,11819
1/26/2020,15,16,Wind,4988
8/22/2023,16,17,Solar,6149
7/18/2024,8,9,Solar,3453
3/3/2022,11,12,Solar,3772
10/21/2020,19,20,Wind,8973
12/17/2023,14,15,Solar,4328
9/10/2024,1,2,Wind,4540
3/14/2022,17,18,Wind,3691
5/31/2020,15,16,Wind,6989
11/3/2022,9,10,Wind,10474
5/18/2025,9,10,Solar,3458
1/14/2025,20,21,Wind,2670
10/31/2022,20,21,Wind,13509
10/7/2025,1,2,Wind,1898
1/5/2025,12,13,Wind,20680
8/23/2025,0,1,Wind,2772
7/14/2021,14,15,Wind,8932
3/25/2024,17,18,Wind,9173
7/26/2025,8,9,Solar,4051
1/22/2022,19,20,Wind,2264
4/20/2022,11,12,Wind,5094
12/2/2024,11,12,Wind,9335
10/18/2020,17,18,Solar,1502
7/5/2021,18,19,Wind,6285
11/9/2025,20,21,Wind,5514
11/4/2020,3,4,Wind,1211
9/7/2024,15,16,Solar,7796
9/3/2025,5,6,Wind,13257
4/2/2022,8,9,Wind,9226
12/3/2020,5,6,Wind,3827
8/24/2023,3,4,Wind,3962
8/17/2021,0,1,Wind,2610
11/16/2024,9,10,Solar,2912
4/1/2021,4,5,Wind,1834
11/23/2022,21,22,Wind,12873
5/16/2025,14,15,Solar,7183
10/5/2020,15,16,Wind,11437
8/13/2024,3,4,Wind,1829
6/2/2025,15,16,Solar,6129
8/15/2023,10,11,Solar,4416
2/20/2024,18,19,Wind,4698
9/15/2020,20,21,Wind,712
11/11/2020,20,21,Wind,6616
3/18/2025,18,19,Wind,7642
12/23/2021,21,22,Wind,7381
9/18/2024,15,16,Wind,17208
10/30/2020,17,18,Wind,2508
11/4/2020,23,0,Wind,5057
3/3/2024,16,17,Wind,8285
9/19/2024,10,11,Wind,11587
7/1/2023,12,13,Wind,13190
4/14/2023,17,18,Wind,10666
4/11/2023,22,23,Wind,9557
8/12/2021,1,2,Wind,775
11/17/2022,5,6,Wind,14680
2/27/2025,2,3,Wind,6729
12/14/2023,7,8,Wind,6180
6/29/2025,2,3,Wind,3408
12/27/2023,13,14,Wind,13569
11/2/2021,20,21,Wind,2387
3/26/2024,17,18,Wind,6278
5/14/2021,14,15,Wind,8638
1/30/2021,23,0,Wind,5747
4/6/2022,9,10,Wind,6413
9/12/2020,15,16,Solar,4019
5/11/2022,15,16,Wind,14702
7/25/2021,4,5,Wind,2973
5/17/2020,15,16,Solar,4763
10/20/2020,19,20,Wind,9273
2/19/2021,10,11,Wind,7187
3/30/2023,5,6,Wind,12181
12/3/2021,19,20,Wind,11017
12/20/2024,7,8,Wind,5945
10/16/2020,2,3,Wind,3270
3/10/2022,19,20,Wind,5026
6/11/2023,7,8,Wind,2091
1/6/2022,7,8,Wind,1757
5/3/2021,20,21,Wind,7174
1/9/2022,17,18,Wind,2769
6/8/2024,0,1,Wind,2151
2/2/2020,13,14,Wind,14039
10/23/2023,16,17,Wind,7158
4/11/2022,17,18,Wind,9590
10/3/2025,0,1,Wind,5755
5/12/2021,10,11,Solar,3771
2/28/2025,18,19,Wind,5042
12/25/2020,11,12,Wind,7509
11/17/2024,21,22,Wind,7468
2/24/2025,8,9,Wind,14397
11/8/2024,22,23,Wind,1968
1/3/2022,11,12,Wind,11738
9/29/2020,13,14,Solar,3865
2/9/2025,18,19,Wind,2185
5/27/2023,10,11,Solar,7640
8/21/2025,7,8,Wind,4895
3/1/2024,12,13,Wind,20147
5/6/2024,21,22,Wind,3012
7/24/2022,21,22,Wind,1249
4/13/2021,15,16,Solar,6490
2/16/2021,0,1,Wind,8239
1/17/2021,23,0,Wind,1970
8/5/2020,12,13,Solar,5956
4/25/2020,2,3,Wind,1985
8/3/2022,20,21,Wind,1377
6/2/2024,20,21,Wind,5203
7/31/2021,19,20,Wind,3422
5/30/2025,23,0,Wind,723
8/6/2020,21,22,Wind,1097
2/3/2020,19,20,Wind,8364
7/5/2021,2,3,Wind,2855
11/13/2023,1,2,Wind,10765
4/25/2021,19,20,Wind,10641
6/13/2022,15,16,Solar,6892
10/1/2024,22,23,Wind,4307
11/20/2022,11,12,Wind,10338
10/18/2023,15,16,Wind,14086
12/8/2022,14,15,Wind,2332
4/29/2020,0,1,Wind,5086
6/20/2024,13,14,Solar,5795
1/19/2023,19,20,Wind,1543
12/28/2023,13,14,Wind,14986
8/29/2021,5,6,Wind,3720
4/2/2020,5,6,Wind,2140
1/27/2023,10,11,Wind,9971
9/21/2022,13,14,Solar,7932
5/19/2021,3,4,Wind,3344
3/2/2023,0,1,Wind,6014
6/18/2023,22,23,Wind,3041
1/9/2025,22,23,Wind,5680
8/17/2024,21,22,Wind,2070
9/10/2022,12,13,Solar,8236
2/26/2020,16,17,Wind,10498
2/20/2021,1,2,Wind,9818
2/19/2022,8,9,Wind,7656
7/17/2025,0,1,Wind,2450
3/23/2021,4,5,Wind,2358
12/30/2023,4,5,Wind,6693
9/19/2022,4,5,Wind,2657
9/25/2021,6,7,Wind,1515
12/11/2024,17,18,Wind,5393
10/2/2023,10,11,Solar,6591
5/13/2020,8,9,Wind,3774
8/8/2021,6,7,Wind,4801
5/27/2021,16,17,Solar,4604
7/29/2022,19,20,Wind,3328
6/17/2021,9,10,Wind,4251
1/19/2020,15,16,Wind,7762
5/3/2020,2,3,Wind,1962
7/18/2022,2,3,Wind,4269
2/27/2023,15,16,Wind,17189
6/29/2021,14,15,Solar,5099
4/26/2021,17,18,Wind,7804
8/27/2022,15,16,Solar,6796
5/8/2021,21,22,Wind,4633
2/17/2020,11,12,Wind,10602
1/8/2021,10,11,Solar,2237
1/24/2024,16,17,Wind,9888
8/30/2022,18,19,Wind,4057
9/7/2025,15,16,Wind,6717
9/29/2020,1,2,Wind,2913
2/10/2025,19,20,Wind,7495
4/17/2023,17,18,Wind,9490
2/12/2023,13,14,Solar,7152
11/5/2024,4,5,Wind,1782
8/27/2020,8,9,Wind,1640
8/24/2023,2,3,Wind,3544
1/17/2024,23,0,Wind,6515
6/3/2024,22,23,Wind,1518
12/22/2024,6,7,Wind,18720
1/5/2022,13,14,Wind,8218
4/2/2024,16,17,Wind,17187
9/23/2021,6,7,Wind,875
3/10/2022,6,7,Wind,5273
8/26/2021,21,22,Wind,3800
8/20/2024,3,4,Wind,3140
7/26/2024,19,20,Solar,1921
3/31/2023,2,3,Wind,13344
1/1/2024,15,16,Wind,10647
7/30/2024,9,10,Solar,3831
11/4/2020,2,3,Wind,1455
10/14/2024,17,18,Wind,3442
7/8/2024,16,17,Solar,8135
5/4/2024,1,2,Wind,2119
10/30/2024,4,5,Wind,1619
5/7/2024,13,14,Solar,7669
12/17/2021,16,17,Wind,7485
5/24/2023,14,15,Solar,10887
3/2/2020,3,4,Wind,8417
6/13/2023,15,16,Solar,7512
1/4/2024,5,6,Wind,12801
4/4/2020,7,8,Wind,2191
5/12/2022,12,13,Solar,5347
12/12/2021,19,20,Wind,2214
5/28/2021,19,20,Wind,2203
3/20/2023,13,14,Solar,8504
12/20/2021,21,22,Wind,3557
10/25/2024,18,19,Wind,2454
3/27/2020,2,3,Wind,3931
9/27/2023,13,14,Solar,9002
4/28/2024,15,16,Wind,6242
3/23/2023,15,16,Wind,14398
2/29/2024,19,20,Wind,9005
11/4/2022,16,17,Wind,7669
11/7/2022,1,2,Wind,11058
2/7/2024,11,12,Wind,18893
8/24/2021,15,16,Wind,12263
5/18/2023,9,10,Solar,5389
6/6/2021,13,14,Solar,5083
6/30/2020,3,4,Wind,3703
4/28/2024,13,14,Wind,8313
7/8/2025,1,2,Wind,5785
1/22/2022,9,10,Wind,3158
2/19/2023,7,8,Wind,5231
12/11/2023,9,10,Wind,11153
5/6/2021,14,15,Wind,8716
12/5/2023,0,1,Wind,13700
2/12/2024,5,6,Wind,2855
9/8/2021,13,14,Solar,6584
11/9/2020,15,16,Solar,1907
12/8/2022,4,5,Wind,1166
3/10/2025,13,14,Solar,6791
12/13/2023,14,15,Wind,8532
5/27/2025,15,16,Wind,17654
4/13/2022,14,15,Solar,3867
6/18/2025,18,19,Solar,5958
2/9/2021,2,3,Wind,1952
4/29/2022,9,10,Solar,3831
10/12/2024,22,23,Wind,8585
10/18/2021,5,6,Wind,2579
9/7/2024,21,22,Wind,2868
1/20/2022,10,11,Wind,4194
11/19/2020,14,15,Wind,10538
7/20/2022,20,21,Wind,2405
4/1/2021,7,8,Wind,1582
5/29/2023,13,14,Wind,9306
11/23/2022,15,16,Wind,13467
4/27/2023,6,7,Wind,1176
11/9/2022,15,16,Wind,5900
2/7/2025,4,5,Wind,9740
10/18/2024,4,5,Wind,4866
11/5/2020,14,15,Wind,6940
5/21/2020,8,9,Solar,2055
3/22/2022,5,6,Wind,4886
9/16/2021,21,22,Wind,906
12/24/2020,20,21,Wind,7831
7/10/2021,0,1,Wind,379
8/20/2024,23,0,Wind,6805
6/21/2025,17,18,Solar,7529
8/6/2025,3,4,Wind,3434
11/6/2020,12,13,Wind,6464
7/16/2023,14,15,Wind,7593
5/18/2022,14,15,Solar,6720
1/8/2023,2,3,Wind,11721
3/30/2024,14,15,Solar,7526
10/18/2021,0,1,Wind,2820
7/8/2020,20,21,Wind,2203
10/5/2023,14,15,Solar,6346
3/23/2021,16,17,Solar,3052
2/17/2020,17,18,Wind,11573
9/11/2020,21,22,Wind,1314
7/19/2021,3,4,Wind,5409
9/3/2025,2,3,Wind,12286
6/28/2020,9,10,Wind,5735
9/17/2021,23,0,Wind,1343
6/16/2025,19,20,Solar,4517
9/13/2022,2,3,Wind,3228
5/15/2020,20,21,Wind,2935
8/21/2020,20,21,Wind,5601
6/17/2024,8,9,Solar,3486
7/28/2021,19,20,Wind,6698
4/30/2024,13,14,Solar,8266
5/3/2021,10,11,Solar,4825
3/14/2025,4,5,Wind,2137
7/29/2022,11,12,Solar,3671
3/16/2021,12,13,Solar,5925
2/7/2023,9,10,Wind,8298
7/17/2023,22,23,Wind,1038
10/26/2022,22,23,Wind,4973
5/23/2024,19,20,Wind,2689
5/12/2025,23,0,Wind,825
12/5/2023,21,22,Wind,5302
10/5/2021,18,19,Wind,10096
10/29/2021,21,22,Wind,5926
11/18/2023,6,7,Wind,7178
4/26/2023,4,5,Wind,2655
7/6/2023,18,19,Solar,3226
10/2/2023,13,14,Solar,8583
1/6/2021,22,23,Wind,371
1/14/2025,22,23,Wind,2833
7/15/2023,7,8,Wind,5551
8/17/2023,12,13,Solar,7272
2/21/2022,17,18,Wind,15570
5/13/2024,22,23,Wind,5290
11/6/2021,16,17,Wind,4197
3/1/2020,11,12,Wind,10864
10/13/2023,16,17,Wind,17019
5/6/2020,3,4,Wind,2718
9/1/2025,19,20,Wind,7012
8/20/2023,14,15,Solar,7085
9/14/2023,15,16,Solar,5692
6/21/2020,17,18,Wind,6851
7/27/2020,22,23,Wind,5466
3/15/2025,18,19,Wind,12717
10/7/2024,8,9,Wind,4294
6/18/2020,22,23,Wind,1687
6/7/2021,20,21,Wind,1525
7/27/2024,19,20,Wind,3232
2/10/2021,20,21,Wind,4483
10/31/2022,22,23,Wind,13015
6/6/2021,3,4,Wind,1614
10/6/2023,12,13,Solar,7291
11/10/2024,13,14,Solar,4343
7/18/2024,1,2,Wind,2860
3/4/2020,13,14,Wind,5225
5/14/2023,14,15,Solar,7991
8/5/2025,20,21,Wind,6131
3/4/2020,15,16,Wind,5318
12/12/2021,5,6,Wind,5381
6/12/2025,13,14,Solar,5805
11/1/2023,21,22,Wind,15733
7/5/2020,16,17,Wind,10512
9/15/2020,2,3,Wind,3252
3/21/2024,19,20,Wind,1036
5/7/2024,17,18,Wind,8262
5/22/2024,17,18,Wind,9405
2/14/2020,23,0,Wind,5138
12/24/2022,17,18,Wind,2751
10/7/2025,22,23,Wind,1677
10/28/2020,8,9,Wind,8802
5/8/2025,16,17,Wind,5244
1/3/2024,9,10,Wind,17323
2/27/2025,13,14,Solar,10685
10/29/2021,7,8,Wind,12383
4/11/2024,11,12,Solar,7702
10/19/2022,7,8,Wind,6244
1/22/2023,19,20,Wind,3763
10/20/2023,19,20,Wind,8146
4/7/2020,1,2,Wind,1315
9/8/2025,7,8,Wind,1764
12/7/2024,1,2,Wind,16535
3/30/2022,19,20,Wind,2387
3/14/2023,15,16,Wind,17335
1/30/2022,9,10,Wind,2318
9/22/2020,4,5,Wind,656
9/18/2022,10,11,Solar,5842
12/13/2021,10,11,Wind,3027
9/27/2021,6,7,Wind,5252
12/14/2020,14,15,Wind,5542
6/8/2020,0,1,Wind,1568
3/12/2020,9,10,Wind,6938
8/11/2022,3,4,Wind,4884
8/12/2021,19,20,Wind,1594
8/21/2025,23,0,Wind,7238
9/2/2023,9,10,Solar,3427
3/31/2025,18,19,Wind,9307
3/25/2021,20,21,Wind,1393
7/14/2024,22,23,Wind,234
6/17/2025,2,3,Wind,3339
10/12/2025,6,7,Wind,4897
7/9/2025,8,9,Solar,3947
1/14/2025,18,19,Wind,2331
11/15/2024,15,16,Solar,3540
6/1/2022,6,7,Wind,1230
2/6/2020,10,11,Wind,4586
12/28/2023,1,2,Wind,14612
11/6/2025,7,8,Wind,6940
7/2/2021,1,2,Wind,452
5/14/2025,19,20,Wind,6224
3/8/2020,13,14,Wind,13077
10/20/2021,15,16,Wind,14187
11/26/2023,20,21,Wind,4145
7/1/2025,23,0,Wind,1429
6/11/2021,22,23,Wind,2462
3/22/2022,6,7,Wind,5181
2/16/2025,7,8,Wind,4139
8/12/2022,7,8,Wind,3743
2/24/2024,1,2,Wind,6654
12/14/2022,14,15,Wind,2957
12/6/2023,16,17,Wind,1200
11/15/2022,22,23,Wind,7875
1/1/2020,5,6,Wind,2583
11/4/2022,0,1,Wind,11338
10/25/2025,15,16,Wind,10952
8/13/2020,19,20,Wind,3179
11/21/2020,6,7,Wind,3730
4/18/2021,15,16,Solar,5234
8/29/2021,3,4,Wind,4161
3/18/2023,19,20,Wind,4438
8/18/2024,5,6,Wind,2958
5/7/2024,22,23,Wind,6142
3/6/2023,19,20,Wind,4691
9/25/2023,9,10,Solar,3795
3/7/2025,17,18,Wind,7140
10/25/2024,5,6,Wind,6675
3/17/2025,1,2,Wind,5359
2/10/2020,19,20,Wind,13358
7/20/2025,6,7,Wind,4691
5/7/2022,9,10,Solar,4358
1/27/2020,17,18,Wind,10613
8/18/2021,9,10,Wind,3248
5/6/2025,8,9,Wind,10341
4/6/2025,17,18,Wind,7024
6/3/2021,6,7,Wind,1393
4/1/2020,7,8,Wind,4487
6/9/2021,11,12,Solar,4793
2/27/2021,11,12,Wind,9547
6/11/2021,3,4,Wind,1695
7/20/2020,19,20,Wind,3848
7/24/2023,18,19,Wind,8827
11/3/2021,10,11,Wind,4190
8/1/2021,6,7,Wind,2441
5/28/2022,14,15,Solar,9122
2/1/2020,6,7,Wind,9469
6/8/2022,16,17,Wind,10624
3/3/2022,10,11,Solar,3225
9/22/2024,13,14,Solar,6083
10/12/2021,20,21,Wind,3650
9/13/2025,22,23,Wind,5554
7/14/2023,2,3,Wind,581
4/9/2024,12,13,Wind,11915
12/5/2024,20,21,Wind,17976
4/21/2021,2,3,Wind,1616
1/16/2025,23,0,Wind,2345
12/8/2020,18,19,Wind,2212
3/26/2022,17,18,Wind,10043
7/23/2021,11,12,Solar,5978
11/3/2025,10,11,Wind,13111
4/25/2024,8,9,Solar,2357
4/10/2021,12,13,Wind,6964
7/24/2022,19,20,Solar,2688
1/12/2025,0,1,Wind,2585
4/16/2022,9,10,Wind,5902
2/27/2020,10,11,Wind,12009
3/9/2023,20,21,Wind,15730
6/25/2024,17,18,Solar,6800
9/30/2020,14,15,Solar,5818
4/26/2021,20,21,Wind,6076
1/18/2020,11,12,Solar,2605
5/13/2021,1,2,Wind,4692
9/21/2022,11,12,Solar,6822
8/20/2021,4,5,Wind,574
4/20/2020,23,0,Wind,6167
9/10/2022,18,19,Wind,4177
1/5/2021,16,17,Wind,2286
4/6/2024,6,7,Wind,15154
6/17/2020,8,9,Solar,1753
2/12/2025,9,10,Wind,2912
5/13/2024,16,17,Wind,9902
3/5/2022,17,18,Wind,3455
12/21/2023,4,5,Wind,14664
12/16/2021,2,3,Wind,1840
6/23/2022,19,20,Wind,2674
8/2/2024,10,11,Solar,5318
11/20/2025,11,12,Wind,8944
8/8/2021,3,4,Wind,5418
7/27/2025,12,13,Solar,9402
4/12/2021,7,8,Wind,2245
7/19/2024,20,21,Wind,1374
7/13/2020,6,7,Wind,2533
5/26/2021,11,12,Wind,10272
6/21/2021,8,9,Solar,2304
5/11/2021,15,16,Wind,9067
3/27/2023,8,9,Wind,4438
12/5/2021,21,22,Wind,5276
2/19/2023,4,5,Wind,6753
9/11/2025,11,12,Wind,10031
6/7/2025,1,2,Wind,4703
6/20/2025,18,19,Solar,6558
1/18/2023,8,9,Wind,2888
7/8/2020,22,23,Wind,1663
8/20/2025,10,11,Wind,6404
5/3/2022,22,23,Wind,4148
12/8/2020,5,6,Wind,2811
5/31/2021,20,21,Wind,2789
3/3/2025,12,13,Solar,8930
4/14/2023,1,2,Wind,4347
1/21/2023,2,3,Wind,6469
9/1/2025,8,9,Wind,5494
6/8/2025,11,12,Wind,7795
12/31/2020,13,14,Wind,3731
9/21/2020,2,3,Wind,957
10/11/2022,1,2,Wind,2725
4/13/2024,14,15,Solar,5819
1/9/2022,18,19,Wind,2514
9/21/2022,8,9,Wind,3534
12/20/2023,22,23,Wind,13356
5/20/2020,11,12,Solar,5051
2/2/2022,13,14,Wind,6945
9/14/2023,23,0,Wind,2957
6/9/2020,22,23,Wind,2282
1/23/2025,22,23,Wind,16552
3/20/2022,5,6,Wind,4903
2/25/2024,17,18,Wind,12663
5/11/2020,10,11,Wind,13109
6/1/2021,19,20,Wind,3503
5/2/2025,16,17,Solar,6832
2/15/2022,3,4,Wind,6513
4/30/2024,16,17,Wind,7538
2/3/2024,9,10,Wind,5679
2/1/2021,0,1,Wind,5558
4/13/2024,18,19,Wind,5279
2/5/2022,20,21,Wind,11251
9/14/2024,22,23,Wind,3668
7/3/2025,20,21,Wind,4625
6/19/2024,13,14,Solar,10412
4/1/2021,11,12,Solar,4493
2/16/2020,8,9,Wind,13173
11/23/2022,13,14,Wind,14560
12/14/2021,19,20,Wind,1076
6/10/2022,17,18,Solar,5982
12/14/2020,7,8,Wind,8383
9/18/2020,23,0,Wind,6257
10/16/2023,22,23,Wind,9324
1/24/2022,8,9,Wind,2904
11/9/2025,1,2,Wind,2757
7/8/2021,19,20,Wind,3381
9/5/2023,17,18,Solar,4376
9/4/2023,2,3,Wind,6664
10/25/2020,3,4,Wind,8774
10/12/2024,3,4,Wind,5922
8/19/2022,9,10,Wind,4538
2/20/2023,3,4,Wind,3597
3/16/2023,22,23,Wind,9796
10/13/2020,3,4,Wind,2681
12/29/2022,17,18,Wind,8061
10/18/2021,14,15,Solar,6211
9/22/2020,19,20,Wind,1547
5/30/2024,18,19,Wind,10511
9/27/2024,16,17,Wind,16679
5/8/2020,10,11,Solar,3886
4/20/2023,20,21,Wind,3576
1/28/2020,19,20,Wind,10885
9/7/2021,11,12,Solar,5979
11/5/2022,1,2,Wind,3401
11/15/2024,13,14,Solar,5787
7/30/2020,22,23,Wind,3313
12/31/2023,10,11,Wind,17780
10/14/2021,15,16,Solar,4987
4/19/2020,22,23,Wind,5118
6/15/2025,23,0,Wind,3582
4/22/2024,14,15,Wind,11734
10/19/2024,7,8,Wind,6132
9/19/2021,12,13,Solar,5708
7/6/2023,0,1,Wind,1585
3/24/2022,13,14,Solar,7325
2/8/2022,5,6,Wind,5067
4/30/2022,18,19,Wind,6254
1/23/2021,6,7,Wind,5933
5/12/2020,15,16,Wind,4798
12/15/2023,4,5,Wind,2182
6/24/2020,23,0,Wind,4257
1/19/2024,5,6,Wind,2131
2/27/2023,14,15,Wind,17507
10/14/2021,18,19,Wind,1141
10/23/2022,19,20,Wind,13214
5/4/2022,17,18,Solar,4880
1/9/2024,8,9,Wind,4741
5/28/2024,21,22,Wind,6368
3/8/2020,8,9,Wind,10279
11/8/2023,18,19,Wind,15013
6/2/2021,0,1,Wind,4686
4/4/2020,17,18,Solar,4921
10/19/2025,19,20,Wind,13245
7/27/2025,14,15,Solar,10845
8/29/2020,6,7,Wind,2556
11/2/2020,2,3,Wind,9866
9/27/2023,16,17,Wind,7477
4/28/2021,21,22,Wind,2726
9/24/2021,15,16,Solar,4648
3/1/2023,23,0,Wind,6356
11/14/2020,21,22,Wind,11431
5/6/2024,12,13,Wind,10252
1/31/2024,16,17,Wind,4068
6/14/2025,6,7,Wind,4668
5/7/2025,12,13,Solar,12050
1/14/2022,0,1,Wind,1886
1/8/2020,20,21,Wind,3570
3/30/2023,11,12,Wind,16592
2/15/2020,18,19,Wind,10840
11/19/2020,3,4,Wind,7402
7/15/2024,3,4,Wind,1018
6/29/2021,3,4,Wind,1413
5/7/2023,12,13,Solar,5158
12/24/2021,5,6,Wind,3828
8/10/2023,19,20,Wind,2896
12/9/2023,21,22,Wind,17347
10/25/2024,9,10,Wind,6873
5/19/2023,11,12,Solar,9922
5/9/2023,7,8,Wind,3455
7/22/2025,10,11,Wind,12822
8/17/2024,5,6,Wind,959
8/28/2020,15,16,Wind,8945
6/17/2022,13,14,Solar,6896
8/24/2024,19,20,Wind,11968
2/28/2022,21,22,Wind,3601
8/16/2020,6,7,Wind,1051
3/17/2020,16,17,Solar,1386
2/26/2022,16,17,Wind,9743
3/10/2024,19,20,Wind,1206
7/30/2023,23,0,Wind,6190
5/13/2020,5,6,Wind,3497
5/22/2021,23,0,Wind,5622
9/15/2025,16,17,Wind,19726
3/16/2020,0,1,Wind,3730
2/3/2021,0,1,Wind,9917
8/4/2023,3,4,Wind,3506
4/21/2024,0,1,Wind,6083
7/26/2024,18,19,Solar,3540
3/1/2022,5,6,Wind,2197
2/1/2025,3,4,Wind,3886
3/5/2022,22,23,Wind,3920
3/7/2025,2,3,Wind,10758
5/26/2021,18,19,Wind,6871
2/6/2020,15,16,Wind,4548
5/6/2023,18,19,Solar,3038
4/4/2023,16,17,Solar,9871
2/7/2022,5,6,Wind,8402
6/8/2022,10,11,Wind,6298
3/11/2024,9,10,Wind,5930
8/23/2022,19,20,Solar,1289
12/27/2023,3,4,Wind,5749
12/6/2022,4,5,Wind,1801
3/26/2023,7,8,Wind,12981
8/9/2024,21,22,Wind,2922
5/15/2021,12,13,Wind,9486
6/13/2020,7,8,Wind,2983
2/8/2021,18,19,Wind,1902
10/15/2021,11,12,Solar,3697
8/11/2021,16,17,Solar,4361
11/5/2020,9,10,Wind,5561
3/16/2022,1,2,Wind,4279
7/7/2025,22,23,Wind,5163
6/5/2020,0,1,Wind,3037
3/31/2020,16,17,Wind,10618
10/2/2021,17,18,Wind,14644
10/26/2023,16,17,Wind,5372
6/3/2021,18,19,Solar,2461
5/2/2025,21,22,Wind,3539
3/10/2020,13,14,Wind,13780
3/29/2024,23,0,Wind,4484
3/18/2022,21,22,Wind,12762
6/16/2024,13,14,Wind,7684
7/19/2022,23,0,Wind,4391
8/29/2023,1,2,Wind,2830
8/12/2021,11,12,Solar,3716
9/19/2021,6,7,Wind,3293
2/25/2025,20,21,Wind,12355
6/7/2022,17,18,Wind,9632
12/24/2024,3,4,Wind,4314
8/22/2020,5,6,Wind,4604
2/20/2020,15,16,Wind,13318
7/22/2020,7,8,Wind,3198
5/10/2021,0,1,Wind,7648
10/8/2025,23,0,Wind,2888
2/3/2020,2,3,Wind,8226
8/11/2025,9,10,Solar,7246
7/27/2020,13,14,Wind,10637
6/3/2022,14,15,Solar,6134
7/4/2020,15,16,Wind,11845
3/12/2023,13,14,Wind,14411
10/26/2022,23,0,Wind,5784
4/23/2023,9,10,Wind,9294
12/13/2022,10,11,Wind,5269
8/17/2024,4,5,Wind,933
12/26/2020,8,9,Wind,3608
10/13/2022,5,6,Wind,1953
12/17/2024,14,15,Wind,6334
8/16/2022,17,18,Solar,4080
4/13/2023,6,7,Wind,12205
6/5/2020,8,9,Wind,7461
11/9/2020,3,4,Wind,2760
10/30/2022,10,11,Wind,6743
3/9/2020,0,1,Wind,7221
10/16/2024,21,22,Wind,10591
1/4/2024,15,16,Wind,10726
6/9/2025,13,14,Solar,4720
2/10/2025,17,18,Wind,6467
9/27/2023,10,11,Solar,6335
1/30/2023,18,19,Wind,3413
12/25/2024,12,13,Solar,3747
6/2/2025,19,20,Solar,2082
2/25/2024,6,7,Wind,7996
10/27/2023,7,8,Wind,9657
3/8/2022,13,14,Wind,7966
4/28/2022,3,4,Wind,6583
6/15/2022,19,20,Mixed,2740
11/6/2022,6,7,Wind,7611
12/8/2020,19,20,Wind,2324
11/5/2024,19,20,Wind,92
4/19/2024,8,9,Wind,10957
2/9/2023,1,2,Wind,2066
2/16/2023,23,0,Wind,8146
5/11/2024,16,17,Solar,5088
9/22/2021,14,15,Solar,5574
3/7/2023,10,11,Wind,9191
2/21/2025,13,14,Wind,17404
7/7/2025,10,11,Wind,11558
2/28/2021,17,18,Wind,6366
1/30/2022,4,5,Wind,3488
8/6/2020,11,12,Solar,3774
3/22/2020,7,8,Wind,8145
8/14/2020,4,5,Wind,1980
2/10/2023,11,12,Solar,5701
8/3/2023,9,10,Wind,12177
11/1/2022,5,6,Wind,11194
8/4/2022,3,4,Wind,1485
2/16/2020,12,13,Wind,14770
5/6/2021,21,22,Wind,3395
11/19/2021,15,16,Solar,2342
5/25/2025,14,15,Wind,9722
6/30/2025,11,12,Solar,8559
3/10/2020,0,1,Wind,10722
6/12/2020,1,2,Wind,3732
3/23/2021,5,6,Wind,2492
2/2/2024,7,8,Wind,5907
8/25/2021,16,17,Wind,7958
6/12/2021,0,1,Wind,2420
4/23/2024,15,16,Solar,9574
4/3/2022,8,9,Wind,3962
7/9/2025,17,18,Solar,8021
8/16/2024,11,12,Solar,8075
7/15/2022,14,15,Solar,7804
11/26/2023,21,22,Wind,4604
3/22/2024,11,12,Solar,8597
6/26/2024,16,17,Solar,6730
4/12/2021,12,13,Solar,6289
5/31/2024,4,5,Wind,5482
11/9/2021,21,22,Wind,1245
6/3/2021,8,9,Solar,2139
3/29/2021,19,20,Wind,1341
5/12/2022,20,21,Wind,2077
12/27/2024,0,1,Wind,2623
9/26/2023,3,4,Wind,1920
10/15/2023,11,12,Solar,7452
6/30/2020,10,11,Wind,6947
4/4/2023,21,22,Wind,4292
12/17/2021,23,0,Wind,6932
5/20/2024,9,10,Solar,3815
10/15/2025,16,17,Wind,9409
1/8/2021,5,6,Wind,1142
8/2/2025,9,10,Solar,7926
6/3/2024,21,22,Wind,1553
12/10/2020,7,8,Wind,4634
6/13/2021,19,20,Wind,2719
11/30/2020,2,3,Wind,1450
3/15/2025,0,1,Wind,9350
2/18/2024,17,18,Wind,9517
2/19/2020,14,15,Wind,8142
5/29/2022,14,15,Solar,9398
8/16/2024,14,15,Solar,9425
5/11/2025,0,1,Wind,8024
10/1/2024,17,18,Wind,5840
10/28/2022,13,14,Wind,7145
10/8/2022,8,9,Wind,1863
8/1/2021,15,16,Solar,7084
4/10/2024,14,15,Solar,9575
11/12/2021,22,23,Wind,5912
12/11/2024,2,3,Wind,5601
12/24/2021,18,19,Wind,2651
9/26/2024,13,14,Wind,18075
1/30/2021,12,13,Wind,9238
9/12/2024,12,13,Solar,10047
6/23/2025,3,4,Wind,5345
4/20/2022,21,22,Wind,4321
7/31/2021,12,13,Wind,5845
1/14/2023,12,13,Wind,19012
12/10/2022,13,14,Solar,4438
11/12/2024,4,5,Wind,9510
12/27/2024,9,10,Wind,2150
7/25/2025,6,7,Wind,2021
7/4/2020,23,0,Wind,7611
9/11/2022,10,11,Solar,4420
7/21/2022,17,18,Solar,4813
3/23/2020,15,16,Wind,7869
7/1/2022,15,16,Solar,7138
1/16/2020,1,2,Wind,3112
8/8/2024,13,14,Solar,9478
11/21/2020,17,18,Wind,2451
8/5/2024,5,6,Wind,717
2/28/2020,10,11,Wind,7875
2/24/2021,1,2,Wind,8096
2/7/2021,3,4,Wind,5292
9/10/2024,3,4,Wind,4427
9/23/2021,17,18,Solar,3638
9/15/2020,6,7,Wind,2587
2/19/2025,3,4,Wind,9476
7/7/2024,7,8,Wind,3617
4/22/2025,2,3,Wind,2208
4/7/2021,1,2,Wind,3861
1/5/2021,6,7,Wind,2013
7/22/2024,15,16,Solar,10636
6/9/2021,8,9,Solar,1972
6/16/2021,21,22,Wind,1665
12/10/2024,22,23,Wind,6824
8/30/2025,6,7,Wind,4101
3/4/2022,1,2,Wind,1757
5/12/2020,4,5,Wind,6376
3/27/2021,17,18,Wind,5738
3/7/2020,8,9,Wind,2851
6/24/2023,4,5,Wind,2573
9/6/2023,1,2,Wind,3030
9/10/2024,9,10,Wind,9169
8/29/2025,16,17,Wind,15213
4/27/2022,6,7,Wind,5406
4/29/2021,9,10,Wind,3178
11/11/2020,3,4,Wind,608
2/19/2025,13,14,Solar,8217
12/24/2024,9,10,Wind,3221
1/19/2022,19,20,Wind,4174
11/1/2025,15,16,Wind,11034
9/2/2024,0,1,Wind,1702
2/5/2023,22,23,Wind,9832
2/13/2024,6,7,Wind,3956
9/12/2022,4,5,Wind,3132
8/4/2021,23,0,Wind,1629
8/3/2024,8,9,Wind,3942
5/4/2024,14,15,Solar,8684
9/23/2021,10,11,Solar,3777
6/13/2020,6,7,Wind,3000
7/31/2024,10,11,Solar,6717
2/10/2020,2,3,Wind,10463
12/30/2023,0,1,Wind,8772
1/12/2020,5,6,Wind,6796
3/3/2025,13,14,Solar,8768
4/4/2024,12,13,Wind,20183
3/20/2020,8,9,Wind,4815
10/30/2024,15,16,Wind,4617
5/7/2025,17,18,Wind,9600
11/26/2025,23,0,Wind,4192
6/3/2020,13,14,Solar,3653
11/3/2020,3,4,Wind,3181
4/24/2021,12,13,Solar,9007
6/14/2021,21,22,Wind,1795
3/19/2025,17,18,Wind,7156
3/13/2023,7,8,Wind,14944
4/19/2025,22,23,Wind,6412
8/21/2024,21,22,Wind,1285
1/13/2025,11,12,Solar,8895
4/20/2020,4,5,Wind,5057
9/25/2023,12,13,Solar,6705
7/10/2025,3,4,Wind,2392
9/4/2023,5,6,Wind,7247
8/16/2024,6,7,Wind,2782
2/4/2020,18,19,Wind,9285
2/2/2020,0,1,Wind,6660
8/3/2022,6,7,Wind,847
10/28/2025,10,11,Wind,15674
10/17/2020,4,5,Wind,835
8/2/2020,5,6,Wind,2308
2/3/2020,9,10,Wind,7924
10/26/2021,17,18,Wind,3795
8/21/2023,22,23,Wind,2144
5/22/2025,0,1,Wind,5195
7/18/2022,21,22,Wind,3258
5/24/2021,16,17,Wind,12885
8/1/2022,22,23,Wind,1423
8/1/2024,21,22,Wind,2867
10/16/2023,4,5,Wind,6277
5/16/2021,15,16,Wind,10545
5/23/2021,6,7,Wind,4958
2/16/2022,11,12,Wind,15769
9/10/2025,7,8,Wind,4619
4/10/2025,4,5,Wind,7882
4/11/2021,6,7,Wind,5240
7/30/2024,19,20,Solar,2123
7/28/2022,17,18,Solar,4022
12/3/2020,7,8,Wind,4441
12/5/2023,4,5,Wind,12587
3/16/2021,9,10,Wind,3934
9/4/2024,7,8,Wind,713
7/25/2021,23,0,Wind,2222
2/16/2021,14,15,Wind,9561
2/24/2022,14,15,Wind,15206
7/26/2025,19,20,Wind,8177
4/3/2022,17,18,Wind,4641
11/10/2023,3,4,Wind,12138
10/12/2021,3,4,Wind,2758
3/29/2021,7,8,Wind,3504
2/25/2025,13,14,Wind,13336
5/22/2024,4,5,Wind,4774
10/6/2025,12,13,Solar,9604
11/14/2023,18,19,Wind,15641
10/29/2025,2,3,Wind,5886
6/22/2020,18,19,Solar,2925
9/9/2020,20,21,Wind,1432
7/21/2025,11,12,Wind,17760
3/16/2022,10,11,Wind,4852
2/13/2022,0,1,Wind,7163
1/15/2024,16,17,Wind,4191
1/19/2021,14,15,Wind,11399
7/9/2024,0,1,Wind,4545
7/16/2022,18,19,Solar,5809
4/19/2024,10,11,Wind,14506
6/5/2025,20,21,Wind,12900
6/22/2025,9,10,Solar,2969
6/16/2023,1,2,Wind,2819
9/6/2025,3,4,Wind,3773
1/24/2023,20,21,Wind,2769
12/5/2022,13,14,Solar,3778
9/10/2025,0,1,Wind,3848
4/19/2025,20,21,Wind,4907
3/5/2022,5,6,Wind,2170
4/3/2020,2,3,Wind,2382
5/29/2025,0,1,Wind,4172
1/6/2024,11,12,Wind,7716
11/14/2024,19,20,Wind,3529
8/6/2023,11,12,Wind,16406
4/16/2023,8,9,Wind,5066
2/8/2024,14,15,Wind,18157
9/13/2021,2,3,Wind,2600
5/12/2022,17,18,Solar,4492
3/31/2022,10,11,Wind,7897
9/21/2025,9,10,Wind,2842
8/25/2022,0,1,Wind,2616
11/26/2024,12,13,Wind,8620
11/27/2020,9,10,Wind,2180
6/15/2024,20,21,Wind,8977
9/30/2024,17,18,Wind,15324
6/5/2021,21,22,Wind,1655
10/5/2021,22,23,Wind,8612
8/12/2025,11,12,Solar,9376
5/14/2020,8,9,Wind,7607
8/3/2024,0,1,Wind,4379
10/22/2021,16,17,Wind,6580
9/6/2025,14,15,Solar,7577
1/11/2024,5,6,Wind,5858
1/18/2024,6,7,Wind,8579
2/21/2022,19,20,Wind,13095
11/18/2024,11,12,Wind,10145
3/9/2023,8,9,Wind,12543
6/20/2020,11,12,Solar,4033
5/14/2020,16,17,Wind,10816
9/12/2022,11,12,Solar,5768
8/16/2022,21,22,Wind,1473
6/28/2021,10,11,Solar,3124
10/11/2024,6,7,Wind,499
5/18/2021,21,22,Wind,2976
2/18/2020,12,13,Wind,11191
11/21/2024,1,2,Wind,4262
2/4/2021,18,19,Wind,3176
6/14/2024,21,22,Wind,9107
7/2/2024,22,23,Wind,2471
3/15/2022,5,6,Wind,5434
1/22/2025,22,23,Wind,9519
3/12/2023,9,10,Wind,10134
11/13/2023,23,0,Wind,12977
2/23/2023,22,23,Wind,6558
1/7/2024,6,7,Wind,7241
3/24/2024,23,0,Wind,2374
11/5/2022,22,23,Wind,7168
4/12/2023,3,4,Wind,11551
5/7/2022,1,2,Wind,3684
11/22/2024,18,19,Wind,10082
2/8/2020,2,3,Wind,5041
7/8/2024,18,19,Solar,5458
3/23/2020,18,19,Wind,6040
11/24/2025,12,13,Wind,13412
5/8/2020,6,7,Wind,2233
9/21/2024,10,11,Solar,6489
4/29/2024,14,15,Solar,7046
4/10/2024,11,12,Solar,8080
9/21/2021,9,10,Wind,3542
2/19/2023,3,4,Wind,7343
1/28/2023,13,14,Wind,7932
3/25/2020,18,19,Wind,6636
3/18/2022,19,20,Wind,12431
2/27/2021,21,22,Wind,8817
12/20/2022,12,13,Wind,11632
12/29/2022,8,9,Wind,14198
8/4/2021,13,14,Solar,3176
1/4/2025,13,14,Wind,5804
7/11/2021,6,7,Wind,492
8/19/2025,23,0,Wind,3434
2/27/2025,5,6,Wind,5306
7/11/2021,5,6,Wind,544
3/23/2025,21,22,Wind,1463
3/13/2021,0,1,Wind,14117
8/30/2022,11,12,Solar,5118
10/3/2025,20,21,Wind,12370
10/17/2023,6,7,Wind,6869
7/30/2025,2,3,Wind,1537
10/3/2024,2,3,Wind,4904
1/28/2023,0,1,Wind,5767
3/21/2022,21,22,Wind,4890
9/6/2021,14,15,Solar,5713
5/14/2020,6,7,Wind,7070
11/26/2022,3,4,Wind,2270
6/5/2023,23,0,Wind,7327
12/11/2021,18,19,Wind,3769
1/18/2020,1,2,Wind,6361
10/9/2020,14,15,Wind,5342
11/25/2024,8,9,Wind,13435
8/29/2022,16,17,Solar,5786
11/29/2025,6,7,Wind,8070
5/8/2025,14,15,Wind,5578
8/25/2021,23,0,Wind,4706
4/24/2024,23,0,Wind,2159
3/27/2022,18,19,Solar,2511
8/15/2022,11,12,Solar,7259
12/20/2024,10,11,Wind,7749
6/14/2023,8,9,Solar,3259
9/29/2024,3,4,Wind,2481
2/12/2024,3,4,Wind,3967
5/10/2025,5,6,Wind,6952
8/18/2020,12,13,Solar,4085
4/24/2024,5,6,Wind,4539
5/28/2022,22,23,Wind,6694
7/14/2025,20,21,Wind,7512
4/29/2022,14,15,Solar,7037
9/8/2024,4,5,Wind,5379
9/24/2025,15,16,Wind,9978
10/14/2021,20,21,Wind,1180
7/7/2020,3,4,Wind,2622
11/26/2021,0,1,Wind,2751
7/1/2021,7,8,Wind,930
7/28/2021,18,19,Wind,8454
5/29/2022,5,6,Wind,5218
9/15/2021,15,16,Solar,3811
7/17/2024,23,0,Wind,2226
3/27/2024,0,1,Wind,6918
12/5/2021,2,3,Wind,8279
3/3/2020,12,13,Solar,2676
1/6/2023,4,5,Wind,7715
5/24/2021,20,21,Wind,10734
6/30/2024,5,6,Wind,3576
5/29/2021,6,7,Wind,2504
4/9/2020,23,0,Wind,4930
6/26/2024,0,1,Wind,2295
7/3/2022,6,7,Wind,1375
7/20/2020,9,10,Wind,4592
2/29/2020,10,11,Wind,13528
11/14/2021,23,0,Wind,4025
6/9/2024,12,13,Solar,4408
3/2/2021,0,1,Wind,4709
1/3/2021,20,21,Wind,2242
4/18/2025,18,19,Wind,8655
6/8/2023,2,3,Wind,5019
12/8/2020,12,13,Wind,2916
10/29/2020,3,4,Wind,8900
6/5/2020,10,11,Wind,10931
6/18/2020,18,19,Wind,4084
2/18/2025,20,21,Wind,11737
7/26/2020,21,22,Wind,890
10/12/2023,7,8,Wind,4645
6/3/2022,20,21,Wind,2652
6/25/2023,3,4,Wind,2978
11/16/2021,6,7,Wind,669
10/23/2024,8,9,Wind,2253
1/5/2021,0,1,Wind,2721
2/20/2025,8,9,Wind,9034
3/20/2024,3,4,Wind,2608
7/28/2025,16,17,Solar,11098
8/11/2022,15,16,Solar,9007
10/3/2024,23,0,Wind,6503
6/28/2023,19,20,Solar,2614
10/21/2020,4,5,Wind,9836
4/1/2022,17,18,Wind,14731
8/29/2025,1,2,Wind,7149
4/11/2021,20,21,Wind,4361
4/22/2020,16,17,Wind,3357
3/2/2024,5,6,Wind,10553
10/24/2021,21,22,Wind,3538
7/16/2022,22,23,Wind,5383
3/30/2020,4,5,Wind,11097
3/23/2023,12,13,Wind,16226
5/19/2023,17,18,Wind,9371
8/17/2021,19,20,Wind,5345
2/7/2021,9,10,Wind,4899
6/8/2020,7,8,Wind,1569
12/15/2021,5,6,Wind,1409
4/20/2024,0,1,Wind,7103
5/5/2021,5,6,Wind,7181
5/23/2025,23,0,Wind,2186
10/18/2025,17,18,Wind,5434
6/8/2025,22,23,Wind,2144
2/6/2022,23,0,Wind,15222
11/18/2021,10,11,Solar,3214
6/4/2021,11,12,Solar,3699
3/20/2022,17,18,Wind,3098
11/8/2023,6,7,Wind,7789
7/5/2025,23,0,Wind,4316
1/24/2022,14,15,Solar,3893
7/29/2022,18,19,Solar,4321
5/6/2025,1,2,Wind,11112
10/4/2024,5,6,Wind,4224
6/22/2021,6,7,Wind,4017
5/9/2022,17,18,Solar,4185
2/20/2025,0,1,Wind,7138
2/1/2023,20,21,Wind,8427
3/22/2022,8,9,Wind,6398
1/5/2023,22,23,Wind,5940
6/12/2020,14,15,Wind,6967
12/9/2021,6,7,Wind,5867
10/17/2020,7,8,Wind,775
3/21/2024,10,11,Solar,5216
1/1/2024,19,20,Wind,14543
12/30/2022,15,16,Wind,17051
3/29/2024,21,22,Wind,6082
11/12/2022,0,1,Wind,4512
5/17/2025,7,8,Wind,4280
8/26/2020,16,17,Wind,9786
3/30/2024,8,9,Wind,4488
10/30/2020,12,13,Wind,7807
10/12/2020,21,22,Wind,2786
6/1/2023,17,18,Wind,9340
12/2/2023,0,1,Wind,3869
10/26/2021,6,7,Wind,2531
11/13/2024,10,11,Wind,8220
11/9/2022,7,8,Wind,8420
7/12/2023,2,3,Wind,3458
3/15/2024,10,11,Wind,15985
11/6/2021,15,16,Wind,5269
1/28/2021,20,21,Wind,8203
8/29/2023,4,5,Wind,2468
8/30/2021,12,13,Solar,7977
3/4/2022,15,16,Wind,5208
7/17/2021,16,17,Solar,7938
4/22/2022,7,8,Wind,4782
8/1/2022,17,18,Solar,5175
2/23/2020,3,4,Wind,8599
7/27/2024,15,16,Solar,6032
11/30/2020,9,10,Wind,1860
2/11/2025,13,14,Solar,5359
6/7/2022,14,15,Wind,11288
10/24/2021,16,17,Solar,5136
3/21/2021,9,10,Wind,5753
9/22/2020,14,15,Solar,2514
1/29/2021,2,3,Wind,13303
10/26/2020,14,15,Wind,11017
10/1/2023,1,2,Wind,2202
1/3/2022,1,2,Wind,10839
5/22/2025,22,23,Wind,4428
3/15/2024,14,15,Wind,18078
3/29/2023,23,0,Wind,12178
1/1/2025,6,7,Wind,13401
9/8/2022,23,0,Wind,5740
10/24/2025,8,9,Wind,12480
1/18/2023,10,11,Wind,4900
6/18/2020,7,8,Wind,1478
9/24/2023,2,3,Wind,1961
6/14/2021,19,20,Solar,2217
11/9/2022,16,17,Wind,4711
12/28/2020,15,16,Wind,9606
7/8/2020,0,1,Wind,1983
7/18/2023,22,23,Wind,2814
6/10/2025,20,21,Wind,2604
4/20/2020,12,13,Wind,6302
9/8/2022,6,7,Wind,4735
7/8/2020,18,19,Wind,4796
7/19/2020,7,8,Wind,997
10/13/2022,8,9,Wind,3154
1/1/2025,12,13,Wind,19084
2/2/2024,11,12,Wind,8488
7/15/2025,3,4,Wind,2904
4/23/2020,18,19,Solar,1431
6/30/2022,5,6,Wind,911
10/18/2020,20,21,Wind,506
1/25/2021,17,18,Wind,3309
7/17/2020,20,21,Wind,2064
6/28/2025,5,6,Wind,1408
3/7/2022,3,4,Wind,6489
11/1/2021,11,12,Wind,11390
1/29/2023,22,23,Wind,4878
5/19/2021,7,8,Wind,3911
11/20/2025,22,23,Wind,4538
8/21/2024,5,6,Wind,4558
2/13/2020,21,22,Wind,12537
4/19/2025,19,20,Wind,5147
10/10/2024,9,10,Wind,7613
12/24/2022,0,1,Wind,10131
11/8/2021,8,9,Wind,2260
1/21/2020,20,21,Wind,3972
9/28/2022,3,4,Wind,6350
1/9/2021,2,3,Wind,2029
8/2/2022,17,18,Solar,4915
8/14/2021,2,3,Wind,1273
3/29/2021,23,0,Wind,2968
6/14/2022,7,8,Wind,3723
11/17/2024,4,5,Wind,4620
12/30/2021,7,8,Wind,8057
3/26/2021,3,4,Wind,3262
9/20/2025,1,2,Wind,6537
12/4/2022,22,23,Wind,813
1/25/2025,9,10,Wind,8999
5/9/2021,10,11,Wind,9242
12/13/2021,18,19,Wind,1243
11/13/2024,23,0,Wind,4250
6/22/2020,9,10,Solar,2987
9/18/2021,23,0,Wind,3411
8/7/2021,19,20,Wind,11229
11/25/2024,9,10,Wind,13295
10/9/2024,14,15,Wind,11969
5/6/2024,10,11,Wind,8001
8/25/2024,11,12,Solar,4909
1/29/2023,15,16,Solar,3861
8/27/2021,11,12,Solar,6805
6/5/2022,10,11,Solar,5483
10/25/2020,4,5,Wind,8234
1/15/2022,4,5,Wind,1250
12/31/2021,22,23,Wind,3462
10/6/2022,13,14,Solar,4922
7/5/2022,19,20,Wind,4642
8/14/2020,3,4,Wind,1994
5/22/2023,9,10,Solar,3866
9/25/2021,23,0,Wind,2192
6/17/2021,7,8,Wind,2743
12/12/2022,23,0,Wind,7059
11/12/2020,1,2,Wind,7914
2/1/2020,8,9,Wind,9263
3/2/2025,20,21,Wind,6358
2/9/2025,2,3,Wind,3811
2/11/2023,13,14,Solar,6541
12/3/2020,3,4,Wind,3463
7/21/2025,15,16,Wind,17981
10/24/2021,1,2,Wind,4128
8/14/2024,9,10,Solar,2904
5/17/2025,2,3,Wind,6115
8/18/2024,16,17,Solar,9524
10/5/2024,21,22,Wind,8987
8/19/2025,12,13,Solar,6567
6/26/2025,14,15,Wind,15735
6/2/2020,13,14,Solar,3787
1/23/2025,15,16,Wind,16772
11/24/2024,23,0,Wind,18610
10/2/2021,7,8,Wind,3671
1/15/2020,6,7,Wind,12597
3/26/2025,22,23,Wind,3655
1/25/2023,10,11,Wind,2935
8/20/2022,0,1,Wind,2812
6/23/2021,4,5,Wind,2502
8/22/2022,22,23,Wind,1397
5/18/2025,14,15,Solar,5344
6/19/2023,5,6,Wind,1595
11/11/2021,16,17,Solar,756
5/24/2022,7,8,Wind,5759
6/21/2024,22,23,Wind,4544
12/1/2023,14,15,Wind,4831
2/5/2022,16,17,Wind,8478
11/8/2020,6,7,Wind,4235
3/17/2024,0,1,Wind,3411
10/4/2020,5,6,Wind,10720
11/17/2021,11,12,Wind,2771
1/24/2023,9,10,Wind,6899
9/3/2021,8,9,Wind,2250
6/18/2022,1,2,Wind,1588
1/27/2020,13,14,Wind,9335
2/25/2021,0,1,Wind,6476
9/4/2024,18,19,Wind,3363
11/11/2021,8,9,Wind,1279
3/15/2020,12,13,Wind,10028
5/7/2022,22,23,Wind,4175
11/17/2025,2,3,Wind,4830
9/7/2020,6,7,Wind,1799
4/28/2024,23,0,Wind,2673
1/20/2021,16,17,Wind,14755
5/23/2024,13,14,Solar,7112
12/29/2024,18,19,Wind,510
6/23/2020,21,22,Wind,3542
8/18/2025,17,18,Solar,5864
9/16/2021,0,1,Wind,980
4/16/2025,4,5,Wind,3590
6/12/2020,16,17,Wind,6362
10/29/2021,16,17,Wind,8984
11/29/2025,2,3,Wind,5848
1/21/2022,15,16,Wind,6217
3/18/2021,10,11,Solar,5476
10/4/2025,20,21,Wind,16273
2/21/2024,9,10,Wind,10422
10/2/2020,21,22,Wind,3382
11/21/2022,6,7,Wind,5146
11/18/2025,11,12,Solar,7764
8/25/2022,20,21,Wind,4529
7/8/2025,16,17,Solar,11757
10/2/2024,13,14,Solar,5737
12/6/2023,6,7,Wind,1732
4/12/2020,20,21,Wind,2337
10/27/2025,11,12,Wind,21869
6/1/2020,14,15,Solar,5079
8/11/2023,1,2,Wind,2137
6/24/2023,12,13,Solar,8860
10/16/2020,16,17,Wind,2973
8/4/2023,1,2,Wind,3546
3/5/2022,20,21,Wind,3800
11/2/2022,11,12,Solar,7596
6/1/2022,4,5,Wind,1442
11/11/2021,14,15,Solar,2515
1/15/2025,9,10,Wind,4096
11/14/2020,11,12,Wind,9118
9/4/2022,10,11,Solar,5347
3/24/2022,8,9,Solar,3911
8/27/2020,21,22,Wind,6602
12/23/2020,1,2,Wind,6897
7/12/2021,11,12,Solar,3593
12/24/2023,1,2,Wind,15074
5/27/2022,0,1,Wind,4107
9/19/2022,19,20,Wind,3213
6/3/2023,21,22,Wind,5829
5/28/2025,15,16,Wind,19682
8/29/2021,2,3,Wind,4233
9/5/2023,6,7,Wind,6619
2/2/2023,18,19,Wind,6714
4/20/2023,12,13,Wind,12751
5/13/2020,6,7,Wind,3858
3/23/2021,12,13,Solar,5080
11/13/2021,6,7,Wind,5523
6/12/2023,10,11,Solar,4535
8/14/2021,8,9,Solar,1902
4/7/2025,11,12,Solar,7494
3/1/2024,6,7,Wind,12143
1/21/2021,0,1,Wind,14125
7/29/2023,14,15,Wind,11524
12/11/2023,23,0,Wind,4552
5/13/2025,10,11,Solar,6725
1/17/2023,15,16,Wind,4820
2/6/2025,9,10,Wind,8031
8/27/2022,10,11,Solar,5154
3/1/2022,23,0,Wind,2511
12/4/2023,22,23,Wind,12671
10/18/2021,15,16,Solar,5942
8/16/2023,10,11,Solar,4673
9/6/2020,7,8,Wind,1264
12/13/2020,5,6,Wind,3592
5/16/2020,17,18,Wind,3934
10/18/2025,12,13,Solar,12358
7/15/2022,0,1,Wind,5840
11/30/2025,12,13,Wind,7737
12/15/2022,11,12,Wind,5288
1/9/2021,1,2,Wind,1631
9/16/2020,5,6,Wind,584
10/29/2024,9,10,Solar,3361
2/2/2023,13,14,Wind,10448
11/30/2024,23,0,Wind,3113
4/4/2022,17,18,Wind,13562
10/22/2025,4,5,Wind,3835
7/1/2020,6,7,Wind,3380
2/17/2024,3,4,Wind,2811
5/9/2024,0,1,Wind,4443
10/15/2020,22,23,Wind,4435
9/5/2021,14,15,Solar,4824
1/19/2023,18,19,Wind,1524
10/20/2022,6,7,Wind,5638
7/11/2021,23,0,Wind,1983
10/13/2021,17,18,Wind,3630
7/7/2025,9,10,Wind,9347
10/18/2024,1,2,Wind,5093
11/8/2020,23,0,Wind,3117
12/13/2020,18,19,Wind,9304
2/1/2025,8,9,Wind,3133
9/28/2024,18,19,Wind,2757
6/21/2023,9,10,Solar,2865
5/4/2025,22,23,Wind,11357
5/22/2024,18,19,Wind,7242
5/17/2025,5,6,Wind,4212
6/4/2022,5,6,Wind,2553
1/21/2023,7,8,Wind,7782
12/22/2023,17,18,Wind,16420
1/1/2025,4,5,Wind,12363
4/28/2024,8,9,Wind,7238
11/14/2023,13,14,Wind,16923
12/13/2022,8,9,Wind,5925
11/1/2025,18,19,Wind,9396
2/21/2024,16,17,Wind,15685
4/20/2025,12,13,Wind,5264
12/9/2024,12,13,Wind,15484
2/21/2025,21,22,Wind,12842
10/26/2024,17,18,Wind,1385
8/19/2023,4,5,Wind,4036
2/23/2020,22,23,Wind,6040
3/13/2023,6,7,Wind,14917
12/10/2023,3,4,Wind,15107
10/5/2023,0,1,Wind,1404
4/4/2024,21,22,Wind,7297
6/9/2021,21,22,Wind,1328
7/17/2020,0,1,Wind,1815
8/25/2020,13,14,Wind,12268
2/9/2021,0,1,Wind,1955
6/1/2023,3,4,Wind,6668
4/15/2021,2,3,Wind,4988
12/27/2021,6,7,Wind,5390
12/22/2024,21,22,Wind,16352
12/20/2021,9,10,Wind,3865
1/7/2022,23,0,Wind,9959
9/4/2023,18,19,Wind,7913
10/8/2024,23,0,Wind,13151
10/13/2020,8,9,Wind,3592
3/4/2023,21,22,Wind,3780
3/28/2022,11,12,Solar,5115
1/24/2024,4,5,Wind,16905
2/2/2021,9,10,Wind,11674
11/19/2021,2,3,Wind,1205
11/4/2024,21,22,Wind,2833
2/2/2021,1,2,Wind,5364
5/25/2024,13,14,Solar,7715
5/24/2023,15,16,Wind,10770
5/31/2023,18,19,Wind,11654
8/26/2022,15,16,Solar,6509
2/6/2024,12,13,Wind,15502
11/10/2024,12,13,Solar,4460
8/6/2021,19,20,Wind,5473
6/9/2022,2,3,Wind,5268
5/14/2021,17,18,Wind,8352
2/20/2022,8,9,Wind,13144
1/23/2025,13,14,Wind,15753
1/31/2020,14,15,Wind,7860
7/10/2020,23,0,Wind,3168
9/14/2025,17,18,Wind,14307
12/19/2024,7,8,Wind,17584
2/16/2023,5,6,Wind,4123
5/6/2024,5,6,Wind,3234
2/24/2023,20,21,Wind,3819
10/6/2023,16,17,Solar,5632
5/27/2021,5,6,Wind,983
8/31/2021,0,1,Wind,4565
8/26/2023,1,2,Wind,2963
5/28/2022,6,7,Wind,3812
8/1/2023,7,8,Wind,9095
6/17/2024,22,23,Wind,1768
5/7/2025,21,22,Wind,5326
6/23/2020,0,1,Wind,1853
1/21/2025,4,5,Wind,1474
4/2/2021,6,7,Wind,6489
6/3/2020,17,18,Wind,3797
3/29/2024,9,10,Wind,11478
10/2/2025,7,8,Wind,2735
3/10/2022,12,13,Solar,6233
3/28/2022,21,22,Wind,2359
5/7/2023,0,1,Wind,2008
9/3/2021,11,12,Solar,2918
8/29/2024,16,17,Solar,5460
9/9/2023,12,13,Solar,7508
10/21/2023,19,20,Wind,14989
3/25/2023,1,2,Wind,15718
5/24/2020,10,11,Solar,4874
4/18/2025,7,8,Wind,5085
11/4/2021,21,22,Wind,4866
7/15/2025,11,12,Solar,11845
6/4/2021,22,23,Wind,2137
5/11/2022,23,0,Wind,6060
1/31/2022,16,17,Wind,14190
2/21/2020,18,19,Wind,5019
11/5/2022,5,6,Wind,2762
9/2/2023,5,6,Wind,2017
8/5/2021,4,5,Wind,1647
10/23/2022,12,13,Wind,12064
2/18/2021,10,11,Wind,11364
12/10/2022,6,7,Wind,1511
6/27/2022,20,21,Wind,2596
8/17/2020,11,12,Solar,4656
9/23/2021,22,23,Wind,1038
10/29/2022,10,11,Wind,9402
12/22/2022,19,20,Wind,11292
5/12/2023,20,21,Wind,4036
1/18/2022,1,2,Wind,2376
10/19/2022,13,14,Wind,9426
1/30/2021,22,23,Wind,6353
10/15/2021,5,6,Wind,1597
1/13/2021,16,17,Wind,9181
4/27/2020,7,8,Wind,989
5/30/2025,8,9,Solar,3914
2/21/2024,17,18,Wind,16017
1/10/2024,14,15,Wind,2483
5/25/2025,2,3,Wind,6876
5/1/2022,11,12,Solar,5965
6/27/2023,16,17,Solar,7140
12/22/2024,13,14,Wind,19471
10/5/2025,9,10,Wind,13582
11/19/2023,16,17,Wind,13573
9/15/2022,2,3,Wind,1673
5/16/2020,9,10,Solar,2316
6/15/2021,20,21,Wind,650
3/2/2022,10,11,Wind,3119
7/19/2023,20,21,Wind,5316
11/3/2022,10,11,Wind,10784
3/6/2024,9,10,Solar,3750
6/11/2022,13,14,Solar,6477
7/14/2024,2,3,Wind,350
5/11/2022,17,18,Wind,13129
7/9/2021,13,14,Solar,4871
9/9/2021,6,7,Wind,1640
2/19/2024,19,20,Wind,6267
3/17/2024,14,15,Solar,7426
8/30/2025,21,22,Wind,9565
2/6/2023,23,0,Wind,7117
8/7/2020,2,3,Wind,2831
11/29/2024,0,1,Wind,4742
10/4/2022,6,7,Wind,1209
6/7/2025,14,15,Wind,9733
1/1/2024,23,0,Wind,17077
1/27/2023,5,6,Wind,7483
9/10/2025,8,9,Wind,5839
9/8/2020,8,9,Wind,1533
4/2/2020,17,18,Wind,4118
11/7/2025,7,8,Wind,4189
10/18/2022,0,1,Wind,1548
4/10/2020,18,19,Wind,2792
3/12/2023,3,4,Wind,6649
11/22/2023,1,2,Wind,7269
12/26/2022,2,3,Wind,8075
3/18/2021,6,7,Wind,3377
4/10/2021,23,0,Wind,4050
3/13/2022,10,11,Wind,9241
9/19/2022,14,15,Solar,8034
5/26/2021,22,23,Wind,2211
11/20/2023,23,0,Wind,5432
2/24/2020,1,2,Wind,3779
7/12/2024,18,19,Wind,6976
12/21/2023,5,6,Wind,15104
9/16/2022,16,17,Wind,9796
5/12/2021,23,0,Wind,4253
11/21/2024,14,15,Wind,8998
1/20/2022,15,16,Wind,5848
5/21/2020,4,5,Wind,1726
12/18/2024,12,13,Wind,17415
6/16/2025,5,6,Wind,2137
7/2/2022,18,19,Solar,4135
12/8/2020,17,18,Wind,1941
6/17/2023,12,13,Solar,6986
5/1/2021,8,9,Wind,1823
10/18/2025,22,23,Wind,6493
2/12/2022,21,22,Wind,6825
11/24/2020,17,18,Wind,4395
8/30/2022,23,0,Wind,3409
12/19/2022,9,10,Wind,13825
3/29/2024,14,15,Wind,11355
12/26/2023,8,9,Wind,8237
12/13/2022,15,16,Wind,2988
3/23/2024,12,13,Wind,12718
8/10/2020,16,17,Solar,3057
11/28/2023,23,0,Wind,2167
7/3/2021,5,6,Wind,2173
5/15/2024,22,23,Wind,1466
4/24/2023,4,5,Wind,8850
9/12/2023,15,16,Solar,5041
11/8/2025,18,19,Wind,2331
1/15/2024,18,19,Wind,3301
12/2/2020,5,6,Wind,3915
9/13/2025,18,19,Wind,9654
4/2/2021,17,18,Wind,12784
10/9/2024,11,12,Wind,12372
5/21/2021,16,17,Wind,14414
2/22/2022,7,8,Wind,6536
2/27/2020,11,12,Wind,11944
1/25/2022,0,1,Wind,736
8/18/2022,9,10,Solar,2749
1/17/2021,15,16,Wind,5938
10/31/2024,23,0,Wind,754
7/17/2022,13,14,Solar,8607
11/13/2020,8,9,Wind,7255
10/24/2024,8,9,Wind,6167
6/1/2024,13,14,Wind,7079
8/19/2025,22,23,Wind,3658
7/17/2021,6,7,Wind,2797
10/31/2020,22,23,Wind,5979
12/18/2024,6,7,Wind,14341
6/10/2020,15,16,Solar,3208
5/14/2025,9,10,Solar,5577
4/15/2021,9,10,Wind,4801
11/17/2024,3,4,Wind,4920
4/29/2024,4,5,Wind,1736
10/3/2021,5,6,Wind,7591
6/27/2021,9,10,Solar,2493
12/18/2021,13,14,Wind,6722
8/28/2023,6,7,Wind,2631
2/20/2020,2,3,Wind,6071
11/7/2021,13,14,Wind,7151
6/12/2025,15,16,Solar,5658
3/23/2025,23,0,Wind,1192
11/27/2021,2,3,Wind,6400
12/8/2023,17,18,Wind,5129
7/13/2024,10,11,Solar,5739
1/13/2020,10,11,Wind,5244
7/28/2024,10,11,Solar,6452
8/29/2023,14,15,Solar,6472
11/16/2021,15,16,Wind,1445
11/9/2023,12,13,Wind,16019
4/24/2021,4,5,Wind,7213
12/29/2024,9,10,Solar,1476
3/22/2022,0,1,Wind,5093
7/10/2023,18,19,Solar,4931
5/8/2024,22,23,Wind,3933
7/10/2024,14,15,Solar,10096
3/29/2020,14,15,Wind,14396
5/29/2025,20,21,Wind,1715
10/31/2022,4,5,Wind,2109
1/17/2021,10,11,Wind,6916
10/19/2020,9,10,Wind,4115
4/25/2022,15,16,Solar,7154
12/3/2020,13,14,Wind,10538
2/1/2025,6,7,Wind,3155
8/6/2021,20,21,Wind,3525
10/27/2025,21,22,Wind,8732
7/24/2022,18,19,Solar,4313
6/6/2020,12,13,Wind,10303
12/4/2021,22,23,Wind,10643
1/4/2022,18,19,Wind,7694
9/23/2024,23,0,Wind,5286
7/15/2022,6,7,Wind,3947
4/27/2025,18,19,Solar,4078
11/9/2020,5,6,Wind,2564
11/22/2023,17,18,Wind,3432
4/19/2022,15,16,Solar,4841
1/13/2023,22,23,Wind,8832
11/4/2021,1,2,Wind,2657
5/12/2022,6,7,Wind,1452
11/22/2020,10,11,Solar,3268
7/15/2024,20,21,Wind,6958
4/18/2022,4,5,Wind,3737
7/27/2020,0,1,Wind,476
6/7/2020,8,9,Wind,1998
5/31/2024,19,20,Wind,8656
5/22/2023,12,13,Solar,6632
10/30/2024,11,12,Solar,5444
3/14/2023,3,4,Wind,15852
5/13/2020,4,5,Wind,3306
3/19/2022,6,7,Wind,10586
4/27/2020,0,1,Wind,274
10/21/2022,0,1,Wind,8303
1/9/2024,21,22,Wind,3065
9/18/2023,20,21,Wind,8347
3/15/2021,2,3,Wind,10494
4/26/2025,22,23,Wind,5702
12/31/2022,23,0,Wind,15680
8/20/2020,15,16,Wind,7829
1/1/2020,18,19,Wind,1077
9/24/2023,9,10,Wind,6529
12/1/2023,2,3,Wind,1581
4/6/2025,0,1,Wind,9204
4/4/2022,12,13,Wind,14016
9/24/2024,7,8,Wind,7272
3/16/2022,5,6,Wind,3997
2/4/2023,14,15,Solar,5401
4/12/2023,8,9,Wind,9635
9/26/2024,4,5,Wind,11892
10/12/2022,0,1,Wind,1400
6/12/2025,12,13,Solar,6036
1/31/2021,16,17,Wind,5426
8/16/2020,21,22,Wind,1564
3/13/2020,23,0,Wind,1854
4/28/2020,5,6,Wind,3430
12/23/2024,17,18,Wind,7336
7/12/2020,9,10,Solar,3597
10/2/2021,11,12,Wind,11749
11/19/2025,23,0,Wind,11971
10/25/2022,1,2,Wind,6093
5/2/2025,9,10,Solar,6986
9/21/2020,14,15,Solar,2403
1/6/2020,19,20,Wind,5736
1/19/2022,2,3,Wind,1677
11/15/2022,7,8,Wind,9616
7/20/2022,19,20,Wind,3848
8/12/2021,17,18,Solar,3107
2/2/2021,5,6,Wind,10147
3/29/2025,1,2,Wind,10038
9/18/2023,8,9,Wind,7237
1/2/2022,15,16,Wind,12345
2/1/2024,16,17,Wind,2718
5/24/2022,2,3,Wind,5374
4/21/2023,13,14,Solar,7868
8/31/2020,1,2,Wind,2711
6/16/2023,11,12,Solar,6673
8/12/2020,18,19,Wind,3287
3/18/2022,13,14,Wind,14982
7/4/2021,15,16,Wind,7636
9/13/2023,12,13,Solar,5370
5/5/2024,21,22,Wind,1863
4/28/2023,14,15,Wind,11365
3/5/2025,3,4,Wind,1967
8/11/2021,7,8,Wind,743
8/15/2020,18,19,Solar,2005
6/22/2022,22,23,Wind,1443
9/13/2024,9,10,Solar,6482
3/31/2023,6,7,Wind,16156
3/1/2020,6,7,Wind,9695
6/14/2022,10,11,Solar,5363
1/29/2022,22,23,Wind,6915
12/4/2021,6,7,Wind,8393
12/21/2023,0,1,Wind,13091
8/18/2025,6,7,Wind,4590
11/3/2025,7,8,Wind,7864
11/1/2022,23,0,Wind,11397
7/29/2021,6,7,Wind,4057
1/23/2021,1,2,Wind,6464
12/2/2020,23,0,Wind,2863
7/28/2023,6,7,Wind,3916
2/8/2025,21,22,Wind,4635
7/11/2025,21,22,Wind,5556
4/17/2025,17,18,Solar,6631
5/18/2024,7,8,Wind,1293
7/27/2021,19,20,Wind,4228
11/27/2021,1,2,Wind,6927
4/22/2021,22,23,Wind,7078
1/25/2024,20,21,Wind,5966
7/6/2025,6,7,Wind,5825
10/29/2022,13,14,Wind,8733
7/10/2024,22,23,Wind,1251
3/3/2024,18,19,Wind,5184
9/3/2020,16,17,Solar,5766
12/14/2020,21,22,Wind,6768
3/23/2024,4,5,Wind,9771
1/1/2020,20,21,Wind,1268
1/8/2022,9,10,Wind,8950
4/10/2022,1,2,Wind,1526
5/17/2020,3,4,Wind,3144
4/21/2022,15,16,Wind,7023
6/25/2024,5,6,Wind,3520
10/28/2025,11,12,Wind,16105
5/18/2024,23,0,Wind,417
8/7/2025,23,0,Wind,1460
9/26/2022,5,6,Wind,4462
10/2/2020,6,7,Wind,10219
12/12/2020,20,21,Wind,6279
9/19/2020,16,17,Wind,3624
3/30/2023,12,13,Wind,17641
11/21/2025,19,20,Wind,5476
11/22/2025,22,23,Wind,10033
10/11/2020,23,0,Wind,3874
1/30/2024,4,5,Wind,6501
3/16/2021,16,17,Wind,5843
8/25/2025,1,2,Wind,4688
5/13/2024,8,9,Wind,3986
11/17/2023,8,9,Wind,4208
2/17/2020,15,16,Wind,12651
4/15/2020,5,6,Wind,5968
9/14/2020,3,4,Wind,2612
4/25/2021,8,9,Wind,9055
4/27/2023,15,16,Solar,5961
11/12/2024,18,19,Wind,10689
8/25/2020,20,21,Wind,9524
10/28/2024,22,23,Wind,2412
1/21/2023,11,12,Wind,10526
10/31/2021,18,19,Wind,9970
1/25/2025,20,21,Wind,8504
5/19/2025,12,13,Solar,9362
10/11/2023,3,4,Wind,2550
1/23/2023,0,1,Wind,3563
12/14/2021,21,22,Wind,1060
5/26/2020,0,1,Wind,4117
7/14/2021,4,5,Wind,4893
1/10/2020,21,22,Wind,1518
7/13/2024,22,23,Wind,382
2/25/2024,4,5,Wind,7304
3/26/2024,2,3,Wind,6991
11/29/2022,11,12,Solar,2684
10/12/2021,4,5,Wind,2525
11/10/2021,6,7,Wind,557
10/3/2021,14,15,Wind,9685
7/25/2023,10,11,Wind,8481
11/7/2021,12,13,Wind,7366
12/27/2020,3,4,Wind,11760
9/30/2023,17,18,Solar,3589
3/20/2024,21,22,Wind,2296
2/25/2024,20,21,Wind,13384
10/28/2020,1,2,Wind,7883
5/4/2023,1,2,Wind,9961
11/15/2025,7,8,Wind,3186
8/15/2023,18,19,Solar,3285
11/16/2020,14,15,Wind,7392
8/9/2022,16,17,Solar,9676
6/6/2024,9,10,Solar,4694
3/5/2020,21,22,Wind,11052
12/19/2024,8,9,Wind,17199
1/20/2025,7,8,Wind,1672
8/3/2024,15,16,Solar,10608
6/17/2024,7,8,Wind,2573
11/4/2023,16,17,Wind,16253
6/3/2022,12,13,Solar,4833
9/15/2021,10,11,Wind,3231
11/2/2020,14,15,Wind,12387
5/7/2022,20,21,Wind,4025
11/11/2025,15,16,Wind,11478
11/29/2020,13,14,Solar,4274
6/7/2021,10,11,Solar,3891
8/3/2021,6,7,Wind,1130
4/9/2020,13,14,Solar,4599
3/2/2022,17,18,Wind,1203
11/4/2023,12,13,Wind,18311
1/25/2024,3,4,Wind,2905
9/12/2022,12,13,Solar,6403
2/5/2022,2,3,Wind,5129
11/30/2021,20,21,Wind,12481
1/17/2024,9,10,Wind,7885
9/6/2021,23,0,Wind,4238
9/2/2025,1,2,Wind,7009
6/1/2024,19,20,Wind,9196
12/19/2024,6,7,Wind,17560
7/22/2025,4,5,Wind,7321
11/23/2021,0,1,Wind,8926
3/6/2020,18,19,Wind,4723
2/10/2024,6,7,Wind,3520
5/24/2024,14,15,Solar,5938
12/10/2020,21,22,Wind,6478
11/8/2023,8,9,Wind,10074
12/7/2023,4,5,Wind,5105
8/10/2025,3,4,Wind,3604
6/2/2022,14,15,Solar,7032
4/2/2021,10,11,Wind,9115
1/26/2022,8,9,Wind,749
11/15/2020,23,0,Wind,11460
11/16/2024,22,23,Wind,3359
6/30/2025,22,23,Wind,1295
1/5/2020,23,0,Wind,2129
2/16/2021,6,7,Wind,9833
6/10/2025,23,0,Wind,2068
5/19/2025,7,8,Wind,5347
11/16/2022,21,22,Wind,15565
6/24/2024,3,4,Wind,2833
10/10/2023,11,12,Solar,6214
11/18/2025,18,19,Wind,6814
4/13/2022,10,11,Solar,2596
1/18/2025,5,6,Wind,1192
10/28/2023,21,22,Wind,16641
11/6/2024,16,17,Wind,1765
2/7/2025,8,9,Wind,11810
5/17/2022,8,9,Wind,3586
4/18/2020,6,7,Wind,1764
9/22/2020,9,10,Solar,844
9/15/2025,5,6,Wind,9525
8/13/2023,22,23,Wind,865
9/15/2024,9,10,Solar,6330
1/21/2021,10,11,Wind,11325
9/10/2022,10,11,Wind,7269
9/20/2025,3,4,Wind,6362
3/21/2023,6,7,Wind,4277
11/8/2022,3,4,Wind,12630
8/3/2020,9,10,Solar,2580
9/9/2024,0,1,Wind,10513
10/21/2025,23,0,Wind,4933
10/1/2023,23,0,Wind,2796
4/30/2024,15,16,Solar,8225
5/23/2023,11,12,Wind,10070
11/17/2023,15,16,Wind,4889
9/1/2025,0,1,Wind,4252
1/8/2025,22,23,Wind,11913
4/18/2020,4,5,Wind,1742
2/22/2022,19,20,Wind,10076
9/26/2025,0,1,Wind,1521
12/25/2020,13,14,Wind,7946
12/13/2022,17,18,Wind,2867
8/31/2024,0,1,Wind,5242
2/15/2021,15,16,Wind,9301
8/16/2025,17,18,Wind,12284
10/29/2020,21,22,Wind,7638
5/4/2023,6,7,Wind,8484
4/15/2024,9,10,Wind,10543
8/8/2023,11,12,Solar,8700
10/21/2022,10,11,Wind,7968
9/1/2025,9,10,Wind,6433
8/30/2021,0,1,Wind,3169
9/27/2024,9,10,Wind,16561
5/17/2020,7,8,Wind,2723
12/4/2022,13,14,Wind,3973
10/28/2024,21,22,Wind,2378
6/16/2021,0,1,Wind,1535
8/25/2021,11,12,Solar,7998
1/2/2024,2,3,Wind,17442
2/21/2021,21,22,Wind,7747
5/4/2021,23,0,Wind,7242
3/26/2023,13,14,Wind,16103
12/31/2024,12,13,Wind,8169
11/27/2020,4,5,Wind,1554
8/9/2021,22,23,Wind,907
6/6/2020,20,21,Wind,5561
10/9/2021,10,11,Solar,3871
6/19/2023,21,22,Wind,2509
12/17/2020,23,0,Wind,5286
1/22/2023,15,16,Wind,5636
10/19/2020,6,7,Wind,2308
2/27/2025,22,23,Wind,4771
11/27/2020,20,21,Wind,3573
2/12/2024,1,2,Wind,5163
2/6/2021,11,12,Wind,3071
11/21/2022,22,23,Wind,11427
12/12/2020,18,19,Wind,6210
4/17/2021,13,14,Wind,9148
9/11/2020,22,23,Wind,1456
1/22/2025,1,2,Wind,6963
5/1/2024,10,11,Solar,1342
10/30/2025,14,15,Solar,9382
5/29/2023,11,12,Wind,7550
9/5/2024,9,10,Wind,7045
10/1/2024,15,16,Wind,8176
6/27/2023,23,0,Wind,2546
4/2/2020,20,21,Wind,2875
8/26/2022,2,3,Wind,3831
11/19/2021,16,17,Wind,1147
7/19/2020,14,15,Solar,4287
6/12/2025,0,1,Wind,9006
8/6/2025,9,10,Solar,4294
3/11/2023,7,8,Wind,3806
6/21/2023,21,22,Wind,1991
1/21/2021,21,22,Wind,12089
12/19/2020,1,2,Wind,10544
12/10/2024,18,19,Wind,8009
3/21/2020,19,20,Wind,8455
7/13/2025,7,8,Wind,2411
2/17/2021,8,9,Wind,8430
9/23/2023,15,16,Solar,7899
3/27/2020,11,12,Solar,5430
4/6/2023,5,6,Wind,1766
11/3/2023,10,11,Wind,10405
9/14/2022,9,10,Wind,3335
3/1/2024,3,4,Wind,10215
7/28/2021,3,4,Wind,3416
4/8/2021,19,20,Wind,1286
10/11/2021,11,12,Solar,5076
6/1/2023,1,2,Wind,7455
5/8/2020,19,20,Wind,1974
11/11/2021,0,1,Wind,1117
10/1/2020,2,3,Wind,5089
9/10/2021,17,18,Wind,4436
10/7/2023,8,9,Wind,2712
3/21/2023,15,16,Wind,8637
4/9/2024,20,21,Wind,10136
4/28/2020,16,17,Wind,8967
10/25/2024,15,16,Wind,4964
3/1/2023,2,3,Wind,8050
5/19/2022,3,4,Wind,4280
4/2/2023,13,14,Wind,12566
7/6/2025,18,19,Wind,12036
3/18/2021,8,9,Wind,3929
7/14/2025,0,1,Wind,3462
7/29/2020,2,3,Wind,2454
8/13/2024,7,8,Wind,1425
9/20/2025,4,5,Wind,6192
11/30/2022,21,22,Wind,4124
5/9/2020,23,0,Wind,2655
11/20/2020,14,15,Solar,3572
10/21/2021,23,0,Wind,2452
10/13/2024,20,21,Wind,1492
12/19/2020,0,1,Wind,10177
9/2/2022,0,1,Wind,3195
11/17/2020,20,21,Wind,2441
11/19/2022,21,22,Wind,3695
1/28/2020,17,18,Wind,10836
3/3/2020,18,19,Wind,1857
8/15/2025,21,22,Wind,6588
8/21/2021,21,22,Wind,2191
6/9/2024,20,21,Wind,5638
12/22/2022,2,3,Wind,13850
11/7/2023,9,10,Wind,9400
4/5/2023,17,18,Solar,5409
7/30/2025,8,9,Solar,2806
6/18/2025,4,5,Wind,2477
11/2/2020,19,20,Wind,6714
8/16/2025,14,15,Solar,7697
2/17/2022,12,13,Wind,16251
3/18/2025,11,12,Solar,16057
7/17/2023,18,19,Solar,5897
3/5/2021,18,19,Wind,6326
1/9/2022,23,0,Wind,1141
3/1/2021,18,19,Wind,3096
8/11/2025,20,21,Wind,4064
2/27/2023,3,4,Wind,12992
3/7/2022,6,7,Wind,6953
2/7/2022,19,20,Wind,3588
5/9/2025,4,5,Wind,5237
9/14/2022,17,18,Wind,5103
11/4/2022,3,4,Wind,9571
7/1/2024,8,9,Solar,2992
5/17/2021,22,23,Wind,6837
7/30/2022,23,0,Wind,2214
5/29/2024,12,13,Wind,11078
2/25/2022,3,4,Wind,7511
11/20/2020,20,21,Wind,3015
11/1/2024,15,16,Solar,3450
5/16/2022,9,10,Wind,6824
4/24/2020,11,12,Solar,3166
4/29/2021,21,22,Wind,1562
2/21/2023,2,3,Wind,1723
7/23/2022,0,1,Wind,2139
6/17/2024,5,6,Wind,2496
10/30/2024,14,15,Solar,5378
4/10/2021,7,8,Wind,4344
5/1/2021,3,4,Wind,1406
2/3/2023,3,4,Wind,6969
3/12/2020,1,2,Wind,10711
4/24/2025,2,3,Wind,3146
3/31/2024,9,10,Wind,8736
7/13/2021,4,5,Wind,2840
2/11/2021,12,13,Wind,8712
11/25/2020,21,22,Wind,3594
2/26/2020,2,3,Wind,12203
7/15/2025,10,11,Solar,9676
9/6/2025,10,11,Solar,11430
1/2/2020,7,8,Wind,2091
1/24/2025,3,4,Wind,15910
3/21/2023,3,4,Wind,4054
3/4/2024,20,21,Wind,4884
2/22/2024,7,8,Wind,13524
10/19/2020,20,21,Wind,9313
9/1/2025,5,6,Wind,4218
2/17/2021,15,16,Wind,9173
11/13/2022,4,5,Wind,2109
3/6/2021,4,5,Wind,6217
6/11/2021,14,15,Solar,5368
1/5/2022,4,5,Wind,7405
5/9/2023,17,18,Wind,8492
4/26/2022,3,4,Wind,1980
6/11/2024,8,9,Solar,3424
4/14/2025,17,18,Solar,5257
1/21/2024,15,16,Wind,14515
3/25/2021,22,23,Wind,1881
5/1/2021,17,18,Wind,4452
6/7/2022,0,1,Wind,2043
3/27/2025,12,13,Solar,9825
6/20/2021,23,0,Wind,3247
5/3/2023,11,12,Solar,11660
5/20/2022,23,0,Wind,2833
7/11/2020,3,4,Wind,2838
1/23/2022,18,19,Wind,3738
2/7/2022,9,10,Wind,4444
3/28/2024,23,0,Wind,13616
9/8/2021,22,23,Wind,2898
4/22/2023,6,7,Wind,5083
8/1/2020,23,0,Wind,3584
12/21/2022,23,0,Wind,12078
9/24/2022,8,9,Wind,1478
3/5/2023,23,0,Wind,1193
6/3/2022,13,14,Solar,5919
3/2/2022,23,0,Wind,1943
12/20/2022,6,7,Wind,13426
1/18/2020,20,21,Wind,3704
3/23/2022,13,14,Solar,8197
6/9/2020,18,19,Wind,3955
12/18/2023,20,21,Wind,4221
7/26/2020,7,8,Wind,3491
6/27/2023,14,15,Solar,7982
1/14/2024,3,4,Wind,529
12/5/2024,5,6,Wind,10936
9/28/2021,19,20,Wind,2560
6/18/2022,2,3,Wind,1671
9/14/2021,10,11,Wind,3272
11/17/2022,22,23,Wind,8742
10/1/2023,20,21,Wind,1941
2/22/2025,10,11,Wind,10970
5/27/2024,3,4,Wind,2287
1/20/2025,22,23,Wind,947
1/9/2021,20,21,Wind,5945
10/2/2023,21,22,Wind,8445
4/11/2022,4,5,Wind,9870
1/30/2022,22,23,Wind,4165
9/10/2022,4,5,Wind,5305
12/19/2021,6,7,Wind,3163
7/7/2024,3,4,Wind,3936
11/28/2023,3,4,Wind,11808
6/20/2021,17,18,Solar,3803
11/14/2022,15,16,Wind,4481
2/28/2023,5,6,Wind,8886
9/23/2025,9,10,Wind,10171
8/13/2022,23,0,Wind,3914
6/30/2025,19,20,Solar,3027
11/18/2025,20,21,Wind,8566
6/21/2020,10,11,Wind,5791
1/17/2024,7,8,Wind,6759
9/5/2025,9,10,Solar,5127
6/5/2020,19,20,Wind,10176
3/16/2020,11,12,Wind,3748
1/19/2020,18,19,Wind,6439
7/29/2024,7,8,Wind,5256
4/4/2021,21,22,Wind,2364
4/17/2020,1,2,Wind,2267
8/22/2021,14,15,Wind,9339
3/2/2023,23,0,Wind,4497
7/4/2022,22,23,Wind,3242
11/6/2022,9,10,Wind,10117
3/22/2022,15,16,Wind,8148
9/18/2025,9,10,Solar,5110
11/18/2020,8,9,Wind,7680
5/4/2022,10,11,Solar,3844
11/1/2020,23,0,Wind,11743
12/1/2020,5,6,Wind,7612
7/22/2021,15,16,Solar,6298
7/23/2023,5,6,Wind,8807
5/26/2024,6,7,Wind,4433
4/29/2023,4,5,Wind,1322
7/26/2021,15,16,Solar,7220
1/13/2023,18,19,Wind,11582
11/8/2020,13,14,Solar,3540
2/19/2023,8,9,Wind,5022
6/26/2021,22,23,Wind,2653
5/18/2023,23,0,Wind,6451
11/2/2025,4,5,Wind,8438
11/27/2020,19,20,Wind,3239
1/10/2020,14,15,Wind,4901
9/14/2023,6,7,Wind,690
11/13/2022,20,21,Wind,2164
3/30/2025,19,20,Wind,6867
2/24/2021,2,3,Wind,7907
9/28/2020,3,4,Wind,4561
8/23/2021,12,13,Solar,7614
10/27/2021,23,0,Wind,4235
7/31/2023,16,17,Wind,17130
1/4/2025,23,0,Wind,10561
2/1/2022,12,13,Wind,13410
1/26/2020,20,21,Wind,7764
1/9/2021,15,16,Wind,6503
2/11/2021,7,8,Wind,5662
8/6/2025,7,8,Wind,2722
6/2/2021,5,6,Wind,3782
1/2/2021,11,12,Wind,2326
7/9/2024,17,18,Wind,9868
3/23/2023,9,10,Wind,13208
6/20/2023,7,8,Wind,3883
10/14/2024,2,3,Wind,3914
9/6/2020,5,6,Wind,1486
12/10/2021,3,4,Wind,12348
4/6/2023,15,16,Wind,11723
7/11/2024,1,2,Wind,1137
5/11/2025,6,7,Wind,5467
10/11/2025,7,8,Wind,3429
10/4/2023,21,22,Wind,1500
7/28/2024,3,4,Wind,2100
5/27/2020,16,17,Wind,6681
7/6/2021,19,20,Wind,4618
3/18/2023,20,21,Wind,4155
4/11/2025,2,3,Wind,4684
9/4/2025,7,8,Wind,6866
5/17/2025,23,0,Wind,3363
6/5/2025,1,2,Wind,3408
5/5/2023,13,14,Solar,8859
9/4/2021,5,6,Wind,833
1/30/2024,21,22,Wind,882
5/24/2020,9,10,Wind,4270
4/28/2020,14,15,Wind,8907
5/10/2020,21,22,Wind,7773
7/8/2021,4,5,Wind,1419
7/13/2024,13,14,Solar,4057
3/19/2022,15,16,Wind,11452
5/30/2025,0,1,Wind,1470
2/3/2025,4,5,Wind,2066
3/15/2021,17,18,Wind,9035
6/17/2020,22,23,Wind,1181
7/6/2023,20,21,Solar,898
9/15/2025,17,18,Wind,19474
4/17/2025,10,11,Solar,7210
9/15/2020,16,17,Solar,3055
6/3/2023,7,8,Wind,4966
3/8/2021,19,20,Wind,2504
10/26/2023,20,21,Wind,5617
10/8/2020,18,19,Wind,8137
9/14/2025,6,7,Wind,3701
1/25/2020,14,15,Solar,2184
10/13/2020,10,11,Wind,5045
8/31/2021,14,15,Solar,8581
11/9/2021,3,4,Wind,1893
8/22/2023,2,3,Wind,1966
9/4/2021,14,15,Solar,4270
4/13/2024,23,0,Wind,4721
8/7/2024,6,7,Wind,1746
7/10/2024,3,4,Wind,2630
12/9/2022,10,11,Wind,3140
1/23/2021,11,12,Wind,7462
3/29/2025,12,13,Wind,14030
6/4/2021,7,8,Wind,1728
7/28/2020,21,22,Wind,2933
6/4/2020,11,12,Wind,3789
11/23/2025,19,20,Wind,9444
3/20/2024,17,18,Solar,2753
5/8/2021,10,11,Wind,8906
2/12/2022,12,13,Solar,7877
12/15/2021,19,20,Wind,1594
1/11/2024,23,0,Wind,6851
7/7/2024,17,18,Solar,8708
10/25/2021,6,7,Wind,2542
7/2/2021,11,12,Solar,4279
11/11/2024,4,5,Wind,2995
11/18/2020,19,20,Wind,7624
5/25/2020,2,3,Wind,2840
7/9/2024,12,13,Solar,10028
2/18/2020,4,5,Wind,8085
3/3/2021,16,17,Solar,1609
1/9/2020,3,4,Wind,8060
7/16/2023,10,11,Wind,7794
10/20/2021,11,12,Wind,13900
9/26/2023,20,21,Wind,728
10/18/2022,2,3,Wind,1426
9/21/2021,0,1,Wind,3401
8/30/2021,19,20,Wind,5687
4/9/2025,0,1,Wind,5581
10/30/2024,3,4,Wind,1408
1/17/2023,14,15,Wind,5245
3/17/2020,11,12,Solar,2516
2/10/2022,8,9,Wind,5474
4/15/2024,8,9,Wind,7716
8/15/2021,21,22,Wind,6216
6/24/2024,5,6,Wind,2740
11/3/2020,18,19,Wind,4910
3/28/2024,13,14,Wind,23264
12/8/2023,13,14,Wind,6227
1/7/2021,7,8,Wind,574
9/29/2023,23,0,Wind,1387
1/1/2021,5,6,Wind,1023
3/23/2022,2,3,Wind,3385
9/20/2022,0,1,Wind,2784
1/27/2020,7,8,Wind,8003
1/23/2023,22,23,Wind,8705
11/19/2021,19,20,Wind,1524
2/14/2023,7,8,Wind,2348
5/5/2022,8,9,Wind,2425
11/18/2024,13,14,Wind,9980
8/5/2023,0,1,Wind,3532
5/29/2024,3,4,Wind,6913
11/18/2022,5,6,Wind,7999
5/5/2022,21,22,Wind,2571
3/13/2020,4,5,Wind,7567
11/1/2025,23,0,Wind,9542
8/10/2023,17,18,Solar,5642
7/6/2024,16,17,Wind,8541
3/24/2023,7,8,Wind,11683
5/2/2021,0,1,Wind,3575
10/18/2024,6,7,Wind,3894
4/12/2023,22,23,Wind,15695
11/25/2021,21,22,Wind,3183
11/26/2022,14,15,Wind,5410
6/26/2024,2,3,Wind,1800
11/30/2022,6,7,Wind,1136
1/1/2022,22,23,Wind,5335
2/18/2021,6,7,Wind,11039
5/30/2021,0,1,Wind,5839
10/2/2023,3,4,Wind,2311
10/24/2021,14,15,Solar,6817
7/30/2022,0,1,Wind,1971
4/29/2025,12,13,Solar,5668
8/30/2025,9,10,Wind,7088
3/3/2025,23,0,Wind,3778
2/11/2020,14,15,Wind,14131
1/8/2023,13,14,Wind,12990
3/10/2020,12,13,Wind,13667
6/7/2023,10,11,Solar,7065
7/2/2020,7,8,Wind,2853
1/18/2022,9,10,Wind,4085
1/15/2021,20,21,Wind,2548
2/20/2020,16,17,Wind,12630
8/11/2025,0,1,Wind,7681
12/3/2024,22,23,Wind,1398
5/13/2024,15,16,Solar,10373
7/21/2021,22,23,Wind,2592
9/1/2025,3,4,Wind,4445
2/26/2020,10,11,Wind,11745
7/31/2023,9,10,Wind,12631
12/20/2023,21,22,Wind,13594
6/13/2021,22,23,Wind,2714
11/27/2020,23,0,Wind,3866
2/18/2020,13,14,Wind,11926
4/9/2022,6,7,Wind,3541
6/1/2023,13,14,Solar,9437
6/14/2024,2,3,Wind,7011
11/12/2023,19,20,Wind,8543
10/3/2023,1,2,Wind,10178
5/21/2024,1,2,Wind,2503
12/1/2023,1,2,Wind,1398
3/1/2020,15,16,Wind,8682
7/23/2024,22,23,Wind,2329
7/15/2021,9,10,Wind,7296
7/30/2025,4,5,Wind,1404
12/10/2021,18,19,Wind,12956
6/21/2024,16,17,Wind,10424
2/7/2020,8,9,Wind,6717
9/13/2023,4,5,Wind,1244
10/31/2020,21,22,Wind,6858
3/22/2024,6,7,Wind,2098
4/11/2022,22,23,Wind,9043
4/12/2025,17,18,Wind,12763
6/23/2020,9,10,Solar,2854
4/9/2020,0,1,Wind,865
2/22/2025,19,20,Wind,2986
2/27/2025,14,15,Wind,10311
9/1/2024,5,6,Wind,3454
6/13/2024,5,6,Wind,1388
5/2/2023,5,6,Wind,2588
3/1/2023,9,10,Wind,8687
1/20/2024,15,16,Solar,5211
3/11/2022,23,0,Wind,10313
7/9/2023,0,1,Wind,1797
8/23/2024,22,23,Wind,3368
1/18/2020,13,14,Solar,2851
1/3/2023,9,10,Wind,6029
2/7/2025,22,23,Wind,9496
11/13/2024,9,10,Wind,7618
12/4/2021,7,8,Wind,8353
5/28/2020,2,3,Wind,5027
7/11/2021,22,23,Wind,1401
2/1/2023,7,8,Wind,7043
5/16/2020,2,3,Wind,3519
11/11/2022,1,2,Wind,2872
7/24/2025,5,6,Wind,2623
3/19/2021,7,8,Wind,6595
6/2/2023,20,21,Wind,6657
9/25/2023,0,1,Wind,6598
2/2/2024,19,20,Wind,7303
8/16/2022,11,12,Solar,5261
5/14/2025,20,21,Wind,5836
11/14/2020,7,8,Wind,6776
10/31/2021,3,4,Wind,5501
1/9/2022,4,5,Wind,12536
11/25/2025,17,18,Wind,10755
1/6/2020,7,8,Wind,3648
7/6/2023,17,18,Solar,4745
12/7/2021,9,10,Wind,6245
8/10/2025,6,7,Wind,2613
12/1/2024,22,23,Wind,7843
2/13/2023,0,1,Wind,3938
10/12/2022,17,18,Solar,2116
4/26/2021,15,16,Wind,9202
7/20/2020,22,23,Wind,4631
2/14/2023,16,17,Solar,3644
4/4/2024,15,16,Wind,19893
8/13/2024,19,20,Wind,2959
1/3/2025,12,13,Solar,5229
6/23/2021,20,21,Wind,3044
5/2/2020,14,15,Wind,6805
9/20/2025,23,0,Wind,8610
11/2/2024,10,11,Wind,7387
2/1/2020,19,20,Wind,10518
5/18/2020,4,5,Wind,1960
6/7/2023,15,16,Solar,9063
4/20/2020,19,20,Wind,6148
4/8/2025,0,1,Wind,4863
11/18/2023,19,20,Wind,12558
5/4/2024,22,23,Wind,3329
9/29/2020,17,18,Wind,2166
1/29/2025,4,5,Wind,14303
2/12/2025,21,22,Wind,482
4/18/2021,5,6,Wind,3072
2/11/2022,12,13,Solar,4840
11/12/2024,9,10,Wind,12105
2/16/2024,10,11,Wind,8601
11/10/2023,10,11,Wind,16605
8/12/2021,18,19,Solar,2294
4/21/2024,22,23,Wind,8651
2/29/2020,21,22,Wind,11818
2/27/2024,10,11,Wind,11422
9/25/2020,19,20,Wind,11493
4/7/2021,15,16,Wind,10902
2/12/2020,10,11,Wind,8999
4/22/2022,13,14,Solar,8575
5/12/2023,16,17,Wind,6689
5/8/2020,2,3,Wind,2259
4/24/2023,12,13,Wind,9733
10/30/2023,19,20,Wind,7810
9/26/2024,12,13,Wind,17354
5/27/2021,15,16,Solar,5006
10/31/2020,7,8,Wind,6071
7/5/2023,21,22,Wind,2205
7/29/2021,12,13,Solar,7739
10/31/2022,13,14,Wind,8602
11/30/2020,8,9,Wind,1318
10/11/2022,10,11,Solar,3877
9/27/2021,19,20,Wind,3899
7/9/2021,4,5,Wind,1167
5/28/2021,20,21,Wind,1847
6/22/2022,12,13,Solar,5793
6/11/2022,14,15,Solar,6550
11/23/2020,12,13,Solar,2851
9/7/2020,22,23,Wind,1792
4/16/2024,11,12,Wind,15839
12/12/2024,17,18,Wind,2727
3/20/2025,6,7,Wind,6412
2/2/2023,4,5,Wind,6172
1/24/2025,0,1,Wind,15748
4/26/2024,12,13,Solar,6073
8/19/2025,17,18,Wind,5796
10/30/2023,10,11,Wind,5238
3/22/2024,20,21,Wind,6465
4/30/2020,22,23,Wind,7926
1/5/2024,12,13,Wind,8231
6/7/2023,0,1,Wind,5439
10/14/2024,15,16,Solar,6088
3/31/2020,6,7,Wind,6375
11/17/2020,7,8,Wind,4021
10/25/2022,0,1,Wind,6654
5/27/2025,14,15,Wind,18146
3/18/2021,15,16,Wind,5686
4/24/2023,19,20,Wind,4932
7/30/2020,14,15,Solar,4477
7/1/2025,9,10,Solar,5327
8/30/2024,22,23,Wind,6013
3/6/2023,16,17,Wind,5860
3/29/2021,10,11,Solar,4944
3/26/2024,12,13,Wind,6193
5/5/2024,6,7,Wind,2108
2/14/2025,4,5,Wind,4885
3/26/2025,9,10,Solar,5782
11/26/2024,4,5,Wind,6219
4/28/2024,2,3,Wind,10447
11/22/2022,1,2,Wind,12041
11/29/2022,15,16,Wind,1968
4/8/2022,14,15,Wind,11738
3/4/2025,8,9,Wind,4145
1/4/2025,5,6,Wind,3400
3/7/2023,3,4,Wind,6319
2/14/2022,14,15,Wind,9764
5/8/2022,22,23,Wind,4696
5/6/2022,8,9,Wind,3819
8/26/2023,2,3,Wind,3201
11/23/2021,15,16,Wind,8206
4/4/2024,18,19,Wind,11229
11/2/2021,14,15,Wind,4605
12/3/2024,4,5,Wind,4565
4/27/2024,13,14,Wind,11256
3/5/2020,3,4,Wind,4670
1/20/2025,1,2,Wind,1433
10/30/2025,13,14,Solar,10035
3/16/2021,0,1,Wind,4320
2/10/2024,9,10,Wind,5538
3/27/2021,10,11,Wind,11367
6/12/2020,6,7,Wind,4273
9/16/2024,17,18,Wind,9716
4/8/2020,21,22,Wind,591
7/29/2024,23,0,Wind,2947
10/13/2024,11,12,Solar,5124
3/2/2020,7,8,Wind,5635
6/20/2022,1,2,Wind,6180
10/18/2024,8,9,Wind,3206
11/27/2022,8,9,Wind,7193
1/31/2025,2,3,Wind,2090
11/5/2025,6,7,Wind,12088
12/25/2022,1,2,Wind,3714
11/18/2021,7,8,Wind,1551
2/9/2024,20,21,Wind,10063
12/20/2020,6,7,Wind,4196
10/7/2021,3,4,Wind,1775
2/8/2025,20,21,Wind,4467
6/27/2022,1,2,Wind,1181
6/13/2024,12,13,Solar,11171
5/30/2020,21,22,Wind,3287
1/23/2021,19,20,Wind,4960
4/19/2025,18,19,Wind,6402
1/24/2020,11,12,Solar,2030
3/30/2023,8,9,Wind,11892
8/4/2023,16,17,Wind,9754
8/18/2023,21,22,Wind,2837
1/21/2024,19,20,Wind,15711
1/24/2020,21,22,Wind,574
12/10/2023,6,7,Wind,13611
7/6/2025,3,4,Wind,4302
9/30/2024,11,12,Wind,18884
12/28/2021,16,17,Wind,14399
2/17/2020,14,15,Wind,12617
3/21/2024,20,21,Wind,1287
10/17/2024,4,5,Wind,7801
10/21/2020,7,8,Wind,11972
6/15/2024,5,6,Wind,13185
5/23/2024,14,15,Solar,7249
6/3/2021,20,21,Wind,1310
11/21/2020,4,5,Wind,3570
12/23/2021,1,2,Wind,6018
10/29/2024,11,12,Solar,4666
9/29/2020,10,11,Solar,2520
5/24/2024,12,13,Solar,5268
10/10/2022,10,11,Solar,3890
1/15/2025,12,13,Solar,6318
2/6/2025,6,7,Wind,5009
11/4/2024,10,11,Solar,4375
9/25/2025,5,6,Wind,3011
5/12/2020,8,9,Wind,4677
6/29/2025,17,18,Solar,7389
9/21/2024,8,9,Wind,4688
8/30/2023,3,4,Wind,2278
3/23/2024,8,9,Wind,12180
1/20/2022,11,12,Wind,4625
1/25/2020,9,10,Wind,1880
5/31/2025,23,0,Wind,3134
3/27/2022,20,21,Wind,1867
5/2/2025,10,11,Solar,8080
5/6/2023,3,4,Wind,1753
1/21/2025,20,21,Wind,6662
3/27/2025,19,20,Wind,2827
9/3/2023,7,8,Wind,3107
3/25/2020,15,16,Wind,7364
6/22/2025,10,11,Solar,3306
9/28/2023,22,23,Wind,4596
2/24/2022,7,8,Wind,6543
7/1/2025,22,23,Wind,1168
10/18/2024,17,18,Wind,3520
11/8/2022,10,11,Wind,14327
5/26/2020,14,15,Solar,7627
11/7/2021,9,10,Wind,6065
3/17/2021,16,17,Wind,10778
11/29/2020,17,18,Wind,2714
2/13/2022,17,18,Wind,14832
7/5/2023,2,3,Wind,10254
2/8/2021,4,5,Wind,1136
6/7/2023,19,20,Wind,5508
11/10/2024,14,15,Solar,3870
10/4/2023,1,2,Wind,3368
1/18/2022,5,6,Wind,2665
7/30/2023,7,8,Wind,5522
5/7/2024,11,12,Solar,6806
7/3/2021,20,21,Wind,1615
11/28/2022,21,22,Wind,3114
7/24/2022,14,15,Solar,7534
7/29/2025,20,21,Wind,4092
8/19/2021,22,23,Wind,975
11/6/2020,2,3,Wind,7221
12/14/2021,3,4,Wind,526
9/5/2021,6,7,Wind,333
12/30/2020,10,11,Wind,3682
4/7/2024,20,21,Wind,6879
11/30/2022,5,6,Wind,1088
11/12/2023,4,5,Wind,7552
6/4/2023,15,16,Solar,5211
7/30/2020,4,5,Wind,2280
11/7/2022,7,8,Wind,11247
1/21/2024,20,21,Wind,16033
6/19/2022,1,2,Wind,9170
9/28/2020,15,16,Wind,6463
7/5/2020,8,9,Wind,7132
5/5/2020,19,20,Wind,2616
9/10/2025,6,7,Wind,4002
2/6/2024,20,21,Wind,15900
6/15/2020,10,11,Solar,3952
11/28/2022,1,2,Wind,4590
10/9/2024,22,23,Wind,12273
3/12/2020,11,12,Wind,8584
3/14/2023,1,2,Wind,15285
10/16/2022,10,11,Solar,4222
4/28/2021,22,23,Wind,2359
8/27/2025,10,11,Solar,5745
5/1/2024,7,8,Wind,1889
2/28/2023,11,12,Wind,12386
9/15/2021,7,8,Wind,1882
9/12/2021,16,17,Solar,3744
11/25/2023,16,17,Wind,5919
2/8/2020,22,23,Wind,5778
12/6/2023,4,5,Wind,2308
4/16/2024,17,18,Wind,9695
6/13/2024,0,1,Wind,1368
5/9/2023,15,16,Wind,7956
5/20/2022,22,23,Wind,3099
9/26/2021,23,0,Wind,3015
11/12/2022,2,3,Wind,4184
7/5/2023,12,13,Wind,12588
8/17/2025,16,17,Solar,10740
9/10/2023,19,20,Wind,1510
12/9/2021,9,10,Wind,6599
2/1/2022,21,22,Wind,11936
6/13/2020,4,5,Wind,2913
1/18/2021,1,2,Wind,2151
2/15/2022,10,11,Wind,8477
11/29/2025,23,0,Wind,5416
11/7/2023,1,2,Wind,7494
6/1/2024,4,5,Wind,5601
9/7/2023,22,23,Wind,1295
7/29/2020,22,23,Wind,1502
8/26/2023,16,17,Solar,6550
4/27/2021,11,12,Solar,3002
2/2/2020,9,10,Wind,12167
3/5/2022,10,11,Solar,4371
2/6/2020,6,7,Wind,3180
4/30/2020,23,0,Wind,7525
10/9/2021,12,13,Solar,5315
9/1/2021,17,18,Wind,8723
10/26/2024,4,5,Wind,2044
10/13/2023,1,2,Wind,6109
12/31/2022,18,19,Wind,16336
7/27/2021,16,17,Wind,6558
1/30/2023,17,18,Wind,4138
12/15/2022,2,3,Wind,3093
7/22/2025,20,21,Wind,3351
8/24/2022,23,0,Wind,2688
4/30/2024,9,10,Wind,5623
12/13/2021,4,5,Wind,1474
8/13/2021,8,9,Solar,1524
11/16/2025,20,21,Wind,4486
3/13/2020,20,21,Wind,1726
4/21/2022,2,3,Wind,3343
4/6/2025,14,15,Solar,7920
11/9/2022,2,3,Wind,8859
12/28/2021,18,19,Wind,14151
12/30/2024,23,0,Wind,1859
4/17/2025,2,3,Wind,2479
8/26/2022,4,5,Wind,3261
9/7/2025,17,18,Wind,9440
6/3/2025,15,16,Wind,6591
2/6/2022,21,22,Wind,15785
9/10/2020,16,17,Solar,2707
3/13/2023,15,16,Wind,17761
10/6/2021,21,22,Wind,3447
7/31/2020,16,17,Solar,5478
1/10/2025,9,10,Wind,4894
3/14/2021,12,13,Wind,13129
9/8/2023,6,7,Wind,1204
12/14/2020,18,19,Wind,6307
2/6/2022,9,10,Wind,16306
12/6/2022,18,19,Wind,1812
3/27/2025,2,3,Wind,2864
5/26/2021,20,21,Wind,3271
1/26/2020,10,11,Wind,3632
8/3/2025,17,18,Solar,6080
1/12/2025,19,20,Wind,4553
10/14/2022,5,6,Wind,3583
12/4/2020,6,7,Wind,10790
5/12/2023,22,23,Wind,4577
3/8/2021,2,3,Wind,3001
9/15/2024,19,20,Wind,3305
1/28/2024,11,12,Wind,11294
3/29/2021,0,1,Wind,4522
4/15/2024,16,17,Wind,12597
6/17/2024,0,1,Wind,2888
11/10/2025,1,2,Wind,6100
1/12/2023,19,20,Wind,16042
3/6/2023,21,22,Wind,5540
7/19/2020,16,17,Solar,3926
7/7/2025,16,17,Wind,15279
4/14/2023,5,6,Wind,4328
4/28/2023,0,1,Wind,3628
9/21/2020,13,14,Solar,2670
11/14/2022,1,2,Wind,3638
4/3/2023,21,22,Wind,8623
11/13/2022,9,10,Wind,3192
9/8/2021,7,8,Wind,5736
2/28/2021,0,1,Wind,8246
10/3/2022,14,15,Solar,5306
4/24/2024,14,15,Wind,11510
6/20/2020,2,3,Wind,744
5/19/2023,23,0,Wind,7495
9/16/2021,12,13,Solar,2395
4/19/2022,19,20,Wind,3609
2/19/2022,18,19,Wind,13622
5/3/2023,17,18,Wind,10415
2/20/2022,22,23,Wind,15414
7/27/2024,20,21,Wind,2467
12/30/2021,18,19,Wind,5336
9/28/2024,6,7,Wind,5786
8/3/2021,4,5,Wind,1167
9/1/2022,12,13,Solar,6468
2/22/2024,13,14,Wind,19746
2/14/2023,23,0,Wind,4838
10/2/2023,6,7,Wind,2720
8/25/2020,23,0,Wind,10012
4/26/2021,14,15,Wind,9580
6/8/2020,20,21,Wind,4486
4/27/2021,1,2,Wind,5916
4/15/2020,22,23,Wind,5000
1/30/2023,5,6,Wind,6860
5/3/2023,5,6,Wind,6605
11/9/2020,16,17,Wind,1211
3/22/2020,3,4,Wind,7874
1/12/2021,0,1,Wind,10253
4/26/2024,9,10,Solar,3195
4/6/2025,10,11,Wind,7207
1/9/2024,15,16,Wind,5929
3/2/2023,6,7,Wind,4447
8/1/2022,9,10,Solar,3197
1/16/2023,2,3,Wind,15299
11/6/2025,6,7,Wind,7242
11/22/2025,8,9,Wind,6277
4/2/2022,10,11,Wind,12089
2/17/2025,7,8,Wind,4211
4/21/2021,8,9,Wind,2030
7/12/2020,19,20,Wind,3387
3/27/2020,4,5,Wind,4063
8/18/2024,3,4,Wind,2825
3/18/2020,13,14,Solar,4083
9/26/2024,14,15,Wind,18230
1/13/2020,19,20,Wind,11471
12/22/2024,2,3,Wind,18336
9/19/2025,15,16,Solar,11970
6/11/2025,6,7,Wind,3565
5/29/2022,21,22,Wind,3783
8/12/2020,20,21,Wind,1909
8/10/2025,2,3,Wind,4079
9/21/2020,17,18,Solar,1324
1/14/2024,14,15,Solar,2993
12/2/2022,6,7,Wind,1978
11/9/2024,13,14,Solar,2420
2/7/2020,12,13,Wind,5775
4/18/2025,4,5,Wind,3723
3/21/2025,14,15,Wind,14068
7/8/2022,3,4,Wind,4631
10/27/2020,5,6,Wind,5664
7/21/2020,12,13,Solar,5559
4/12/2024,22,23,Wind,1336
6/25/2021,15,16,Solar,5594
10/10/2021,22,23,Wind,3797
9/22/2025,21,22,Wind,9912
5/18/2020,20,21,Wind,2841
6/17/2025,19,20,Solar,4262
11/8/2022,14,15,Wind,13219
6/16/2024,18,19,Wind,6938
7/6/2023,11,12,Solar,6428
10/5/2024,6,7,Wind,3130
9/4/2023,13,14,Solar,10850
9/9/2020,15,16,Solar,3760
4/26/2022,4,5,Wind,2158
5/17/2024,12,13,Solar,7049
6/22/2025,0,1,Wind,5599
7/25/2020,8,9,Wind,2258
2/22/2024,6,7,Wind,12383
7/13/2024,1,2,Wind,1536
8/26/2020,5,6,Wind,9031
11/21/2025,14,15,Wind,8425
2/27/2020,15,16,Wind,13026
10/8/2022,17,18,Solar,2614
9/17/2022,13,14,Solar,11211
2/15/2020,21,22,Wind,12205
3/6/2023,23,0,Wind,6456
3/1/2025,19,20,Wind,10705
7/19/2024,13,14,Solar,7836
7/29/2020,0,1,Wind,2959
11/7/2020,3,4,Wind,6520
6/26/2022,3,4,Wind,2038
9/29/2020,0,1,Wind,3370
2/27/2022,0,1,Wind,10265
6/3/2024,12,13,Solar,7359
1/8/2023,7,8,Wind,11235
11/4/2020,10,11,Solar,2573
6/7/2024,15,16,Solar,6717
11/17/2023,11,12,Solar,6997
3/8/2020,4,5,Wind,8671
1/23/2021,14,15,Wind,6948
5/10/2021,22,23,Wind,2101
12/22/2020,21,22,Wind,7511
1/10/2023,10,11,Wind,11063
1/8/2023,8,9,Wind,11674
5/24/2023,10,11,Solar,8496
11/26/2022,5,6,Wind,2637
3/19/2025,2,3,Wind,9355
6/16/2024,19,20,Wind,5336
6/14/2025,15,16,Solar,4335
10/7/2022,21,22,Wind,2200
4/22/2024,8,9,Wind,6297
7/31/2020,17,18,Wind,5179
7/29/2022,1,2,Wind,1796
10/24/2020,12,13,Wind,12783
12/5/2021,19,20,Wind,6038
2/22/2023,9,10,Wind,4172
3/17/2022,12,13,Wind,5711
4/6/2025,4,5,Wind,9166
4/28/2020,19,20,Wind,6156
11/10/2021,12,13,Solar,2676
10/14/2020,15,16,Wind,7158
6/4/2021,0,1,Wind,1900
8/29/2025,10,11,Wind,14544
5/17/2021,9,10,Wind,13137
12/1/2021,4,5,Wind,13914
7/23/2025,17,18,Solar,5518
12/28/2022,19,20,Wind,16298
10/19/2024,11,12,Wind,9201
3/14/2020,1,2,Wind,2073
2/10/2023,23,0,Wind,2522
3/21/2021,22,23,Wind,6289
1/5/2025,1,2,Wind,10645
5/26/2021,7,8,Wind,7690
9/24/2025,5,6,Wind,6186
10/12/2024,9,10,Wind,6626
3/20/2022,15,16,Wind,4510
1/1/2021,10,11,Wind,1693
8/17/2023,14,15,Solar,7730
11/28/2022,6,7,Wind,4338
7/7/2025,15,16,Wind,15874
3/23/2023,11,12,Wind,15232
11/5/2025,0,1,Wind,12455
6/20/2021,16,17,Solar,3891
6/2/2024,3,4,Wind,5796
2/8/2023,23,0,Wind,2589
12/31/2024,4,5,Wind,2561
12/26/2024,2,3,Wind,2439
4/22/2024,12,13,Wind,12418
4/6/2020,17,18,Wind,3523
11/16/2021,21,22,Wind,1366
5/17/2023,22,23,Wind,7664
1/12/2021,8,9,Wind,13018
10/9/2025,1,2,Wind,2393
1/15/2021,11,12,Wind,6920
12/26/2024,19,20,Wind,3295
7/26/2024,4,5,Wind,1847
3/23/2023,14,15,Wind,15695
11/26/2020,20,21,Wind,1816
11/4/2020,0,1,Wind,2054
8/26/2025,17,18,Wind,9006
11/21/2021,18,19,Wind,3715
9/8/2020,20,21,Wind,510
7/19/2023,2,3,Wind,2938
11/9/2023,15,16,Wind,15032
10/5/2021,9,10,Wind,10319
9/16/2023,12,13,Solar,8363
12/29/2021,3,4,Wind,7676
2/8/2021,23,0,Wind,2021
10/3/2021,7,8,Wind,9354
3/20/2021,10,11,Solar,7338
7/15/2025,8,9,Wind,4506
6/7/2022,11,12,Wind,8605
4/23/2020,17,18,Solar,2134
10/27/2024,6,7,Wind,1656
2/3/2020,6,7,Wind,8170
7/5/2024,20,21,Wind,3780
3/28/2024,3,4,Wind,15546
7/30/2020,10,11,Solar,3203
6/25/2025,1,2,Wind,893
5/10/2024,10,11,Solar,8078
2/4/2021,7,8,Wind,2863
10/14/2021,13,14,Solar,5943
6/4/2022,12,13,Solar,5383
3/11/2023,1,2,Wind,3074
2/24/2020,14,15,Wind,13790
6/28/2024,15,16,Solar,4409
9/14/2020,16,17,Solar,4399
12/28/2023,21,22,Wind,13954
2/22/2021,13,14,Wind,5018
4/11/2020,10,11,Solar,3085
5/5/2025,16,17,Wind,14822
1/7/2024,3,4,Wind,7358
9/25/2022,20,21,Wind,1904
6/2/2023,19,20,Wind,7796
3/9/2021,9,10,Solar,3647
5/31/2021,6,7,Wind,4383
8/31/2022,0,1,Wind,3324
8/5/2025,6,7,Wind,4359
2/6/2020,19,20,Wind,5475
9/10/2020,12,13,Solar,3181
2/6/2022,6,7,Wind,14203
4/3/2025,17,18,Wind,10300
2/20/2022,11,12,Wind,16609
1/9/2022,3,4,Wind,13415
11/5/2021,5,6,Wind,3009
1/17/2020,6,7,Wind,8342
3/1/2021,3,4,Wind,4995
7/25/2020,12,13,Wind,7296
12/11/2022,16,17,Wind,1400
3/1/2021,14,15,Solar,5645
10/15/2020,13,14,Wind,7703
12/4/2020,22,23,Wind,4252
4/13/2021,21,22,Wind,3737
3/26/2022,1,2,Wind,7668
1/1/2023,5,6,Wind,9706
12/2/2021,23,0,Wind,2878
5/25/2025,9,10,Wind,6905
11/16/2022,18,19,Wind,13205
5/19/2021,4,5,Wind,3599
4/15/2023,0,1,Wind,5925
7/16/2020,9,10,Wind,2804
10/4/2021,0,1,Wind,5853
5/15/2021,6,7,Wind,4400
10/21/2025,20,21,Wind,7217
5/21/2023,7,8,Wind,5174
6/21/2024,9,10,Solar,4209
8/21/2020,13,14,Wind,9908
1/30/2025,6,7,Wind,5637
1/7/2021,22,23,Wind,1555
2/9/2021,9,10,Wind,2313
3/14/2022,12,13,Solar,5580
7/20/2021,19,20,Wind,3053
10/1/2020,18,19,Wind,3837
6/9/2025,21,22,Wind,488
4/5/2020,20,21,Wind,5081
1/8/2022,20,21,Wind,15243
10/9/2022,11,12,Solar,5831
10/1/2021,16,17,Wind,7603
6/22/2020,0,1,Wind,3075
8/18/2022,3,4,Wind,1300
12/27/2022,2,3,Wind,4605
7/18/2024,13,14,Solar,8559
9/23/2024,9,10,Wind,5836
12/9/2021,7,8,Wind,5989
12/26/2022,18,19,Wind,5964
2/12/2023,12,13,Solar,7208
3/5/2025,21,22,Wind,3846
1/5/2022,12,13,Wind,8034
7/5/2020,5,6,Wind,6032
11/14/2024,12,13,Solar,7199
2/13/2021,20,21,Wind,7060
1/14/2022,12,13,Solar,3826
4/7/2024,15,16,Wind,5881
2/27/2022,22,23,Wind,6724
9/25/2025,2,3,Wind,3313
1/7/2023,22,23,Wind,13095
8/16/2021,19,20,Wind,5909
3/18/2024,5,6,Wind,2294
2/13/2021,5,6,Wind,7581
5/20/2024,17,18,Solar,5956
7/3/2022,0,1,Wind,1750
11/7/2022,15,16,Wind,10747
9/13/2024,17,18,Wind,9168
2/12/2025,22,23,Wind,589
12/4/2022,7,8,Wind,3375
3/6/2022,0,1,Wind,4059
6/25/2021,20,21,Wind,1113
6/13/2023,6,7,Wind,2965
8/29/2020,21,22,Wind,3799
6/18/2024,20,21,Wind,3449
5/16/2020,10,11,Solar,3117
1/21/2022,7,8,Wind,4834
9/1/2020,10,11,Solar,3015
3/13/2025,9,10,Wind,4555
1/21/2025,3,4,Wind,1391
9/12/2020,10,11,Solar,3162
11/6/2024,2,3,Wind,107
11/30/2023,5,6,Wind,1828
1/27/2025,19,20,Wind,17889
6/23/2022,9,10,Solar,3122
5/1/2020,4,5,Wind,7192
10/24/2021,15,16,Solar,6237
3/31/2025,14,15,Solar,7267
8/6/2024,16,17,Solar,8000
12/18/2024,18,19,Wind,14803
9/20/2024,3,4,Wind,5841
4/9/2020,7,8,Wind,918
4/19/2025,2,3,Wind,8922
9/19/2022,3,4,Wind,2739
2/16/2023,22,23,Wind,8243
11/6/2022,16,17,Wind,11337
4/6/2025,16,17,Wind,7738
5/10/2020,19,20,Wind,5714
8/14/2021,3,4,Wind,1336
10/12/2024,8,9,Wind,6215
11/20/2024,10,11,Wind,6872
6/14/2022,11,12,Solar,6575
6/10/2025,12,13,Solar,11007
2/13/2021,22,23,Wind,8166
3/26/2023,18,19,Wind,9671
5/1/2025,17,18,Solar,7204
2/3/2020,1,2,Wind,8377
9/1/2025,16,17,Wind,11796
4/24/2020,13,14,Solar,4094
8/6/2023,23,0,Wind,4890
7/27/2023,1,2,Wind,5280
2/9/2025,14,15,Solar,4094
3/24/2025,6,7,Wind,1112
11/14/2023,12,13,Wind,15719
6/22/2023,17,18,Wind,9246
4/30/2023,19,20,Wind,2433
5/23/2021,17,18,Wind,9836
3/22/2023,16,17,Wind,13532
5/30/2021,21,22,Wind,3748
2/16/2024,9,10,Wind,8407
11/23/2024,8,9,Wind,14990
5/1/2022,20,21,Wind,1836
12/31/2023,4,5,Wind,17256
7/30/2021,19,20,Wind,10512
4/4/2021,6,7,Wind,4960
6/8/2025,16,17,Wind,7504
7/6/2020,8,9,Wind,5312
8/18/2020,19,20,Wind,2049
4/29/2021,5,6,Wind,2238
6/29/2024,20,21,Wind,5789
4/12/2020,7,8,Wind,1341
9/5/2020,16,17,Solar,5253
1/30/2025,21,22,Wind,4367
8/8/2024,7,8,Wind,1456
7/17/2024,14,15,Solar,8057
7/12/2022,22,23,Wind,1382
10/24/2020,1,2,Wind,5665
3/17/2021,17,18,Wind,9301
8/22/2025,19,20,Wind,3866
6/1/2025,10,11,Solar,2701
2/2/2021,23,0,Wind,10254
1/1/2020,10,11,Wind,2308
7/13/2024,4,5,Wind,965
2/15/2023,19,20,Wind,3082
1/19/2024,19,20,Wind,2975
9/4/2021,1,2,Wind,1230
10/22/2023,7,8,Wind,6801
7/11/2022,4,5,Wind,3966
11/6/2021,23,0,Wind,6250
9/28/2021,16,17,Wind,4089
11/13/2025,5,6,Wind,10732
1/2/2020,19,20,Wind,5977
7/4/2025,8,9,Solar,4346
8/10/2025,20,21,Wind,4027
7/9/2024,9,10,Solar,6222
8/1/2025,18,19,Wind,9799
10/31/2021,12,13,Wind,14933
8/8/2024,12,13,Solar,8984
5/6/2022,7,8,Wind,3466
10/18/2020,9,10,Solar,1906
10/22/2025,23,0,Wind,17490
10/28/2023,3,4,Wind,11934
2/23/2021,14,15,Wind,12655
4/11/2023,9,10,Wind,6621
7/6/2023,10,11,Solar,5366
11/19/2024,11,12,Wind,20807
6/28/2020,23,0,Wind,2826
3/16/2023,16,17,Wind,9886
4/10/2022,16,17,Solar,6994
4/12/2025,23,0,Wind,8658
2/5/2021,11,12,Wind,2460
7/2/2021,14,15,Solar,4880
9/27/2021,7,8,Wind,6017
7/8/2022,2,3,Wind,5024
6/12/2023,9,10,Solar,3505
4/11/2024,1,2,Wind,5371
5/30/2024,3,4,Wind,4167
1/22/2022,18,19,Wind,2323
1/10/2023,18,19,Wind,14561
9/6/2025,17,18,Wind,13293
10/10/2020,6,7,Wind,2297
12/31/2020,20,21,Wind,1447
3/17/2023,20,21,Wind,7191
7/6/2024,6,7,Wind,9571
1/9/2022,7,8,Wind,9549
9/9/2023,21,22,Wind,2462
2/9/2020,16,17,Wind,13239
4/3/2025,13,14,Wind,6916
12/7/2023,9,10,Wind,8585
12/17/2024,22,23,Wind,9762
7/13/2020,16,17,Solar,4558
2/9/2023,14,15,Solar,4599
5/27/2023,21,22,Wind,4500
12/7/2020,18,19,Wind,2924
1/14/2020,4,5,Wind,12271
4/25/2020,18,19,Wind,2545
5/27/2025,19,20,Wind,13228
7/23/2024,11,12,Wind,13222
8/22/2022,6,7,Wind,1281
1/5/2024,19,20,Wind,4991
1/13/2022,11,12,Solar,4346
2/14/2024,19,20,Wind,6865
5/29/2022,0,1,Wind,6520
5/31/2023,20,21,Wind,7752
9/10/2025,22,23,Wind,10057
6/19/2023,8,9,Solar,2436
5/31/2021,13,14,Solar,8251
9/19/2023,2,3,Wind,3826
7/5/2021,10,11,Wind,5932
3/17/2021,11,12,Wind,10903
2/1/2022,23,0,Wind,11177
4/24/2022,20,21,Wind,4347
10/17/2021,18,19,Wind,1171
8/31/2022,14,15,Solar,6857
7/24/2022,16,17,Solar,6749
11/17/2021,14,15,Wind,2712
11/9/2020,1,2,Wind,3017
11/27/2022,7,8,Wind,7035
5/20/2025,16,17,Solar,9572
9/22/2022,2,3,Wind,2406
6/14/2024,10,11,Wind,9735
6/6/2021,15,16,Solar,5004
12/3/2021,15,16,Wind,12294
7/17/2022,0,1,Wind,6861
8/22/2022,21,22,Wind,1490
7/28/2022,11,12,Solar,4949
2/26/2021,1,2,Wind,2036
6/10/2020,5,6,Wind,1281
8/22/2025,17,18,Solar,7559
9/3/2025,23,0,Wind,10333
7/10/2021,13,14,Solar,4725
12/4/2021,23,0,Wind,10265
1/2/2022,17,18,Wind,13089
3/17/2020,7,8,Wind,1009
8/28/2022,16,17,Solar,7355
7/16/2022,9,10,Solar,4792
9/10/2024,14,15,Wind,17797
5/4/2024,4,5,Wind,1453
3/7/2024,2,3,Wind,3837
4/13/2022,3,4,Wind,1823
2/11/2025,10,11,Wind,4716
5/29/2023,18,19,Wind,13652
11/20/2020,6,7,Wind,2430
9/9/2022,17,18,Wind,12300
3/30/2021,13,14,Solar,5544
4/20/2024,2,3,Wind,6922
9/20/2022,6,7,Wind,2031
3/23/2024,6,7,Wind,10606
9/2/2022,10,11,Solar,3726
10/16/2022,22,23,Wind,8590
3/4/2021,0,1,Wind,1705
11/10/2025,4,5,Wind,6144
6/19/2023,14,15,Solar,6170
9/7/2023,23,0,Wind,1435
12/8/2023,20,21,Wind,7016
1/20/2025,16,17,Solar,1483
4/1/2020,22,23,Wind,4136
1/2/2025,9,10,Wind,6028
2/3/2022,4,5,Wind,2755
12/9/2020,10,11,Wind,3691
5/23/2024,22,23,Wind,862
7/1/2022,21,22,Wind,817
3/7/2024,0,1,Wind,3076
1/23/2022,5,6,Wind,1797
8/16/2021,1,2,Wind,4620
12/15/2024,16,17,Wind,8262
12/27/2021,22,23,Wind,12450
3/6/2020,3,4,Wind,9977
9/1/2021,3,4,Wind,5394
6/20/2021,7,8,Wind,2686
2/8/2023,11,12,Solar,7057
10/30/2021,13,14,Wind,9176
12/20/2024,16,17,Wind,9348
10/3/2023,17,18,Wind,9976
4/22/2025,18,19,Solar,5003
3/9/2025,0,1,Wind,11031
9/4/2025,6,7,Wind,6582
5/22/2023,16,17,Solar,6896
5/7/2023,21,22,Wind,1759
3/4/2024,19,20,Wind,4297
8/10/2025,13,14,Solar,4972
10/28/2022,23,0,Wind,3393
7/24/2024,15,16,Solar,8338
3/7/2021,12,13,Solar,3312
7/4/2022,20,21,Wind,3114
3/4/2023,23,0,Wind,3078
9/9/2022,1,2,Wind,7349
7/7/2020,0,1,Wind,3372
9/18/2024,6,7,Wind,8635
2/3/2020,0,1,Wind,8566
10/27/2021,22,23,Wind,4035
3/26/2025,12,13,Solar,7748
5/14/2024,16,17,Wind,4851
6/15/2020,7,8,Wind,2179
6/13/2021,11,12,Solar,5434
7/4/2020,19,20,Wind,8868
3/5/2021,0,1,Wind,3052
7/11/2023,18,19,Wind,8360
10/16/2021,18,19,Wind,726
7/8/2023,13,14,Solar,8465
11/19/2022,9,10,Wind,3710
9/5/2025,19,20,Solar,1344
4/7/2025,10,11,Solar,5811
7/25/2024,17,18,Solar,7383
12/2/2022,20,21,Wind,5723
8/27/2021,17,18,Wind,6945
2/27/2024,20,21,Wind,5568
6/19/2024,4,5,Wind,3831
9/26/2023,18,19,Solar,2099
4/30/2021,0,1,Wind,1635
2/19/2024,15,16,Wind,10364
8/5/2023,2,3,Wind,2666
9/27/2022,15,16,Wind,12755
12/29/2022,11,12,Wind,14118
9/6/2022,0,1,Wind,3797
9/7/2023,16,17,Solar,6031
2/22/2024,3,4,Wind,11620
6/11/2022,22,23,Wind,2559
11/8/2025,8,9,Wind,1620
6/30/2021,21,22,Wind,1340
7/22/2020,13,14,Solar,4147
10/17/2020,3,4,Wind,908
1/3/2021,0,1,Wind,1522
9/23/2022,1,2,Wind,533
4/18/2025,19,20,Wind,6949
6/5/2020,5,6,Wind,4538
8/20/2020,13,14,Wind,7470
6/23/2025,12,13,Wind,7916
1/16/2020,9,10,Wind,7418
10/19/2025,3,4,Wind,6731
4/15/2023,8,9,Wind,8096
11/30/2024,11,12,Solar,4814
1/4/2020,1,2,Wind,3416
4/14/2023,20,21,Wind,6587
10/6/2024,8,9,Wind,7429
1/13/2021,10,11,Wind,5357
8/28/2024,0,1,Wind,2823
3/8/2024,23,0,Wind,11162
2/17/2020,19,20,Wind,10949
6/12/2023,13,14,Solar,5593
12/20/2022,23,0,Wind,6425
7/13/2025,21,22,Wind,3292
8/21/2022,12,13,Solar,5507
4/3/2024,5,6,Wind,10315
1/11/2025,15,16,Wind,4088
10/6/2022,14,15,Solar,4909
8/20/2025,18,19,Wind,6620
12/28/2022,4,5,Wind,11797
12/16/2024,23,0,Wind,2245
2/17/2023,23,0,Wind,5506
5/6/2024,11,12,Wind,9545
12/20/2022,22,23,Wind,6770
9/22/2023,19,20,Wind,5505
12/23/2022,23,0,Wind,10276
10/24/2025,16,17,Wind,17240
4/27/2024,16,17,Wind,10873
4/15/2024,6,7,Wind,5071
10/28/2020,18,19,Wind,11669
1/25/2021,14,15,Wind,5108
8/24/2021,14,15,Wind,11976
7/25/2022,12,13,Wind,11611
5/9/2022,13,14,Solar,6428
6/5/2022,20,21,Wind,4194
4/4/2020,3,4,Wind,1268
9/27/2021,1,2,Wind,3486
7/25/2025,11,12,Solar,8507
9/27/2024,12,13,Wind,11775
7/23/2022,17,18,Solar,5342
5/16/2023,9,10,Wind,11119
5/12/2024,9,10,Solar,2912
1/31/2023,1,2,Wind,1884
12/6/2020,2,3,Wind,3742
2/4/2023,0,1,Wind,3361
3/1/2021,11,12,Solar,5592
8/14/2025,6,7,Wind,1258
3/19/2025,7,8,Wind,9243
5/3/2020,5,6,Wind,2052
3/17/2025,19,20,Wind,9778
6/16/2020,15,16,Solar,3474
1/20/2024,19,20,Wind,6297
12/10/2024,5,6,Wind,10264
4/7/2020,10,11,Solar,3625
10/23/2021,11,12,Solar,4536
4/13/2021,0,1,Wind,1608
4/15/2021,16,17,Wind,8496
4/18/2021,14,15,Solar,5346
9/27/2024,14,15,Wind,11749
6/26/2024,22,23,Wind,1055
2/13/2024,16,17,Wind,9763
9/19/2022,20,21,Wind,3042
12/18/2024,15,16,Wind,14073
2/20/2025,3,4,Wind,7066
2/24/2021,18,19,Wind,4652
4/15/2022,2,3,Wind,1669
8/16/2024,2,3,Wind,3537
3/27/2023,5,6,Wind,5772
7/7/2021,0,1,Wind,3790
9/23/2025,7,8,Wind,7966
2/9/2022,7,8,Wind,3250
10/18/2020,13,14,Solar,4054
6/19/2024,23,0,Wind,7003
1/2/2025,2,3,Wind,10756
12/14/2021,8,9,Wind,928
8/28/2021,11,12,Solar,7119
5/22/2023,13,14,Solar,6997
5/25/2022,8,9,Wind,3536
9/20/2020,3,4,Wind,1584
7/18/2020,0,1,Wind,1763
7/15/2022,18,19,Solar,4974
7/24/2025,13,14,Solar,9360
2/25/2020,16,17,Wind,13044
7/21/2023,20,21,Wind,4012
11/7/2024,5,6,Wind,2353
5/31/2024,15,16,Wind,7261
11/16/2021,3,4,Wind,706
11/28/2020,6,7,Wind,3392
2/15/2021,3,4,Wind,10009
2/3/2022,23,0,Wind,3994
12/18/2020,20,21,Wind,9727
4/21/2021,11,12,Solar,4011
6/25/2025,9,10,Solar,5196
10/18/2022,20,21,Wind,4682
6/30/2024,16,17,Solar,7175
9/24/2023,5,6,Wind,2882
2/11/2021,9,10,Wind,6568
3/23/2023,5,6,Wind,12083
9/17/2025,11,12,Solar,11260
5/29/2021,4,5,Wind,2802
8/10/2022,3,4,Wind,6615
2/22/2020,12,13,Wind,12765
5/27/2024,9,10,Solar,3808
10/17/2021,3,4,Wind,1780
6/6/2020,7,8,Wind,5210
12/25/2021,18,19,Wind,938
5/19/2023,6,7,Wind,5138
4/17/2025,5,6,Wind,2571
2/14/2022,13,14,Wind,10700
8/11/2022,23,0,Wind,5990
8/23/2020,14,15,Wind,8991
4/8/2024,15,16,Wind,11965
5/29/2023,15,16,Wind,9412
6/19/2021,6,7,Wind,1487
3/30/2023,18,19,Wind,12329
8/24/2023,19,20,Wind,3998
8/20/2020,5,6,Wind,2912
11/8/2025,6,7,Wind,1002
2/3/2021,4,5,Wind,8565
6/7/2020,11,12,Solar,3889
8/19/2021,11,12,Solar,3858
9/14/2022,21,22,Wind,1898
5/1/2024,17,18,Wind,2864
7/9/2025,13,14,Solar,10498
4/28/2021,5,6,Wind,846
1/5/2022,21,22,Wind,4195
5/30/2024,15,16,Wind,12720
9/2/2021,2,3,Wind,6303
8/7/2020,4,5,Wind,2327
5/8/2021,11,12,Wind,10389
4/24/2020,6,7,Wind,539
5/15/2025,9,10,Wind,9701
7/3/2023,13,14,Wind,11257
11/17/2025,14,15,Wind,12161
4/24/2022,23,0,Wind,3957
1/8/2022,13,14,Wind,15867
8/20/2023,21,22,Wind,2502
11/16/2024,0,1,Wind,1475
9/12/2025,14,15,Wind,15387
6/11/2022,0,1,Wind,1145
11/12/2025,1,2,Wind,12721
2/1/2025,11,12,Solar,5775
4/5/2025,8,9,Wind,7356
8/10/2023,20,21,Wind,2052
12/30/2023,23,0,Wind,15566
9/6/2020,16,17,Solar,4300
6/25/2022,22,23,Wind,2121
1/27/2022,2,3,Wind,2264
3/30/2020,8,9,Wind,9965
4/24/2021,0,1,Wind,8166
3/10/2025,22,23,Wind,1260
11/2/2023,5,6,Wind,15005
6/15/2024,23,0,Wind,8514
9/21/2023,4,5,Wind,8571
6/24/2021,5,6,Wind,2146
7/4/2022,8,9,Solar,2251
8/30/2020,10,11,Wind,4742
9/11/2023,12,13,Solar,6361
6/18/2021,5,6,Wind,3517
3/3/2022,0,1,Wind,2046
1/11/2021,9,10,Wind,3268
9/27/2024,21,22,Wind,10030
10/10/2025,17,18,Solar,5567
9/23/2023,14,15,Solar,8151
8/21/2022,1,2,Wind,677
1/29/2020,18,19,Wind,3822
2/3/2021,3,4,Wind,8873
9/15/2024,7,8,Wind,3616
8/24/2022,20,21,Wind,1375
9/18/2023,2,3,Wind,5265
8/9/2023,15,16,Solar,7487
10/19/2023,10,11,Wind,10164
4/2/2022,3,4,Wind,10023
8/21/2022,18,19,Solar,3107
10/12/2022,12,13,Solar,4111
4/28/2025,4,5,Wind,2985
3/3/2025,5,6,Wind,2438
3/15/2024,8,9,Wind,11993
5/31/2021,23,0,Wind,4979
5/1/2024,0,1,Wind,2883
8/12/2022,22,23,Wind,4913
9/2/2020,15,16,Solar,4289
11/25/2024,13,14,Wind,11542
1/30/2020,21,22,Wind,10591
4/11/2020,4,5,Wind,2726
11/7/2025,10,11,Solar,6693
8/4/2023,23,0,Wind,3729
1/22/2025,16,17,Wind,4670
11/30/2021,18,19,Wind,11548
2/1/2022,7,8,Wind,6505
12/12/2023,9,10,Wind,8033
9/11/2023,19,20,Wind,1734
8/4/2023,15,16,Solar,9991
7/19/2020,8,9,Solar,1546
6/6/2023,22,23,Wind,5621
11/26/2021,5,6,Wind,2411
5/30/2021,2,3,Wind,5765
7/9/2020,21,22,Wind,3422
10/25/2021,22,23,Wind,3214
1/19/2025,12,13,Solar,4091
8/13/2020,20,21,Wind,2902
9/23/2023,13,14,Solar,8033
7/25/2025,23,0,Wind,2866
5/25/2023,12,13,Wind,14858
2/14/2021,12,13,Wind,10214
12/29/2024,15,16,Solar,1868
5/22/2020,14,15,Wind,7553
4/4/2025,13,14,Wind,6080
2/12/2022,17,18,Wind,3530
10/22/2023,18,19,Wind,2093
12/25/2020,5,6,Wind,6394
9/15/2020,18,19,Solar,1388
11/2/2020,13,14,Wind,13172
3/7/2025,4,5,Wind,10234
3/7/2021,3,4,Wind,2239
5/17/2024,20,21,Wind,1588
6/23/2023,19,20,Wind,3622
11/6/2020,20,21,Wind,7490
1/5/2021,22,23,Wind,1555
7/14/2024,0,1,Wind,354
8/14/2024,6,7,Wind,782
4/7/2021,17,18,Wind,9159
2/22/2024,14,15,Wind,19396
11/30/2022,16,17,Wind,2836
8/31/2023,19,20,Wind,5423
10/25/2024,19,20,Wind,2537
8/9/2024,6,7,Wind,5050
5/7/2021,20,21,Wind,844
12/28/2021,7,8,Wind,13464
6/5/2022,18,19,Wind,7497
8/9/2023,13,14,Solar,7786
2/7/2025,9,10,Wind,12399
3/19/2022,11,12,Wind,13073
4/18/2025,12,13,Solar,13901
1/3/2022,23,0,Wind,7762
10/30/2021,1,2,Wind,6426
6/19/2022,21,22,Wind,6758
4/17/2021,10,11,Wind,6129
9/7/2024,9,10,Wind,4773
2/1/2023,17,18,Wind,8775
10/22/2021,9,10,Wind,3938
7/14/2025,17,18,Wind,12124
10/19/2023,7,8,Wind,8508
7/14/2023,4,5,Wind,716
11/7/2020,11,12,Wind,5017
8/7/2025,21,22,Wind,1222
2/18/2022,20,21,Wind,12902
3/2/2020,21,22,Wind,9130
8/20/2024,0,1,Wind,3195
3/17/2021,5,6,Wind,9237
10/2/2022,21,22,Wind,1681
3/27/2021,15,16,Wind,10410
7/18/2024,17,18,Solar,5904
12/17/2024,2,3,Wind,1880
12/6/2024,21,22,Wind,12731
1/7/2023,4,5,Wind,9693
2/14/2021,5,6,Wind,7337
10/26/2023,23,0,Wind,6262
5/21/2024,7,8,Wind,2042
4/18/2021,17,18,Solar,4043
3/31/2021,18,19,Solar,2049
3/25/2024,18,19,Wind,8100
1/3/2020,4,5,Wind,8315
5/26/2021,6,7,Wind,7043
8/26/2025,3,4,Wind,3832
5/15/2020,1,2,Wind,7960
8/7/2024,16,17,Solar,8036
11/1/2020,8,9,Wind,10688
11/24/2024,0,1,Wind,18677
11/1/2021,17,18,Wind,5735
12/11/2024,20,21,Wind,5686
8/3/2021,18,19,Wind,2673
10/4/2023,9,10,Solar,4063
7/11/2020,2,3,Wind,2906
6/9/2025,8,9,Solar,4068
3/14/2023,11,12,Wind,19940
9/13/2022,23,0,Wind,3156
1/11/2024,0,1,Wind,4692
8/31/2025,14,15,Wind,5342
11/3/2023,16,17,Wind,9324
8/17/2021,23,0,Wind,3052
6/2/2024,0,1,Wind,6561
9/17/2020,10,11,Wind,6865
10/17/2025,21,22,Wind,5671
9/22/2020,5,6,Wind,617
7/10/2022,14,15,Solar,9530
2/12/2020,8,9,Wind,8250
6/21/2021,3,4,Wind,3262
7/3/2025,18,19,Solar,6685
2/3/2021,11,12,Wind,13679
6/27/2022,8,9,Solar,2386
10/5/2025,11,12,Wind,9014
5/22/2022,12,13,Solar,5952
8/26/2020,19,20,Wind,4709
5/15/2023,11,12,Solar,7832
7/8/2021,1,2,Wind,1587
1/2/2025,12,13,Wind,5040
6/21/2024,13,14,Solar,9018
9/25/2023,17,18,Solar,3514
9/1/2022,10,11,Solar,4566
1/15/2023,20,21,Wind,15113
1/13/2023,16,17,Wind,13640
1/30/2022,5,6,Wind,3018
8/25/2023,17,18,Wind,9124
1/8/2024,3,4,Wind,11449
2/23/2023,23,0,Wind,6689
8/11/2024,14,15,Solar,6599
8/24/2025,22,23,Wind,4275
9/11/2025,19,20,Wind,10982
1/16/2020,0,1,Wind,3422
5/20/2024,13,14,Solar,6794
1/27/2023,19,20,Wind,7370
12/30/2023,2,3,Wind,7679
12/4/2024,11,12,Solar,6019
10/8/2022,15,16,Solar,4092
10/4/2025,19,20,Wind,16689
6/3/2023,2,3,Wind,6539
3/2/2022,2,3,Wind,2920
3/9/2020,21,22,Wind,7954
7/24/2024,17,18,Solar,6566
7/12/2024,3,4,Wind,4449
1/5/2023,7,8,Wind,7246
4/2/2020,23,0,Wind,3044
5/18/2025,10,11,Solar,4479
9/14/2025,13,14,Wind,11993
8/9/2025,13,14,Solar,5171
5/10/2022,23,0,Wind,2746
7/21/2020,13,14,Solar,5821
6/18/2020,11,12,Solar,3636
5/24/2024,18,19,Solar,4138
4/15/2023,22,23,Wind,8169
10/17/2025,20,21,Wind,4971
8/17/2024,7,8,Wind,1300
1/31/2021,4,5,Wind,3925
4/7/2023,7,8,Wind,1832
2/23/2023,20,21,Wind,6218
11/7/2021,16,17,Wind,4055
3/24/2020,11,12,Wind,6410
6/8/2023,5,6,Wind,4589
2/3/2021,23,0,Wind,6638
1/20/2025,14,15,Solar,3027
4/15/2021,22,23,Wind,5644
12/26/2022,8,9,Wind,9500
2/20/2021,23,0,Wind,10972
5/31/2022,14,15,Solar,7057
11/6/2023,19,20,Wind,9442
11/2/2020,4,5,Wind,10155
11/3/2020,20,21,Wind,4534
3/16/2025,22,23,Wind,5587
6/13/2025,22,23,Wind,4982
4/5/2023,20,21,Wind,1139
3/4/2024,10,11,Solar,8128
2/29/2020,8,9,Wind,13233
2/8/2022,1,2,Wind,4944
10/7/2023,16,17,Solar,6428
9/15/2022,22,23,Wind,2301
9/18/2021,18,19,Wind,1871
6/3/2021,17,18,Solar,3291
7/27/2022,7,8,Wind,3199
2/12/2024,10,11,Solar,3607
2/8/2024,3,4,Wind,8431
4/26/2021,18,19,Wind,7160
6/18/2024,10,11,Solar,6356
8/1/2024,20,21,Wind,3507
8/21/2025,6,7,Wind,4431
11/23/2024,11,12,Wind,19397
1/26/2020,16,17,Wind,5015
12/3/2022,4,5,Wind,6567
10/10/2022,7,8,Wind,2747
4/6/2020,21,22,Wind,997
5/13/2020,22,23,Wind,7025
2/24/2021,14,15,Wind,9508
5/27/2023,1,2,Wind,8439
2/10/2023,3,4,Wind,529
6/21/2021,1,2,Wind,3167
12/20/2020,12,13,Wind,5106
7/16/2021,12,13,Wind,7243
8/24/2024,8,9,Wind,9797
12/21/2022,9,10,Wind,7385
5/7/2020,1,2,Wind,2969
1/22/2021,23,0,Wind,6455
4/20/2022,20,21,Wind,3565
5/6/2020,10,11,Solar,4067
10/30/2025,9,10,Wind,7165
4/29/2023,14,15,Solar,4855
3/30/2020,17,18,Wind,11834
3/22/2023,23,0,Wind,12891
7/25/2024,5,6,Wind,1100
3/25/2021,2,3,Wind,1751
10/22/2020,22,23,Wind,3073
2/4/2022,4,5,Wind,5643
1/19/2021,16,17,Wind,8874
6/8/2025,5,6,Wind,10239
3/13/2024,6,7,Wind,3743
6/14/2020,10,11,Solar,4598
11/17/2024,11,12,Wind,6201
6/9/2025,3,4,Wind,1869
5/28/2025,14,15,Wind,19516
6/1/2022,22,23,Wind,3926
11/4/2020,4,5,Wind,1038
8/26/2022,21,22,Wind,2809
1/27/2021,22,23,Wind,4926
12/25/2020,14,15,Wind,7443
11/9/2020,11,12,Solar,3145
12/17/2023,4,5,Wind,1742
4/27/2024,3,4,Wind,5007
6/23/2024,22,23,Wind,1861
6/13/2023,20,21,Wind,4165
8/16/2020,12,13,Solar,4469
7/18/2022,14,15,Solar,7569
9/8/2025,18,19,Wind,3546
1/25/2024,14,15,Solar,7699
3/2/2024,12,13,Wind,12553
1/24/2023,16,17,Wind,3726
10/28/2024,9,10,Solar,3618
4/25/2020,9,10,Solar,2645
1/5/2021,9,10,Wind,2241
1/4/2022,5,6,Wind,7253
1/13/2022,10,11,Wind,3809
12/3/2023,9,10,Wind,10472
10/11/2021,6,7,Wind,2787
12/28/2020,12,13,Wind,10259
1/11/2022,7,8,Wind,2879
6/16/2025,14,15,Solar,10770
6/25/2024,3,4,Wind,4173
7/27/2022,8,9,Wind,3537
6/25/2024,14,15,Solar,4809
3/12/2025,5,6,Wind,2811
6/20/2023,21,22,Wind,1437
10/31/2025,22,23,Wind,14596
6/2/2023,8,9,Wind,8977
3/9/2025,12,13,Wind,7379
7/22/2023,9,10,Solar,5097
4/9/2022,15,16,Solar,8491
1/14/2024,16,17,Wind,1302
2/13/2021,1,2,Wind,7998
5/6/2022,12,13,Solar,7094
12/28/2022,7,8,Wind,12361
12/18/2021,2,3,Wind,6345
4/13/2023,7,8,Wind,11391
6/15/2024,18,19,Wind,13468
4/3/2025,12,13,Wind,6742
4/28/2025,17,18,Solar,7668
5/20/2022,4,5,Wind,2849
12/4/2023,9,10,Wind,14761
4/23/2023,10,11,Wind,10048
4/16/2021,18,19,Wind,7388
7/2/2020,2,3,Wind,2538
5/4/2023,7,8,Wind,8049
8/12/2022,4,5,Wind,3672
12/8/2024,0,1,Wind,16807
6/8/2022,13,14,Wind,9400
3/3/2021,8,9,Wind,1565
4/10/2023,9,10,Wind,6970
8/2/2022,9,10,Solar,3649
1/27/2022,11,12,Wind,6652
8/25/2025,21,22,Wind,860
9/28/2023,5,6,Wind,1687
6/4/2020,6,7,Wind,2651
4/30/2022,14,15,Solar,8618
10/8/2021,9,10,Wind,4687
7/11/2025,4,5,Wind,4322
4/14/2024,8,9,Solar,2177
7/10/2022,13,14,Solar,9534
3/1/2020,21,22,Wind,8650
3/15/2022,21,22,Wind,3767
5/19/2021,14,15,Wind,10675
10/20/2023,16,17,Wind,7867
3/13/2024,9,10,Solar,6515
3/13/2024,15,16,Solar,8250
9/27/2025,12,13,Solar,7734
5/13/2025,6,7,Wind,671
1/28/2021,12,13,Wind,15152
12/25/2022,13,14,Wind,8576
6/3/2021,14,15,Solar,3998
10/27/2024,17,18,Wind,468
5/5/2022,4,5,Wind,1843
8/21/2022,21,22,Wind,1833
8/18/2025,13,14,Solar,9338
7/9/2022,14,15,Solar,9059
9/7/2020,16,17,Solar,4531
7/4/2023,13,14,Solar,8865
6/9/2023,2,3,Wind,5267
5/22/2021,13,14,Wind,13678
2/17/2025,11,12,Solar,6189
7/3/2025,22,23,Wind,5406
5/25/2020,7,8,Wind,2487
5/26/2020,23,0,Wind,5768
10/15/2024,0,1,Wind,1187
2/21/2021,22,23,Wind,7710
4/22/2022,19,20,Wind,3354
5/28/2022,8,9,Wind,4163
6/25/2024,7,8,Wind,3635
9/4/2020,22,23,Wind,2227
6/12/2020,10,11,Wind,5940
4/11/2024,16,17,Solar,6939
4/25/2022,5,6,Wind,3214
8/8/2024,20,21,Wind,2289
2/25/2024,7,8,Wind,8895
6/2/2023,16,17,Wind,9802
1/16/2020,13,14,Wind,9404
2/24/2020,13,14,Wind,13602
12/4/2024,17,18,Wind,3382
9/13/2022,22,23,Wind,2857
7/16/2022,17,18,Solar,7000
8/4/2021,0,1,Wind,654
1/20/2021,7,8,Wind,12632
4/20/2022,10,11,Wind,4621
5/27/2024,17,18,Wind,7690
2/26/2024,21,22,Wind,14002
2/21/2023,14,15,Solar,3622
11/5/2025,21,22,Wind,12712
4/26/2022,16,17,Solar,7437
7/30/2025,9,10,Solar,4417
12/23/2024,8,9,Wind,15550
10/31/2020,12,13,Wind,10378
4/15/2021,20,21,Wind,4915
2/10/2022,10,11,Wind,6468
11/20/2022,8,9,Wind,7038
2/9/2025,16,17,Wind,2340
8/3/2025,23,0,Wind,4454
8/1/2023,9,10,Wind,10186
9/12/2025,15,16,Wind,15204
1/1/2024,16,17,Wind,9644
1/23/2024,3,4,Wind,12110
7/26/2023,3,4,Wind,3081
9/2/2021,10,11,Wind,6281
6/24/2025,8,9,Solar,4687
8/31/2023,0,1,Wind,3118
5/23/2022,3,4,Wind,3713
2/13/2023,4,5,Wind,3473
7/30/2020,15,16,Solar,4268
6/9/2020,21,22,Wind,2225
3/26/2023,17,18,Wind,11158
3/13/2022,21,22,Wind,5806
3/4/2025,0,1,Wind,3371
2/21/2024,11,12,Wind,14280
1/14/2025,12,13,Solar,6532
3/14/2023,14,15,Wind,19180
1/30/2024,5,6,Wind,6729
5/18/2020,9,10,Solar,3162
9/15/2020,13,14,Solar,3481
3/26/2023,21,22,Wind,9593
7/4/2020,6,7,Wind,5114
10/16/2021,20,21,Wind,1100
7/24/2020,0,1,Wind,1655
8/6/2025,4,5,Wind,2809
9/25/2023,11,12,Solar,6084
3/13/2025,4,5,Wind,3893
6/11/2022,12,13,Solar,6251
10/19/2021,8,9,Wind,7235
11/5/2025,8,9,Wind,13539
8/3/2022,9,10,Solar,3320
2/20/2021,2,3,Wind,10174
3/6/2023,11,12,Solar,5262
2/16/2024,14,15,Wind,8469
1/9/2024,11,12,Wind,7044
8/27/2023,5,6,Wind,2479
3/24/2020,12,13,Wind,6585
9/15/2023,9,10,Solar,5226
7/6/2021,6,7,Wind,9223
9/16/2022,3,4,Wind,1746
10/11/2022,4,5,Wind,2693
3/4/2020,0,1,Wind,3987
9/8/2022,2,3,Wind,3667
8/17/2020,12,13,Wind,5207
5/3/2020,17,18,Solar,3483
2/5/2021,2,3,Wind,2575
2/9/2021,15,16,Wind,5121
6/3/2023,1,2,Wind,6868
1/15/2022,18,19,Wind,524
1/14/2023,22,23,Wind,12342
8/27/2023,22,23,Wind,4144
9/2/2020,20,21,Wind,1041
7/13/2021,8,9,Wind,3680
9/10/2023,18,19,Solar,2993
5/29/2021,9,10,Solar,3357
9/4/2022,23,0,Wind,5644
11/3/2023,6,7,Wind,9456
4/4/2020,11,12,Solar,5451
1/20/2020,9,10,Wind,5887
4/16/2025,7,8,Wind,3433
10/6/2024,5,6,Wind,7855
1/6/2025,5,6,Wind,18643
11/5/2020,21,22,Wind,8226
9/2/2025,10,11,Wind,12797
6/10/2023,2,3,Wind,2995
3/22/2022,18,19,Wind,3566
8/7/2023,10,11,Solar,7457
7/15/2020,20,21,Wind,2563
7/31/2020,12,13,Solar,5518
2/3/2024,1,2,Wind,5043
11/16/2021,12,13,Solar,2120
3/20/2022,12,13,Solar,5531
5/12/2020,19,20,Wind,3094
12/25/2021,21,22,Wind,1418
9/28/2020,11,12,Wind,5221
4/25/2025,11,12,Solar,9202
7/23/2022,14,15,Solar,6511
7/6/2020,6,7,Wind,4666
1/16/2022,19,20,Wind,2452
9/29/2021,16,17,Wind,10741
2/23/2025,8,9,Wind,4796
1/17/2022,22,23,Wind,1832
11/22/2020,14,15,Solar,2868
1/7/2024,18,19,Wind,10440
2/15/2021,5,6,Wind,10172
6/21/2021,9,10,Solar,3041
9/4/2023,15,16,Solar,11137
9/26/2020,21,22,Wind,7956
2/5/2023,11,12,Wind,11099
10/21/2022,23,0,Wind,7250
8/9/2025,0,1,Wind,1615
9/28/2021,0,1,Wind,2406
11/29/2020,11,12,Wind,4709
7/11/2025,16,17,Solar,12348
1/11/2020,16,17,Wind,3850
5/26/2023,14,15,Solar,12346
4/17/2025,9,10,Solar,5400
1/8/2022,7,8,Wind,6423
7/15/2022,19,20,Wind,3786
7/31/2022,5,6,Wind,1574
6/30/2024,12,13,Solar,4321
8/5/2020,20,21,Wind,875
10/27/2022,2,3,Wind,7385
8/24/2021,3,4,Wind,4755
8/3/2025,10,11,Solar,4947
3/12/2022,12,13,Wind,8157
9/23/2025,16,17,Wind,12106
3/10/2023,20,21,Wind,5136
1/22/2025,4,5,Wind,6749
3/5/2020,15,16,Wind,10519
11/9/2021,22,23,Wind,1185
10/29/2024,5,6,Wind,1496
12/13/2020,11,12,Wind,6048
5/16/2024,1,2,Wind,2137
9/21/2022,17,18,Solar,5047
1/30/2025,18,19,Wind,5797
5/28/2024,18,19,Wind,9842
6/22/2020,3,4,Wind,2321
8/4/2020,6,7,Wind,1925
10/18/2021,18,19,Wind,3685
2/2/2023,15,16,Wind,9354
8/11/2020,23,0,Wind,1395
7/13/2022,22,23,Wind,1737
3/17/2024,19,20,Wind,1584
12/30/2024,4,5,Wind,568
7/8/2020,2,3,Wind,1632
10/7/2024,1,2,Wind,7855
12/19/2021,22,23,Wind,3152
4/23/2022,4,5,Wind,5943
6/12/2020,11,12,Wind,6249
11/17/2025,1,2,Wind,4796
1/8/2024,12,13,Wind,11769
1/29/2025,22,23,Wind,6408
4/24/2024,6,7,Wind,4547
4/6/2022,20,21,Wind,13054
7/16/2021,15,16,Wind,7841
11/17/2023,20,21,Wind,1934
5/28/2020,16,17,Wind,7325
10/12/2025,1,2,Wind,5324
1/16/2023,5,6,Wind,15939
11/15/2020,3,4,Wind,11243
3/9/2024,18,19,Wind,7334
3/21/2020,23,0,Wind,7966
12/29/2023,17,18,Wind,12518
3/31/2020,10,11,Wind,8547
9/2/2024,5,6,Wind,1486
2/27/2020,23,0,Wind,5255
4/21/2025,0,1,Wind,4686
12/21/2024,20,21,Wind,18984
12/24/2024,17,18,Wind,2682
12/4/2024,10,11,Solar,5281
5/27/2023,23,0,Wind,5943
11/8/2024,10,11,Solar,4987
2/2/2025,8,9,Wind,2550
7/16/2024,2,3,Wind,8095
6/19/2020,15,16,Solar,5471
8/30/2025,16,17,Wind,14563
8/27/2021,4,5,Wind,3100
1/19/2023,4,5,Wind,2943
7/7/2020,23,0,Wind,1992
12/18/2021,10,11,Wind,6795
1/10/2023,15,16,Wind,15331
3/8/2022,16,17,Wind,5172
8/28/2024,17,18,Solar,8318
11/13/2023,0,1,Wind,11189
3/28/2025,23,0,Wind,9831
3/12/2025,14,15,Solar,4193
5/10/2020,22,23,Wind,8543
11/26/2023,10,11,Solar,5182
8/27/2021,2,3,Wind,3680
1/26/2025,15,16,Wind,18415
8/24/2025,16,17,Solar,8724
10/19/2024,19,20,Wind,3099
4/4/2021,18,19,Solar,3187
12/29/2023,8,9,Wind,13653
8/31/2024,20,21,Wind,3445
3/15/2021,10,11,Wind,10643
7/28/2024,16,17,Solar,5384
7/2/2020,8,9,Wind,3458
8/2/2023,12,13,Wind,20090
12/29/2022,18,19,Wind,7973
9/4/2023,21,22,Wind,7481
1/20/2025,11,12,Solar,3390
3/30/2020,5,6,Wind,10763
10/15/2021,21,22,Wind,1559
11/20/2025,2,3,Wind,10008
9/2/2024,3,4,Wind,1390
11/20/2021,10,11,Solar,2620
4/12/2024,18,19,Solar,3227
8/26/2024,10,11,Solar,7660
4/20/2022,17,18,Wind,4506
5/29/2022,1,2,Wind,6369
8/4/2022,1,2,Wind,1532
4/13/2020,8,9,Wind,5790
1/2/2024,7,8,Wind,17051
7/7/2024,2,3,Wind,4244
10/31/2025,7,8,Wind,10421
4/25/2023,5,6,Wind,3256
7/6/2025,2,3,Wind,4361
7/22/2025,12,13,Wind,14855
4/27/2021,18,19,Solar,1390
7/27/2022,19,20,Wind,3422
1/20/2022,3,4,Wind,3366
6/29/2022,7,8,Wind,1316
5/12/2020,9,10,Wind,5210
10/15/2020,23,0,Wind,4167
10/28/2020,7,8,Wind,8266
1/4/2024,7,8,Wind,11144
10/2/2022,0,1,Wind,7147
10/5/2024,9,10,Wind,5753
11/13/2021,22,23,Wind,2380
8/10/2025,11,12,Solar,4315
2/25/2025,21,22,Wind,12539
8/13/2020,12,13,Solar,4130
4/7/2020,11,12,Solar,4290
4/6/2021,17,18,Wind,11397
6/14/2020,22,23,Wind,1501
2/19/2022,12,13,Wind,12922
7/13/2025,18,19,Solar,7174
1/27/2023,15,16,Wind,8855
6/23/2024,11,12,Solar,3759
12/26/2023,18,19,Wind,2424
9/28/2023,7,8,Wind,1267
6/14/2020,12,13,Solar,5547
9/4/2024,2,3,Wind,918
1/19/2024,12,13,Solar,4513
4/3/2024,19,20,Wind,12884
12/29/2024,10,11,Solar,2478
5/3/2023,12,13,Solar,12857
5/18/2025,21,22,Wind,3812
3/21/2020,13,14,Wind,11069
8/16/2020,23,0,Wind,1791
10/5/2021,23,0,Wind,8617
3/2/2024,13,14,Wind,11442
3/8/2021,21,22,Wind,3137
6/21/2023,12,13,Solar,4761
2/26/2022,12,13,Solar,10494
9/6/2024,8,9,Wind,3344
3/3/2021,23,0,Wind,1693
5/23/2025,10,11,Solar,9053
12/14/2020,10,11,Wind,8068
10/31/2023,3,4,Wind,6932
6/25/2022,16,17,Solar,5558
4/7/2020,16,17,Solar,4375
2/18/2022,16,17,Wind,13915
5/9/2025,6,7,Wind,5429
7/1/2025,11,12,Solar,8658
1/26/2020,17,18,Wind,5447
9/30/2020,0,1,Wind,636
6/8/2025,14,15,Wind,8369
7/28/2024,12,13,Solar,5087
3/23/2021,13,14,Solar,4911
8/30/2021,20,21,Wind,5239
9/21/2022,14,15,Solar,7701
11/23/2021,23,0,Wind,6975
7/7/2022,16,17,Wind,10078
5/19/2025,8,9,Wind,5467
6/14/2022,22,23,Wind,3445
12/1/2020,15,16,Wind,7588
3/4/2025,23,0,Wind,2666
12/31/2021,21,22,Wind,3728
9/14/2020,23,0,Wind,2495
9/11/2022,15,16,Solar,6036
4/8/2020,6,7,Wind,2107
4/5/2024,8,9,Wind,15604
7/3/2023,1,2,Wind,4610
6/8/2021,14,15,Solar,4875
4/17/2023,6,7,Wind,3660
9/1/2024,13,14,Solar,8258
10/26/2023,5,6,Wind,5181
12/30/2020,17,18,Wind,4185
5/9/2020,2,3,Wind,2433
6/14/2021,6,7,Wind,2117
9/8/2022,16,17,Wind,11717
7/26/2022,20,21,Wind,2968
11/24/2023,11,12,Wind,11910
10/13/2020,6,7,Wind,2909
5/28/2021,21,22,Wind,2147
9/7/2022,13,14,Wind,7402
9/4/2021,19,20,Wind,1068
1/2/2021,6,7,Wind,1615
10/29/2023,12,13,Wind,17151
10/8/2023,19,20,Wind,377
4/10/2024,1,2,Wind,7440
11/26/2022,22,23,Wind,6232
4/11/2023,3,4,Wind,9875
12/17/2024,3,4,Wind,1843
10/30/2022,16,17,Wind,2603
3/20/2022,20,21,Wind,3262
5/19/2025,2,3,Wind,6059
3/20/2022,21,22,Wind,3803
2/5/2020,10,11,Solar,3272
9/21/2023,5,6,Wind,7566
11/11/2021,12,13,Solar,3237
5/20/2024,3,4,Wind,1654
7/25/2020,16,17,Wind,7415
6/24/2022,5,6,Wind,2140
4/30/2022,5,6,Wind,4595
6/5/2020,11,12,Wind,12155
5/9/2024,2,3,Wind,4129
7/10/2023,20,21,Wind,1426
9/19/2023,8,9,Wind,6778
5/13/2021,14,15,Solar,6163
1/26/2021,6,7,Wind,4796
9/13/2024,1,2,Wind,4186
4/21/2020,4,5,Wind,5828
10/11/2024,7,8,Wind,432
10/12/2023,2,3,Wind,4692
4/18/2024,21,22,Wind,3091
3/22/2022,19,20,Wind,3331
4/15/2025,13,14,Wind,10730
4/30/2025,1,2,Wind,6596
3/4/2021,14,15,Solar,3880
2/3/2020,20,21,Wind,9672
12/7/2021,17,18,Wind,13107
4/27/2025,8,9,Wind,3968
3/13/2022,4,5,Wind,9829
3/10/2021,16,17,Wind,11956
10/3/2021,4,5,Wind,7840
2/25/2020,18,19,Wind,11171
8/13/2021,3,4,Wind,1347
5/22/2025,19,20,Wind,7658
10/13/2023,12,13,Wind,17078
8/4/2023,13,14,Solar,9166
9/19/2024,16,17,Wind,15004
4/10/2021,2,3,Wind,4047
1/26/2025,8,9,Wind,11772
2/27/2025,16,17,Wind,7226
3/23/2024,5,6,Wind,10027
8/21/2024,3,4,Wind,5649
9/14/2023,4,5,Wind,740
3/9/2024,16,17,Wind,9412
10/8/2023,13,14,Solar,6682
1/11/2023,3,4,Wind,13948
5/30/2021,5,6,Wind,4583
11/2/2023,21,22,Wind,14472
5/1/2022,19,20,Wind,2290
12/5/2020,3,4,Wind,4239
9/2/2022,17,18,Solar,3725
5/12/2023,4,5,Wind,2838
4/22/2022,8,9,Wind,4561
10/5/2023,6,7,Wind,967
1/20/2024,14,15,Solar,6383
6/5/2020,18,19,Wind,11692
9/25/2021,20,21,Wind,1559
10/14/2022,17,18,Wind,7205
5/13/2025,16,17,Solar,6735
3/2/2025,18,19,Wind,4307
3/25/2023,15,16,Wind,11745
1/3/2021,5,6,Wind,1495
7/9/2025,3,4,Wind,1737
3/26/2020,22,23,Wind,4839
3/1/2022,12,13,Solar,5376
5/27/2022,1,2,Wind,3872
1/29/2022,5,6,Wind,5934
6/20/2023,8,9,Wind,4101
3/17/2021,3,4,Wind,10477
5/14/2023,4,5,Wind,4271
2/27/2025,23,0,Wind,4782
5/8/2023,21,22,Wind,1506
7/2/2023,11,12,Solar,5592
5/29/2024,23,0,Wind,6981
10/12/2022,5,6,Wind,462
6/17/2021,8,9,Wind,3285
12/16/2021,15,16,Wind,4819
6/18/2025,19,20,Solar,3794
11/27/2023,13,14,Wind,11779
1/16/2020,18,19,Wind,10622
4/5/2024,5,6,Wind,11893
11/20/2023,11,12,Wind,14061
2/7/2021,5,6,Wind,4266
6/9/2022,21,22,Wind,2114
4/20/2023,3,4,Wind,8924
11/17/2022,10,11,Wind,15634
7/27/2022,13,14,Solar,7055
3/31/2021,5,6,Wind,2313
11/11/2025,14,15,Wind,12846
3/1/2023,1,2,Wind,7798
5/22/2023,6,7,Wind,2303
2/3/2023,13,14,Wind,11474
7/21/2020,20,21,Wind,4026
9/11/2022,1,2,Wind,782
7/21/2022,9,10,Solar,3670
9/26/2025,3,4,Wind,1135
1/15/2025,21,22,Wind,3739
10/13/2023,21,22,Wind,15661
7/16/2020,10,11,Solar,3521
4/30/2022,6,7,Wind,4480
11/27/2025,10,11,Wind,11356
5/29/2023,17,18,Wind,13159
9/8/2021,20,21,Wind,2442
10/27/2025,17,18,Wind,12130
11/8/2021,21,22,Wind,1882
3/25/2021,13,14,Solar,4973
1/30/2022,12,13,Solar,3662
10/12/2021,9,10,Wind,3443
8/16/2024,7,8,Wind,3160
9/20/2024,4,5,Wind,5843
5/21/2021,15,16,Wind,15022
4/24/2024,0,1,Wind,4211
2/16/2022,16,17,Wind,16258
4/10/2020,7,8,Wind,2966
8/7/2024,20,21,Wind,2605
4/19/2022,6,7,Wind,2130
9/28/2024,15,16,Solar,8606
7/23/2023,3,4,Wind,8984
9/11/2024,11,12,Wind,9409
2/2/2020,14,15,Wind,13415
5/8/2024,9,10,Solar,6995
1/10/2024,7,8,Wind,2430
8/11/2020,0,1,Wind,1635
8/28/2024,19,20,Wind,3190
3/26/2021,2,3,Wind,3194
11/27/2024,9,10,Wind,16542
12/6/2021,6,7,Wind,2232
5/10/2023,21,22,Wind,3702
10/7/2021,11,12,Solar,5091
2/8/2024,10,11,Wind,15894
8/18/2025,18,19,Solar,4329
8/27/2023,15,16,Wind,10151
6/2/2025,9,10,Solar,3651
12/29/2022,13,14,Wind,13026
1/10/2023,13,14,Wind,15749
4/26/2025,14,15,Solar,4773
11/22/2022,8,9,Wind,12599
4/26/2023,7,8,Wind,2328
8/16/2021,10,11,Wind,8708
6/20/2020,17,18,Solar,3657
9/20/2024,15,16,Solar,7624
6/10/2022,21,22,Wind,1086
3/27/2023,23,0,Wind,2096
4/5/2024,16,17,Wind,14204
12/5/2021,0,1,Wind,9688
4/5/2020,15,16,Wind,8696
7/16/2025,20,21,Wind,5214
11/9/2021,19,20,Wind,1289
5/18/2024,21,22,Wind,592
7/5/2021,13,14,Solar,8347
11/6/2023,0,1,Wind,12289
11/3/2021,13,14,Wind,4692
4/14/2021,7,8,Wind,3573
12/19/2020,19,20,Wind,6837
4/1/2025,14,15,Wind,12039
3/11/2023,17,18,Wind,4493
6/16/2020,2,3,Wind,1745
2/8/2022,20,21,Wind,2993
4/22/2025,11,12,Solar,6513
5/29/2024,19,20,Wind,6540
6/26/2024,14,15,Solar,7475
4/17/2021,14,15,Wind,8642
3/1/2022,0,1,Wind,3226
7/20/2021,3,4,Wind,3328
8/8/2025,12,13,Solar,8995
2/7/2021,11,12,Wind,5796
4/2/2022,9,10,Wind,10135
4/24/2024,9,10,Wind,7039
1/11/2023,7,8,Wind,10277
8/11/2021,17,18,Solar,3442
6/9/2022,5,6,Wind,4618
5/1/2024,20,21,Wind,4644
9/3/2025,7,8,Wind,13765
8/7/2024,3,4,Wind,1597
7/1/2021,6,7,Wind,620
7/29/2025,2,3,Wind,3016
10/5/2025,23,0,Wind,5695
7/5/2025,16,17,Solar,11852
3/30/2022,9,10,Wind,1458
6/10/2024,22,23,Wind,3165
2/7/2020,6,7,Wind,6250
5/19/2024,21,22,Wind,1204
5/4/2022,6,7,Wind,1477
10/4/2023,3,4,Wind,2915
4/30/2024,7,8,Wind,4288
10/24/2024,19,20,Wind,5693
10/17/2022,13,14,Wind,6747
8/27/2020,18,19,Wind,7727
12/19/2021,23,0,Wind,3343
12/28/2021,17,18,Wind,14167
8/7/2021,15,16,Wind,11918
2/13/2022,7,8,Wind,10043
6/20/2023,18,19,Wind,5592
4/9/2021,4,5,Wind,3953
7/17/2025,3,4,Wind,1529
3/3/2024,2,3,Wind,2623
1/4/2021,16,17,Wind,2767
8/10/2022,4,5,Wind,6047
8/14/2023,12,13,Solar,8791
9/22/2022,18,19,Solar,1487
5/14/2025,8,9,Solar,3494
3/14/2020,17,18,Wind,4141
2/2/2021,11,12,Wind,12423
11/8/2022,18,19,Wind,12069
12/20/2021,5,6,Wind,2988
2/5/2025,10,11,Solar,4942
3/5/2025,5,6,Wind,1973
10/6/2020,9,10,Wind,10705
1/4/2021,21,22,Wind,3119
11/19/2025,4,5,Wind,11183
5/30/2025,20,21,Wind,1160
9/28/2022,1,2,Wind,7586
6/25/2023,19,20,Wind,5697
1/28/2024,18,19,Wind,8001
6/4/2021,23,0,Wind,2225
12/31/2023,6,7,Wind,17213
5/12/2023,13,14,Solar,7956
2/18/2024,6,7,Wind,7556
10/11/2022,18,19,Wind,1169
12/20/2020,13,14,Wind,5291
6/15/2020,5,6,Wind,2105
7/16/2025,2,3,Wind,7233
5/15/2021,21,22,Wind,5006
6/18/2021,15,16,Wind,10487
6/7/2024,12,13,Solar,6554
5/8/2024,12,13,Solar,9565
3/7/2024,20,21,Wind,12472
4/26/2021,7,8,Wind,8213
4/28/2025,8,9,Wind,4382
8/4/2022,2,3,Wind,1486
12/22/2021,10,11,Wind,4288
7/19/2025,12,13,Wind,12463
10/7/2020,0,1,Wind,10059
9/27/2022,22,23,Wind,8825
2/28/2020,0,1,Wind,4615
1/29/2023,19,20,Wind,3496
10/9/2024,3,4,Wind,11041
6/7/2021,9,10,Solar,3019
3/7/2020,23,0,Wind,6842
5/10/2025,11,12,Solar,6284
7/27/2021,4,5,Wind,1847
5/3/2022,4,5,Wind,3787
4/15/2025,11,12,Wind,9095
4/12/2021,16,17,Solar,6011
6/19/2020,0,1,Wind,2101
9/16/2025,18,19,Wind,8297
4/28/2024,11,12,Wind,8424
7/28/2020,8,9,Wind,3562
9/2/2021,18,19,Wind,5118
3/4/2021,17,18,Wind,2940
8/9/2020,0,1,Wind,2294
3/22/2022,2,3,Wind,5060
4/26/2021,8,9,Wind,7501
2/10/2024,18,19,Wind,6825
10/7/2022,5,6,Wind,1174
7/17/2021,14,15,Solar,7952
7/28/2020,3,4,Wind,4927
2/19/2023,16,17,Wind,4912
8/6/2020,14,15,Solar,4260
10/25/2023,2,3,Wind,7848
5/2/2023,2,3,Wind,3457
6/11/2024,3,4,Wind,1965
2/10/2023,18,19,Wind,1525
7/5/2024,3,4,Wind,3152
2/21/2023,6,7,Wind,1416
4/15/2022,15,16,Solar,6578
9/19/2020,0,1,Wind,5942
7/19/2021,7,8,Wind,4055
4/21/2025,22,23,Wind,2610
1/11/2025,23,0,Wind,2505
2/28/2021,2,3,Wind,7810
3/13/2020,6,7,Wind,6591
11/2/2023,16,17,Wind,15427
12/28/2022,18,19,Wind,16150
11/29/2024,19,20,Wind,8006
3/3/2024,4,5,Wind,3054
8/29/2022,5,6,Wind,4599
10/10/2022,8,9,Wind,2836
11/1/2021,8,9,Wind,8412
11/20/2025,10,11,Wind,8037
11/6/2025,14,15,Wind,4685
10/21/2025,4,5,Wind,12609
6/20/2020,4,5,Wind,552
6/26/2023,1,2,Wind,5893
1/13/2021,22,23,Wind,9602
1/5/2023,23,0,Wind,6406
6/7/2023,4,5,Wind,4362
6/22/2020,22,23,Wind,1407
4/17/2024,1,2,Wind,5911
10/5/2022,9,10,Wind,8500
5/29/2022,16,17,Solar,8796
1/20/2020,23,0,Wind,4819
1/30/2024,16,17,Wind,3756
12/6/2022,12,13,Solar,3473
3/29/2022,9,10,Wind,3142
10/5/2025,7,8,Wind,12842
12/29/2021,19,20,Wind,13372
5/28/2021,3,4,Wind,2861
4/23/2022,7,8,Wind,6815
2/10/2023,2,3,Wind,544
5/25/2021,18,19,Wind,11985
12/23/2024,19,20,Wind,6490
3/4/2024,18,19,Wind,3839
11/15/2024,19,20,Wind,1842
1/28/2025,20,21,Wind,19528
9/26/2024,1,2,Wind,12343
4/1/2022,20,21,Wind,11386
1/11/2021,7,8,Wind,2480
10/26/2023,3,4,Wind,4828
10/24/2023,15,16,Wind,8894
2/13/2022,15,16,Wind,16432
3/17/2021,13,14,Wind,11230
11/1/2022,11,12,Wind,14749
2/25/2025,19,20,Wind,11975
4/26/2023,11,12,Solar,4874
12/23/2021,22,23,Wind,7384
12/31/2021,10,11,Wind,6718
11/12/2020,13,14,Wind,5211
4/29/2025,18,19,Solar,6850
5/31/2020,4,5,Wind,5058
8/4/2021,4,5,Wind,914
7/3/2020,4,5,Wind,2655
9/29/2025,2,3,Wind,1470
11/19/2022,20,21,Wind,3605
1/5/2020,7,8,Wind,1626
11/11/2020,14,15,Solar,4419
5/15/2021,8,9,Wind,5336
12/24/2021,2,3,Wind,4785
11/2/2023,6,7,Wind,15033
4/25/2021,14,15,Wind,8921
4/8/2023,6,7,Wind,3723
1/10/2022,20,21,Wind,2428
3/11/2025,18,19,Wind,5240
2/1/2022,17,18,Wind,12377
2/12/2023,20,21,Wind,3989
12/14/2021,11,12,Solar,2802
3/7/2021,20,21,Wind,3041
7/3/2024,6,7,Wind,1865
9/21/2024,15,16,Solar,6724
11/30/2020,3,4,Wind,1399
2/4/2021,3,4,Wind,3654
10/27/2021,17,18,Wind,2583
10/10/2024,5,6,Wind,5963
11/11/2025,9,10,Wind,10852
9/27/2023,8,9,Wind,2813
3/16/2024,12,13,Solar,8155
4/7/2022,16,17,Wind,17102
7/26/2021,2,3,Wind,2158
9/4/2024,22,23,Wind,3165
7/28/2024,5,6,Wind,2041
11/14/2025,20,21,Wind,9023
2/5/2023,4,5,Wind,3886
1/23/2020,11,12,Wind,4730
10/23/2022,21,22,Wind,13229
3/18/2024,11,12,Solar,6788
4/9/2022,1,2,Wind,5685
1/30/2025,17,18,Wind,6024
10/6/2024,13,14,Wind,6440
10/21/2024,7,8,Wind,3893
8/9/2025,6,7,Wind,1113
10/14/2022,21,22,Wind,6740
11/15/2020,6,7,Wind,12400
10/18/2020,12,13,Solar,3819
10/4/2023,6,7,Wind,2558
1/11/2021,10,11,Wind,4234
12/27/2023,7,8,Wind,8330
10/19/2025,1,2,Wind,6985
6/8/2022,19,20,Wind,8792
10/23/2020,2,3,Wind,2549
7/14/2020,6,7,Wind,1405
9/24/2024,13,14,Wind,12545
1/2/2022,22,23,Wind,12543
1/24/2024,5,6,Wind,16549
3/31/2020,21,22,Wind,7580
8/14/2021,16,17,Solar,4235
10/18/2023,3,4,Wind,10554
4/22/2024,13,14,Wind,12109
10/31/2024,9,10,Solar,3425
3/22/2021,10,11,Solar,6005
10/10/2025,12,13,Solar,9187
2/10/2020,10,11,Wind,13147
3/22/2023,8,9,Wind,11813
1/12/2024,18,19,Wind,4586
1/2/2020,10,11,Wind,3497
8/6/2022,14,15,Solar,10981
10/8/2023,6,7,Wind,1143
8/15/2020,7,8,Wind,612
9/29/2023,13,14,Wind,11971
1/2/2021,21,22,Wind,1646
1/13/2021,20,21,Wind,10375
2/12/2021,5,6,Wind,8604
1/9/2024,2,3,Wind,4831
11/21/2022,7,8,Wind,5893
12/8/2024,16,17,Wind,14983
2/20/2023,11,12,Solar,6799
4/12/2023,14,15,Wind,17294
5/27/2020,3,4,Wind,4011
10/9/2023,0,1,Wind,1071
10/16/2025,9,10,Wind,6284
4/14/2020,3,4,Wind,7643
10/2/2024,0,1,Wind,5257
3/23/2023,23,0,Wind,13285
7/6/2024,3,4,Wind,7898
2/14/2025,19,20,Wind,6593
2/20/2020,9,10,Wind,9203
8/5/2021,20,21,Wind,7357
1/20/2021,1,2,Wind,11865
4/4/2023,5,6,Wind,6921
7/26/2022,10,11,Solar,4866
2/18/2025,2,3,Wind,4496
8/27/2025,7,8,Wind,2547
9/25/2025,12,13,Solar,7224
9/9/2020,23,0,Wind,1645
1/10/2022,22,23,Wind,2707
3/16/2024,9,10,Wind,6137
12/10/2020,2,3,Wind,5370
6/8/2022,1,2,Wind,3201
9/27/2020,19,20,Wind,6883
3/21/2023,10,11,Wind,7326
2/5/2021,1,2,Wind,2927
11/26/2020,4,5,Wind,2456
8/8/2020,15,16,Solar,3859
11/19/2024,4,5,Wind,17148
3/20/2021,7,8,Wind,4724
6/29/2024,21,22,Wind,4622
2/27/2024,5,6,Wind,11890
8/31/2023,21,22,Wind,5017
10/23/2021,2,3,Wind,1486
12/26/2022,0,1,Wind,8103
8/23/2021,10,11,Solar,5721
10/19/2024,18,19,Wind,3359
10/26/2021,3,4,Wind,2732
1/25/2025,2,3,Wind,13861
12/19/2021,16,17,Wind,3076
11/3/2022,18,19,Wind,10268
12/29/2023,21,22,Wind,11547
4/6/2024,12,13,Wind,11034
1/5/2025,4,5,Wind,14149
11/22/2024,22,23,Wind,7967
12/30/2022,13,14,Wind,17724
3/24/2020,20,21,Wind,6324
3/17/2024,21,22,Wind,1541
3/12/2024,9,10,Wind,7787
4/7/2024,4,5,Wind,8082
4/20/2025,17,18,Wind,7174
12/27/2020,17,18,Wind,9207
11/1/2024,23,0,Wind,1033
5/14/2022,12,13,Solar,6428
3/31/2024,20,21,Wind,6157
2/25/2023,4,5,Wind,3713
5/23/2022,22,23,Wind,4392
3/1/2020,5,6,Wind,10076
2/11/2021,4,5,Wind,4554
3/19/2020,8,9,Wind,2277
11/3/2020,10,11,Wind,6733
5/22/2023,18,19,Wind,6357
7/20/2024,18,19,Solar,5153
10/24/2024,18,19,Wind,4679
2/15/2021,10,11,Wind,11973
11/19/2023,22,23,Wind,12107
8/2/2024,15,16,Solar,9333
10/17/2023,16,17,Wind,7779
5/31/2024,5,6,Wind,5757
11/25/2020,15,16,Wind,3255
2/8/2025,8,9,Wind,7985
10/4/2021,3,4,Wind,4560
8/18/2022,16,17,Solar,5854
5/2/2020,15,16,Wind,6177
1/13/2020,13,14,Wind,8684
9/11/2022,8,9,Solar,1519
7/31/2021,15,16,Wind,5667
5/10/2021,20,21,Wind,2428
11/7/2022,6,7,Wind,11060
9/6/2022,19,20,Wind,3757
2/4/2024,11,12,Wind,9757
7/3/2022,19,20,Wind,3576
2/8/2024,8,9,Wind,12951
1/29/2021,11,12,Wind,15945
12/17/2021,13,14,Wind,8609
10/12/2021,2,3,Wind,2839
7/20/2025,2,3,Wind,4414
10/13/2023,20,21,Wind,15564
3/11/2025,6,7,Wind,2756
8/28/2021,10,11,Solar,5925
7/21/2021,17,18,Solar,4841
6/17/2023,16,17,Solar,5696
6/11/2020,11,12,Wind,4613
9/1/2023,7,8,Wind,5627
9/26/2023,21,22,Wind,881
11/27/2022,10,11,Wind,8557
6/17/2021,20,21,Wind,1906
2/1/2022,15,16,Wind,13948
10/8/2024,18,19,Wind,12202
1/31/2022,23,0,Wind,7446
6/26/2022,5,6,Wind,1619
5/24/2020,19,20,Wind,2814
1/26/2022,4,5,Wind,437
2/11/2024,7,8,Wind,11152
10/27/2022,0,1,Wind,6781
10/10/2023,5,6,Wind,875
1/12/2025,22,23,Wind,4583
8/31/2024,8,9,Wind,4528
1/18/2025,14,15,Solar,3708
11/1/2023,1,2,Wind,13102
6/17/2021,23,0,Wind,2419
7/12/2025,23,0,Wind,4390
10/14/2024,6,7,Wind,4193
4/1/2025,9,10,Wind,12308
4/11/2023,17,18,Wind,10060
7/14/2024,13,14,Solar,3918
6/8/2024,3,4,Wind,2226
5/23/2025,18,19,Solar,7472
6/8/2022,6,7,Wind,3169
6/29/2020,4,5,Wind,2779
5/31/2023,17,18,Wind,12295
4/27/2022,11,12,Solar,8336
9/6/2023,12,13,Solar,7230
6/19/2022,20,21,Wind,6845
6/5/2024,20,21,Wind,2896
12/26/2024,13,14,Solar,5164
11/3/2022,17,18,Wind,9732
9/14/2022,18,19,Wind,3545
8/11/2024,5,6,Wind,3233
9/23/2020,1,2,Wind,2578
7/24/2021,13,14,Solar,5941
6/28/2024,9,10,Solar,5245
12/3/2023,2,3,Wind,5186
4/27/2022,1,2,Wind,5715
6/5/2024,17,18,Solar,7999
3/4/2025,2,3,Wind,2981
7/31/2020,19,20,Wind,2680
12/11/2022,13,14,Solar,4415
7/21/2025,14,15,Wind,18279
4/5/2021,0,1,Wind,3034
9/2/2025,2,3,Wind,6700
8/1/2020,18,19,Wind,4700
8/12/2021,3,4,Wind,658
6/5/2025,9,10,Wind,6567
5/2/2020,23,0,Wind,1995
6/7/2020,20,21,Wind,1757
12/10/2020,12,13,Wind,4482
3/16/2025,1,2,Wind,9701
8/16/2020,16,17,Solar,4140
6/21/2025,4,5,Wind,3684
2/29/2024,23,0,Wind,10209
7/3/2025,12,13,Solar,9673
8/23/2021,16,17,Wind,8045
8/23/2023,7,8,Wind,1913
11/22/2022,3,4,Wind,12384
4/14/2022,22,23,Wind,2071
9/19/2025,0,1,Wind,1646
2/8/2020,0,1,Wind,5263
6/18/2024,14,15,Solar,8073
2/26/2024,22,23,Wind,14009
8/24/2022,15,16,Solar,6479
12/30/2022,23,0,Wind,15563
5/8/2025,7,8,Wind,4906
12/17/2022,4,5,Wind,2514
11/30/2020,19,20,Wind,4565
5/8/2021,2,3,Wind,3342
1/20/2020,4,5,Wind,5838
9/7/2025,3,4,Wind,6232
11/6/2023,18,19,Wind,9158
5/28/2024,2,3,Wind,3822
9/18/2024,8,9,Wind,9755
12/24/2022,20,21,Wind,3967
6/13/2023,18,19,Wind,5817
6/12/2020,5,6,Wind,4176
9/5/2022,19,20,Wind,4462
8/9/2020,13,14,Solar,4165
8/29/2021,23,0,Wind,3282
10/10/2022,14,15,Solar,5391
10/25/2021,14,15,Solar,4691
9/3/2022,2,3,Wind,1631
5/16/2024,23,0,Wind,1144
7/8/2025,6,7,Wind,6022
12/9/2020,23,0,Wind,4479
8/31/2020,15,16,Solar,4639
1/22/2024,23,0,Wind,14488
11/26/2022,2,3,Wind,2309
9/9/2023,5,6,Wind,2152
2/12/2022,19,20,Wind,5510
4/27/2025,10,11,Solar,2863
7/12/2024,14,15,Solar,8639
2/22/2025,18,19,Wind,3417
6/29/2021,18,19,Wind,4173
2/23/2020,16,17,Wind,13120
2/27/2022,13,14,Wind,9210
3/1/2025,12,13,Wind,16333
2/22/2021,11,12,Wind,5542
11/21/2025,6,7,Wind,4687
11/2/2021,22,23,Wind,2476
8/9/2022,7,8,Wind,5571
6/18/2023,1,2,Wind,3494
4/4/2021,11,12,Solar,5569
7/7/2023,0,1,Wind,3295
9/13/2024,10,11,Solar,8382
1/22/2024,7,8,Wind,16892
7/3/2021,14,15,Solar,4278
6/27/2023,7,8,Wind,2543
8/10/2024,18,19,Solar,4061
5/19/2020,0,1,Wind,4528
1/23/2023,18,19,Wind,9130
1/9/2020,23,0,Wind,9955
5/30/2020,6,7,Wind,3912
2/27/2023,18,19,Wind,12892
11/23/2025,3,4,Wind,9182
9/22/2020,16,17,Solar,2481
1/26/2022,6,7,Wind,541
10/11/2022,11,12,Solar,4216
6/28/2021,1,2,Wind,697
8/6/2022,7,8,Wind,5808
12/23/2022,1,2,Wind,10577
9/14/2025,22,23,Wind,15156
9/21/2022,18,19,Wind,3231
5/19/2025,21,22,Wind,5542
4/30/2021,18,19,Solar,1480
8/10/2024,5,6,Wind,1165
12/8/2020,16,17,Wind,2056
9/9/2023,23,0,Wind,3393
1/13/2023,0,1,Wind,14053
11/11/2023,5,6,Wind,4618
6/26/2020,19,20,Wind,2781
4/20/2023,5,6,Wind,8270
5/9/2020,22,23,Wind,2618
2/8/2024,20,21,Wind,14962
10/4/2020,14,15,Wind,12065
4/15/2020,4,5,Wind,6057
12/18/2020,0,1,Wind,5374
3/22/2025,9,10,Wind,8649
7/24/2020,23,0,Wind,1650
2/26/2022,0,1,Wind,2290
9/4/2020,9,10,Solar,2510
10/28/2024,13,14,Solar,5275
12/2/2021,15,16,Wind,8374
7/9/2021,11,12,Solar,4345
1/28/2025,12,13,Wind,20755
1/29/2020,12,13,Wind,9066
1/16/2025,9,10,Wind,6335
5/14/2021,16,17,Wind,9009
6/5/2023,3,4,Wind,6493
3/6/2021,17,18,Wind,4663
2/10/2022,9,10,Wind,5827
2/13/2024,11,12,Wind,9976
1/22/2021,12,13,Wind,3694
4/14/2023,4,5,Wind,4437
6/27/2020,15,16,Wind,11879
1/22/2023,5,6,Wind,5472
10/2/2024,18,19,Wind,2619
4/17/2023,11,12,Solar,8628
7/14/2021,12,13,Wind,8355
9/22/2025,0,1,Wind,6924
12/17/2021,21,22,Wind,7912
6/1/2025,22,23,Wind,2800
8/31/2022,22,23,Wind,3605
5/31/2020,8,9,Wind,3605
5/9/2024,20,21,Wind,3189
6/22/2020,20,21,Wind,1225
9/11/2021,0,1,Wind,1948
8/26/2021,10,11,Solar,5878
5/9/2021,2,3,Wind,7517
10/30/2025,1,2,Wind,8774
1/19/2022,12,13,Wind,4132
4/2/2022,23,0,Wind,4489
2/20/2021,5,6,Wind,10848
11/29/2023,19,20,Wind,2256
1/3/2022,0,1,Wind,11343
6/5/2025,17,18,Wind,8989
9/16/2022,18,19,Wind,7365
9/9/2022,7,8,Wind,8975
4/24/2022,7,8,Wind,2857
1/2/2022,16,17,Wind,12631
4/25/2023,18,19,Wind,3196
3/16/2022,15,16,Wind,3906
11/2/2022,14,15,Wind,9801
9/29/2023,22,23,Wind,1648
6/20/2024,22,23,Wind,1851
1/21/2022,12,13,Solar,6802
9/9/2025,7,8,Wind,1699
6/4/2022,19,20,Wind,3469
7/3/2022,13,14,Solar,7411
10/22/2025,15,16,Wind,7367
8/10/2024,11,12,Solar,4013
10/12/2023,4,5,Wind,4658
11/21/2025,17,18,Wind,5296
3/6/2022,9,10,Wind,5309
11/15/2020,14,15,Wind,13845
1/6/2022,16,17,Wind,3802
5/7/2022,8,9,Wind,3250
11/21/2022,18,19,Wind,12300
1/9/2020,4,5,Wind,8800
2/19/2023,20,21,Wind,2770
11/22/2022,13,14,Wind,15492
6/4/2025,3,4,Wind,3710
10/5/2023,18,19,Solar,1137
8/22/2025,2,3,Wind,4961
3/20/2022,13,14,Solar,5483
4/11/2022,19,20,Wind,6724
4/8/2022,0,1,Wind,10289
7/3/2024,2,3,Wind,1748
2/20/2020,1,2,Wind,6139
1/9/2020,15,16,Wind,10825
8/16/2020,4,5,Wind,923
5/29/2025,12,13,Solar,6381
10/1/2021,17,18,Wind,6537
4/1/2020,23,0,Wind,4128
10/5/2022,0,1,Wind,2618
4/27/2020,21,22,Wind,2404
11/28/2020,7,8,Wind,3665
10/17/2025,14,15,Solar,11199
12/15/2023,15,16,Wind,2828
1/30/2024,11,12,Wind,8388
8/12/2022,3,4,Wind,3948
3/17/2022,14,15,Wind,5314
5/10/2021,4,5,Wind,8471
12/14/2022,1,2,Wind,2247
4/23/2025,11,12,Wind,13912
1/20/2022,21,22,Wind,5370
3/4/2020,16,17,Wind,5443
8/27/2024,15,16,Solar,8798
2/26/2024,1,2,Wind,10722
4/22/2020,9,10,Wind,2841
11/19/2024,0,1,Wind,15486
12/6/2022,19,20,Wind,1815
5/8/2020,7,8,Wind,2515
10/27/2025,12,13,Wind,22452
2/1/2024,10,11,Wind,4833
4/11/2023,20,21,Wind,7522
9/19/2022,8,9,Wind,3271
8/30/2023,15,16,Wind,10275
5/17/2025,17,18,Solar,4603
6/13/2021,10,11,Solar,4787
4/28/2022,6,7,Wind,5506
10/1/2024,18,19,Wind,4682
3/30/2022,2,3,Wind,1350
4/16/2020,3,4,Wind,4636
4/2/2021,11,12,Wind,9954
1/16/2023,6,7,Wind,15525
7/31/2020,4,5,Wind,3685
12/8/2020,10,11,Wind,2306
9/18/2023,0,1,Wind,5468
10/4/2020,10,11,Wind,11518
6/23/2022,12,13,Solar,5685
12/9/2022,17,18,Wind,1881
10/1/2022,23,0,Wind,7344
12/3/2023,11,12,Wind,12406
12/31/2021,13,14,Wind,6421
3/23/2020,10,11,Wind,8233
11/23/2021,20,21,Wind,8096
6/20/2023,5,6,Wind,3487
2/8/2023,22,23,Wind,3011
9/14/2024,4,5,Wind,3459
4/10/2022,14,15,Solar,7988
5/21/2021,23,0,Wind,11524
12/7/2023,8,9,Wind,7877
4/3/2022,19,20,Wind,2512
9/8/2020,15,16,Solar,3897
12/6/2024,19,20,Wind,9651
8/6/2022,18,19,Wind,8747
11/21/2025,9,10,Wind,6893
1/14/2022,1,2,Wind,1517
5/8/2022,23,0,Wind,4844
6/28/2025,14,15,Solar,4950
5/12/2021,3,4,Wind,3670
1/14/2020,9,10,Wind,12280
10/3/2025,7,8,Wind,5460
5/18/2025,18,19,Solar,5908
7/30/2022,3,4,Wind,1146
5/12/2020,17,18,Wind,4300
10/5/2020,21,22,Wind,10439
5/1/2025,9,10,Solar,6779
9/17/2024,3,4,Wind,8671
11/9/2022,21,22,Wind,5119
1/20/2023,4,5,Wind,2231
12/16/2021,1,2,Wind,1899
9/17/2020,12,13,Wind,7559
3/24/2020,0,1,Wind,6950
3/12/2021,17,18,Wind,14718
10/19/2020,13,14,Wind,6665
1/5/2021,4,5,Wind,2149
2/28/2025,11,12,Solar,10114
3/18/2020,4,5,Wind,1041
7/1/2024,6,7,Wind,1783
1/24/2025,19,20,Wind,11632
2/12/2024,13,14,Solar,3923
11/13/2022,18,19,Wind,1603
11/8/2024,8,9,Wind,2912
2/14/2021,17,18,Wind,9623
4/17/2023,7,8,Wind,3838
9/18/2022,17,18,Wind,8857
12/28/2020,0,1,Wind,7003
8/19/2020,13,14,Wind,7629
11/4/2025,6,7,Wind,7859
8/2/2023,5,6,Wind,13625
8/1/2022,12,13,Solar,6287
7/11/2020,15,16,Solar,5871
5/30/2022,6,7,Wind,3036
6/21/2023,8,9,Solar,2124
9/8/2021,14,15,Solar,6649
3/5/2025,16,17,Solar,6187
3/11/2023,15,16,Wind,6047
7/8/2020,3,4,Wind,1651
1/14/2023,16,17,Wind,16567
7/18/2021,16,17,Wind,10390
1/1/2023,10,11,Wind,11454
9/23/2022,3,4,Wind,467
10/2/2021,1,2,Wind,2957
11/8/2025,15,16,Solar,4031
12/22/2021,2,3,Wind,3191
7/15/2022,5,6,Wind,4177
8/8/2022,6,7,Wind,5290
10/29/2023,22,23,Wind,10492
1/18/2024,20,21,Wind,4857
11/24/2021,12,13,Wind,3225
9/8/2020,19,20,Wind,731
1/30/2022,15,16,Solar,2879
1/31/2023,2,3,Wind,2252
9/19/2021,17,18,Wind,4078
5/14/2023,11,12,Solar,6920
8/7/2021,12,13,Wind,10530
3/22/2020,18,19,Wind,8573
5/8/2022,9,10,Solar,5039
8/28/2022,10,11,Solar,6908
10/22/2020,3,4,Wind,6043
8/9/2022,20,21,Wind,6319
1/30/2021,4,5,Wind,5754
9/10/2020,7,8,Wind,1756
11/17/2020,9,10,Wind,4588
10/3/2024,21,22,Wind,6525
3/29/2020,7,8,Wind,11324
7/22/2024,16,17,Solar,10216
3/31/2022,14,15,Wind,12784
6/28/2021,21,22,Wind,2054
1/29/2023,1,2,Wind,1653
6/22/2023,5,6,Wind,3661
11/30/2021,19,20,Wind,12017
2/15/2025,8,9,Wind,6296
5/21/2021,3,4,Wind,9496
11/10/2020,9,10,Solar,1281
3/26/2020,13,14,Wind,9384
11/24/2021,22,23,Wind,1717
8/1/2021,1,2,Wind,2353
2/21/2025,9,10,Wind,14963
10/31/2020,8,9,Wind,7465
2/2/2020,18,19,Wind,9776
10/1/2020,4,5,Wind,4913
2/6/2023,13,14,Solar,9059
10/29/2022,1,2,Wind,4140
8/6/2021,16,17,Wind,10765
6/25/2023,5,6,Wind,2477
1/23/2021,13,14,Wind,7365
10/20/2024,22,23,Wind,9706
7/7/2022,0,1,Wind,3229
10/26/2023,13,14,Wind,8398
12/6/2020,9,10,Wind,2714
10/27/2025,23,0,Wind,8938
1/31/2020,13,14,Wind,8212
11/10/2022,13,14,Solar,6090
1/28/2020,13,14,Wind,14209
2/7/2020,7,8,Wind,6508
12/5/2020,1,2,Wind,4196
5/14/2021,6,7,Wind,3173
6/20/2021,1,2,Wind,3410
5/25/2025,0,1,Wind,6669
2/5/2025,6,7,Wind,1930
1/9/2024,10,11,Wind,5983
12/5/2022,14,15,Solar,3191
4/11/2025,17,18,Solar,7259
2/15/2025,6,7,Wind,4893
9/14/2020,17,18,Solar,3517
10/8/2023,0,1,Wind,3156
7/20/2024,9,10,Solar,4065
7/24/2020,18,19,Wind,4915
3/16/2023,6,7,Wind,7862
4/10/2023,13,14,Wind,11976
10/19/2022,11,12,Wind,8974
11/3/2023,13,14,Wind,11765
3/12/2025,0,1,Wind,4230
7/9/2023,22,23,Wind,1590
8/13/2020,2,3,Wind,2363
3/11/2025,19,20,Wind,5519
5/7/2023,9,10,Solar,2917
8/29/2024,22,23,Wind,2658
10/4/2023,19,20,Wind,1266
11/13/2020,7,8,Wind,6387
7/23/2021,19,20,Wind,5671
3/1/2022,19,20,Wind,2227
4/12/2024,2,3,Wind,1301
1/13/2025,14,15,Solar,8414
8/31/2023,14,15,Solar,10010
5/26/2022,16,17,Wind,7568
1/1/2020,8,9,Wind,1831
2/8/2020,9,10,Wind,5298
9/29/2021,2,3,Wind,6824
8/10/2023,23,0,Wind,2094
10/16/2021,22,23,Wind,1438
10/26/2022,11,12,Wind,8276
6/19/2023,10,11,Solar,4312
10/30/2021,15,16,Wind,7278
9/8/2022,9,10,Wind,7124
12/4/2020,7,8,Wind,10083
2/28/2023,7,8,Wind,9106
2/20/2020,0,1,Wind,6144
9/28/2023,20,21,Wind,3102
5/15/2021,20,21,Wind,6284
6/8/2020,19,20,Wind,5648
11/28/2022,17,18,Wind,2905
10/30/2021,4,5,Wind,8799
11/13/2020,9,10,Wind,7866
3/26/2023,19,20,Wind,8523
11/21/2022,20,21,Wind,11671
3/9/2021,18,19,Wind,2303
7/2/2024,6,7,Wind,2459
3/18/2020,1,2,Wind,910
4/5/2023,0,1,Wind,3184
5/23/2024,5,6,Wind,2847
10/15/2025,15,16,Solar,10379
1/20/2021,19,20,Wind,15182
12/25/2024,20,21,Wind,1692
5/29/2021,18,19,Wind,4894
7/31/2022,11,12,Solar,7466
9/20/2021,1,2,Wind,1945
10/2/2022,17,18,Wind,6289
6/5/2023,12,13,Solar,9388
12/23/2023,12,13,Wind,16497
10/17/2020,23,0,Wind,565
3/19/2025,23,0,Wind,7058
4/10/2023,18,19,Wind,10435
4/23/2023,6,7,Wind,6682
2/25/2025,5,6,Wind,4602
9/7/2025,7,8,Wind,9767
4/17/2022,5,6,Wind,6467
10/14/2021,23,0,Wind,1421
7/13/2022,11,12,Solar,5724
6/26/2020,7,8,Wind,3459
5/23/2024,10,11,Solar,5800
2/16/2020,6,7,Wind,11894
5/13/2020,18,19,Wind,8593
10/15/2024,15,16,Wind,9004
10/29/2020,23,0,Wind,7971
3/10/2023,0,1,Wind,16027
11/9/2021,7,8,Wind,1939
8/30/2025,11,12,Solar,10945
8/2/2020,15,16,Wind,5938
5/29/2023,7,8,Wind,8896
10/19/2021,6,7,Wind,6507
10/25/2023,22,23,Wind,6250
7/4/2025,21,22,Wind,2681
9/25/2023,8,9,Wind,2524
3/17/2021,19,20,Wind,7157
1/13/2023,3,4,Wind,14237
1/13/2023,2,3,Wind,14134
2/28/2022,17,18,Wind,2766
7/15/2025,5,6,Wind,2710
4/28/2021,7,8,Wind,1027
7/21/2021,1,2,Wind,3046
1/30/2025,8,9,Wind,6162
8/26/2025,7,8,Wind,5106
2/4/2023,21,22,Wind,3732
4/28/2021,0,1,Wind,2008
11/12/2022,13,14,Solar,5029
7/15/2022,20,21,Wind,2884
6/4/2021,4,5,Wind,1783
12/2/2021,1,2,Wind,5438
6/15/2025,5,6,Wind,1593
10/28/2022,18,19,Wind,2285
2/1/2023,21,22,Wind,8131
6/5/2020,14,15,Wind,14268
3/2/2022,3,4,Wind,2941
11/7/2024,11,12,Solar,4958
12/29/2023,0,1,Wind,13485
3/1/2021,4,5,Wind,4645
5/4/2025,23,0,Wind,11090
8/30/2020,4,5,Wind,3278
2/23/2025,17,18,Wind,9409
8/27/2023,1,2,Wind,1526
11/13/2020,23,0,Wind,4464
1/11/2023,15,16,Wind,14069
7/28/2022,10,11,Solar,4072
3/9/2024,15,16,Wind,10548
6/16/2023,12,13,Solar,7128
10/7/2020,22,23,Wind,4451
3/10/2021,20,21,Wind,12159
10/9/2021,13,14,Solar,5776
9/6/2025,0,1,Wind,2436
9/29/2025,17,18,Solar,5455
9/20/2021,7,8,Wind,1506
6/20/2020,21,22,Wind,1093
4/7/2024,11,12,Wind,6478
12/9/2023,18,19,Wind,17761
5/4/2024,9,10,Wind,4960
11/27/2024,22,23,Wind,6300
10/21/2025,9,10,Wind,9585
7/24/2023,8,9,Wind,5201
4/1/2022,22,23,Wind,9760
3/8/2022,22,23,Wind,5542
3/9/2023,15,16,Wind,16072
8/30/2023,4,5,Wind,2544
4/28/2020,21,22,Wind,4380
2/5/2022,5,6,Wind,3960
11/30/2024,0,1,Wind,6591
10/31/2020,20,21,Wind,7697
12/20/2020,14,15,Wind,5058
3/26/2022,21,22,Wind,9655
8/23/2023,22,23,Wind,2878
4/10/2023,0,1,Wind,4154
11/12/2024,12,13,Wind,13821
1/8/2025,23,0,Wind,11602
9/10/2021,9,10,Wind,2309
12/22/2024,5,6,Wind,18462
9/18/2020,5,6,Wind,6121
6/5/2023,0,1,Wind,6765
6/16/2025,22,23,Wind,2985
1/22/2025,0,1,Wind,7047
7/12/2023,14,15,Solar,9655
6/5/2025,4,5,Wind,3181
7/3/2022,5,6,Wind,1353
10/10/2023,1,2,Wind,680
9/29/2022,0,1,Wind,2449
1/4/2024,16,17,Wind,10931
5/3/2023,10,11,Solar,9478
6/13/2021,16,17,Solar,4566
2/6/2021,4,5,Wind,2253
6/11/2020,6,7,Wind,1481
10/31/2023,22,23,Wind,10307
7/9/2021,23,0,Wind,434
2/8/2021,7,8,Wind,1105
5/20/2022,3,4,Wind,2933
2/27/2022,1,2,Wind,10300
1/23/2021,3,4,Wind,6582
2/22/2022,0,1,Wind,8498
6/25/2021,6,7,Wind,1377
11/11/2022,8,9,Wind,3982
7/4/2023,5,6,Wind,1523
7/12/2022,23,0,Wind,1437
1/20/2020,12,13,Wind,6951
6/4/2025,5,6,Wind,3073
7/23/2023,4,5,Wind,8936
1/25/2022,21,22,Wind,248
3/31/2025,15,16,Solar,7283
4/10/2023,7,8,Wind,5346
12/3/2021,12,13,Wind,13055
1/10/2021,11,12,Wind,4518
1/3/2021,17,18,Wind,1978
3/7/2021,7,8,Wind,1732
5/19/2025,14,15,Solar,9719
8/23/2024,20,21,Wind,3598
7/4/2023,12,13,Solar,8076
3/13/2020,18,19,Wind,2103
11/19/2025,2,3,Wind,10319
9/19/2021,5,6,Wind,3543
2/18/2021,11,12,Wind,11394
5/6/2023,2,3,Wind,1612
3/10/2024,12,13,Solar,4844
8/28/2022,8,9,Wind,4373
5/25/2024,3,4,Wind,486
7/22/2021,18,19,Solar,4196
11/5/2020,2,3,Wind,4549
6/19/2024,16,17,Wind,9236
1/29/2022,18,19,Wind,9659
8/4/2024,14,15,Solar,4683
2/26/2020,14,15,Wind,12740
12/8/2020,9,10,Wind,2115
4/24/2023,3,4,Wind,8989
4/27/2023,22,23,Wind,2872
2/11/2020,22,23,Wind,9464
8/16/2021,15,16,Wind,10967
8/12/2025,15,16,Solar,11867
4/14/2023,12,13,Wind,13117
8/8/2025,13,14,Solar,4829
9/12/2023,21,22,Wind,1026
11/10/2021,21,22,Wind,1100
2/26/2023,19,20,Wind,14626
1/15/2025,15,16,Solar,4833
11/24/2021,10,11,Wind,3613
9/16/2021,2,3,Wind,801
2/22/2023,18,19,Wind,1781
12/7/2023,10,11,Wind,9474
9/30/2024,20,21,Wind,12537
8/30/2022,9,10,Solar,3450
5/6/2020,6,7,Wind,2933
2/11/2021,16,17,Wind,8293
10/24/2024,17,18,Wind,5396
8/10/2024,14,15,Solar,4672
7/3/2024,19,20,Wind,7412
10/23/2021,23,0,Wind,3721
10/21/2022,3,4,Wind,8137
1/1/2021,22,23,Wind,1180
7/9/2023,20,21,Wind,2531
6/13/2021,20,21,Wind,1867
1/12/2024,6,7,Wind,6482
8/5/2022,3,4,Wind,3237
5/10/2022,3,4,Wind,1668
8/22/2024,4,5,Wind,3096
7/14/2025,1,2,Wind,3725
11/12/2025,20,21,Wind,14823
1/26/2021,5,6,Wind,4695
11/11/2021,11,12,Solar,3116
5/1/2023,8,9,Wind,3488
8/17/2021,5,6,Wind,1763
12/17/2023,6,7,Wind,2489
2/13/2022,8,9,Wind,10633
6/12/2022,15,16,Solar,6755
8/26/2024,17,18,Solar,6696
8/14/2025,1,2,Wind,3836
7/11/2025,15,16,Solar,13010
8/8/2024,22,23,Wind,2384
4/6/2020,16,17,Wind,4560
12/15/2020,7,8,Wind,4115
11/29/2024,16,17,Wind,5161
2/16/2021,8,9,Wind,10493
1/5/2024,13,14,Wind,8004
8/21/2020,11,12,Wind,9196
11/24/2025,23,0,Wind,9859
10/10/2020,10,11,Wind,3218
12/1/2022,1,2,Wind,3530
9/19/2024,6,7,Wind,7703
4/28/2023,1,2,Wind,3785
8/24/2024,5,6,Wind,6290
10/27/2020,15,16,Wind,12343
5/18/2024,15,16,Solar,3498
1/22/2023,4,5,Wind,5470
2/24/2022,15,16,Wind,14963
6/21/2021,7,8,Wind,2028
2/4/2020,6,7,Wind,10382
12/6/2021,14,15,Wind,7606
8/11/2021,23,0,Wind,649
4/21/2025,13,14,Solar,9040
3/12/2020,13,14,Wind,9809
6/27/2020,0,1,Wind,2394
1/18/2023,17,18,Wind,5015
12/7/2024,16,17,Wind,18962
4/22/2021,15,16,Solar,8639
12/7/2023,0,1,Wind,3287
10/31/2020,5,6,Wind,3820
1/30/2020,15,16,Wind,9506
1/10/2025,20,21,Wind,2510
7/15/2020,10,11,Solar,2757
1/8/2025,12,13,Wind,10822
8/1/2021,3,4,Wind,2241
6/22/2025,5,6,Wind,4248
5/21/2025,21,22,Wind,4679
2/26/2020,18,19,Wind,7047
7/29/2022,10,11,Solar,2739
10/29/2024,13,14,Solar,4895
8/8/2025,0,1,Wind,1567
7/24/2025,3,4,Wind,2737
7/24/2024,7,8,Wind,1662
9/14/2021,22,23,Wind,2561
11/5/2021,9,10,Wind,3549
1/3/2025,8,9,Wind,2780
3/27/2025,16,17,Solar,7505
3/16/2024,2,3,Wind,9263
5/5/2020,1,2,Wind,7581
11/13/2023,22,23,Wind,13287
10/28/2021,17,18,Wind,7550
2/2/2021,0,1,Wind,4591
11/27/2025,22,23,Wind,9060
2/27/2025,12,13,Solar,10509
9/10/2020,5,6,Wind,1520
5/13/2022,3,4,Wind,2259
4/20/2024,6,7,Wind,6843
9/11/2024,2,3,Wind,12186
8/28/2021,9,10,Wind,4695
2/9/2022,20,21,Wind,2904
7/28/2025,8,9,Wind,5042
9/17/2024,21,22,Wind,11467
8/26/2022,19,20,Wind,3302
8/1/2020,15,16,Solar,5018
11/9/2024,8,9,Wind,1068
8/25/2025,15,16,Solar,7809
3/22/2025,5,6,Wind,10046
9/29/2024,5,6,Wind,4184
1/23/2024,13,14,Wind,14554
12/30/2021,21,22,Wind,5232
2/11/2024,3,4,Wind,9950
11/24/2020,10,11,Wind,4072
7/13/2021,2,3,Wind,3179
9/12/2024,18,19,Wind,7064
10/20/2025,2,3,Wind,12375
3/8/2024,16,17,Wind,9778
5/25/2021,15,16,Wind,14727
6/23/2020,11,12,Solar,4697
10/25/2023,16,17,Wind,9789
9/18/2020,0,1,Wind,7624
12/31/2020,8,9,Wind,4772
2/24/2025,12,13,Wind,14960
3/23/2024,2,3,Wind,8847
12/29/2020,0,1,Wind,6758
5/23/2022,11,12,Wind,7317
6/30/2021,17,18,Solar,5107
3/12/2024,5,6,Wind,4636
8/23/2021,5,6,Wind,2544
7/3/2020,11,12,Solar,5565
11/20/2024,0,1,Wind,10966
10/21/2024,14,15,Solar,8576
1/31/2024,21,22,Wind,6958
10/15/2022,13,14,Wind,12842
11/11/2024,22,23,Wind,9013
5/4/2021,9,10,Wind,14428
8/28/2025,14,15,Wind,11811
11/1/2025,13,14,Wind,12989
12/12/2021,3,4,Wind,5746
3/17/2023,5,6,Wind,6607
4/14/2023,22,23,Wind,6352
6/1/2023,5,6,Wind,5944
7/23/2024,19,20,Wind,6876
12/22/2022,20,21,Wind,11231
4/1/2020,19,20,Wind,2807
11/18/2023,10,11,Wind,13691
6/10/2021,14,15,Solar,4965
1/13/2021,5,6,Wind,3256
1/13/2024,3,4,Wind,1768
10/17/2022,10,11,Wind,7280
4/20/2022,2,3,Wind,4524
4/6/2021,13,14,Wind,10567
4/15/2025,10,11,Wind,7707
6/7/2020,12,13,Solar,4034
9/22/2020,21,22,Wind,1609
10/13/2020,20,21,Wind,2972
11/13/2024,20,21,Wind,5226
10/28/2021,19,20,Wind,9019
2/6/2021,9,10,Wind,2622
3/7/2024,3,4,Wind,4231
10/23/2024,7,8,Wind,1879
6/6/2023,13,14,Solar,8791
3/18/2025,14,15,Solar,15482
1/22/2024,21,22,Wind,15233
10/10/2024,12,13,Solar,9239
8/11/2025,12,13,Solar,11811
12/21/2021,16,17,Wind,1542
12/5/2020,13,14,Wind,6487
11/28/2020,15,16,Wind,3185
1/10/2024,22,23,Wind,4585
4/1/2020,16,17,Solar,4382
11/24/2022,20,21,Wind,10354
1/16/2023,8,9,Wind,13709
5/9/2023,22,23,Wind,6924
2/28/2024,11,12,Solar,6202
3/24/2022,1,2,Wind,2524
11/24/2020,7,8,Wind,2279
5/7/2024,18,19,Wind,7770
4/8/2023,23,0,Wind,4412
10/3/2020,19,20,Wind,7108
4/8/2020,19,20,Mixed,734
2/27/2024,17,18,Wind,7380
2/21/2021,8,9,Wind,9213
4/22/2023,7,8,Wind,5609
8/2/2020,18,19,Wind,4871
11/20/2023,12,13,Wind,15091
6/2/2024,6,7,Wind,5152
4/2/2020,3,4,Wind,2626
3/8/2025,11,12,Wind,13266
10/8/2021,21,22,Wind,5904
5/11/2022,14,15,Wind,14433
8/20/2023,1,2,Wind,1002
1/7/2025,8,9,Wind,13480
5/19/2025,10,11,Solar,7282
3/22/2020,12,13,Wind,11659
2/17/2023,19,20,Wind,7792
6/13/2023,21,22,Wind,4475
4/17/2022,17,18,Solar,6429
7/13/2021,22,23,Wind,5138
8/20/2023,5,6,Wind,1280
1/16/2022,10,11,Wind,4636
5/11/2022,2,3,Wind,2736
10/5/2022,3,4,Wind,4471
3/31/2022,4,5,Wind,3831
1/10/2024,20,21,Wind,4138
2/26/2022,15,16,Wind,10942
11/7/2021,0,1,Wind,6306
1/15/2021,10,11,Wind,6542
7/6/2022,22,23,Wind,2970
3/24/2021,20,21,Wind,2368
3/20/2020,16,17,Wind,7571
8/14/2022,18,19,Wind,5741
2/22/2023,5,6,Wind,3023
2/22/2022,9,10,Wind,9332
3/18/2021,11,12,Wind,5883
5/5/2024,18,19,Wind,3357
12/29/2023,7,8,Wind,13436
7/26/2021,8,9,Wind,2404
12/9/2021,20,21,Wind,9324
10/20/2023,12,13,Wind,8010
3/11/2020,7,8,Wind,9918
10/19/2025,9,10,Wind,9462
7/16/2020,8,9,Wind,2052
3/26/2022,19,20,Wind,8727
9/13/2020,18,19,Solar,1409
3/11/2023,16,17,Wind,5380
8/27/2021,23,0,Wind,4935
11/20/2025,6,7,Wind,6440
3/4/2024,14,15,Wind,8536
9/17/2025,5,6,Wind,2635
11/1/2022,2,3,Wind,11847
10/20/2022,22,23,Wind,7850
8/1/2021,0,1,Wind,2328
6/3/2022,2,3,Wind,3594
11/17/2025,5,6,Wind,7289
3/10/2021,13,14,Wind,13181
4/22/2022,11,12,Solar,6901
9/16/2021,17,18,Solar,2312
9/22/2020,12,13,Solar,1995
7/12/2020,15,16,Solar,5458
2/8/2025,12,13,Wind,8188
12/1/2021,0,1,Wind,13034
3/18/2025,0,1,Wind,11712
6/19/2021,11,12,Solar,3726
4/11/2021,15,16,Wind,7951
6/2/2023,4,5,Wind,7451
7/4/2024,14,15,Wind,8633
10/27/2022,7,8,Wind,7999
5/22/2020,7,8,Wind,4098
9/12/2022,21,22,Wind,2526
2/8/2022,15,16,Solar,5894
5/15/2023,8,9,Wind,3591
2/5/2025,20,21,Wind,3307
4/17/2022,19,20,Wind,3557
8/4/2021,7,8,Wind,920
6/16/2021,15,16,Solar,4912
9/10/2025,14,15,Wind,7238
8/15/2023,15,16,Solar,6257
1/12/2024,5,6,Wind,6745
7/29/2023,0,1,Wind,3723
5/29/2025,23,0,Wind,1461
6/30/2024,20,21,Wind,3026
6/23/2025,8,9,Wind,7940
2/2/2020,3,4,Wind,6986
12/27/2024,23,0,Wind,538
11/3/2023,1,2,Wind,12524
10/4/2021,4,5,Wind,4762
8/3/2020,3,4,Wind,2072
9/10/2021,10,11,Solar,3001
1/8/2024,19,20,Wind,7240
6/19/2023,22,23,Wind,2482
4/8/2024,17,18,Wind,9789
1/21/2024,12,13,Wind,14981
11/16/2025,5,6,Wind,1531
6/26/2020,5,6,Wind,2916
10/7/2025,21,22,Wind,1606
6/24/2020,22,23,Wind,3969
9/6/2024,2,3,Wind,1353
6/18/2020,10,11,Solar,2939
3/2/2023,5,6,Wind,4799
9/26/2020,19,20,Wind,8525
11/28/2024,18,19,Wind,2317
12/16/2022,23,0,Wind,2910
5/26/2022,3,4,Wind,4093
3/19/2025,18,19,Wind,5123
3/30/2022,17,18,Wind,3498
4/9/2024,16,17,Wind,12008
12/15/2020,14,15,Wind,3517
3/2/2020,12,13,Wind,6340
10/31/2024,22,23,Wind,938
4/23/2024,9,10,Solar,6165
7/13/2021,6,7,Wind,2756
10/19/2021,18,19,Wind,6945
11/27/2023,19,20,Wind,12233
2/6/2020,8,9,Wind,3668
5/6/2021,20,21,Wind,4428
5/5/2022,2,3,Wind,2110
12/7/2020,4,5,Wind,805
2/12/2022,23,0,Wind,7209
10/3/2022,7,8,Wind,935
4/29/2021,19,20,Wind,1611
12/8/2022,9,10,Wind,1913
6/7/2020,19,20,Wind,2273
12/1/2020,23,0,Wind,6379
7/23/2022,9,10,Solar,2822
8/17/2024,23,0,Wind,2663
6/14/2025,11,12,Solar,4466
5/28/2022,10,11,Solar,7134
1/12/2025,9,10,Wind,4126
8/12/2023,18,19,Wind,7070
9/10/2020,1,2,Wind,1590
11/23/2021,8,9,Wind,8626
2/25/2022,12,13,Wind,10072
10/25/2020,11,12,Wind,8207
11/29/2024,20,21,Wind,8336
2/24/2024,22,23,Wind,9986
11/22/2024,23,0,Wind,8125
11/29/2025,13,14,Wind,16096
7/26/2020,15,16,Wind,7625
7/4/2021,21,22,Wind,3113
3/29/2020,13,14,Wind,15389
12/30/2020,21,22,Wind,5610
11/7/2021,4,5,Wind,6367
8/3/2022,3,4,Wind,1015
8/6/2024,15,16,Solar,8639
6/18/2021,9,10,Wind,4596
9/15/2025,21,22,Wind,13308
3/24/2025,1,2,Wind,1119
9/9/2021,2,3,Wind,2616
6/9/2020,9,10,Wind,3904
2/15/2023,12,13,Solar,6633
7/24/2024,12,13,Solar,7653
8/5/2020,5,6,Wind,1202
10/5/2021,12,13,Wind,11893
7/21/2023,16,17,Solar,9552
5/15/2024,10,11,Solar,4951
6/21/2020,6,7,Wind,2526
9/30/2023,5,6,Wind,699
8/9/2024,10,11,Solar,10533
9/14/2025,16,17,Wind,13616
3/11/2020,14,15,Wind,11918
8/5/2022,18,19,Wind,8643
3/17/2024,1,2,Wind,3625
9/17/2025,20,21,Wind,2744
2/16/2023,21,22,Wind,8443
12/9/2023,8,9,Wind,15012
10/21/2025,6,7,Wind,11415
7/28/2020,22,23,Wind,2819
11/7/2021,23,0,Wind,3016
7/11/2022,7,8,Wind,3699
7/11/2020,13,14,Solar,5688
2/10/2023,10,11,Solar,4786
4/13/2023,20,21,Wind,3754
12/11/2023,13,14,Wind,10595
12/30/2023,15,16,Wind,10826
10/14/2024,22,23,Wind,699
6/12/2025,17,18,Solar,9016
1/18/2025,4,5,Wind,1176
11/17/2023,3,4,Wind,5129
4/12/2020,16,17,Wind,4173
10/1/2024,2,3,Wind,9541
6/3/2020,22,23,Wind,3757
1/15/2022,0,1,Wind,769
1/16/2022,22,23,Wind,1868
3/29/2021,12,13,Solar,6018
6/28/2021,8,9,Wind,2100
12/26/2024,18,19,Wind,3043
10/10/2023,12,13,Solar,6789
6/24/2024,19,20,Wind,4356
12/21/2022,22,23,Wind,12008
9/19/2022,2,3,Wind,2821
7/5/2025,2,3,Wind,3135
5/2/2021,23,0,Wind,844
7/29/2025,9,10,Solar,6595
10/24/2021,9,10,Wind,5847
5/5/2024,5,6,Wind,2166
5/26/2023,7,8,Wind,5845
2/29/2024,1,2,Wind,7752
6/22/2020,16,17,Solar,4337
9/13/2021,7,8,Wind,1797
4/28/2024,16,17,Wind,5128
11/26/2023,3,4,Wind,2503
12/24/2021,20,21,Wind,3166
7/12/2025,0,1,Wind,5821
1/10/2025,13,14,Wind,5218
4/30/2024,6,7,Wind,3423
10/5/2020,12,13,Wind,10831
1/6/2025,13,14,Wind,19229
6/22/2021,0,1,Wind,3598
4/27/2023,10,11,Solar,5158
2/24/2024,16,17,Wind,13323
1/28/2020,23,0,Wind,10245
8/3/2024,16,17,Solar,10283
6/10/2021,17,18,Solar,3889
7/15/2021,21,22,Wind,5456
8/24/2024,9,10,Wind,11302
6/15/2023,0,1,Wind,3841
8/2/2023,20,21,Wind,16199
8/28/2023,14,15,Solar,8297
7/27/2023,13,14,Wind,16140
12/11/2022,10,11,Wind,3357
1/15/2021,16,17,Wind,4160
8/1/2025,2,3,Wind,2452
6/6/2021,10,11,Solar,4295
2/4/2023,4,5,Wind,3005
7/21/2020,9,10,Wind,3624
2/18/2025,9,10,Wind,7937
3/5/2020,1,2,Wind,4830
10/27/2021,6,7,Wind,1856
9/5/2025,16,17,Solar,8160
6/20/2021,15,16,Solar,4263
9/30/2022,22,23,Wind,11281
8/4/2022,15,16,Solar,6612
2/17/2022,3,4,Wind,15425
11/19/2023,2,3,Wind,11768
7/24/2023,5,6,Wind,3747
1/6/2023,3,4,Wind,7498
9/10/2020,3,4,Wind,1464
2/13/2021,21,22,Wind,7938
9/1/2024,23,0,Wind,1829
9/18/2022,16,17,Wind,10662
5/8/2024,11,12,Solar,9309
11/1/2025,12,13,Wind,13571
5/11/2023,6,7,Wind,1785
10/20/2024,9,10,Wind,10731
8/19/2023,21,22,Wind,1138
7/13/2021,17,18,Wind,8191
10/28/2021,12,13,Wind,8081
6/24/2024,7,8,Wind,3343
4/4/2022,13,14,Wind,14658
2/6/2025,15,16,Wind,12802
11/2/2024,4,5,Wind,2302
2/20/2020,20,21,Wind,10205
12/21/2020,21,22,Wind,12841
8/28/2021,3,4,Wind,4238
9/8/2024,11,12,Wind,10513
10/23/2023,3,4,Wind,5093
10/2/2022,19,20,Wind,2036
9/24/2025,0,1,Wind,7722
12/20/2020,11,12,Wind,4824
9/20/2021,12,13,Solar,4553
9/22/2021,15,16,Solar,5064
3/11/2024,8,9,Wind,5348
9/1/2022,8,9,Wind,3031
8/12/2022,14,15,Solar,8451
3/12/2022,5,6,Wind,7462
10/30/2023,22,23,Wind,7245
4/24/2020,3,4,Wind,657
10/5/2025,4,5,Wind,8147
5/12/2024,19,20,Wind,5632
9/17/2022,15,16,Wind,11073
7/5/2023,22,23,Wind,1807
8/22/2020,6,7,Wind,4700
7/26/2020,17,18,Wind,6496
10/7/2020,13,14,Wind,9149
5/19/2020,19,20,Wind,3748
9/21/2022,2,3,Wind,2723
3/15/2022,16,17,Wind,3933
11/28/2021,2,3,Wind,8881
2/5/2023,19,20,Wind,9968
2/3/2023,12,13,Wind,11348
6/10/2022,15,16,Solar,8041
5/12/2020,3,4,Wind,6543
2/18/2020,20,21,Wind,9879
5/11/2022,4,5,Wind,2821
4/8/2023,0,1,Wind,3557
1/9/2025,23,0,Wind,4758
10/17/2020,13,14,Solar,3290
1/21/2024,22,23,Wind,16136
12/10/2022,3,4,Wind,1543
3/24/2024,10,11,Wind,16116
10/18/2020,23,0,Wind,1125
10/16/2023,16,17,Wind,9740
11/26/2020,11,12,Solar,3786
11/22/2020,9,10,Wind,2589
9/10/2020,9,10,Wind,2274
10/28/2024,12,13,Solar,5573
4/13/2022,20,21,Wind,842
7/11/2020,17,18,Solar,5424
1/3/2021,7,8,Wind,1585
9/15/2022,9,10,Solar,3020
11/24/2025,10,11,Wind,10844
9/9/2023,17,18,Solar,4641
8/4/2024,23,0,Wind,1206
3/9/2021,19,20,Wind,2211
7/15/2024,18,19,Wind,9607
7/7/2020,5,6,Wind,2065
3/22/2022,22,23,Wind,4118
2/19/2025,19,20,Wind,6479
11/30/2023,8,9,Wind,2057
10/28/2021,21,22,Wind,10901
7/6/2020,22,23,Wind,3254
8/17/2023,17,18,Solar,5607
1/1/2025,22,23,Wind,13470
4/5/2022,10,11,Wind,7929
5/27/2025,8,9,Wind,10667
10/11/2022,16,17,Solar,2759
3/31/2021,20,21,Wind,999
10/28/2020,19,20,Wind,11877
11/7/2022,22,23,Wind,11697
10/1/2021,15,16,Wind,8557
10/18/2025,15,16,Solar,9736
11/19/2021,21,22,Wind,1916
2/26/2023,1,2,Wind,10810
11/22/2023,4,5,Wind,7164
8/30/2023,12,13,Solar,9184
8/4/2021,3,4,Wind,943
10/27/2021,2,3,Wind,2454
6/10/2025,2,3,Wind,1311
1/26/2025,9,10,Wind,14060
6/15/2020,15,16,Solar,5686
5/27/2021,7,8,Wind,1177
10/15/2021,18,19,Wind,1257
12/15/2024,14,15,Wind,10062
10/27/2022,3,4,Wind,7499
9/17/2022,3,4,Wind,5283
4/14/2024,10,11,Solar,3077
1/23/2020,20,21,Wind,3133
3/12/2022,10,11,Wind,6676
10/1/2023,10,11,Solar,5779
2/26/2025,3,4,Wind,8732
9/16/2024,6,7,Wind,2636
8/15/2025,17,18,Solar,8633
5/2/2021,15,16,Solar,5144
7/23/2025,22,23,Wind,2162
6/19/2024,9,10,Wind,6893
2/14/2024,15,16,Wind,10137
7/23/2024,10,11,Wind,11615
11/12/2024,23,0,Wind,7849
12/22/2022,17,18,Wind,12029
6/7/2025,9,10,Wind,11333
1/12/2024,19,20,Wind,4585
8/16/2024,17,18,Solar,6928
5/18/2022,15,16,Solar,6498
2/13/2020,3,4,Wind,9610
10/8/2020,20,21,Wind,6319
4/29/2023,0,1,Wind,2558
10/14/2020,10,11,Wind,4140
7/10/2021,5,6,Wind,427
9/7/2025,22,23,Wind,3835
12/17/2021,20,21,Wind,8332
1/12/2022,12,13,Solar,5070
11/4/2021,6,7,Wind,3071
2/9/2022,18,19,Wind,1720
7/8/2024,2,3,Wind,597
4/4/2024,22,23,Wind,7976
9/19/2023,21,22,Wind,6231
11/27/2024,15,16,Wind,16337
8/10/2025,1,2,Wind,4725
8/16/2024,20,21,Wind,1979
11/25/2023,18,19,Wind,5110
2/8/2020,8,9,Wind,5354
11/17/2020,1,2,Wind,4913
2/16/2023,16,17,Wind,8528
10/12/2023,18,19,Wind,3650
4/14/2025,9,10,Solar,4106
5/8/2023,1,2,Wind,1722
7/12/2024,19,20,Wind,5280
10/22/2020,2,3,Wind,5954
2/26/2021,21,22,Wind,5556
9/19/2025,18,19,Wind,5075
9/14/2021,14,15,Solar,4781
10/5/2020,7,8,Wind,9178
11/7/2021,18,19,Wind,3251
5/20/2021,2,3,Wind,2509
9/17/2022,12,13,Solar,11048
5/18/2022,8,9,Solar,2550
1/20/2024,7,8,Wind,3003
12/31/2023,13,14,Wind,19009
5/29/2020,5,6,Wind,5714
6/13/2022,18,19,Solar,4174
4/5/2021,19,20,Wind,7692
6/22/2024,18,19,Wind,6541
3/30/2024,6,7,Wind,3049
10/17/2024,9,10,Wind,2870
10/9/2020,17,18,Wind,4301
4/7/2021,19,20,Wind,4423
5/23/2020,0,1,Wind,1584
2/4/2020,23,0,Wind,6042
9/11/2024,1,2,Wind,13225
8/16/2020,18,19,Wind,3231
5/20/2023,17,18,Wind,8960
5/30/2022,11,12,Solar,5805
4/19/2020,16,17,Wind,3401
2/18/2020,7,8,Wind,7546
1/25/2025,1,2,Wind,13178
7/13/2024,21,22,Wind,495
4/12/2021,0,1,Wind,3907
11/30/2020,12,13,Solar,3428
3/2/2021,5,6,Wind,3830
8/27/2023,7,8,Wind,3291
8/11/2022,14,15,Solar,9814
9/10/2022,21,22,Wind,1383
9/13/2025,11,12,Wind,13079
1/9/2021,18,19,Wind,5554
8/13/2025,0,1,Wind,1079
5/13/2022,17,18,Solar,5316
10/9/2023,20,21,Wind,633
3/15/2025,14,15,Wind,17487
5/5/2025,1,2,Wind,11299
1/22/2024,22,23,Wind,14874
5/31/2021,5,6,Wind,4267
9/10/2023,4,5,Wind,2925
1/7/2024,23,0,Wind,11825
10/14/2021,10,11,Solar,4395
7/29/2024,6,7,Wind,4901
12/18/2024,0,1,Wind,11083
7/20/2020,13,14,Solar,6056
4/26/2024,7,8,Wind,2306
10/14/2022,15,16,Wind,8043
2/7/2023,2,3,Wind,8333
9/11/2025,23,0,Wind,9886
4/18/2023,2,3,Wind,7282
1/1/2020,13,14,Solar,2179
11/29/2024,13,14,Solar,9274
5/20/2020,2,3,Wind,3379
7/25/2024,10,11,Solar,6652
1/26/2024,10,11,Wind,13491
3/5/2020,23,0,Wind,11744
3/31/2021,6,7,Wind,2337
4/9/2020,8,9,Wind,1646
8/31/2021,2,3,Wind,3911
8/14/2024,12,13,Solar,5527
3/29/2021,17,18,Solar,3653
8/15/2024,7,8,Wind,1835
1/5/2024,4,5,Wind,10751
12/25/2024,4,5,Wind,1660
1/31/2023,15,16,Wind,8279
11/30/2023,6,7,Wind,1720
1/16/2023,10,11,Wind,13053
10/25/2020,23,0,Wind,5979
12/16/2022,0,1,Wind,6512
7/5/2022,1,2,Wind,3965
4/11/2024,14,15,Solar,8394
11/27/2024,18,19,Wind,11592
6/17/2021,15,16,Solar,4423
7/31/2021,22,23,Wind,2465
8/9/2024,1,2,Wind,4096
6/5/2025,19,20,Wind,12883
9/19/2020,14,15,Solar,4379
2/22/2025,8,9,Wind,9907
3/5/2020,11,12,Wind,8354
1/30/2020,7,8,Wind,7489
4/19/2022,1,2,Wind,3165
10/6/2022,15,16,Solar,4490
3/31/2024,6,7,Wind,6910
12/14/2021,16,17,Wind,1044
2/13/2024,0,1,Wind,4028
9/12/2024,9,10,Solar,4394
12/11/2022,20,21,Wind,1696
5/18/2025,2,3,Wind,3426
3/20/2022,7,8,Wind,4385
4/3/2021,14,15,Wind,14509
10/3/2021,11,12,Wind,9220
6/6/2020,21,22,Wind,4463
9/12/2024,11,12,Solar,8547
10/5/2021,15,16,Wind,12630
2/21/2023,15,16,Solar,2814
11/13/2021,11,12,Wind,5215
9/20/2025,12,13,Wind,14118
12/27/2022,13,14,Wind,5942
8/28/2022,18,19,Wind,5283
12/17/2021,6,7,Wind,6776
7/12/2020,21,22,Wind,3449
3/4/2022,20,21,Wind,3467
2/14/2025,20,21,Wind,6797
12/5/2022,0,1,Wind,651
9/30/2021,9,10,Wind,3665
12/19/2023,5,6,Wind,6382
2/7/2020,5,6,Wind,5950
7/23/2021,18,19,Wind,6578
4/22/2025,23,0,Wind,4014
12/16/2021,0,1,Wind,1963
10/16/2020,10,11,Wind,3717
2/12/2020,16,17,Wind,6417
10/9/2025,21,22,Wind,2560
10/19/2020,16,17,Wind,7070
9/15/2023,12,13,Solar,7979
1/14/2023,7,8,Wind,15076
5/26/2022,6,7,Wind,3097
5/18/2025,15,16,Solar,5153
9/18/2025,11,12,Solar,9025
7/16/2024,7,8,Wind,8251
7/21/2021,21,22,Wind,1981
5/25/2023,21,22,Wind,6881
3/2/2021,8,9,Wind,4249
10/9/2020,4,5,Wind,2120
10/27/2022,11,12,Wind,8707
7/14/2022,20,21,Wind,5814
3/20/2025,21,22,Wind,8025
9/4/2023,20,21,Wind,6645
2/22/2023,23,0,Wind,1354
4/24/2022,16,17,Wind,6214
11/3/2021,12,13,Wind,4679
4/23/2022,10,11,Wind,6867
10/18/2025,13,14,Solar,12634
3/30/2021,18,19,Solar,2212
7/16/2020,13,14,Solar,4638
12/18/2020,13,14,Wind,7780
2/8/2025,0,1,Wind,9188
8/16/2025,13,14,Solar,7844
4/21/2025,12,13,Solar,8547
10/25/2021,5,6,Wind,2505
6/30/2022,14,15,Solar,5734
7/6/2021,18,19,Wind,6758
1/10/2020,17,18,Wind,2253
5/17/2023,4,5,Wind,6498
8/27/2024,2,3,Wind,2742
12/5/2023,5,6,Wind,12293
12/12/2021,18,19,Wind,2239
2/13/2024,3,4,Wind,3853
9/30/2021,17,18,Wind,5479
12/28/2020,2,3,Wind,6709
8/11/2023,16,17,Solar,7292
10/3/2022,8,9,Wind,1325
1/12/2022,6,7,Wind,2250
5/5/2023,4,5,Wind,2494
9/4/2020,13,14,Solar,5089
8/16/2020,13,14,Solar,4566
12/15/2020,13,14,Wind,3543
1/30/2024,19,20,Wind,1255
11/2/2025,2,3,Wind,8204
12/4/2021,17,18,Wind,10195
1/11/2025,11,12,Solar,4505
9/17/2025,4,5,Wind,2658
5/17/2021,3,4,Wind,10928
4/9/2023,2,3,Wind,3749
12/24/2021,3,4,Wind,4603
5/10/2020,14,15,Wind,2883
10/19/2021,7,8,Wind,6967
10/24/2023,21,22,Wind,5909
9/17/2022,20,21,Wind,3268
3/23/2020,17,18,Wind,6748
7/23/2022,10,11,Solar,3698
6/13/2025,18,19,Solar,6987
7/27/2023,16,17,Wind,14829
8/7/2025,2,3,Wind,1059
4/5/2021,4,5,Wind,3671
1/20/2023,12,13,Wind,6241
4/9/2023,5,6,Wind,3129
1/5/2022,7,8,Wind,6869
5/25/2020,20,21,Wind,2657
11/7/2022,14,15,Wind,12862
4/13/2021,9,10,Solar,4484
7/16/2022,16,17,Solar,7964
8/7/2020,10,11,Solar,3166
6/4/2023,4,5,Wind,6143
2/12/2024,12,13,Solar,3654
6/8/2025,0,1,Wind,12463
3/27/2025,22,23,Wind,2978
1/28/2025,0,1,Wind,17691
9/13/2023,15,16,Solar,5292
3/3/2023,3,4,Wind,4088
11/30/2022,3,4,Wind,1081
11/3/2020,4,5,Wind,3155
6/4/2023,12,13,Solar,6350
4/20/2023,2,3,Wind,9355
2/14/2023,9,10,Wind,4759
8/20/2023,10,11,Solar,5093
5/2/2025,22,23,Wind,4588
6/16/2022,1,2,Wind,2339
3/20/2024,6,7,Wind,2786
11/30/2025,11,12,Wind,6787
9/6/2021,18,19,Solar,2675
11/21/2023,5,6,Wind,3933
1/19/2022,9,10,Wind,2848
7/16/2025,16,17,Wind,15012
9/30/2021,19,20,Wind,2781
3/11/2022,9,10,Wind,12893
5/20/2022,17,18,Wind,11973
9/23/2025,6,7,Wind,7502
7/14/2020,7,8,Wind,1428
3/17/2021,18,19,Wind,7993
10/6/2021,23,0,Wind,2444
9/22/2022,7,8,Wind,1418
4/23/2022,15,16,Wind,8250
10/1/2022,10,11,Wind,11575
7/8/2022,4,5,Wind,4307
10/6/2020,12,13,Wind,12094
3/3/2023,16,17,Wind,6353
3/30/2020,6,7,Wind,10561
4/29/2025,23,0,Wind,7642
6/13/2024,15,16,Solar,11961
1/27/2025,7,8,Wind,17271
10/17/2024,1,2,Wind,9224
11/12/2021,23,0,Wind,5986
5/9/2022,9,10,Solar,3559
2/14/2024,2,3,Wind,9767
8/19/2024,2,3,Wind,2428
7/11/2022,18,19,Solar,5907
5/28/2023,11,12,Solar,5959
9/26/2023,8,9,Wind,3981
1/24/2023,19,20,Wind,2899
11/27/2021,3,4,Wind,6027
1/26/2023,12,13,Wind,6464
1/15/2025,11,12,Solar,6133
1/27/2022,17,18,Wind,4311
8/28/2020,11,12,Wind,7302
9/25/2023,13,14,Solar,6865
1/24/2023,3,4,Wind,8300
7/30/2024,1,2,Wind,2082
1/4/2023,11,12,Wind,17033
9/21/2025,3,4,Wind,5913
3/15/2025,8,9,Wind,11491
5/28/2020,8,9,Wind,3789
9/17/2024,6,7,Wind,9005
6/2/2022,12,13,Solar,6739
12/19/2024,4,5,Wind,17929
12/5/2024,13,14,Wind,18141
8/12/2022,5,6,Wind,3328
9/25/2025,20,21,Wind,2078
1/4/2025,15,16,Wind,6749
10/10/2021,17,18,Wind,3873
2/4/2022,3,4,Wind,5208
4/23/2023,7,8,Wind,7281
10/24/2024,6,7,Wind,6160
10/3/2025,22,23,Wind,14335
1/22/2022,4,5,Wind,3095
7/10/2024,23,0,Wind,1333
3/14/2025,19,20,Wind,7701
12/22/2020,14,15,Wind,8678
3/18/2024,12,13,Solar,7330
2/2/2021,19,20,Wind,9674
5/2/2024,14,15,Wind,14365
3/30/2025,8,9,Wind,7667
1/20/2025,0,1,Wind,1346
6/28/2024,1,2,Wind,3994
9/27/2022,9,10,Wind,8012
11/14/2022,19,20,Wind,6028
5/27/2020,1,2,Wind,5116
4/16/2020,1,2,Wind,4842
4/29/2022,8,9,Wind,3309
11/20/2023,15,16,Wind,13021
2/9/2022,4,5,Wind,3142
4/11/2023,14,15,Wind,11421
10/9/2021,16,17,Solar,4271
1/10/2020,4,5,Wind,8126
1/12/2024,13,14,Wind,7005
10/16/2024,7,8,Wind,11583
10/27/2025,8,9,Wind,18474
3/1/2020,10,11,Wind,10419
1/1/2021,13,14,Solar,1791
6/17/2025,16,17,Solar,9319
7/21/2024,8,9,Wind,3273
4/13/2023,5,6,Wind,12873
11/29/2022,2,3,Wind,2226
3/19/2022,4,5,Wind,11210
2/21/2023,8,9,Wind,2213
2/12/2025,19,20,Wind,491
7/6/2020,0,1,Wind,7160
11/23/2025,2,3,Wind,9922
6/14/2020,15,16,Solar,5490
5/18/2020,1,2,Wind,2365
11/2/2024,19,20,Wind,4434
4/16/2025,5,6,Wind,3990
5/9/2020,15,16,Solar,3764
3/30/2023,0,1,Wind,11550
6/1/2021,10,11,Solar,5204
11/22/2020,1,2,Wind,2186
10/1/2021,7,8,Wind,6343
2/27/2022,23,0,Wind,6740
6/11/2021,7,8,Wind,1459
3/18/2022,18,19,Wind,12613
7/14/2025,15,16,Wind,14117
5/1/2022,4,5,Wind,2579
11/5/2022,21,22,Wind,7038
8/21/2022,9,10,Solar,3158
8/14/2021,23,0,Wind,1272
8/1/2025,12,13,Solar,10207
5/10/2021,14,15,Wind,8932
2/26/2020,0,1,Wind,12406
12/26/2024,10,11,Wind,4075
12/19/2022,17,18,Wind,14685
5/12/2020,22,23,Wind,2925
1/22/2020,12,13,Wind,4028
10/17/2021,23,0,Wind,3037
3/20/2024,11,12,Solar,6959
7/31/2024,0,1,Wind,2653
12/16/2024,5,6,Wind,7312
2/24/2025,17,18,Wind,7582
7/4/2021,10,11,Wind,3647
1/21/2023,22,23,Wind,7357
1/5/2021,21,22,Wind,1651
8/1/2021,23,0,Wind,1466
11/10/2020,17,18,Wind,591
5/1/2022,13,14,Solar,6716
11/5/2025,18,19,Wind,13121
3/26/2025,2,3,Wind,2273
1/23/2025,0,1,Wind,8502
11/30/2025,23,0,Wind,6120
3/27/2023,15,16,Solar,7911
10/27/2023,22,23,Wind,10420
11/11/2023,11,12,Solar,6147
5/29/2021,1,2,Wind,3467
1/8/2023,3,4,Wind,11546
10/25/2023,18,19,Wind,6512
5/3/2020,1,2,Wind,1878
3/9/2024,14,15,Wind,12698
3/19/2021,9,10,Wind,9448
8/1/2020,3,4,Wind,1911
12/9/2022,0,1,Wind,2798
10/20/2024,18,19,Wind,11846
7/12/2025,8,9,Solar,4417
4/29/2025,16,17,Solar,10584
3/5/2021,16,17,Wind,8404
11/11/2025,4,5,Wind,7221
12/31/2023,8,9,Wind,17363
2/17/2023,15,16,Wind,11675
7/11/2021,14,15,Solar,4985
6/8/2021,23,0,Wind,1899
8/22/2025,4,5,Wind,3519
5/5/2024,3,4,Wind,2705
3/9/2024,22,23,Wind,5591
4/24/2025,15,16,Solar,9533
12/31/2023,22,23,Wind,16268
7/5/2021,15,16,Wind,8620
6/3/2025,18,19,Wind,9775
12/10/2024,13,14,Wind,10144
1/26/2021,18,19,Wind,4356
7/28/2024,7,8,Wind,2909
7/26/2024,22,23,Wind,389
2/21/2020,12,13,Wind,7383
2/4/2025,4,5,Wind,1796
2/18/2020,18,19,Wind,8141
7/20/2024,1,2,Wind,1572
10/24/2025,14,15,Wind,19595
12/18/2024,23,0,Wind,17794
8/14/2022,3,4,Wind,4099
9/10/2021,13,14,Solar,4828
5/2/2024,11,12,Wind,11142
11/14/2022,14,15,Wind,4990
7/30/2021,13,14,Wind,12190
7/15/2023,23,0,Wind,9762
6/22/2021,12,13,Wind,7475
4/4/2022,6,7,Wind,3269
3/29/2022,13,14,Solar,4338
9/15/2025,18,19,Wind,17082
6/11/2022,15,16,Solar,6286
10/7/2022,3,4,Wind,1106
5/2/2021,12,13,Solar,4883
7/14/2020,14,15,Solar,5558
1/16/2020,21,22,Wind,11116
1/18/2025,15,16,Solar,2944
8/24/2023,22,23,Wind,3000
8/4/2024,19,20,Solar,2892
1/6/2023,7,8,Wind,7554
10/8/2020,14,15,Wind,12133
1/18/2022,20,21,Wind,2400
5/1/2023,15,16,Solar,9897
2/19/2023,1,2,Wind,7566
5/14/2021,13,14,Wind,8227
11/12/2023,13,14,Wind,10298
10/7/2022,9,10,Solar,2724
2/28/2020,1,2,Wind,3982
6/30/2024,1,2,Wind,3475
7/8/2022,22,23,Wind,3655
8/5/2024,4,5,Wind,762
8/19/2023,3,4,Wind,4588
12/14/2022,10,11,Wind,2589
6/22/2021,18,19,Wind,5494
7/1/2024,13,14,Solar,8561
10/7/2022,6,7,Wind,1205
5/12/2022,21,22,Wind,1991
3/4/2020,3,4,Wind,3463
5/25/2022,23,0,Wind,5747
11/11/2023,14,15,Wind,4913
6/11/2023,4,5,Wind,1753
5/28/2021,13,14,Solar,5834
10/20/2024,0,1,Wind,3030
8/13/2022,6,7,Wind,3614
1/8/2023,22,23,Wind,12782
5/2/2022,12,13,Solar,6671
2/6/2022,7,8,Wind,14791
5/19/2025,20,21,Wind,4815
11/14/2021,2,3,Wind,2378
8/6/2021,10,11,Wind,10970
10/11/2021,4,5,Wind,2957
10/22/2025,11,12,Solar,6253
5/10/2022,9,10,Solar,4524
9/8/2025,2,3,Wind,2706
10/1/2021,21,22,Wind,4714
7/26/2022,8,9,Solar,2453
5/16/2020,21,22,Wind,3514
4/17/2022,18,19,Wind,5015
2/25/2023,8,9,Wind,4660
2/21/2024,3,4,Wind,4409
1/11/2022,21,22,Wind,2303
10/9/2025,20,21,Wind,2418
7/7/2025,13,14,Wind,14613
9/9/2021,12,13,Wind,4449
4/14/2020,12,13,Wind,8960
6/15/2025,6,7,Wind,1855
5/15/2021,15,16,Wind,11482
8/14/2025,10,11,Solar,6112
12/15/2021,16,17,Wind,1669
5/17/2020,11,12,Solar,5171
7/4/2022,21,22,Wind,3036
8/14/2022,17,18,Wind,6944
1/21/2022,1,2,Wind,5310
5/28/2024,0,1,Wind,3407
2/2/2025,21,22,Wind,1342
3/20/2022,18,19,Wind,2464
7/19/2023,22,23,Wind,3365
12/21/2020,2,3,Wind,6509
8/17/2023,11,12,Solar,6442
8/31/2020,16,17,Solar,4145
3/1/2022,1,2,Wind,3031
5/8/2024,5,6,Wind,5026
1/5/2020,19,20,Wind,1767
2/3/2025,20,21,Wind,1917
9/28/2023,14,15,Solar,7925
3/18/2023,23,0,Wind,3688
8/25/2025,18,19,Solar,3428
2/17/2025,20,21,Wind,3325
11/24/2023,13,14,Wind,14187
12/31/2022,2,3,Wind,15715
1/19/2025,10,11,Solar,2564
12/4/2023,10,11,Wind,14951
2/26/2023,22,23,Wind,14215
5/22/2025,15,16,Solar,6436
7/22/2022,7,8,Wind,2651
1/16/2025,19,20,Wind,3005
5/10/2023,6,7,Wind,6758
2/8/2020,12,13,Wind,4991
8/8/2024,11,12,Solar,7961
4/16/2021,4,5,Wind,5264
4/20/2022,0,1,Wind,4743
6/7/2022,21,22,Wind,2853
12/15/2021,14,15,Solar,3105
8/19/2022,0,1,Wind,4057
6/24/2021,13,14,Solar,4439
5/28/2024,15,16,Wind,13401
12/13/2022,7,8,Wind,6451
10/18/2020,5,6,Wind,737
1/26/2020,19,20,Wind,7152
8/3/2020,7,8,Wind,1601
11/9/2023,5,6,Wind,8185
8/2/2020,4,5,Wind,2349
2/5/2022,4,5,Wind,4485
4/15/2023,1,2,Wind,5901
6/26/2025,4,5,Wind,5428
4/26/2020,17,18,Solar,2382
11/14/2025,21,22,Wind,7856
4/11/2023,10,11,Wind,7787
2/3/2021,1,2,Wind,9345
8/7/2025,15,16,Solar,4941
4/5/2020,13,14,Wind,8384
5/30/2024,0,1,Wind,6610
5/29/2024,20,21,Wind,6261
10/12/2021,13,14,Solar,6730
11/24/2024,22,23,Wind,18972
1/28/2021,21,22,Wind,8613
9/4/2021,6,7,Wind,751
5/15/2024,5,6,Wind,2259
8/1/2025,10,11,Solar,7385
5/10/2025,3,4,Wind,7372
2/17/2022,4,5,Wind,15367
1/25/2025,12,13,Wind,7162
3/21/2021,7,8,Wind,3567
8/4/2024,15,16,Solar,4616
7/29/2023,3,4,Wind,3168
6/6/2020,2,3,Wind,5863
11/23/2022,19,20,Wind,12888
12/27/2023,17,18,Wind,14684
2/19/2022,3,4,Wind,10480
12/14/2022,9,10,Wind,2166
5/3/2021,16,17,Wind,11092
1/3/2022,20,21,Wind,7542
8/8/2024,8,9,Solar,2556
12/3/2021,0,1,Wind,2568
7/11/2022,5,6,Wind,3846
10/11/2024,15,16,Solar,6276
3/5/2025,14,15,Solar,9583
1/22/2022,11,12,Solar,4654
8/12/2023,11,12,Solar,6963
4/2/2022,13,14,Wind,13213
5/25/2023,0,1,Wind,6389
5/8/2021,5,6,Wind,5201
11/23/2023,0,1,Wind,3443
1/21/2024,6,7,Wind,11443
1/1/2020,1,2,Wind,2932
4/16/2021,16,17,Wind,9135
3/20/2025,9,10,Wind,8847
4/2/2024,1,2,Wind,12358
7/6/2021,16,17,Wind,10419
4/1/2024,23,0,Wind,11899
1/31/2023,6,7,Wind,3501
12/26/2020,7,8,Wind,3224
12/23/2020,11,12,Wind,9448
12/4/2024,7,8,Wind,2301
3/27/2020,23,0,Wind,2789
6/15/2021,16,17,Solar,4065
9/12/2020,22,23,Wind,1591
12/14/2022,0,1,Wind,2430
8/10/2020,20,21,Wind,1082
8/11/2020,12,13,Solar,3434
12/6/2023,18,19,Wind,1532
3/24/2020,13,14,Wind,6379
5/12/2020,5,6,Wind,5759
12/12/2021,4,5,Wind,5745
3/27/2023,19,20,Wind,3192
11/4/2023,9,10,Wind,17459
7/15/2022,3,4,Wind,4567
1/14/2021,14,15,Wind,11254
6/2/2023,10,11,Solar,10166
4/14/2023,0,1,Wind,4173
6/14/2022,5,6,Wind,4254
1/17/2023,2,3,Wind,2033
9/13/2025,1,2,Wind,6721
8/14/2025,21,22,Wind,3470
5/30/2021,8,9,Wind,3527
8/27/2025,16,17,Wind,8043
1/10/2022,3,4,Wind,833
12/13/2020,6,7,Wind,3348
9/2/2025,4,5,Wind,6718
10/16/2024,14,15,Wind,12719
5/25/2025,8,9,Wind,6954
1/17/2021,20,21,Wind,2795
12/25/2020,2,3,Wind,6698
11/2/2021,16,17,Wind,1905
8/31/2025,16,17,Wind,8309
3/18/2023,15,16,Wind,9246
10/10/2024,0,1,Wind,11999
3/22/2021,15,16,Solar,6086
12/19/2024,17,18,Wind,14101
11/18/2022,2,3,Wind,9154
4/24/2023,1,2,Wind,9457
6/27/2022,0,1,Wind,1128
9/25/2020,14,15,Wind,13734
7/13/2022,17,18,Solar,5848
5/31/2020,1,2,Wind,5625
4/22/2020,15,16,Wind,3274
5/22/2023,1,2,Wind,3531
7/6/2025,4,5,Wind,4799
6/15/2020,8,9,Wind,2498
5/1/2025,22,23,Wind,2629
10/17/2023,12,13,Wind,7884
2/1/2024,21,22,Wind,1963
10/28/2021,18,19,Wind,7578
10/7/2021,23,0,Wind,3586
1/9/2022,15,16,Wind,4135
4/10/2022,10,11,Solar,5476
5/11/2025,11,12,Solar,3383
11/27/2024,10,11,Wind,18077
8/14/2020,13,14,Solar,4782
6/7/2023,22,23,Wind,5356
3/21/2020,1,2,Wind,7311
9/7/2021,4,5,Wind,3355
1/4/2024,14,15,Wind,11069
4/12/2020,18,19,Wind,3922
5/28/2022,0,1,Wind,3605
6/3/2022,16,17,Solar,5305
3/25/2021,6,7,Wind,1732
10/16/2020,1,2,Wind,3571
12/24/2023,22,23,Wind,9442
9/17/2021,11,12,Solar,4124
11/5/2021,15,16,Wind,3122
10/16/2024,13,14,Wind,12684
12/2/2022,18,19,Wind,4255
10/19/2021,13,14,Wind,9206
6/1/2025,8,9,Solar,2839
4/18/2024,1,2,Wind,3904
4/8/2020,11,12,Solar,3297
5/17/2024,2,3,Wind,1588
7/22/2021,23,0,Wind,4057
5/27/2020,9,10,Solar,3244
5/23/2024,0,1,Wind,3146
8/23/2022,16,17,Solar,4997
11/7/2020,2,3,Wind,6519
4/21/2022,6,7,Wind,3480
7/17/2023,10,11,Solar,5985
4/16/2020,8,9,Wind,4582
4/1/2022,23,0,Wind,9940
11/13/2023,13,14,Wind,18756
10/8/2024,16,17,Wind,15566
12/25/2022,23,0,Wind,8692
2/21/2020,20,21,Wind,5927
3/9/2023,14,15,Wind,17162
9/21/2021,17,18,Solar,3648
3/25/2024,6,7,Wind,3982
1/2/2024,8,9,Wind,17061
8/6/2022,17,18,Wind,9858
9/11/2024,20,21,Wind,5707
7/15/2024,17,18,Wind,10188
6/24/2020,5,6,Wind,4330
11/5/2023,2,3,Wind,14707
4/2/2025,17,18,Wind,15929
2/27/2020,6,7,Wind,9011
11/26/2021,17,18,Wind,11711
7/24/2024,10,11,Solar,5757
3/17/2023,16,17,Wind,10037
6/13/2022,13,14,Solar,7262
5/3/2024,16,17,Solar,8451
10/23/2023,11,12,Wind,8781
1/31/2022,1,2,Wind,8343
1/20/2025,3,4,Wind,1626
12/27/2020,11,12,Wind,13437
11/23/2021,1,2,Wind,8862
12/13/2020,20,21,Wind,9916
5/14/2023,17,18,Solar,7299
5/26/2021,3,4,Wind,5934
7/4/2020,16,17,Wind,11422
1/6/2021,7,8,Wind,1097
10/26/2024,11,12,Solar,3044
7/6/2025,15,16,Wind,14808
6/24/2025,18,19,Solar,6482
2/9/2023,17,18,Solar,795
3/7/2021,10,11,Solar,2252
12/28/2021,15,16,Wind,15061
1/25/2022,16,17,Solar,1229
10/25/2022,8,9,Wind,3303
8/10/2022,22,23,Wind,6500
7/3/2025,10,11,Solar,8478
11/26/2025,22,23,Wind,3631
7/23/2020,0,1,Wind,2847
4/3/2021,23,0,Wind,8233
1/10/2025,17,18,Wind,2272
10/30/2020,7,8,Wind,6651
7/14/2022,23,0,Wind,6003
11/28/2021,9,10,Wind,9709
2/15/2023,9,10,Wind,5838
9/9/2023,20,21,Wind,1607
11/7/2024,19,20,Wind,3531
6/16/2025,0,1,Wind,3648
12/8/2020,2,3,Wind,3253
11/28/2025,18,19,Wind,6774
5/19/2024,18,19,Solar,3249
8/23/2020,18,19,Wind,5884
4/20/2020,6,7,Wind,5409
1/13/2020,12,13,Wind,7784
5/30/2023,13,14,Solar,14075
11/14/2023,8,9,Wind,12081
5/20/2021,0,1,Wind,3214
3/1/2022,14,15,Solar,5010
2/3/2023,18,19,Wind,5637
1/21/2020,2,3,Wind,4059
4/16/2020,20,21,Wind,1207
10/2/2024,9,10,Wind,4511
6/17/2021,17,18,Wind,3166
6/15/2021,18,19,Solar,2435
1/15/2021,13,14,Wind,7008
1/14/2024,1,2,Wind,680
1/9/2024,7,8,Wind,4789
3/18/2024,15,16,Solar,6985
1/13/2023,6,7,Wind,14097
1/8/2021,6,7,Wind,1100
7/21/2024,19,20,Wind,7287
7/26/2025,0,1,Wind,3006
5/12/2025,21,22,Wind,978
6/15/2023,7,8,Wind,2590
12/4/2023,17,18,Wind,14187
4/27/2020,12,13,Solar,2839
12/21/2020,6,7,Wind,8614
2/25/2023,11,12,Wind,8277
11/14/2024,4,5,Wind,3859
11/17/2022,7,8,Wind,14593
6/10/2023,11,12,Solar,6371
2/9/2020,12,13,Wind,15679
11/23/2021,17,18,Wind,7862
1/9/2023,2,3,Wind,15178
7/21/2025,12,13,Wind,18234
10/2/2021,14,15,Wind,15249
2/5/2025,11,12,Solar,5745
2/24/2021,6,7,Wind,7300
6/13/2022,23,0,Wind,3912
8/4/2020,15,16,Solar,5519
12/14/2021,17,18,Wind,884
11/26/2024,5,6,Wind,6138
8/29/2024,11,12,Solar,5883
8/11/2020,19,20,Wind,1794
8/1/2025,20,21,Wind,6046
8/29/2020,2,3,Wind,3679
7/19/2023,23,0,Wind,3336
4/20/2024,16,17,Wind,8157
1/16/2023,23,0,Wind,3680
9/27/2021,14,15,Wind,11022
8/31/2025,9,10,Wind,6399
6/16/2020,0,1,Wind,2084
3/17/2020,1,2,Wind,1416
8/19/2024,23,0,Wind,3016
11/24/2022,4,5,Wind,10676
9/17/2025,6,7,Wind,2640
9/25/2024,13,14,Wind,13238
10/2/2023,8,9,Wind,3946
9/16/2023,14,15,Solar,8269
5/27/2021,13,14,Solar,5071
1/18/2024,23,0,Wind,3656
1/19/2023,20,21,Wind,1418
8/17/2024,10,11,Solar,4670
4/21/2024,2,3,Wind,5773
3/25/2023,17,18,Wind,13077
4/6/2020,12,13,Wind,6902
8/28/2023,0,1,Wind,4420
10/22/2025,21,22,Wind,13146
3/14/2022,7,8,Wind,4104
11/22/2024,16,17,Wind,10707
4/1/2024,8,9,Wind,7267
10/10/2021,21,22,Wind,3709
9/16/2022,8,9,Wind,2883
9/1/2024,21,22,Wind,1853
3/14/2022,1,2,Wind,5902
8/4/2020,2,3,Wind,3212
3/13/2023,5,6,Wind,15034
7/14/2025,5,6,Wind,5416
6/21/2022,19,20,Wind,2414
10/15/2024,18,19,Wind,8515
5/1/2021,15,16,Wind,4261
11/14/2023,0,1,Wind,12638
5/11/2021,20,21,Wind,5192
4/24/2024,3,4,Wind,4469
11/12/2024,19,20,Wind,10177
8/6/2024,4,5,Wind,926
8/10/2025,18,19,Solar,6577
11/27/2020,22,23,Wind,3858
4/10/2024,19,20,Wind,4424
8/16/2021,17,18,Wind,9622
5/4/2024,18,19,Wind,4501
5/3/2024,17,18,Solar,6557
9/17/2021,7,8,Wind,766
4/24/2025,16,17,Solar,9243
5/25/2023,19,20,Wind,8966
6/9/2021,17,18,Solar,4072
1/8/2022,23,0,Wind,14523
1/12/2025,15,16,Wind,6651
9/4/2024,4,5,Wind,764
5/24/2020,21,22,Wind,1907
7/22/2024,12,13,Solar,9936
8/13/2021,17,18,Solar,4075
10/31/2021,0,1,Wind,4535
12/1/2022,4,5,Wind,4056
1/18/2022,19,20,Wind,2831
6/18/2025,16,17,Solar,9271
6/10/2021,0,1,Wind,1806
9/10/2025,13,14,Wind,7053
2/19/2020,4,5,Wind,9635
1/2/2021,12,13,Wind,2504
2/7/2025,11,12,Wind,13020
4/11/2021,17,18,Wind,7651
8/16/2024,13,14,Solar,9172
10/30/2021,23,0,Wind,4766
5/3/2024,12,13,Wind,13200
11/16/2023,18,19,Wind,11282
4/17/2022,6,7,Wind,6103
2/16/2024,8,9,Wind,8598
2/14/2023,8,9,Wind,3003
5/6/2024,23,0,Wind,3007
1/14/2025,14,15,Solar,5733
5/23/2022,4,5,Wind,3441
8/26/2024,5,6,Wind,2945
12/1/2020,0,1,Wind,6821
3/5/2023,22,23,Wind,1060
9/1/2024,4,5,Wind,3774
4/13/2023,13,14,Wind,12468
3/8/2024,19,20,Wind,10467
2/10/2025,13,14,Wind,6956
9/1/2024,12,13,Solar,7391
6/19/2020,23,0,Wind,930
7/4/2021,16,17,Wind,7227
12/26/2020,3,4,Wind,2962
2/25/2022,7,8,Wind,6494
2/13/2024,5,6,Wind,3726
7/7/2021,15,16,Solar,4693
7/28/2021,11,12,Wind,7904
6/14/2024,19,20,Wind,10796
1/2/2023,5,6,Wind,7658
2/18/2022,22,23,Wind,12683
10/4/2020,7,8,Wind,10821
1/16/2021,5,6,Wind,2222
3/4/2022,19,20,Wind,3335
2/20/2023,19,20,Wind,2271
5/3/2021,9,10,Solar,3294
10/6/2025,20,21,Wind,2158
3/7/2023,16,17,Wind,9857
4/3/2024,18,19,Wind,15736
10/24/2020,23,0,Wind,11491
2/11/2024,0,1,Wind,9580
10/3/2020,9,10,Wind,4798
2/5/2024,2,3,Wind,7246
1/20/2024,4,5,Wind,3035
4/30/2023,12,13,Solar,7236
1/18/2023,6,7,Wind,3401
3/24/2023,3,4,Wind,12219
2/17/2024,14,15,Solar,7146
4/19/2022,7,8,Wind,2208
5/15/2024,21,22,Wind,1191
12/21/2022,7,8,Wind,6888
11/21/2023,12,13,Wind,7789
6/5/2024,7,8,Solar,1702
4/24/2025,20,21,Wind,4318
8/20/2020,8,9,Wind,2963
11/24/2022,11,12,Wind,8619
10/9/2021,18,19,Wind,2349
6/8/2024,14,15,Solar,4368
2/26/2025,4,5,Wind,8300
5/24/2024,21,22,Wind,656
7/27/2023,21,22,Wind,4205
6/18/2024,22,23,Wind,3233
7/8/2020,9,10,Solar,3773
4/22/2023,10,11,Wind,7531
7/21/2023,9,10,Solar,4408
9/10/2021,2,3,Wind,2295
6/23/2024,3,4,Wind,2430
3/15/2020,22,23,Wind,3643
9/16/2022,7,8,Wind,2275
9/2/2024,21,22,Wind,623
1/27/2023,13,14,Wind,10572
1/23/2020,8,9,Wind,5349
11/22/2023,22,23,Wind,3683
5/3/2025,4,5,Wind,6424
2/22/2022,13,14,Wind,15138
7/14/2022,22,23,Wind,5489
1/9/2023,12,13,Wind,17076
11/2/2025,7,8,Wind,9338
4/4/2025,19,20,Wind,5878
1/17/2023,17,18,Wind,4621
11/24/2021,16,17,Wind,1470
8/24/2023,13,14,Wind,11780
12/3/2021,21,22,Wind,10581
12/4/2022,5,6,Wind,3540
3/28/2024,19,20,Wind,15909
3/3/2021,5,6,Wind,1715
11/23/2020,1,2,Wind,403
5/21/2021,8,9,Wind,10307
11/12/2023,2,3,Wind,6994
12/7/2020,3,4,Wind,730
2/27/2021,3,4,Wind,5766
3/2/2022,11,12,Solar,3074
7/7/2020,15,16,Solar,5194
8/31/2024,1,2,Wind,5066
11/4/2022,10,11,Wind,7855
9/7/2025,23,0,Wind,3130
8/26/2022,14,15,Solar,6778
11/15/2023,12,13,Wind,11720
3/7/2020,21,22,Wind,5946
5/23/2023,1,2,Wind,5057
6/10/2022,14,15,Solar,8534
10/2/2024,8,9,Wind,4109
10/21/2022,6,7,Wind,8260
7/9/2022,6,7,Wind,2584
7/25/2020,7,8,Wind,1716
10/6/2023,5,6,Wind,1375
12/6/2024,20,21,Wind,11321
12/8/2024,23,0,Wind,14137
12/20/2024,15,16,Wind,9402
2/9/2024,22,23,Wind,8498
10/25/2020,6,7,Wind,8401
5/9/2020,21,22,Wind,2056
11/25/2024,1,2,Wind,18190
9/3/2022,5,6,Wind,1433
4/20/2023,15,16,Solar,10387
6/30/2024,4,5,Wind,3798
2/7/2021,17,18,Wind,3858
12/30/2022,1,2,Wind,7713
6/4/2020,13,14,Wind,5283
9/6/2024,18,19,Wind,3676
9/14/2025,8,9,Wind,4512
4/22/2024,17,18,Wind,10141
6/22/2021,9,10,Wind,5898
7/2/2023,10,11,Solar,4780
4/14/2020,0,1,Wind,8963
8/10/2022,14,15,Solar,10851
8/29/2023,18,19,Wind,3902
4/13/2021,2,3,Wind,1996
7/10/2025,4,5,Wind,2130
6/5/2021,1,2,Wind,2152
6/28/2021,11,12,Solar,3772
7/31/2025,15,16,Solar,11940
6/13/2025,5,6,Wind,1971
3/20/2023,8,9,Wind,4504
3/2/2021,19,20,Wind,2110
2/18/2023,11,12,Wind,12592
3/6/2023,7,8,Wind,1572
7/3/2024,12,13,Solar,9769
10/31/2021,19,20,Wind,9537
5/29/2025,6,7,Wind,2285
2/18/2023,14,15,Wind,12438
3/11/2020,23,0,Wind,10900
3/19/2024,2,3,Wind,1243
6/28/2025,19,20,Solar,3784
1/22/2021,21,22,Wind,6248
7/3/2022,7,8,Wind,1745
1/18/2023,0,1,Wind,4627
12/26/2022,6,7,Wind,9153
3/15/2020,2,3,Wind,3844
4/4/2022,4,5,Wind,2453
6/6/2024,8,9,Solar,3146
6/3/2024,20,21,Wind,2089
11/29/2020,1,2,Wind,4453
10/22/2024,4,5,Wind,2293
5/5/2023,14,15,Solar,8918
12/12/2021,8,9,Wind,4989
10/12/2023,10,11,Wind,7367
7/3/2025,19,20,Wind,5480
9/2/2024,11,12,Solar,6931
11/24/2025,16,17,Wind,11187
10/15/2022,19,20,Wind,4299
5/26/2020,5,6,Wind,3355
10/27/2024,22,23,Wind,373
9/3/2023,17,18,Wind,7662
8/30/2025,3,4,Wind,5539
8/17/2025,14,15,Solar,12187
3/10/2025,2,3,Wind,2940
7/15/2025,4,5,Wind,2792
12/20/2024,1,2,Wind,10026
11/23/2022,9,10,Wind,10483
12/26/2023,19,20,Wind,2493
4/11/2024,4,5,Wind,4042
7/3/2021,0,1,Wind,1833
9/9/2022,20,21,Wind,6786
7/4/2022,4,5,Wind,2145
4/9/2025,13,14,Solar,7207
5/18/2023,2,3,Wind,6916
11/16/2024,23,0,Wind,3690
7/15/2024,5,6,Wind,2271
4/29/2021,6,7,Wind,2448
12/28/2024,4,5,Wind,425
8/11/2021,2,3,Wind,739
12/12/2020,14,15,Wind,7069
7/26/2024,11,12,Solar,6578
3/8/2021,1,2,Wind,3356
3/22/2020,19,20,Wind,8861
6/21/2022,23,0,Wind,2826
11/30/2024,5,6,Wind,3530
9/10/2025,15,16,Wind,7313
8/10/2022,12,13,Solar,10126
12/26/2020,15,16,Wind,7772
8/21/2020,5,6,Wind,6961
5/4/2022,9,10,Solar,2840
3/17/2020,12,13,Solar,2677
4/11/2020,15,16,Solar,3908
8/9/2025,16,17,Solar,5007
2/15/2025,3,4,Wind,6015
12/13/2023,2,3,Wind,9677
2/16/2020,13,14,Wind,14578
7/16/2020,19,20,Wind,2676
7/12/2023,12,13,Solar,9051
2/12/2023,2,3,Wind,3371
3/23/2020,21,22,Wind,8012
7/21/2025,13,14,Wind,18378
10/20/2023,13,14,Wind,8746
1/30/2024,18,19,Wind,1511
8/22/2025,1,2,Wind,5630
7/12/2023,23,0,Wind,3687
10/2/2024,2,3,Wind,4371
9/1/2023,16,17,Solar,7395
9/27/2022,3,4,Wind,7083
4/17/2024,16,17,Wind,13352
12/18/2021,8,9,Wind,6383
11/1/2022,1,2,Wind,12179
9/26/2020,0,1,Wind,11599
7/21/2025,18,19,Wind,15472
1/20/2023,19,20,Wind,4993
11/16/2022,11,12,Wind,12607
6/25/2025,12,13,Solar,9092
7/18/2023,19,20,Wind,3634
8/27/2024,16,17,Solar,7763
3/4/2020,4,5,Wind,3066
2/7/2021,18,19,Wind,3491
2/10/2024,12,13,Wind,7010
3/15/2024,12,13,Wind,18031
1/16/2023,21,22,Wind,5872
11/25/2021,12,13,Wind,3503
3/28/2021,19,20,Wind,2158
1/1/2020,2,3,Wind,2725
9/28/2021,9,10,Wind,2837
10/25/2022,16,17,Wind,4297
2/28/2023,4,5,Wind,8903
2/20/2021,4,5,Wind,10597
5/24/2023,8,9,Wind,5607
7/8/2022,13,14,Solar,8685
1/17/2024,0,1,Wind,4772
5/5/2025,12,13,Wind,14651
9/25/2022,23,0,Wind,1335
11/26/2024,2,3,Wind,6633
11/5/2025,12,13,Wind,13567
3/21/2024,14,15,Solar,7099
5/7/2022,21,22,Wind,3994
7/24/2023,12,13,Wind,12099
3/26/2020,3,4,Wind,6841
8/26/2024,4,5,Wind,2806
7/14/2020,8,9,Solar,1810
2/25/2023,12,13,Wind,9358
12/1/2024,10,11,Wind,9522
12/29/2020,16,17,Wind,3710
10/26/2025,21,22,Wind,13945
9/11/2025,0,1,Wind,10723
4/2/2024,13,14,Wind,21174
2/1/2022,3,4,Wind,6296
12/13/2022,12,13,Wind,4220
11/29/2024,23,0,Wind,6979
9/25/2023,19,20,Wind,304
9/28/2022,0,1,Wind,8012
4/9/2023,18,19,Solar,3037
7/17/2020,17,18,Solar,4212
11/4/2024,12,13,Solar,5368
6/25/2022,10,11,Solar,4360
12/22/2023,16,17,Wind,17061
2/23/2022,16,17,Solar,4056
11/29/2025,1,2,Wind,5553
8/5/2025,9,10,Wind,4678
9/11/2020,14,15,Solar,3582
10/18/2020,10,11,Solar,2719
3/25/2023,14,15,Wind,12452
7/15/2020,14,15,Solar,4489
11/17/2021,7,8,Wind,2016
3/8/2022,12,13,Wind,8129
7/24/2024,0,1,Wind,1865
2/27/2020,8,9,Wind,11370
3/31/2024,19,20,Wind,7206
7/31/2023,20,21,Wind,11300
4/8/2021,15,16,Solar,5002
5/23/2025,22,23,Wind,2198
4/2/2025,20,21,Wind,11606
5/3/2020,10,11,Solar,4152
8/31/2023,20,21,Wind,4687
10/29/2020,0,1,Wind,10658
5/31/2024,20,21,Wind,7507
2/24/2024,20,21,Wind,10837
1/9/2020,7,8,Wind,9920
9/5/2021,1,2,Wind,674
3/7/2025,11,12,Wind,14096
5/5/2020,3,4,Wind,5979
9/12/2021,18,19,Solar,1616
8/31/2023,7,8,Wind,3614
2/7/2022,3,4,Wind,12226
2/11/2022,14,15,Solar,5377
2/2/2023,19,20,Wind,6780
4/9/2024,13,14,Wind,12277
9/11/2020,15,16,Solar,3415
5/8/2021,17,18,Wind,11127
6/22/2022,16,17,Solar,5914
9/6/2025,20,21,Wind,8741
10/19/2025,23,0,Wind,13594
3/20/2022,14,15,Solar,4989
7/25/2025,8,9,Solar,3636
11/1/2024,13,14,Solar,5498
9/11/2023,3,4,Wind,1468
1/31/2020,11,12,Wind,7689
3/9/2021,5,6,Wind,1890
2/17/2025,21,22,Wind,3981
9/24/2020,11,12,Wind,8217
1/6/2025,19,20,Wind,16306
2/9/2022,0,1,Wind,2543
11/8/2025,2,3,Wind,1378
1/2/2020,2,3,Wind,1444
10/16/2023,7,8,Wind,7142
11/27/2023,8,9,Wind,10718
8/30/2022,19,20,Wind,3249
10/8/2024,2,3,Wind,8794
11/28/2024,4,5,Wind,3240
6/25/2025,22,23,Wind,4927
9/30/2024,0,1,Wind,10753
6/20/2025,6,7,Wind,5184
1/17/2022,8,9,Wind,1538
4/11/2025,6,7,Wind,3349
9/26/2025,14,15,Solar,4838
7/4/2024,23,0,Wind,4588
1/29/2025,21,22,Wind,7153
2/26/2023,7,8,Wind,12544
6/28/2022,14,15,Solar,7561
4/20/2024,17,18,Wind,7514
5/13/2021,6,7,Wind,5126
11/16/2023,12,13,Wind,14466
1/10/2022,19,20,Wind,2318
5/28/2022,2,3,Wind,3207
4/2/2024,18,19,Wind,11618
1/8/2020,8,9,Wind,4661
6/15/2022,15,16,Solar,6261
9/28/2024,17,18,Solar,5293
5/18/2020,11,12,Solar,4748
11/25/2020,20,21,Wind,3492
10/25/2022,3,4,Wind,4987
8/25/2022,11,12,Solar,5849
5/4/2024,8,9,Wind,3629
10/6/2022,1,2,Wind,4232
5/22/2020,1,2,Wind,2758
5/10/2023,23,0,Wind,3540
11/10/2024,20,21,Wind,2125
12/13/2021,22,23,Wind,1359
8/27/2024,21,22,Wind,1993
7/17/2021,9,10,Solar,4451
2/16/2022,17,18,Wind,15972
1/2/2024,18,19,Wind,17324
11/28/2024,11,12,Solar,4894
1/23/2020,5,6,Wind,5219
3/13/2020,22,23,Wind,1712
12/15/2021,20,21,Wind,1564
6/13/2021,3,4,Wind,3440
1/30/2022,14,15,Solar,3491
12/17/2023,22,23,Wind,2520
4/28/2024,4,5,Wind,11034
5/4/2025,0,1,Wind,4631
2/22/2021,19,20,Wind,5131
11/13/2020,18,19,Wind,4102
11/11/2024,21,22,Wind,9475
6/20/2023,22,23,Wind,1169
10/27/2021,16,17,Solar,4078
7/2/2024,17,18,Wind,8520
7/19/2020,18,19,Solar,2779
5/1/2023,10,11,Solar,5637
12/7/2020,13,14,Wind,2681
5/10/2022,16,17,Solar,8853
5/8/2025,13,14,Solar,5700
8/30/2021,14,15,Solar,8079
11/12/2022,17,18,Wind,2235
2/12/2020,3,4,Wind,9055
6/1/2020,6,7,Wind,4492
5/30/2024,5,6,Wind,3496
3/18/2020,2,3,Wind,1061
12/21/2021,2,3,Wind,2959
9/25/2022,18,19,Wind,3131
7/5/2023,8,9,Wind,9274
6/1/2022,15,16,Solar,6721
9/10/2023,14,15,Solar,8813
8/3/2021,15,16,Solar,4407
5/24/2022,13,14,Wind,8659
1/11/2020,1,2,Wind,1771
4/19/2021,20,21,Wind,628
9/19/2025,19,20,Wind,4040
5/16/2022,3,4,Wind,4235
9/7/2020,2,3,Wind,1631
3/4/2022,10,11,Solar,4472
3/19/2020,23,0,Wind,4015
12/24/2024,18,19,Wind,2740
5/25/2023,5,6,Wind,7452
9/29/2024,10,11,Solar,8647
5/10/2023,4,5,Wind,7517
1/8/2024,8,9,Wind,11658
4/11/2023,4,5,Wind,9095
10/4/2021,12,13,Wind,7881
8/27/2021,13,14,Solar,7477
1/10/2022,1,2,Wind,954
6/30/2021,13,14,Solar,5938
11/25/2022,17,18,Wind,3319
3/15/2020,14,15,Wind,8932
10/19/2022,18,19,Wind,7279
7/11/2025,20,21,Wind,6620
4/26/2025,18,19,Wind,5957
12/8/2021,12,13,Wind,7125
5/11/2020,7,8,Wind,12319
11/22/2020,16,17,Wind,1068
3/30/2025,1,2,Wind,7223
7/30/2020,13,14,Solar,4528
1/20/2021,3,4,Wind,11959
1/11/2023,5,6,Wind,12023
1/5/2024,17,18,Wind,4427
4/27/2024,22,23,Wind,9886
3/14/2022,13,14,Solar,5354
12/22/2022,1,2,Wind,13289
9/22/2023,4,5,Wind,7130
10/18/2024,23,0,Wind,3584
11/6/2020,9,10,Wind,6846
9/4/2020,5,6,Wind,1334
1/21/2025,7,8,Wind,2115
11/13/2020,16,17,Wind,3825
7/6/2021,10,11,Wind,11918
4/1/2023,10,11,Wind,16662
7/26/2025,15,16,Solar,11985
12/3/2023,22,23,Wind,12095
1/26/2021,1,2,Wind,4380
8/27/2020,5,6,Wind,945
2/24/2025,6,7,Wind,13525
7/10/2025,5,6,Wind,1886
6/17/2022,6,7,Wind,3324
6/15/2025,16,17,Solar,4708
8/15/2020,16,17,Solar,3516
5/14/2024,23,0,Wind,3454
11/18/2020,1,2,Wind,3132
10/18/2021,22,23,Wind,5157
12/7/2022,12,13,Solar,4504
10/4/2023,2,3,Wind,3123
7/6/2024,22,23,Wind,5558
1/4/2021,3,4,Wind,1763
5/3/2023,7,8,Wind,6932
1/11/2022,4,5,Wind,2596
8/2/2025,16,17,Solar,11431
12/11/2021,11,12,Wind,4211
4/17/2024,12,13,Solar,11467
1/10/2025,7,8,Wind,4039
3/12/2020,0,1,Wind,10873
11/24/2024,15,16,Wind,20815
6/15/2024,0,1,Wind,9874
5/13/2024,19,20,Wind,5080
4/11/2023,1,2,Wind,10732
4/5/2023,8,9,Wind,2262
12/31/2020,22,23,Wind,1138
4/15/2021,23,0,Wind,5987
10/15/2022,10,11,Wind,12250
3/6/2022,10,11,Wind,6510
5/15/2022,19,20,Wind,4838
10/21/2025,18,19,Wind,6765
3/19/2024,22,23,Wind,1600
5/20/2023,10,11,Wind,8060
2/26/2024,20,21,Wind,13947
11/21/2020,1,2,Wind,3471
2/6/2020,12,13,Solar,4924
5/31/2022,19,20,Wind,3794
11/5/2025,11,12,Wind,14496
11/21/2023,13,14,Wind,7727
7/4/2025,2,3,Wind,5897
10/12/2024,4,5,Wind,5693
5/4/2021,5,6,Wind,12985
6/26/2023,20,21,Wind,4475
7/6/2022,13,14,Solar,7802
4/22/2021,10,11,Wind,7475
4/19/2025,9,10,Wind,8646
7/27/2020,7,8,Wind,3402
2/5/2020,14,15,Solar,3770
6/1/2021,13,14,Solar,6958
6/14/2022,6,7,Wind,4092
9/1/2023,5,6,Wind,4775
1/25/2023,15,16,Wind,2159
3/18/2021,21,22,Wind,3280
3/4/2020,7,8,Wind,2676
2/2/2024,18,19,Wind,6640
5/1/2020,23,0,Wind,6724
5/30/2021,10,11,Solar,5302
5/3/2023,21,22,Wind,8660
9/7/2025,16,17,Wind,5951
6/26/2024,1,2,Wind,2036
7/14/2020,20,21,Wind,2605
11/21/2025,12,13,Wind,9413
5/14/2022,10,11,Solar,5016
6/6/2024,10,11,Solar,6064
3/29/2020,15,16,Wind,14055
3/18/2023,16,17,Wind,7721
6/27/2025,19,20,Solar,4463
8/29/2024,20,21,Wind,2474
11/22/2021,17,18,Wind,10253
12/3/2023,0,1,Wind,4552
2/12/2021,6,7,Wind,8623
1/31/2025,8,9,Wind,4474
2/27/2024,2,3,Wind,13302
3/2/2022,13,14,Solar,3225
7/26/2020,13,14,Wind,6989
8/8/2021,11,12,Wind,8911
6/2/2023,0,1,Wind,7907
2/26/2024,18,19,Wind,13416
8/18/2025,10,11,Solar,6752
5/12/2025,2,3,Wind,2233
3/26/2025,13,14,Solar,7803
8/1/2023,6,7,Wind,9908
6/24/2020,15,16,Solar,6635
11/22/2021,16,17,Wind,10673
2/21/2024,18,19,Wind,16487
3/21/2023,9,10,Wind,6709
2/28/2020,12,13,Wind,10495
1/29/2023,3,4,Wind,1576
9/10/2021,18,19,Wind,3556
1/2/2022,2,3,Wind,5950
5/17/2020,21,22,Wind,2142
2/8/2023,18,19,Wind,2014
11/16/2020,6,7,Wind,9396
3/10/2024,8,9,Wind,2911
8/19/2021,8,9,Wind,1677
8/2/2024,12,13,Solar,7636
2/24/2025,15,16,Wind,11169
5/24/2025,3,4,Wind,3240
9/4/2021,3,4,Wind,1065
2/7/2021,6,7,Wind,4634
5/10/2024,4,5,Wind,4861
2/4/2025,1,2,Wind,1723
11/15/2023,5,6,Wind,8760
5/5/2022,0,1,Wind,2100
4/23/2020,16,17,Solar,2560
12/12/2020,1,2,Wind,5881
10/25/2023,5,6,Wind,9414
7/2/2024,14,15,Solar,8736
10/25/2024,4,5,Wind,6764
1/24/2025,9,10,Wind,18969
8/30/2021,2,3,Wind,2956
8/20/2022,5,6,Wind,1832
10/14/2022,4,5,Wind,3362
11/26/2025,4,5,Wind,6586
7/6/2022,0,1,Wind,5021
12/11/2023,17,18,Wind,6289
11/19/2021,4,5,Wind,1207
5/1/2024,5,6,Wind,1891
9/20/2025,7,8,Wind,7485
12/16/2023,6,7,Wind,2449
2/21/2022,6,7,Wind,14636
10/28/2023,2,3,Wind,11567
9/16/2021,20,21,Wind,868
8/29/2021,15,16,Solar,7546
12/24/2020,4,5,Wind,9700
5/10/2022,20,21,Wind,2566
7/21/2020,11,12,Solar,5213
7/26/2022,23,0,Wind,2924
5/28/2020,19,20,Wind,5515
2/19/2020,21,22,Wind,5838
12/28/2022,12,13,Wind,16683
8/20/2023,6,7,Wind,1346
2/2/2021,4,5,Wind,9083
3/12/2020,23,0,Wind,8090
4/2/2020,22,23,Wind,3143
3/2/2023,4,5,Wind,4879
12/8/2024,17,18,Wind,14830
6/29/2020,22,23,Wind,3680
10/13/2020,1,2,Wind,2751
6/30/2022,8,9,Solar,1676
10/22/2024,17,18,Solar,2260
1/29/2022,23,0,Wind,6159
6/11/2023,6,7,Wind,1881
5/28/2021,2,3,Wind,2926
3/30/2021,1,2,Wind,3452
9/29/2024,8,9,Wind,6531
2/3/2024,18,19,Wind,4496
5/10/2021,15,16,Wind,8110
10/11/2025,19,20,Wind,4392
5/12/2022,3,4,Wind,2556
5/8/2024,10,11,Solar,8300
6/12/2020,0,1,Wind,3917
10/1/2025,4,5,Wind,1869
8/21/2023,17,18,Solar,4589
8/21/2020,19,20,Wind,7127
10/23/2025,6,7,Wind,18593
10/28/2025,0,1,Wind,9298
3/9/2020,15,16,Wind,9021
6/29/2022,4,5,Wind,1106
7/12/2024,7,8,Wind,5627
1/20/2022,7,8,Wind,3557
6/26/2021,23,0,Wind,3388
5/18/2024,14,15,Solar,3253
2/20/2021,11,12,Wind,13415
10/31/2021,22,23,Wind,8848
12/4/2021,1,2,Wind,9188
6/9/2022,23,0,Wind,2119
9/6/2022,5,6,Wind,3225
2/15/2023,21,22,Wind,4110
3/10/2023,2,3,Wind,15475
8/27/2021,7,8,Wind,3016
2/6/2022,14,15,Wind,17771
1/17/2020,9,10,Wind,7859
10/16/2023,1,2,Wind,5914
6/4/2023,6,7,Wind,5593
10/2/2021,10,11,Wind,9292
10/13/2025,15,16,Solar,12023
5/31/2023,5,6,Wind,7607
2/8/2022,2,3,Wind,5022
10/16/2025,0,1,Wind,5201
8/25/2023,15,16,Wind,10385
7/26/2024,1,2,Wind,2490
7/24/2025,1,2,Wind,2575
3/15/2023,17,18,Wind,3202
8/13/2020,10,11,Solar,2791
1/19/2023,7,8,Wind,2448
3/13/2021,1,2,Wind,14513
3/11/2020,6,7,Wind,9721
1/25/2024,23,0,Wind,6909
8/14/2021,15,16,Solar,4851
7/10/2022,16,17,Solar,9057
5/27/2025,18,19,Wind,15152
12/10/2021,1,2,Wind,12621
10/5/2020,11,12,Wind,10807
8/26/2024,7,8,Wind,3140
5/28/2025,2,3,Wind,11818
7/14/2022,17,18,Wind,8702
3/25/2022,8,9,Wind,5035
7/26/2025,21,22,Wind,4265
9/18/2020,18,19,Wind,5202
1/21/2025,17,18,Wind,3887
10/3/2023,4,5,Wind,8775
8/20/2020,7,8,Wind,2475
4/9/2022,12,13,Solar,6859
9/13/2025,16,17,Wind,14446
7/23/2020,13,14,Solar,3754
6/18/2024,3,4,Wind,2953
5/2/2022,7,8,Wind,2326
8/31/2022,17,18,Wind,5446
5/4/2022,5,6,Wind,1629
7/29/2025,21,22,Wind,3016
9/2/2024,14,15,Solar,7577
12/2/2024,13,14,Wind,11239
1/31/2024,19,20,Wind,4916
4/13/2020,2,3,Wind,3029
10/25/2023,23,0,Wind,5881
8/16/2023,17,18,Solar,4797
5/19/2024,19,20,Wind,2218
5/8/2025,12,13,Solar,10705
1/18/2020,15,16,Solar,2129
5/8/2020,15,16,Solar,4332
8/5/2022,22,23,Wind,6327
12/8/2020,21,22,Wind,2528
6/22/2024,23,0,Wind,2694
1/31/2020,5,6,Wind,7226
8/27/2024,9,10,Solar,6092
2/14/2025,14,15,Solar,9156
9/2/2023,11,12,Solar,5585
8/22/2020,0,1,Wind,4867
5/28/2025,0,1,Wind,12528
4/25/2021,20,21,Wind,9935
3/29/2025,5,6,Wind,9865
6/18/2025,13,14,Solar,5092
3/19/2022,5,6,Wind,10933
6/30/2020,21,22,Wind,2640
6/1/2025,0,1,Wind,3102
12/17/2022,17,18,Wind,2544
7/3/2021,23,0,Wind,974
3/13/2021,9,10,Wind,15990
7/27/2023,18,19,Wind,9755
12/18/2022,9,10,Wind,8417
9/18/2025,23,0,Wind,1272
11/9/2021,17,18,Wind,1204
1/19/2022,17,18,Wind,4157
1/24/2021,19,20,Wind,7336
5/6/2020,17,18,Solar,3919
6/2/2023,17,18,Wind,9273
8/14/2024,4,5,Wind,1523
4/10/2023,17,18,Wind,11662
5/29/2020,3,4,Wind,6425
6/22/2025,19,20,Wind,6167
6/11/2022,23,0,Wind,3110
4/16/2025,11,12,Solar,6973
9/26/2023,19,20,Wind,867
10/2/2024,10,11,Wind,5123
5/19/2023,14,15,Wind,9983
9/9/2022,4,5,Wind,8588
12/11/2024,12,13,Wind,7576
1/24/2021,9,10,Wind,5376
11/28/2025,5,6,Wind,7907
1/23/2020,3,4,Wind,6446
7/5/2024,1,2,Wind,3861
9/30/2023,4,5,Wind,681
4/3/2022,11,12,Solar,7880
8/1/2021,18,19,Wind,4502
12/9/2022,7,8,Wind,2706
1/16/2021,3,4,Wind,1881
6/30/2021,19,20,Wind,2867
6/20/2021,2,3,Wind,3845
11/22/2023,5,6,Wind,7083
7/31/2021,14,15,Wind,6092
5/1/2024,8,9,Wind,2122
10/3/2020,22,23,Wind,7200
8/4/2024,11,12,Solar,7343
2/26/2021,8,9,Wind,2877
5/31/2021,2,3,Wind,4538
12/25/2020,15,16,Wind,6736
12/28/2021,4,5,Wind,11344
10/13/2024,16,17,Solar,4345
2/26/2024,8,9,Wind,9333
5/23/2024,8,9,Solar,3591
11/15/2020,4,5,Wind,11431
5/19/2023,10,11,Solar,7540
2/6/2021,17,18,Wind,4180
8/22/2023,10,11,Solar,5035
1/31/2024,12,13,Solar,5579
6/9/2022,20,21,Wind,2854
4/22/2021,3,4,Wind,6015
1/10/2021,18,19,Wind,4075
3/17/2021,1,2,Wind,10424
7/1/2025,20,21,Wind,1858
8/16/2022,3,4,Wind,624
12/12/2023,4,5,Wind,5225
9/29/2024,9,10,Wind,7995
2/13/2020,0,1,Wind,6704
3/21/2023,17,18,Wind,7206
11/27/2020,13,14,Solar,2721
9/8/2021,19,20,Wind,2371
12/26/2023,5,6,Wind,6717
11/20/2024,14,15,Wind,9216
6/23/2024,9,10,Solar,4808
6/14/2022,1,2,Wind,4591
11/29/2022,5,6,Wind,1899
6/7/2025,17,18,Wind,15302
9/14/2025,9,10,Wind,5669
5/13/2025,18,19,Solar,4300
10/9/2025,4,5,Wind,1770
6/21/2025,20,21,Wind,2519
11/17/2021,3,4,Wind,1883
8/16/2025,22,23,Wind,8218
8/4/2025,20,21,Wind,5242
10/31/2025,5,6,Wind,9436
7/9/2021,9,10,Solar,2956
4/19/2023,23,0,Wind,8061
8/24/2022,7,8,Wind,1117
11/16/2023,22,23,Wind,6725
4/12/2023,20,21,Wind,15454
10/22/2024,0,1,Wind,4983
8/4/2024,5,6,Wind,2129
4/17/2021,22,23,Wind,5762
10/26/2024,2,3,Wind,1794
6/10/2022,22,23,Wind,981
8/17/2021,2,3,Wind,2168
6/26/2022,12,13,Solar,4255
7/15/2022,13,14,Solar,7940
11/27/2025,5,6,Wind,7266
5/6/2025,17,18,Wind,12409
9/20/2020,7,8,Wind,1128
8/14/2023,1,2,Wind,1450
6/23/2020,19,20,Wind,3638
8/2/2024,23,0,Wind,4783
12/7/2024,3,4,Wind,18199
9/12/2021,14,15,Solar,4787
5/28/2022,4,5,Wind,3859
1/6/2022,12,13,Solar,5461
3/26/2020,23,0,Wind,4547
8/9/2025,3,4,Wind,1214
2/6/2020,0,1,Wind,2895
8/19/2020,9,10,Wind,3703
10/5/2024,22,23,Wind,9286
2/2/2020,10,11,Wind,13258
11/27/2021,18,19,Wind,6251
5/24/2024,5,6,Wind,673
11/7/2021,3,4,Wind,6577
11/24/2025,5,6,Wind,6784
3/20/2023,17,18,Wind,3313
11/5/2024,15,16,Solar,1807
5/7/2021,1,2,Wind,2965
1/28/2023,11,12,Wind,6942
5/2/2024,1,2,Wind,5750
11/7/2025,18,19,Wind,3326
1/29/2021,13,14,Wind,16431
9/10/2022,15,16,Solar,8450
2/24/2022,5,6,Wind,4899
5/24/2022,0,1,Wind,4359
1/31/2021,23,0,Wind,5525
3/17/2020,4,5,Wind,1100
3/10/2020,1,2,Wind,11636
8/17/2020,3,4,Wind,1729
6/10/2023,6,7,Wind,2258
3/2/2022,7,8,Wind,2931
7/24/2022,7,8,Wind,1492
12/15/2020,1,2,Wind,5815
9/30/2021,0,1,Wind,2411
3/7/2021,6,7,Wind,1698
6/16/2021,4,5,Wind,1281
7/22/2023,21,22,Wind,3843
2/12/2024,6,7,Wind,2391
11/16/2025,13,14,Solar,5928
5/23/2025,11,12,Solar,10508
8/7/2022,21,22,Wind,6318
9/3/2020,13,14,Solar,6811
3/13/2021,11,12,Wind,17231
1/16/2022,23,0,Wind,1760
10/9/2020,22,23,Wind,3457
4/21/2020,7,8,Wind,5532
8/5/2020,14,15,Solar,5736
8/21/2020,15,16,Wind,10211
9/19/2021,13,14,Solar,5598
10/23/2024,21,22,Wind,6409
10/15/2023,2,3,Wind,2523
8/28/2025,22,23,Wind,5951
12/7/2020,6,7,Wind,1123
10/22/2023,5,6,Wind,7423
8/13/2023,7,8,Wind,1388
6/22/2025,7,8,Wind,4726
11/4/2022,22,23,Wind,4971
3/11/2021,20,21,Wind,13939
9/19/2025,12,13,Solar,12051
10/11/2021,18,19,Wind,2989
10/18/2021,6,7,Wind,2488
3/29/2023,18,19,Wind,9146
8/9/2021,4,5,Wind,2873
1/1/2021,16,17,Wind,1170
2/13/2025,13,14,Solar,4863
8/26/2023,14,15,Solar,7886
6/8/2020,5,6,Wind,1396
1/20/2021,13,14,Wind,13839
5/20/2020,1,2,Wind,3846
3/8/2020,12,13,Wind,13142
5/7/2025,9,10,Wind,9284
11/9/2022,10,11,Wind,8009
6/13/2021,17,18,Solar,4875
3/31/2022,20,21,Wind,10066
7/24/2023,2,3,Wind,4777
10/17/2022,2,3,Wind,9081
3/31/2020,13,14,Wind,11793
5/25/2025,6,7,Wind,8766
5/1/2020,8,9,Wind,6877
2/25/2020,12,13,Wind,11212
7/15/2021,14,15,Wind,9547
1/2/2025,4,5,Wind,9501
6/16/2024,15,16,Wind,7202
2/22/2022,18,19,Wind,10800
3/19/2020,2,3,Wind,1066
12/24/2024,12,13,Solar,4813
7/13/2022,16,17,Solar,6617
3/2/2020,6,7,Wind,6245
1/12/2022,23,0,Wind,3344
10/9/2023,12,13,Solar,6252
8/14/2022,8,9,Wind,3656
2/26/2021,6,7,Wind,2352
8/19/2025,4,5,Wind,2339
8/4/2024,1,2,Wind,2855
5/21/2023,10,11,Wind,6525
5/24/2023,16,17,Wind,10818
12/3/2023,18,19,Wind,11217
8/1/2021,19,20,Wind,3335
10/3/2021,21,22,Wind,5835
5/4/2025,3,4,Wind,4758
9/27/2023,21,22,Wind,6398
3/19/2022,14,15,Wind,12253
3/7/2022,11,12,Wind,10650
8/28/2023,23,0,Wind,3012
5/7/2022,13,14,Solar,7015
7/9/2020,5,6,Wind,1237
12/4/2020,5,6,Wind,11354
3/27/2020,22,23,Wind,3089
11/21/2025,7,8,Wind,4942
1/4/2022,6,7,Wind,7164
3/20/2024,5,6,Wind,2762
10/7/2025,19,20,Wind,844
6/28/2021,4,5,Wind,1169
1/24/2023,14,15,Wind,5590
8/12/2025,4,5,Wind,3843
2/10/2020,0,1,Wind,10975
9/14/2020,1,2,Wind,2911
7/30/2023,5,6,Wind,4956
6/13/2024,9,10,Solar,6311
12/19/2021,3,4,Wind,3816
7/5/2021,6,7,Wind,3129
5/9/2023,12,13,Wind,6647
5/29/2025,10,11,Solar,9182
9/21/2020,20,21,Wind,1128
6/1/2020,1,2,Wind,5676
4/19/2025,6,7,Wind,8898
2/6/2021,23,0,Wind,5166
3/1/2020,4,5,Wind,10740
6/10/2021,13,14,Solar,5115
11/21/2023,4,5,Wind,4012
4/29/2025,21,22,Wind,5795
5/20/2020,12,13,Solar,5452
3/30/2023,6,7,Wind,11523
1/19/2023,6,7,Wind,2536
12/2/2020,9,10,Wind,2729
3/4/2021,11,12,Solar,3081
6/22/2021,23,0,Wind,3135
1/18/2021,22,23,Wind,7279
9/22/2021,13,14,Solar,5814
8/24/2022,10,11,Solar,4566
9/7/2022,22,23,Wind,4599
10/12/2020,4,5,Wind,2579
12/19/2020,21,22,Wind,6254
2/14/2022,16,17,Wind,7196
6/13/2025,21,22,Wind,4901
12/28/2022,23,0,Wind,15980
10/2/2020,15,16,Wind,5652
2/6/2025,11,12,Wind,11201
8/19/2023,23,0,Wind,1006
6/26/2023,4,5,Wind,4502
2/28/2025,13,14,Solar,10324
9/28/2022,19,20,Wind,3029
1/12/2025,17,18,Wind,4236
2/12/2025,8,9,Wind,2262
5/16/2025,1,2,Wind,9796
12/19/2022,8,9,Wind,13443
3/28/2025,13,14,Solar,12006
4/12/2025,8,9,Wind,8878
5/16/2020,4,5,Wind,2813
10/8/2023,1,2,Wind,2797
11/2/2025,19,20,Wind,9600
5/7/2021,18,19,Solar,2982
3/22/2022,3,4,Wind,4916
2/17/2023,12,13,Wind,12966
5/5/2025,20,21,Wind,9217
9/7/2020,4,5,Wind,1609
3/1/2023,10,11,Wind,10177
7/2/2022,21,22,Wind,1675
6/24/2023,0,1,Wind,2415
8/29/2025,19,20,Wind,9213
10/19/2020,23,0,Wind,9632
4/12/2023,15,16,Wind,17853
3/10/2021,0,1,Wind,2209
6/26/2020,4,5,Wind,2896
10/28/2021,4,5,Wind,5506
5/16/2021,11,12,Wind,7697
6/3/2025,20,21,Wind,5407
6/15/2022,12,13,Solar,6059
11/11/2020,4,5,Wind,640
6/1/2023,20,21,Wind,7712
9/5/2022,2,3,Wind,4674
2/5/2020,9,10,Wind,2561
2/28/2024,13,14,Solar,8068
11/5/2022,15,16,Wind,6311
2/7/2024,23,0,Wind,8697
11/2/2024,7,8,Wind,3324
3/13/2022,6,7,Wind,9382
4/4/2022,8,9,Wind,5440
12/4/2024,19,20,Wind,4366
1/6/2023,0,1,Wind,6801
12/13/2024,10,11,Wind,3145
10/5/2022,4,5,Wind,5198
11/25/2023,12,13,Wind,10512
11/3/2025,1,2,Wind,7479
4/29/2024,19,20,Wind,3192
1/9/2022,11,12,Wind,7281
3/9/2022,16,17,Wind,6933
3/6/2024,12,13,Solar,6114
3/6/2021,20,21,Wind,5064
5/18/2020,21,22,Wind,3280
10/4/2024,11,12,Solar,7389
11/30/2022,18,19,Wind,3767
1/6/2023,19,20,Wind,7240
2/23/2023,7,8,Wind,1698
10/28/2025,12,13,Wind,16235
3/5/2023,20,21,Wind,953
1/30/2022,23,0,Wind,5661
11/18/2023,20,21,Wind,12734
7/12/2021,13,14,Solar,4514
11/3/2022,16,17,Wind,9867
8/5/2020,17,18,Solar,3923
3/29/2024,0,1,Wind,12055
9/4/2025,4,5,Wind,7484
7/12/2020,1,2,Wind,5063
10/3/2022,12,13,Solar,4800
8/12/2024,14,15,Solar,9369
11/3/2024,9,10,Wind,4437
2/10/2022,18,19,Wind,2929
4/7/2023,22,23,Wind,3295
2/29/2020,19,20,Wind,10822
3/22/2021,16,17,Wind,5325
1/10/2021,6,7,Wind,4426
11/2/2024,12,13,Solar,8401
4/5/2025,11,12,Solar,5131
1/31/2023,17,18,Wind,5770
8/21/2021,4,5,Wind,1373
2/14/2021,7,8,Wind,7708
8/5/2024,3,4,Wind,809
3/15/2025,17,18,Wind,14207
6/14/2025,3,4,Wind,4940
4/10/2025,9,10,Wind,9099
8/29/2023,2,3,Wind,2740
7/23/2024,0,1,Wind,4526
1/2/2025,16,17,Wind,2882
8/11/2020,17,18,Solar,2680
6/27/2022,22,23,Wind,2036
7/13/2025,14,15,Solar,10400
3/18/2020,20,21,Wind,398
12/5/2024,9,10,Wind,15047
4/8/2022,4,5,Wind,6035
1/27/2022,8,9,Wind,3884
12/3/2020,2,3,Wind,3487
9/18/2021,3,4,Wind,1252
7/30/2024,14,15,Solar,7294
3/11/2022,10,11,Wind,13643
4/23/2025,20,21,Wind,4214
12/14/2024,5,6,Wind,1996
5/19/2023,16,17,Wind,9968
7/27/2020,2,3,Wind,613
2/18/2023,7,8,Wind,8046
8/14/2020,5,6,Wind,1977
11/21/2023,7,8,Wind,4366
7/24/2024,3,4,Wind,1205
8/14/2024,2,3,Wind,1595
2/25/2020,11,12,Wind,10109
8/2/2024,0,1,Wind,1819
1/15/2020,17,18,Wind,6725
11/14/2022,7,8,Wind,3672
3/17/2023,21,22,Wind,7270
4/29/2022,7,8,Wind,2957
12/31/2020,10,11,Wind,4726
10/31/2020,17,18,Wind,8482
7/28/2025,14,15,Solar,11365
4/14/2022,20,21,Wind,1432
3/31/2025,5,6,Wind,4974
3/27/2020,14,15,Solar,5097
3/18/2022,10,11,Wind,10998
2/21/2023,3,4,Wind,1655
12/25/2020,3,4,Wind,6400
8/8/2022,19,20,Wind,7397
6/29/2025,13,14,Solar,4619
6/12/2020,19,20,Wind,4192
5/8/2021,0,1,Wind,1731
5/11/2020,20,21,Wind,9278
5/9/2022,18,19,Solar,2834
1/21/2020,15,16,Wind,2758
12/15/2021,8,9,Wind,1940
2/15/2023,23,0,Wind,4674
12/20/2023,14,15,Wind,11089
1/11/2020,8,9,Wind,3704
8/3/2021,23,0,Wind,644
6/11/2020,0,1,Wind,649
4/12/2021,3,4,Wind,2639
2/17/2025,17,18,Wind,2055
10/10/2020,16,17,Wind,7005
8/9/2021,23,0,Wind,1042
2/12/2020,13,14,Wind,10394
6/1/2020,20,21,Wind,2065
8/20/2023,20,21,Wind,2066
12/4/2024,16,17,Wind,3374
12/21/2023,8,9,Wind,16994
1/25/2022,15,16,Solar,2454
9/20/2023,3,4,Wind,4331
9/30/2024,6,7,Wind,13746
2/2/2021,21,22,Wind,10672
6/15/2022,16,17,Solar,6051
12/3/2020,14,15,Wind,11165
3/3/2024,23,0,Wind,5107
9/7/2024,17,18,Wind,6076
1/14/2022,9,10,Wind,1587
3/8/2023,6,7,Wind,12060
2/2/2021,3,4,Wind,7759
3/2/2023,22,23,Wind,4809
6/19/2024,6,7,Wind,4154
9/7/2023,8,9,Wind,3731
5/18/2023,8,9,Wind,4599
6/10/2022,16,17,Solar,7181
3/6/2020,12,13,Wind,8719
2/6/2024,17,18,Wind,14535
12/1/2020,19,20,Wind,6654
12/18/2021,0,1,Wind,6621
4/19/2023,13,14,Solar,10701
10/29/2023,2,3,Wind,15218
2/28/2022,11,12,Solar,6043
1/8/2024,17,18,Wind,7481
9/8/2025,17,18,Solar,4368
11/23/2024,20,21,Wind,18894
6/19/2020,13,14,Solar,5426
9/10/2022,3,4,Wind,5648
3/26/2025,7,8,Wind,2860
6/16/2023,7,8,Solar,1522
5/30/2022,18,19,Solar,2785
5/12/2022,7,8,Wind,1481
2/21/2024,19,20,Wind,16901
12/21/2020,19,20,Wind,12080
11/27/2024,20,21,Wind,8813
4/10/2021,22,23,Wind,4143
2/7/2023,12,13,Wind,9496
3/17/2020,17,18,Solar,747
3/31/2024,23,0,Wind,5877
4/22/2024,21,22,Wind,5209
2/9/2024,5,6,Wind,16039
1/25/2024,9,10,Wind,4751
3/20/2021,22,23,Wind,4318
4/8/2024,13,14,Wind,13060
5/11/2023,0,1,Wind,3687
5/3/2024,2,3,Wind,8428
5/8/2024,6,7,Wind,4982
5/17/2024,10,11,Solar,5725
4/12/2024,0,1,Wind,1217
6/7/2023,9,10,Solar,5872
2/2/2021,20,21,Wind,10572
12/20/2023,19,20,Wind,11600
1/20/2021,23,0,Wind,14422
12/22/2020,3,4,Wind,10511
6/18/2022,3,4,Wind,1733
3/9/2025,9,10,Wind,7464
10/4/2024,20,21,Wind,2104
1/6/2022,10,11,Solar,3893
5/14/2023,9,10,Solar,5015
3/16/2024,7,8,Wind,4986
10/31/2024,18,19,Wind,903
9/29/2022,2,3,Wind,2219
2/15/2024,22,23,Wind,11144
6/3/2020,7,8,Wind,893
3/28/2020,0,1,Wind,2585
3/28/2022,16,17,Solar,4489
5/28/2023,12,13,Solar,6843
1/10/2022,12,13,Solar,2788
5/30/2024,9,10,Wind,5821
11/9/2021,5,6,Wind,2043
7/6/2023,16,17,Solar,6097
3/22/2020,0,1,Wind,7864
12/30/2024,15,16,Solar,1844
9/21/2021,21,22,Wind,3098
3/2/2021,3,4,Wind,4020
6/13/2022,12,13,Solar,7097
6/8/2020,16,17,Wind,6440
7/14/2022,1,2,Wind,1032
1/7/2024,14,15,Wind,10087
8/15/2020,14,15,Solar,3986
9/3/2025,17,18,Wind,18008
1/14/2024,0,1,Wind,702
7/16/2021,4,5,Wind,4087
10/27/2021,4,5,Wind,2348
11/17/2025,10,11,Wind,9866
12/7/2023,5,6,Wind,5594
7/31/2023,3,4,Wind,6786
1/27/2021,7,8,Wind,5471
4/4/2025,23,0,Wind,8985
2/16/2021,9,10,Wind,10058
10/28/2024,14,15,Solar,4472
3/10/2020,17,18,Wind,12332
2/18/2024,13,14,Wind,14863
4/24/2022,0,1,Wind,3552
3/24/2024,8,9,Wind,12853
2/15/2023,20,21,Wind,3572
10/23/2020,7,8,Wind,2386
10/30/2021,2,3,Wind,7377
4/18/2023,8,9,Wind,6821
8/22/2022,0,1,Wind,2070
6/20/2022,22,23,Wind,5651
6/6/2023,18,19,Wind,5582
7/10/2020,22,23,Wind,3126
6/7/2025,13,14,Wind,9629
7/14/2024,15,16,Solar,3785
3/4/2024,17,18,Wind,4494
9/9/2022,8,9,Wind,9535
4/7/2024,8,9,Wind,7846
10/11/2025,6,7,Wind,3336
6/23/2022,14,15,Solar,5773
4/30/2025,5,6,Wind,4352
1/13/2025,7,8,Wind,5309
11/4/2025,5,6,Wind,7828
8/10/2020,4,5,Wind,1627
7/6/2023,1,2,Wind,1423
6/22/2024,20,21,Wind,4358
9/27/2024,2,3,Wind,9216
10/13/2021,15,16,Solar,5451
6/2/2024,7,8,Wind,5952
1/12/2025,21,22,Wind,4492
3/19/2023,4,5,Wind,2638
10/22/2022,18,19,Wind,2460
6/12/2021,2,3,Wind,1985
12/4/2022,6,7,Wind,3503
3/3/2023,5,6,Wind,4257
5/1/2025,5,6,Wind,4103
11/22/2022,22,23,Wind,9243
8/21/2023,10,11,Solar,5226
8/8/2020,11,12,Solar,3631
7/9/2020,8,9,Solar,2169
11/22/2021,22,23,Wind,9421
5/10/2022,18,19,Wind,6142
8/5/2023,11,12,Wind,13798
1/24/2025,14,15,Wind,17775
3/12/2020,12,13,Wind,8989
3/2/2020,18,19,Wind,8680
7/27/2021,18,19,Wind,5500
7/13/2025,2,3,Wind,3018
4/11/2022,1,2,Wind,9408
9/11/2022,17,18,Solar,4077
12/25/2020,7,8,Wind,6228
9/12/2022,7,8,Wind,2981
4/4/2023,10,11,Solar,8577
1/11/2024,11,12,Wind,6878
12/4/2020,18,19,Wind,4886
3/21/2025,17,18,Wind,9354
9/12/2024,21,22,Wind,3405
8/24/2023,20,21,Wind,2703
2/10/2021,2,3,Wind,7896
9/24/2022,2,3,Wind,1079
12/19/2020,14,15,Wind,8360
6/20/2024,4,5,Wind,5207
10/10/2020,21,22,Wind,4289
6/17/2020,11,12,Solar,3428
2/20/2025,23,0,Wind,8604
1/18/2022,17,18,Wind,2849
8/19/2025,7,8,Wind,2257
9/27/2022,7,8,Wind,6673
9/5/2024,15,16,Solar,6999
11/21/2021,2,3,Wind,453
5/6/2021,10,11,Wind,5855
9/18/2024,10,11,Wind,12946
12/11/2020,0,1,Wind,6984
2/9/2021,8,9,Wind,1911
4/27/2024,19,20,Wind,7368
11/22/2024,17,18,Wind,9935
5/3/2024,13,14,Wind,12728
9/23/2025,3,4,Wind,4813
8/14/2024,5,6,Wind,1105
10/6/2024,6,7,Wind,7552
5/2/2022,10,11,Solar,4808
6/7/2022,8,9,Wind,4149
8/2/2020,8,9,Wind,3279
4/2/2022,11,12,Wind,13578
8/4/2024,18,19,Solar,4891
5/28/2024,22,23,Wind,6823
4/23/2024,21,22,Wind,4195
4/25/2021,18,19,Wind,11256
8/26/2024,6,7,Wind,2932
6/13/2024,7,8,Wind,2669
5/16/2023,6,7,Wind,7853
1/22/2025,14,15,Wind,4876
5/12/2021,4,5,Wind,3231
10/7/2020,16,17,Wind,8549
10/5/2021,7,8,Wind,10057
12/2/2020,19,20,Wind,1787
12/14/2021,6,7,Wind,782
12/28/2021,10,11,Wind,15672
8/1/2020,7,8,Wind,2020
9/3/2023,13,14,Solar,8832
8/20/2025,20,21,Wind,4386
1/1/2024,8,9,Wind,12111
10/13/2023,9,10,Wind,13754
9/7/2020,12,13,Solar,5583
4/1/2021,16,17,Solar,6469
5/12/2024,23,0,Wind,2832
2/27/2020,20,21,Wind,8206
5/17/2021,21,22,Wind,7537
11/20/2021,1,2,Wind,1594
8/20/2022,7,8,Wind,1663
1/17/2020,13,14,Wind,9858
7/28/2023,23,0,Wind,3652
11/28/2024,8,9,Wind,2296
7/16/2020,14,15,Solar,4657
4/13/2025,14,15,Wind,4859
5/13/2023,17,18,Wind,9656
1/17/2025,10,11,Solar,3257
4/15/2025,19,20,Wind,11228
7/14/2023,19,20,Wind,10851
1/26/2023,2,3,Wind,1451
10/2/2025,2,3,Wind,2534
10/17/2020,15,16,Solar,2746
11/26/2020,2,3,Wind,2633
8/30/2023,22,23,Wind,3823
11/8/2023,12,13,Wind,17887
11/30/2020,22,23,Wind,6144
2/6/2021,15,16,Wind,3917
11/8/2025,19,20,Wind,2528
5/29/2022,22,23,Wind,4206
9/8/2024,13,14,Wind,12082
5/20/2021,17,18,Wind,11154
2/23/2021,3,4,Wind,6458
3/25/2022,3,4,Wind,4499
5/19/2023,21,22,Wind,6600
12/9/2021,23,0,Wind,11867
9/26/2021,17,18,Wind,4319
8/1/2021,10,11,Solar,4828
6/15/2021,12,13,Solar,4908
10/18/2024,15,16,Solar,4782
8/27/2024,6,7,Wind,3934
5/26/2021,5,6,Wind,6820
12/11/2020,2,3,Wind,6717
2/14/2021,22,23,Wind,10091
1/23/2024,16,17,Wind,15968
2/10/2025,4,5,Wind,3428
4/3/2025,19,20,Wind,5275
12/1/2021,12,13,Wind,12514
8/27/2021,3,4,Wind,3341
9/2/2021,1,2,Wind,6519
7/20/2023,23,0,Wind,2081
3/30/2022,4,5,Wind,1033
6/15/2022,23,0,Wind,3200
2/4/2020,15,16,Wind,12943
7/19/2025,19,20,Wind,6490
12/25/2023,8,9,Wind,8821
11/23/2025,0,1,Wind,9995
12/18/2020,1,2,Wind,5442
8/21/2021,0,1,Wind,1574
12/26/2020,1,2,Wind,3512
2/19/2022,5,6,Wind,8979
9/18/2023,7,8,Wind,6496
4/20/2021,11,12,Solar,3836
11/27/2021,11,12,Wind,9979
10/30/2025,2,3,Wind,8202
1/19/2021,21,22,Wind,11736
9/21/2021,12,13,Solar,5673
9/16/2020,22,23,Wind,4583
1/13/2021,8,9,Wind,4054
4/25/2023,20,21,Wind,1801
1/14/2025,17,18,Wind,1705
8/9/2023,11,12,Solar,6695
7/30/2021,14,15,Wind,13274
8/14/2021,4,5,Wind,1386
8/15/2025,7,8,Wind,3889
6/10/2020,19,20,Wind,1897
7/25/2024,11,12,Solar,8564
8/18/2025,11,12,Solar,8149
7/6/2021,3,4,Wind,9323
9/7/2020,0,1,Wind,1850
5/4/2025,9,10,Wind,6967
2/6/2021,13,14,Wind,3547
4/16/2023,13,14,Solar,9930
9/10/2025,4,5,Wind,3739
3/31/2020,8,9,Wind,6991
3/26/2022,15,16,Wind,12068
3/2/2023,3,4,Wind,4960
7/18/2024,2,3,Wind,2677
2/8/2025,4,5,Wind,8967
2/27/2024,12,13,Wind,11006
2/16/2024,15,16,Wind,7726
5/12/2021,1,2,Wind,4995
11/10/2022,7,8,Wind,3300
9/26/2025,8,9,Wind,1342
1/4/2022,19,20,Wind,8823
10/29/2024,6,7,Wind,1701
10/3/2020,13,14,Wind,6716
4/17/2022,13,14,Solar,8579
11/30/2020,5,6,Wind,1306
1/19/2022,16,17,Wind,4214
6/21/2023,0,1,Wind,1215
5/8/2023,22,23,Wind,1738
7/19/2025,5,6,Wind,4732
7/15/2021,19,20,Wind,7367
12/13/2024,18,19,Wind,686
6/26/2023,23,0,Wind,3958
12/26/2021,17,18,Wind,2789
2/23/2024,21,22,Wind,7837
9/11/2025,14,15,Wind,10503
4/30/2020,15,16,Wind,13682
4/3/2023,7,8,Wind,5881
3/2/2021,10,11,Wind,4183
7/29/2022,12,13,Solar,4479
2/10/2023,12,13,Solar,6318
5/28/2025,1,2,Wind,12388
8/26/2024,0,1,Wind,2521
11/17/2020,16,17,Wind,2045
12/6/2022,1,2,Wind,1831
9/1/2020,4,5,Wind,1209
12/30/2024,8,9,Wind,884
9/20/2024,11,12,Solar,7924
9/15/2025,19,20,Wind,14689
5/19/2021,20,21,Wind,5261
4/7/2025,20,21,Wind,3379
11/28/2023,14,15,Solar,4208
5/21/2021,13,14,Wind,14953
9/25/2025,4,5,Wind,3079
10/21/2023,20,21,Wind,15040
7/22/2022,16,17,Solar,4862
3/31/2022,6,7,Wind,5064
2/7/2023,0,1,Wind,7481
2/27/2023,19,20,Wind,11902
1/19/2022,13,14,Wind,4189
6/4/2021,15,16,Wind,4302
2/20/2023,7,8,Wind,2935
1/14/2020,3,4,Wind,12358
8/20/2020,10,11,Solar,4983
1/20/2023,22,23,Wind,5120
4/29/2023,1,2,Wind,2031
7/18/2025,9,10,Solar,4691
5/15/2023,7,8,Wind,2780
11/11/2020,1,2,Wind,662
11/6/2021,1,2,Wind,2388
10/31/2023,11,12,Wind,10460
8/28/2020,0,1,Wind,6858
2/7/2020,10,11,Wind,6587
12/16/2021,23,0,Wind,6315
12/11/2022,0,1,Wind,2278
6/18/2025,1,2,Wind,3309
6/9/2023,6,7,Wind,4593
10/26/2025,17,18,Wind,10290
7/26/2024,7,8,Wind,1595
3/26/2022,3,4,Wind,7695
10/9/2024,6,7,Wind,9530
12/26/2021,2,3,Wind,1680
8/16/2020,5,6,Wind,924
1/12/2024,11,12,Wind,7299
4/20/2024,20,21,Wind,7138
2/17/2023,22,23,Wind,5891
10/7/2025,13,14,Solar,8508
7/28/2025,2,3,Wind,4362
3/12/2020,21,22,Wind,8111
4/3/2024,22,23,Wind,9953
4/3/2022,14,15,Wind,6810
10/10/2025,9,10,Wind,4633
7/19/2024,9,10,Solar,3886
7/30/2021,0,1,Wind,1238
9/18/2020,1,2,Wind,6948
2/6/2024,5,6,Wind,10582
3/2/2023,2,3,Wind,5255
11/25/2021,8,9,Wind,3061
2/8/2022,14,15,Solar,6931
1/17/2020,23,0,Wind,6445
2/10/2021,3,4,Wind,7609
11/13/2025,15,16,Wind,8345
5/30/2024,6,7,Wind,3497
12/28/2023,5,6,Wind,13377
6/3/2024,2,3,Wind,2714
9/17/2022,2,3,Wind,5429
7/18/2021,19,20,Wind,7945
6/12/2025,18,19,Solar,6676
10/6/2022,2,3,Wind,3635
10/28/2025,22,23,Wind,6083
2/23/2023,12,13,Wind,4331
8/30/2022,15,16,Solar,5798
5/7/2020,13,14,Solar,4385
1/10/2021,8,9,Wind,4265
3/13/2024,1,2,Wind,6932
6/22/2020,14,15,Solar,4898
9/1/2023,6,7,Wind,5184
8/19/2024,16,17,Solar,8046
12/10/2021,20,21,Wind,12578
11/23/2020,20,21,Wind,1131
3/1/2021,15,16,Solar,5240
10/11/2025,17,18,Wind,6472
8/21/2024,1,2,Wind,7301
3/12/2023,7,8,Wind,8686
12/17/2020,20,21,Wind,4679
11/30/2020,15,16,Wind,3087
12/8/2021,7,8,Wind,8088
1/8/2020,2,3,Wind,6008
1/9/2020,14,15,Wind,11423
5/13/2020,17,18,Wind,8860
12/14/2022,23,0,Wind,2310
12/19/2023,2,3,Wind,5453
2/21/2023,16,17,Solar,1722
1/11/2020,22,23,Wind,4742
7/24/2020,13,14,Solar,6266
4/16/2024,13,14,Wind,16063
4/14/2022,1,2,Wind,1110
6/16/2021,17,18,Solar,3288
9/25/2021,12,13,Solar,4220
7/15/2022,11,12,Solar,7619
9/11/2025,22,23,Wind,9951
12/17/2021,10,11,Wind,7940
10/14/2020,1,2,Wind,1889
4/10/2024,20,21,Wind,3703
10/24/2020,22,23,Wind,11558
4/28/2023,11,12,Solar,9434
2/4/2020,10,11,Wind,12401
12/14/2020,8,9,Wind,8235
7/28/2024,4,5,Wind,2074
12/15/2022,8,9,Wind,4964
5/11/2021,5,6,Wind,1678
10/30/2022,13,14,Solar,6447
10/1/2023,15,16,Solar,6516
2/18/2023,22,23,Wind,7646
4/7/2025,19,20,Wind,3546
12/31/2022,5,6,Wind,15718
8/30/2025,23,0,Wind,9404
1/21/2023,23,0,Wind,6736
8/16/2024,16,17,Solar,8469
1/13/2022,3,4,Wind,2775
4/19/2023,0,1,Wind,7961
2/16/2022,14,15,Wind,16703
4/17/2022,2,3,Wind,7573
3/30/2022,12,13,Solar,2608
1/21/2024,5,6,Wind,11405
5/24/2025,4,5,Wind,3912
8/17/2022,22,23,Wind,1322
5/8/2021,16,17,Wind,12429
4/19/2023,22,23,Wind,7558
10/28/2023,9,10,Wind,13248
3/1/2025,22,23,Wind,10540
9/15/2025,12,13,Wind,11510
10/25/2025,14,15,Wind,11908
2/19/2024,14,15,Wind,11142
3/23/2025,3,4,Wind,3869
8/31/2025,11,12,Solar,5371
8/1/2021,7,8,Wind,2554
6/19/2023,23,0,Wind,2886
9/7/2021,7,8,Wind,3408
2/4/2021,5,6,Wind,3026
12/9/2023,3,4,Wind,9162
8/7/2025,4,5,Wind,893
5/23/2021,15,16,Wind,9665
3/1/2022,16,17,Solar,3339
11/18/2020,2,3,Wind,3420
3/29/2020,19,20,Wind,12911
10/19/2023,14,15,Wind,9996
8/16/2025,0,1,Wind,7321
1/25/2024,16,17,Wind,5207
3/29/2022,20,21,Wind,1870
9/4/2022,21,22,Wind,3778
10/29/2024,10,11,Solar,4129
11/8/2025,23,0,Wind,2919
10/21/2022,17,18,Wind,6804
11/5/2020,5,6,Wind,4674
4/11/2025,0,1,Wind,6055
4/16/2023,21,22,Wind,3520
3/7/2021,8,9,Wind,2022
8/18/2020,8,9,Solar,1277
11/5/2023,6,7,Wind,15512
9/12/2020,16,17,Solar,3530
10/11/2024,11,12,Solar,5450
5/20/2021,3,4,Wind,2100
10/26/2023,0,1,Wind,5361
4/23/2020,23,0,Wind,1139
7/1/2024,22,23,Wind,3894
8/14/2024,1,2,Wind,1400
9/19/2021,21,22,Wind,2485
8/22/2025,12,13,Solar,9823
8/18/2020,5,6,Wind,987
8/18/2023,2,3,Wind,2607
10/25/2024,1,2,Wind,7588
3/11/2022,4,5,Wind,10282
9/17/2024,12,13,Wind,16503
10/11/2023,19,20,Wind,6699
2/1/2025,18,19,Wind,2571
6/11/2022,2,3,Wind,1045
12/18/2023,1,2,Wind,2520
5/20/2020,10,11,Solar,4245
2/26/2022,19,20,Wind,8159
3/28/2025,21,22,Wind,8826
9/15/2025,8,9,Wind,15246
5/16/2025,6,7,Wind,7414
8/9/2024,5,6,Wind,4510
5/9/2024,9,10,Solar,5782
4/9/2022,13,14,Solar,7575
10/10/2022,3,4,Wind,3974
5/12/2025,17,18,Solar,6313
9/16/2021,19,20,Wind,967
1/19/2020,9,10,Wind,6076
5/22/2020,3,4,Wind,3725
9/30/2025,22,23,Wind,3533
12/4/2021,20,21,Wind,11221
9/5/2023,11,12,Solar,7619
8/7/2021,10,11,Wind,7077
7/29/2024,14,15,Solar,9874
12/4/2021,11,12,Wind,12396
2/25/2025,2,3,Wind,3069
8/23/2023,5,6,Wind,2112
3/12/2022,8,9,Wind,6023
1/9/2021,6,7,Wind,2979
1/14/2023,19,20,Wind,14512
3/10/2020,4,5,Wind,12077
3/20/2021,11,12,Wind,8472
4/16/2020,14,15,Solar,4634
8/26/2021,8,9,Wind,3340
12/5/2024,0,1,Wind,7607
10/8/2023,2,3,Wind,2408
4/23/2025,18,19,Wind,6871
1/9/2023,8,9,Wind,14252
8/2/2024,14,15,Solar,8946
3/29/2021,6,7,Wind,3593
9/21/2024,1,2,Wind,3170
9/16/2020,17,18,Wind,4954
4/13/2025,21,22,Wind,1641
12/23/2022,12,13,Wind,16859
12/19/2022,12,13,Wind,14684
10/25/2023,3,4,Wind,8598
6/16/2024,7,8,Wind,8210
12/29/2024,7,8,Wind,774
4/2/2025,13,14,Wind,17641
5/30/2024,4,5,Wind,3739
7/5/2021,1,2,Wind,2789
7/5/2024,12,13,Solar,12935
5/13/2021,13,14,Solar,6559
8/11/2024,11,12,Solar,5814
5/1/2025,10,11,Solar,4316
4/30/2022,4,5,Wind,4649
12/1/2024,8,9,Wind,7579
7/23/2021,5,6,Wind,3326
11/14/2024,10,11,Solar,5663
6/16/2023,0,1,Wind,3029
10/2/2025,23,0,Wind,5805
9/16/2022,13,14,Solar,8827
5/8/2024,4,5,Wind,5274
10/23/2024,16,17,Solar,6010
8/7/2022,5,6,Wind,5980
10/11/2025,5,6,Wind,3216
1/29/2021,18,19,Wind,12070
6/29/2024,5,6,Wind,4162
1/4/2022,12,13,Wind,5892
7/20/2020,21,22,Wind,3921
7/9/2020,3,4,Wind,1425
3/27/2020,13,14,Solar,5421
1/29/2024,5,6,Wind,7083
5/7/2021,16,17,Solar,4859
4/6/2020,10,11,Wind,6583
1/7/2024,15,16,Wind,9702
7/21/2024,4,5,Wind,2448
10/27/2024,12,13,Solar,4194
4/5/2021,14,15,Wind,12625
6/14/2024,1,2,Wind,7218
10/18/2022,8,9,Wind,2001
7/5/2024,16,17,Solar,10543
10/22/2022,5,6,Wind,5269
10/17/2020,16,17,Solar,2239
5/18/2024,19,20,Solar,2205
10/31/2020,11,12,Wind,9769
11/24/2020,5,6,Wind,1755
9/24/2022,11,12,Solar,3214
8/7/2021,22,23,Wind,8821
11/5/2020,3,4,Wind,4479
9/25/2022,16,17,Solar,5586
4/13/2023,22,23,Wind,3651
3/27/2024,2,3,Wind,5062
4/13/2022,18,19,Solar,1709
7/7/2024,5,6,Wind,3686
10/2/2024,15,16,Solar,4719
2/11/2024,5,6,Wind,10364
9/6/2021,20,21,Wind,2229
7/8/2020,4,5,Wind,1654
12/22/2020,18,19,Wind,6883
6/4/2021,18,19,Wind,3041
2/20/2022,14,15,Wind,17527
4/18/2024,2,3,Wind,3584
1/31/2024,8,9,Wind,1113
1/20/2020,16,17,Wind,5749
12/1/2020,7,8,Wind,7679
1/14/2024,21,22,Wind,2087
3/8/2021,15,16,Solar,3419
2/20/2021,18,19,Wind,12317
11/17/2021,12,13,Solar,2775
3/19/2024,14,15,Solar,7253
2/6/2023,11,12,Wind,8711
1/1/2024,6,7,Wind,8361
7/24/2020,16,17,Wind,6611
4/30/2022,9,10,Wind,5319
6/7/2025,16,17,Wind,15982
5/2/2025,3,4,Wind,3811
1/16/2023,7,8,Wind,14780
7/5/2020,3,4,Wind,6383
5/18/2022,3,4,Wind,2167
3/6/2025,6,7,Wind,8608
10/10/2020,8,9,Wind,2390
8/14/2021,11,12,Solar,4598
11/23/2024,5,6,Wind,11307
6/14/2020,0,1,Wind,3691
2/6/2023,21,22,Wind,7920
4/18/2022,7,8,Wind,2588
10/24/2020,7,8,Wind,8145
10/7/2025,23,0,Wind,1448
6/19/2024,7,8,Wind,5150
9/3/2023,6,7,Wind,2936
6/23/2020,15,16,Solar,5482
11/11/2024,12,13,Wind,7654
4/29/2021,0,1,Wind,2175
11/17/2020,14,15,Wind,4395
9/25/2024,16,17,Wind,11905
12/29/2024,6,7,Wind,789
3/11/2021,4,5,Wind,14110
11/16/2021,9,10,Wind,1372
2/20/2024,9,10,Wind,4641
1/2/2021,7,8,Wind,1702
8/12/2021,9,10,Solar,2243
10/17/2020,8,9,Wind,919
1/30/2021,14,15,Wind,8147
8/27/2022,21,22,Wind,3603
5/6/2020,14,15,Solar,5346
4/2/2023,17,18,Wind,10027
5/14/2024,12,13,Wind,5093
3/19/2024,18,19,Solar,553
10/18/2025,19,20,Wind,4541
11/13/2023,5,6,Wind,11790
3/30/2023,14,15,Wind,18376
12/13/2022,23,0,Wind,2770
3/18/2021,1,2,Wind,4019
2/4/2024,2,3,Wind,5969
1/23/2022,2,3,Wind,1641
6/15/2022,3,4,Wind,2910
3/18/2024,21,22,Wind,823
1/23/2021,15,16,Wind,6347
7/23/2025,23,0,Wind,2313
1/13/2021,7,8,Wind,3680
1/23/2022,11,12,Solar,5316
5/14/2021,9,10,Wind,5001
8/31/2022,1,2,Wind,3244
5/24/2023,18,19,Wind,10186
8/8/2023,14,15,Solar,9959
9/18/2025,10,11,Solar,7153
10/18/2021,20,21,Wind,4557
12/6/2021,3,4,Wind,3015
4/2/2024,20,21,Wind,8828
3/31/2023,4,5,Wind,14226
9/28/2021,21,22,Wind,4439
8/5/2021,18,19,Wind,8616
10/8/2025,16,17,Solar,5717
6/19/2025,8,9,Solar,5231
3/31/2022,5,6,Wind,4419
8/13/2025,11,12,Solar,6907
5/26/2024,18,19,Wind,7560
2/8/2023,2,3,Wind,3673
2/12/2023,18,19,Wind,2615
3/23/2024,13,14,Wind,13212
3/3/2021,4,5,Wind,1868
9/3/2022,22,23,Wind,941
4/18/2023,14,15,Wind,11627
3/20/2023,7,8,Wind,3079
12/27/2020,16,17,Wind,9630
8/2/2021,14,15,Solar,5406
3/29/2022,17,18,Wind,2577
7/18/2024,21,22,Wind,920
5/20/2021,10,11,Solar,5854
3/16/2020,10,11,Wind,3598
11/30/2023,13,14,Wind,2238
8/29/2025,18,19,Wind,11377
11/14/2021,19,20,Wind,4835
1/18/2020,18,19,Wind,2546
8/26/2022,7,8,Wind,3273
10/11/2025,0,1,Wind,3360
5/20/2025,4,5,Wind,4969
6/13/2020,21,22,Wind,2890
4/17/2021,5,6,Wind,4957
2/14/2023,5,6,Wind,2408
2/15/2021,16,17,Wind,8146
1/5/2020,4,5,Wind,1728
11/7/2025,3,4,Wind,3087
10/26/2022,2,3,Wind,7205
6/25/2022,2,3,Wind,5203
12/9/2020,1,2,Wind,2445
12/17/2022,7,8,Wind,2716
5/3/2020,12,13,Solar,4975
7/15/2021,10,11,Wind,7878
7/6/2020,4,5,Wind,5253
3/11/2021,21,22,Wind,13833
11/19/2021,22,23,Wind,1897
12/27/2020,21,22,Wind,7701
7/18/2022,12,13,Solar,7190
4/7/2022,5,6,Wind,15307
6/26/2020,20,21,Wind,2347
12/13/2023,13,14,Wind,8249
1/18/2023,22,23,Wind,4635
3/2/2023,19,20,Wind,4572
2/14/2024,7,8,Wind,8686
7/26/2020,3,4,Wind,4363
2/14/2021,9,10,Wind,8785
5/24/2020,14,15,Solar,5804
6/8/2024,6,7,Wind,2189
7/16/2023,2,3,Wind,9806
10/10/2024,4,5,Wind,6548
2/8/2022,9,10,Wind,5544
4/29/2021,8,9,Wind,2572
6/24/2025,22,23,Wind,953
5/8/2025,6,7,Wind,4683
3/25/2022,18,19,Wind,5665
8/7/2025,16,17,Solar,9103
2/5/2023,12,13,Wind,13167
5/26/2020,10,11,Solar,5389
2/21/2020,19,20,Wind,5380
11/14/2024,16,17,Wind,2912
6/12/2020,8,9,Wind,4845
8/24/2021,0,1,Wind,5225
4/2/2024,5,6,Wind,13162
12/25/2020,12,13,Wind,7897
11/25/2024,14,15,Wind,10869
6/10/2020,8,9,Solar,1917
10/9/2024,8,9,Wind,8989
4/1/2022,15,16,Wind,15623
1/14/2025,5,6,Wind,2408
6/19/2023,3,4,Wind,2655
12/29/2021,4,5,Wind,7156
3/13/2024,19,20,Wind,2622
1/19/2021,1,2,Wind,8745
7/8/2020,14,15,Solar,7139
7/2/2020,10,11,Wind,4675
11/21/2024,9,10,Wind,8382
7/26/2025,7,8,Wind,2927
8/1/2024,6,7,Wind,2326
2/15/2025,12,13,Solar,10225
2/5/2021,8,9,Wind,1913
10/25/2025,19,20,Wind,8625
4/29/2023,8,9,Wind,1975
3/13/2025,23,0,Wind,2180
10/18/2023,4,5,Wind,10606
3/8/2025,23,0,Wind,11725
4/26/2024,5,6,Wind,2540
1/24/2020,1,2,Wind,2568
4/25/2025,16,17,Solar,8859
4/4/2024,23,0,Wind,8162
2/18/2023,13,14,Wind,13004
9/8/2021,1,2,Wind,5758
5/22/2024,3,4,Wind,4721
8/9/2022,18,19,Wind,8183
9/23/2021,14,15,Solar,5865
11/21/2020,0,1,Wind,3282
3/14/2020,3,4,Wind,2224
4/5/2025,14,15,Solar,5645
6/13/2024,3,4,Wind,1192
8/22/2023,13,14,Solar,7342
2/28/2023,18,19,Wind,6085
6/8/2024,15,16,Solar,4453
11/22/2021,8,9,Wind,10416
10/30/2025,16,17,Wind,6533
5/30/2023,18,19,Wind,12312
5/23/2022,19,20,Wind,7416
8/24/2025,9,10,Solar,5564
7/10/2025,18,19,Solar,8246
7/4/2024,13,14,Wind,8404
3/22/2023,12,13,Wind,16353
8/3/2023,11,12,Wind,12953
3/23/2021,20,21,Wind,630
7/16/2024,19,20,Wind,8445
3/31/2020,22,23,Wind,7230
5/25/2022,0,1,Wind,1979
11/24/2024,3,4,Wind,18423
11/12/2023,21,22,Wind,8605
4/16/2022,2,3,Wind,5096
4/24/2020,2,3,Wind,853
6/18/2025,7,8,Wind,2963
6/23/2024,4,5,Wind,2380
4/22/2020,13,14,Solar,3451
6/27/2024,8,9,Solar,2831
3/17/2025,18,19,Wind,9923
5/12/2024,13,14,Solar,3827
7/17/2022,15,16,Solar,8207
1/12/2022,16,17,Wind,2643
12/28/2023,2,3,Wind,13154
3/29/2023,13,14,Wind,10989
11/6/2024,6,7,Wind,233
10/29/2020,6,7,Wind,7522
9/12/2024,14,15,Solar,12379
7/9/2022,5,6,Wind,2738
2/8/2023,12,13,Solar,7144
3/29/2021,15,16,Solar,5535
3/24/2025,21,22,Wind,3249
6/29/2025,22,23,Wind,3773
6/3/2021,3,4,Wind,1791
12/5/2024,16,17,Wind,15222
8/20/2023,17,18,Solar,5129
10/6/2025,10,11,Solar,6858
10/28/2022,4,5,Wind,8644
4/25/2024,4,5,Wind,1021
8/1/2020,21,22,Wind,3333
5/24/2022,22,23,Wind,1588
10/20/2023,21,22,Wind,9597
6/16/2023,21,22,Wind,987
12/11/2020,16,17,Wind,6139
1/3/2020,9,10,Wind,9014
5/1/2025,23,0,Wind,2925
9/26/2025,2,3,Wind,1283
9/11/2021,15,16,Solar,5245
4/12/2021,23,0,Wind,1644
5/20/2022,10,11,Solar,6916
2/15/2024,13,14,Wind,9668
8/4/2022,13,14,Solar,6797
10/5/2022,17,18,Wind,10775
9/8/2023,19,20,Wind,1245
4/17/2021,12,13,Wind,9337
12/29/2021,18,19,Wind,13848
7/10/2020,1,2,Wind,4062
4/16/2022,22,23,Wind,8035
8/29/2022,10,11,Solar,6222
1/25/2021,6,7,Wind,5740
3/5/2023,10,11,Solar,5347
10/23/2023,6,7,Wind,6765
9/7/2022,10,11,Solar,5403
3/10/2021,12,13,Wind,12512
6/17/2021,16,17,Wind,3765
3/19/2021,11,12,Wind,12650
2/5/2023,20,21,Wind,10545
10/1/2021,10,11,Wind,8160
4/7/2022,6,7,Wind,15605
6/5/2020,23,0,Wind,5382
1/4/2022,22,23,Wind,9936
3/29/2022,3,4,Wind,2928
1/11/2021,14,15,Wind,5835
7/17/2023,3,4,Wind,2631
5/22/2020,5,6,Wind,3933
7/25/2024,4,5,Wind,1110
12/13/2024,6,7,Wind,3109
3/31/2024,16,17,Wind,11727
6/17/2021,1,2,Wind,4877
2/22/2024,19,20,Wind,18175
8/31/2025,21,22,Wind,4091
7/9/2025,10,11,Solar,8286
6/5/2022,11,12,Solar,6469
6/22/2020,12,13,Solar,4646
6/6/2022,22,23,Wind,1472
2/7/2023,20,21,Wind,6233
12/21/2024,22,23,Wind,18495
6/24/2022,18,19,Wind,9771
10/10/2022,12,13,Solar,4854
2/18/2024,9,10,Wind,11810
12/20/2022,4,5,Wind,13643
7/21/2021,11,12,Solar,5052
7/16/2024,14,15,Wind,16085
11/22/2025,23,0,Wind,10029
6/9/2022,13,14,Solar,9114
7/8/2023,23,0,Wind,1532
2/22/2021,6,7,Wind,5863
11/2/2025,21,22,Wind,9076
5/6/2024,7,8,Wind,3899
9/25/2020,10,11,Wind,11120
10/2/2025,8,9,Wind,3487
12/29/2023,9,10,Wind,14122
1/7/2022,20,21,Wind,9790
12/9/2024,21,22,Wind,12199
6/28/2025,18,19,Solar,5907
1/11/2021,13,14,Wind,5586
9/14/2024,3,4,Wind,3787
9/10/2022,20,21,Wind,1502
1/11/2021,16,17,Wind,5648
4/17/2024,7,8,Wind,4875
6/7/2024,23,0,Wind,2026
8/21/2021,15,16,Solar,5887
3/18/2022,7,8,Wind,9631
9/4/2022,15,16,Solar,7164
9/10/2024,4,5,Wind,4629
11/24/2023,4,5,Wind,8341
3/4/2024,5,6,Wind,3791
8/12/2020,10,11,Solar,3008
7/24/2021,11,12,Solar,5691
3/25/2025,13,14,Solar,7421
10/14/2024,14,15,Solar,6424
8/21/2020,14,15,Wind,10373
10/25/2023,1,2,Wind,7125
3/24/2021,11,12,Solar,5013
8/20/2025,8,9,Wind,4263
6/12/2021,3,4,Wind,1756
9/29/2025,4,5,Wind,1507
6/27/2025,5,6,Wind,2148
7/28/2020,18,19,Wind,5966
8/19/2022,18,19,Wind,5862
2/12/2025,3,4,Wind,2513
6/6/2022,18,19,Wind,4388
6/30/2022,18,19,Wind,4436
12/2/2021,3,4,Wind,6088
1/14/2021,15,16,Wind,11377
6/30/2023,14,15,Wind,9212
7/27/2024,21,22,Wind,2140
5/24/2023,3,4,Wind,7155
4/13/2024,6,7,Wind,2103
2/26/2020,12,13,Wind,13455
1/17/2020,21,22,Wind,6614
11/25/2021,23,0,Wind,2731
10/11/2023,21,22,Wind,8279
7/29/2024,17,18,Solar,6789
6/11/2025,1,2,Wind,1923
11/17/2023,12,13,Wind,7327
8/28/2024,20,21,Wind,2125
2/3/2020,17,18,Wind,6939
7/7/2025,17,18,Wind,14610
8/3/2021,14,15,Solar,4364
7/2/2022,16,17,Solar,6252
10/30/2025,17,18,Wind,5345
2/5/2022,22,23,Wind,12214
12/15/2023,23,0,Wind,2079
11/29/2021,11,12,Wind,4114
4/17/2024,15,16,Wind,14141
2/18/2022,23,0,Wind,12360
1/28/2023,1,2,Wind,5518
3/7/2024,12,13,Solar,13196
6/10/2021,11,12,Solar,4733
5/22/2021,6,7,Wind,8809
3/13/2025,3,4,Wind,3457
9/4/2024,10,11,Solar,2864
5/5/2021,22,23,Wind,3692
2/19/2020,19,20,Wind,4385
3/24/2023,23,0,Wind,15360
11/17/2025,17,18,Wind,6399
3/30/2022,7,8,Wind,1267
3/29/2024,1,2,Wind,11121
4/9/2023,17,18,Solar,4992
1/18/2025,0,1,Wind,1332
6/30/2025,12,13,Solar,9280
12/22/2021,15,16,Wind,3913
3/28/2020,17,18,Wind,8629
12/5/2023,14,15,Wind,11893
8/19/2021,7,8,Wind,1293
8/16/2022,5,6,Wind,466
11/18/2020,0,1,Wind,2839
5/4/2023,5,6,Wind,8821
6/2/2021,17,18,Wind,5790
8/21/2024,14,15,Solar,5758
11/29/2025,9,10,Wind,12529
4/2/2025,0,1,Wind,15819
5/20/2023,9,10,Wind,6656
2/6/2023,5,6,Wind,6664
10/3/2024,15,16,Wind,11036
11/15/2021,19,20,Wind,2372
5/2/2025,15,16,Solar,4101
9/6/2023,8,9,Wind,3187
1/12/2021,14,15,Wind,10539
11/24/2021,2,3,Wind,5899
3/1/2025,15,16,Wind,16094
2/5/2021,18,19,Wind,1771
12/2/2022,14,15,Wind,3959
12/23/2024,9,10,Wind,15298
8/10/2023,11,12,Solar,7043
10/23/2021,12,13,Solar,5244
9/28/2022,7,8,Wind,4813
9/18/2023,3,4,Wind,6088
8/4/2024,8,9,Solar,3189
2/11/2023,2,3,Wind,2257
11/8/2022,11,12,Wind,14600
8/4/2022,16,17,Solar,6121
9/17/2023,11,12,Solar,6556
6/28/2020,5,6,Wind,4038
3/19/2023,0,1,Wind,3353
1/11/2023,23,0,Wind,15500
5/23/2020,5,6,Wind,2176
10/8/2022,13,14,Solar,4773
8/31/2020,5,6,Wind,2484
6/26/2023,7,8,Wind,3975
2/11/2021,11,12,Wind,8352
10/20/2024,8,9,Wind,8326
3/11/2022,7,8,Wind,11964
11/19/2022,14,15,Solar,5209
8/19/2024,6,7,Wind,1674
4/8/2023,2,3,Wind,3645
1/2/2020,22,23,Wind,6776
10/4/2023,5,6,Wind,2545
9/26/2023,13,14,Solar,7245
11/5/2020,17,18,Wind,5719
4/13/2024,19,20,Wind,3577
1/14/2024,6,7,Wind,766
6/19/2021,16,17,Solar,4560
7/19/2024,4,5,Wind,1401
4/16/2020,11,12,Solar,4756
4/27/2023,8,9,Wind,2701
12/27/2023,5,6,Wind,6899
5/1/2021,7,8,Wind,1558
12/15/2024,4,5,Wind,4427
10/9/2024,1,2,Wind,11656
1/19/2020,8,9,Wind,5257
9/22/2023,13,14,Wind,12483
4/11/2024,10,11,Solar,6804
1/29/2021,21,22,Wind,9080
6/25/2021,14,15,Solar,5800
8/1/2024,12,13,Solar,6859
5/17/2023,20,21,Wind,7659
1/25/2020,1,2,Wind,890
10/29/2023,14,15,Wind,17587
9/16/2024,16,17,Wind,10440
8/9/2025,22,23,Wind,5176
4/22/2021,4,5,Wind,5908
10/3/2024,4,5,Wind,5561
3/27/2025,14,15,Solar,9766
6/11/2024,13,14,Solar,8664
10/19/2023,12,13,Wind,10688
7/30/2024,3,4,Wind,1563
1/25/2021,15,16,Wind,4782
2/5/2022,9,10,Wind,4573
1/26/2024,9,10,Wind,12846
9/16/2020,16,17,Solar,4793
7/8/2025,9,10,Solar,9063
1/17/2020,17,18,Wind,7534
10/6/2020,17,18,Wind,11970
9/5/2023,16,17,Solar,5963
9/27/2022,1,2,Wind,6971
1/25/2020,22,23,Wind,2279
1/17/2022,4,5,Wind,1324
2/9/2023,2,3,Wind,1805
7/8/2020,8,9,Wind,2720
1/30/2024,12,13,Wind,8714
7/23/2021,8,9,Wind,3304
6/23/2021,6,7,Wind,2184
5/29/2024,17,18,Wind,8377
3/22/2025,17,18,Wind,6037
2/13/2024,15,16,Wind,11504
8/29/2021,10,11,Solar,5648
7/30/2024,11,12,Solar,6687
7/17/2021,17,18,Wind,7379
2/14/2025,3,4,Wind,4443
4/25/2020,8,9,Wind,2136
12/13/2023,19,20,Wind,7608
10/8/2023,12,13,Solar,6471
9/30/2020,16,17,Wind,5075
9/21/2025,0,1,Wind,8064
10/23/2024,5,6,Wind,1594
7/26/2022,18,19,Wind,5517
10/22/2022,17,18,Wind,3122
6/5/2021,4,5,Wind,2640
7/18/2023,23,0,Wind,2806
9/26/2023,12,13,Solar,7187
8/24/2020,1,2,Wind,2427
8/4/2025,15,16,Solar,12942
4/15/2020,14,15,Wind,7697
6/5/2024,11,12,Solar,7510
8/21/2021,19,20,Wind,2662
7/21/2020,6,7,Wind,3779
8/7/2021,7,8,Wind,3841
2/14/2020,1,2,Wind,8474
9/20/2021,8,9,Wind,1841
3/11/2021,14,15,Wind,15937
1/15/2020,3,4,Wind,12352
11/2/2021,9,10,Wind,5140
8/7/2024,22,23,Wind,1765
8/8/2024,0,1,Wind,1376
3/19/2020,18,19,Wind,1979
2/18/2023,8,9,Wind,8737
12/10/2020,8,9,Wind,4533
8/17/2021,9,10,Solar,3304
8/24/2023,23,0,Wind,2932
10/27/2025,20,21,Wind,9398
8/28/2022,1,2,Wind,3904
1/9/2025,11,12,Wind,14164
7/13/2023,19,20,Wind,4067
10/27/2023,15,16,Wind,12047
7/8/2023,1,2,Wind,5420
11/23/2025,15,16,Wind,12532
6/28/2023,15,16,Solar,7036
7/22/2020,0,1,Wind,5431
4/13/2025,1,2,Wind,9416
9/7/2023,14,15,Solar,7682
12/10/2022,22,23,Wind,1988
4/1/2023,23,0,Wind,8354
2/4/2023,7,8,Wind,2638
6/16/2023,4,5,Wind,1317
5/1/2023,19,20,Wind,5337
11/6/2021,11,12,Solar,5457
3/6/2023,2,3,Wind,1230
8/27/2022,6,7,Wind,2088
4/27/2023,5,6,Wind,1106
5/24/2025,23,0,Wind,6861
10/15/2020,6,7,Wind,3897
4/6/2024,14,15,Wind,9706
2/16/2020,2,3,Wind,12553
4/4/2024,5,6,Wind,14558
11/12/2021,16,17,Wind,3733
6/19/2025,14,15,Solar,5780
1/2/2022,18,19,Wind,13459
7/15/2022,12,13,Solar,8027
2/7/2022,4,5,Wind,10260
9/8/2021,9,10,Wind,4904
12/5/2020,18,19,Wind,6862
7/11/2023,13,14,Solar,9633
3/3/2023,7,8,Wind,4559
7/13/2023,2,3,Wind,3077
8/3/2024,21,22,Wind,2845
6/14/2021,14,15,Solar,5482
1/5/2022,0,1,Wind,9201
7/12/2021,22,23,Wind,2996
6/1/2024,21,22,Wind,7586
9/3/2022,13,14,Solar,6773
7/11/2024,0,1,Wind,1218
9/24/2024,22,23,Wind,4263
7/9/2021,14,15,Solar,5058
7/16/2024,18,19,Wind,11606
11/15/2022,17,18,Wind,9009
9/11/2020,10,11,Solar,2733
11/14/2025,17,18,Wind,10568
5/23/2023,10,11,Wind,9106
12/7/2020,14,15,Wind,2403
4/27/2020,4,5,Wind,673
1/6/2020,6,7,Wind,3152
5/9/2021,11,12,Wind,10228
10/25/2022,9,10,Wind,3922
10/25/2025,0,1,Wind,14190
1/31/2023,4,5,Wind,2807
5/19/2022,19,20,Wind,2881
8/23/2024,19,20,Wind,5416
11/12/2025,2,3,Wind,12006
1/29/2020,14,15,Wind,8583
4/11/2020,14,15,Solar,4154
9/26/2022,12,13,Wind,15706
1/3/2024,8,9,Wind,17205
3/28/2024,18,19,Wind,16192
12/17/2024,12,13,Wind,7136
1/26/2021,22,23,Wind,6877
11/5/2025,4,5,Wind,11646
4/24/2024,19,20,Wind,5432
9/28/2020,13,14,Wind,6265
8/7/2025,14,15,Solar,5135
7/25/2021,14,15,Wind,7436
5/5/2025,6,7,Wind,9555
7/14/2021,13,14,Wind,8626
2/21/2021,7,8,Wind,8825
11/4/2020,22,23,Wind,5426
3/20/2021,12,13,Wind,8845
12/25/2022,21,22,Wind,10001
10/23/2024,17,18,Wind,4076
7/2/2022,17,18,Solar,5310
6/25/2023,0,1,Wind,2923
1/21/2020,23,0,Wind,3651
7/5/2025,11,12,Solar,5411
12/13/2024,17,18,Wind,660
2/8/2023,21,22,Wind,3278
6/14/2022,20,21,Wind,1721
6/10/2022,18,19,Solar,4482
4/15/2023,6,7,Wind,6751
8/24/2023,8,9,Wind,5719
11/3/2023,3,4,Wind,10712
6/4/2021,20,21,Wind,2234
10/10/2024,16,17,Wind,8108
8/18/2021,2,3,Wind,2437
3/4/2021,20,21,Wind,2974
8/29/2020,13,14,Wind,4821
1/24/2022,23,0,Wind,964
10/22/2023,13,14,Wind,8468
12/6/2023,13,14,Solar,3795
8/30/2022,17,18,Solar,4805
9/23/2020,17,18,Wind,6746
3/17/2022,16,17,Wind,5400
2/14/2022,11,12,Wind,10790
3/18/2025,13,14,Solar,16010
8/4/2022,7,8,Wind,1701
11/10/2023,18,19,Wind,15816
9/17/2021,19,20,Wind,810
6/10/2023,21,22,Wind,1193
12/20/2022,3,4,Wind,13624
4/13/2021,16,17,Solar,6183
6/23/2025,9,10,Wind,10191
2/27/2024,4,5,Wind,12460
6/19/2025,15,16,Solar,5655
8/7/2023,4,5,Wind,3184
9/28/2024,23,0,Wind,834
1/29/2023,9,10,Wind,2011
3/18/2022,15,16,Wind,15321
3/13/2020,1,2,Wind,8087
11/8/2025,20,21,Wind,2783
12/1/2021,16,17,Wind,9058
9/19/2025,5,6,Wind,4140
1/17/2023,5,6,Wind,1776
12/4/2020,20,21,Wind,5023
7/5/2020,21,22,Wind,7482
1/23/2025,12,13,Wind,13714
8/22/2020,7,8,Wind,4958
12/8/2022,5,6,Wind,1133
9/5/2024,17,18,Wind,5454
11/22/2020,4,5,Wind,1697
2/26/2025,21,22,Wind,11738
6/1/2024,1,2,Wind,5941
3/3/2020,11,12,Solar,2802
9/27/2024,13,14,Wind,11953
7/2/2021,19,20,Solar,1462
5/8/2021,6,7,Wind,5427
12/16/2023,8,9,Wind,2517
1/12/2021,15,16,Wind,9557
8/26/2025,12,13,Solar,10011
5/16/2023,0,1,Wind,7679
2/11/2021,19,20,Wind,7839
4/14/2020,9,10,Wind,7817
1/23/2024,6,7,Wind,9148
5/31/2022,22,23,Wind,1989
10/21/2025,21,22,Wind,7164
4/2/2023,6,7,Wind,9477
12/10/2021,0,1,Wind,12432
3/20/2024,18,19,Wind,1532
6/9/2024,23,0,Wind,5282
9/29/2021,9,10,Wind,7579
5/12/2023,10,11,Solar,6907
6/5/2022,6,7,Wind,1866
5/1/2025,0,1,Wind,6308
1/9/2025,14,15,Wind,12833
11/6/2023,6,7,Wind,10335
6/18/2022,21,22,Wind,6663
5/7/2020,20,21,Wind,1028
11/11/2023,9,10,Wind,5218
10/21/2021,13,14,Wind,14572
3/1/2024,17,18,Wind,14587
5/8/2025,2,3,Wind,5751
1/21/2021,23,0,Wind,10619
8/13/2025,4,5,Wind,1162
11/15/2025,0,1,Wind,6308
3/4/2022,6,7,Wind,3066
3/28/2022,1,2,Wind,2029
10/30/2020,5,6,Wind,7320
9/21/2023,1,2,Wind,10557
8/15/2023,14,15,Solar,6486
1/19/2020,16,17,Wind,6547
12/9/2024,17,18,Wind,13501
2/11/2024,14,15,Wind,16065
4/15/2022,17,18,Solar,5306
2/15/2022,5,6,Wind,6648
8/3/2023,4,5,Wind,13342
5/18/2021,16,17,Wind,5167
12/1/2023,12,13,Wind,3305
5/16/2020,0,1,Wind,4546
11/25/2020,16,17,Wind,2619
1/8/2021,19,20,Wind,855
2/10/2025,23,0,Wind,7153
12/19/2023,12,13,Wind,11825
11/5/2024,10,11,Solar,3410
12/5/2021,17,18,Wind,6115
4/5/2020,22,23,Wind,6889
6/21/2025,21,22,Wind,2747
9/20/2022,23,0,Wind,2874
4/13/2022,2,3,Wind,2160
3/29/2025,9,10,Wind,12037
2/18/2024,11,12,Wind,13964
8/4/2023,19,20,Wind,5574
11/25/2025,18,19,Wind,11000
11/20/2023,7,8,Wind,10242
2/3/2022,21,22,Wind,3603
8/10/2020,2,3,Wind,2244
1/2/2024,20,21,Wind,17310
2/11/2022,2,3,Wind,4430
11/1/2022,17,18,Wind,10332
7/6/2023,14,15,Solar,7115
10/13/2025,9,10,Wind,7852
4/7/2024,12,13,Wind,6544
9/19/2024,5,6,Wind,7732
6/25/2022,12,13,Solar,5916
7/25/2024,8,9,Solar,3010
6/10/2020,17,18,Solar,2776
3/21/2025,15,16,Wind,13048
9/18/2025,19,20,Wind,1032
3/20/2020,12,13,Wind,7389
10/1/2024,4,5,Wind,8413
1/9/2020,13,14,Wind,12007
5/21/2021,22,23,Wind,11058
5/6/2020,16,17,Solar,4649
10/1/2025,18,19,Wind,2969
2/24/2021,20,21,Wind,6229
10/4/2020,21,22,Wind,10308
9/26/2022,23,0,Wind,7303
6/28/2023,1,2,Wind,2456
10/12/2024,15,16,Wind,7280
6/17/2020,17,18,Solar,3662
11/17/2024,7,8,Wind,3624
5/18/2022,13,14,Solar,6694
6/28/2020,12,13,Wind,6827
3/20/2020,22,23,Wind,8265
7/20/2024,21,22,Wind,2392
8/6/2025,19,20,Solar,2611
8/11/2025,1,2,Wind,7039
1/27/2021,3,4,Wind,6023
6/10/2024,0,1,Wind,5193
4/2/2023,18,19,Wind,8981
5/8/2022,12,13,Solar,8039
2/20/2020,23,0,Wind,7345
11/7/2021,17,18,Wind,3218
10/28/2022,12,13,Wind,7623
3/14/2021,2,3,Wind,10264
7/15/2025,18,19,Wind,12269
3/18/2023,1,2,Wind,6853
8/29/2021,17,18,Wind,7117
12/25/2023,20,21,Wind,13320
6/12/2024,15,16,Solar,7162
9/16/2024,7,8,Wind,2812
7/10/2023,17,18,Solar,6681
12/16/2024,14,15,Wind,7054
1/11/2020,20,21,Wind,4367
8/27/2022,19,20,Wind,3050
10/11/2021,21,22,Wind,3324
7/30/2023,8,9,Wind,6701
4/14/2023,2,3,Wind,4401
5/27/2020,6,7,Wind,3430
11/25/2022,10,11,Wind,4692
11/8/2024,23,0,Wind,2002
2/12/2024,11,12,Solar,3587
11/25/2025,10,11,Wind,13308
3/22/2025,20,21,Wind,5598
2/25/2023,20,21,Wind,9503
6/21/2024,12,13,Solar,8172
8/19/2022,12,13,Solar,7255
4/16/2022,14,15,Solar,11432
7/19/2024,18,19,Solar,4577
4/1/2025,3,4,Wind,10615
2/20/2023,18,19,Wind,1689
7/31/2025,13,14,Solar,11660
7/6/2022,4,5,Wind,3094
5/10/2023,19,20,Wind,5505
9/23/2022,18,19,Wind,1150
3/30/2022,15,16,Solar,3474
5/15/2021,7,8,Wind,4739
4/17/2025,20,21,Wind,2195
1/28/2022,21,22,Wind,3460
10/1/2024,11,12,Wind,8625
5/23/2022,14,15,Wind,10298
10/13/2022,23,0,Wind,3398
4/30/2023,17,18,Solar,5363
2/5/2024,12,13,Wind,9795
6/2/2020,3,4,Wind,2032
10/21/2020,0,1,Wind,8081
8/30/2020,6,7,Wind,3369
6/30/2024,11,12,Solar,6322
11/17/2022,4,5,Wind,14947
7/19/2025,15,16,Wind,14485
11/17/2022,3,4,Wind,15202
3/28/2023,13,14,Solar,11506
3/5/2020,2,3,Wind,4584
8/6/2020,18,19,Solar,2074
2/21/2022,13,14,Wind,18566
5/24/2021,19,20,Wind,11675
11/24/2023,17,18,Wind,10925
4/3/2021,10,11,Wind,13110
3/23/2021,17,18,Solar,1717
5/8/2024,21,22,Wind,3477
4/2/2024,0,1,Wind,12145
1/3/2024,10,11,Wind,17812
11/5/2020,16,17,Wind,5734
10/4/2023,23,0,Wind,1455
3/11/2024,7,8,Wind,4710
2/13/2023,10,11,Solar,5983
3/25/2023,13,14,Wind,12798
4/16/2023,0,1,Wind,7220
4/9/2024,8,9,Wind,14835
11/8/2022,23,0,Wind,10352
8/26/2020,21,22,Wind,2329
11/29/2021,20,21,Wind,3667
12/4/2023,19,20,Wind,13395
2/15/2022,11,12,Wind,9881
8/1/2021,21,22,Wind,1538
11/6/2020,1,2,Wind,7228
7/18/2024,14,15,Solar,8434
1/27/2022,10,11,Wind,6131
5/19/2023,0,1,Wind,6630
6/20/2024,20,21,Wind,2491
3/23/2025,2,3,Wind,3965
8/13/2024,17,18,Solar,4878
6/25/2023,1,2,Wind,3116
1/26/2020,14,15,Wind,4902
8/12/2024,7,8,Wind,5569
6/10/2023,15,16,Solar,7325
6/24/2020,10,11,Solar,4988
10/20/2023,15,16,Wind,8831
1/6/2020,8,9,Wind,4372
9/10/2021,20,21,Wind,1953
8/30/2022,1,2,Wind,4711
7/5/2020,0,1,Wind,7566
2/8/2020,10,11,Wind,5407
6/16/2021,3,4,Wind,1387
8/9/2024,20,21,Wind,4115
3/30/2025,11,12,Wind,7899
11/15/2023,2,3,Wind,10148
9/28/2025,19,20,Wind,1366
9/27/2024,3,4,Wind,8976
7/20/2024,3,4,Wind,1177
4/4/2024,4,5,Wind,14220
6/27/2022,7,8,Wind,1513
2/4/2025,16,17,Wind,5965
8/23/2025,23,0,Wind,4091
10/10/2025,1,2,Wind,2845
6/20/2020,22,23,Wind,1141
12/16/2021,3,4,Wind,1883
2/28/2021,12,13,Wind,8535
9/16/2022,14,15,Wind,9491
10/18/2020,2,3,Wind,476
3/10/2021,14,15,Wind,13220
11/29/2024,9,10,Wind,9988
8/22/2022,10,11,Solar,4125
11/7/2025,4,5,Wind,3645
4/19/2025,23,0,Wind,6846
1/11/2025,7,8,Wind,2062
3/23/2020,11,12,Wind,7886
11/15/2024,3,4,Wind,2852
5/6/2020,9,10,Solar,3340
4/2/2023,0,1,Wind,8424
9/24/2021,23,0,Wind,984
5/29/2024,11,12,Wind,10247
1/5/2023,18,19,Wind,5670
3/8/2023,0,1,Wind,7669
8/11/2020,15,16,Solar,3643
2/16/2023,12,13,Solar,9043
1/16/2021,17,18,Wind,7009
11/20/2020,13,14,Solar,3952
7/25/2021,16,17,Wind,7115
5/24/2022,6,7,Wind,5922
2/20/2022,17,18,Wind,15928
4/18/2023,4,5,Wind,6682
1/22/2020,1,2,Wind,3116
7/9/2025,20,21,Wind,2389
1/21/2020,0,1,Wind,4687
6/28/2025,10,11,Solar,8130
12/8/2022,20,21,Wind,2431
11/29/2025,10,11,Wind,14587
6/23/2020,5,6,Wind,2449
11/9/2020,14,15,Solar,2454
4/24/2023,2,3,Wind,9036
6/9/2023,9,10,Wind,4626
10/27/2023,6,7,Wind,9665
2/25/2023,0,1,Wind,3527
10/5/2025,2,3,Wind,12477
3/15/2023,0,1,Wind,5328
1/10/2024,13,14,Wind,2715
3/30/2020,15,16,Wind,12563
7/20/2025,16,17,Wind,13174
1/2/2021,1,2,Wind,1189
1/10/2022,2,3,Wind,895
12/19/2020,17,18,Wind,6524
5/29/2025,16,17,Solar,5451
4/22/2024,7,8,Wind,6254
3/24/2022,18,19,Wind,2861
8/3/2020,23,0,Wind,3695
9/20/2021,9,10,Wind,2310
4/29/2020,2,3,Wind,5429
7/22/2022,23,0,Wind,2115
7/25/2020,5,6,Wind,1528
3/6/2024,11,12,Solar,5918
5/23/2024,16,17,Solar,6730
9/16/2023,18,19,Wind,2846
4/10/2024,17,18,Wind,7791
9/5/2025,3,4,Wind,3662
5/14/2020,21,22,Wind,8377
5/10/2024,22,23,Wind,6193
1/3/2023,7,8,Wind,5401
9/14/2025,12,13,Wind,11453
5/4/2025,6,7,Wind,5053
10/27/2020,22,23,Wind,8785
1/5/2022,23,0,Wind,4170
11/1/2023,17,18,Wind,12273
9/7/2021,1,2,Wind,4131
12/28/2023,12,13,Wind,15278
6/26/2023,5,6,Wind,4135
11/24/2022,7,8,Wind,8816
5/7/2025,4,5,Wind,7644
11/17/2023,0,1,Wind,6018
1/16/2025,6,7,Wind,4898
12/6/2023,23,0,Wind,3005
5/20/2024,1,2,Wind,1261
8/30/2021,1,2,Wind,2979
2/6/2020,13,14,Solar,4973
8/1/2022,20,21,Wind,1497
11/13/2025,2,3,Wind,12391
8/6/2025,10,11,Solar,3017
6/28/2021,6,7,Wind,1295
9/2/2024,19,20,Wind,1632
4/28/2025,23,0,Wind,6920
10/8/2021,0,1,Wind,3603
8/17/2024,13,14,Solar,6393
8/9/2022,0,1,Wind,7629
9/27/2023,14,15,Solar,9037
6/18/2024,13,14,Solar,8064
12/9/2022,4,5,Wind,2915
4/2/2023,20,21,Wind,7234
5/21/2025,11,12,Solar,8689
4/24/2024,22,23,Wind,2791
12/17/2022,6,7,Wind,2542
6/9/2021,14,15,Solar,5009
3/10/2024,9,10,Solar,3475
1/10/2024,17,18,Wind,2676
8/5/2022,12,13,Solar,8303
2/27/2025,15,16,Wind,9075
11/10/2020,5,6,Wind,510
3/15/2022,12,13,Wind,5080
7/7/2023,4,5,Wind,4493
2/10/2024,13,14,Wind,8103
1/13/2025,0,1,Wind,5020
6/5/2021,11,12,Solar,5974
11/6/2021,20,21,Wind,5687
10/19/2025,20,21,Wind,13452
10/26/2025,7,8,Wind,9456
1/11/2021,19,20,Wind,7134
2/4/2024,21,22,Wind,7906
3/14/2021,5,6,Wind,10093
11/3/2024,5,6,Wind,2782
4/6/2025,11,12,Wind,7692
12/11/2023,3,4,Wind,13670
11/24/2021,11,12,Wind,3383
3/5/2025,2,3,Wind,2156
12/24/2024,21,22,Wind,2631
12/6/2024,17,18,Wind,6420
3/11/2024,6,7,Wind,4197
12/27/2023,4,5,Wind,6217
3/17/2023,12,13,Wind,11687
2/22/2021,0,1,Wind,7865
11/12/2023,6,7,Wind,7328
2/13/2024,14,15,Wind,12100
6/29/2021,6,7,Wind,1300
5/20/2020,19,20,Wind,2143
3/23/2020,23,0,Wind,7188
11/6/2022,18,19,Wind,10940
7/12/2021,23,0,Wind,3092
7/27/2022,0,1,Wind,3084
8/25/2023,7,8,Wind,3185
11/4/2022,19,20,Wind,6347
5/27/2023,18,19,Solar,5151
12/14/2024,9,10,Wind,2700
4/5/2023,16,17,Solar,6804
9/18/2023,10,11,Wind,9837
10/26/2020,11,12,Wind,9925
12/21/2021,13,14,Solar,3496
9/14/2024,19,20,Wind,3153
6/1/2023,8,9,Wind,5969
4/1/2022,1,2,Wind,10394
6/29/2025,8,9,Solar,3989
3/30/2025,5,6,Wind,7438
11/3/2020,16,17,Wind,6200
8/9/2020,2,3,Wind,1909
4/30/2022,8,9,Wind,4182
1/3/2022,4,5,Wind,9798
3/18/2021,5,6,Wind,3256
1/19/2020,19,20,Wind,6773
10/5/2024,1,2,Wind,2801
5/31/2025,14,15,Solar,4229
7/22/2020,2,3,Wind,4750
1/30/2023,15,16,Wind,8189
7/17/2020,22,23,Wind,2062
3/22/2022,9,10,Wind,7110
1/29/2023,11,12,Solar,3800
1/14/2021,23,0,Wind,9138
2/27/2022,5,6,Wind,8520
5/10/2022,17,18,Wind,7795
8/18/2020,14,15,Solar,5096
3/30/2020,0,1,Wind,12330
9/1/2021,2,3,Wind,5654
8/22/2024,1,2,Wind,1406
12/13/2024,0,1,Wind,3126
12/26/2022,9,10,Wind,9556
1/24/2021,6,7,Wind,3267
2/20/2024,17,18,Wind,4992
11/11/2023,16,17,Wind,2478
12/3/2023,10,11,Wind,11633
8/16/2022,8,9,Solar,1853
6/6/2024,12,13,Solar,7812
2/17/2021,11,12,Wind,11144
5/25/2022,16,17,Wind,11218
7/1/2021,13,14,Solar,5020
3/25/2022,16,17,Wind,7674
3/27/2021,11,12,Wind,11852
11/25/2022,4,5,Wind,6182
8/6/2025,8,9,Solar,3753
5/6/2023,16,17,Solar,5457
7/22/2022,13,14,Solar,5713
9/6/2022,16,17,Solar,6601
5/7/2021,14,15,Solar,5597
7/10/2022,18,19,Wind,7501
9/7/2020,11,12,Solar,4972
7/2/2023,0,1,Wind,6275
1/13/2025,2,3,Wind,5240
10/6/2023,8,9,Wind,2081
6/10/2022,7,8,Wind,2454
5/9/2023,1,2,Wind,2498
9/30/2020,12,13,Solar,5354
6/11/2024,9,10,Solar,5117
8/5/2022,13,14,Solar,9234
1/7/2021,13,14,Solar,2545
11/27/2020,6,7,Wind,1627
6/1/2021,17,18,Wind,4760
3/18/2022,2,3,Wind,6588
6/24/2025,12,13,Solar,6045
12/4/2023,20,21,Wind,12963
7/3/2023,4,5,Wind,3410
6/14/2024,14,15,Wind,14016
12/1/2021,23,0,Wind,4998
4/15/2022,12,13,Solar,6717
2/8/2025,23,0,Wind,4116
8/1/2022,19,20,Solar,2454
11/11/2024,0,1,Wind,2672
12/24/2020,8,9,Wind,10686
3/17/2024,8,9,Wind,5338
2/11/2022,19,20,Wind,2137
5/17/2020,6,7,Wind,2819
6/21/2024,3,4,Wind,1459
3/6/2021,10,11,Wind,6463
1/24/2020,10,11,Wind,1977
2/1/2022,13,14,Wind,13961
4/28/2022,2,3,Wind,6998
10/1/2022,5,6,Wind,12959
9/15/2021,5,6,Wind,1877
6/26/2021,5,6,Wind,140
3/22/2021,12,13,Solar,6536
4/29/2020,6,7,Wind,4744
10/9/2021,0,1,Wind,4805
6/4/2025,19,20,Wind,5056
6/24/2021,21,22,Wind,1822
9/19/2023,17,18,Wind,12015
3/18/2020,19,20,Wind,305
10/10/2022,18,19,Wind,2797
12/27/2022,11,12,Wind,5640
8/12/2025,21,22,Wind,1385
7/10/2024,7,8,Wind,3624
11/21/2020,13,14,Solar,5124
7/16/2023,15,16,Wind,7389
11/2/2022,23,0,Wind,8885
6/3/2021,11,12,Solar,3990
2/10/2023,0,1,Wind,522
9/13/2023,10,11,Solar,3796
3/8/2025,3,4,Wind,10875
1/3/2023,18,19,Wind,10191
7/10/2023,2,3,Wind,1230
4/22/2024,20,21,Wind,5980
11/18/2020,3,4,Wind,4305
5/20/2025,2,3,Wind,5757
5/16/2024,8,9,Wind,3500
2/11/2022,0,1,Wind,4669
6/23/2022,6,7,Wind,1274
6/24/2024,2,3,Wind,2844
3/23/2022,11,12,Solar,7272
9/3/2023,23,0,Wind,7899
2/19/2024,23,0,Wind,4416
7/3/2023,18,19,Wind,10433
5/22/2021,11,12,Wind,13798
12/6/2020,15,16,Wind,2727
4/12/2023,16,17,Wind,17794
12/21/2020,18,19,Wind,11499
5/9/2021,16,17,Wind,10954
10/10/2023,21,22,Wind,2507
8/16/2023,19,20,Wind,2678
12/29/2024,3,4,Wind,756
4/29/2020,3,4,Wind,5418
1/14/2021,8,9,Wind,7474
7/4/2024,5,6,Wind,5069
6/23/2025,20,21,Wind,6989
5/1/2023,17,18,Wind,9195
5/15/2024,2,3,Wind,3003
10/4/2021,1,2,Wind,5460
10/25/2024,6,7,Wind,6623
1/4/2024,23,0,Wind,12416
7/28/2023,11,12,Solar,8062
6/25/2021,9,10,Solar,3707
12/10/2022,1,2,Wind,1244
3/3/2024,14,15,Wind,8854
9/14/2023,17,18,Solar,3723
1/10/2021,4,5,Wind,4720
5/2/2020,1,2,Wind,5587
1/13/2023,20,21,Wind,10132
10/5/2022,16,17,Wind,13396
7/24/2020,20,21,Wind,2283
9/13/2020,0,1,Wind,1365
7/18/2025,15,16,Solar,8575
6/27/2024,12,13,Solar,8861
7/6/2022,8,9,Solar,3145
10/18/2021,19,20,Wind,4079
7/10/2021,16,17,Solar,5308
1/31/2021,18,19,Wind,5703
1/12/2022,18,19,Wind,2672
7/11/2021,3,4,Wind,1017
5/2/2020,10,11,Wind,5827
2/15/2021,14,15,Wind,10089
6/22/2025,16,17,Solar,5354
9/5/2022,20,21,Wind,4333
10/22/2022,0,1,Wind,7130
7/29/2023,10,11,Wind,8241
3/25/2025,9,10,Solar,4775
12/11/2020,20,21,Wind,6459
10/6/2020,19,20,Wind,11495
1/14/2022,21,22,Wind,484
10/30/2021,20,21,Wind,4714
3/14/2024,10,11,Solar,8593
8/25/2024,15,16,Solar,5404
10/6/2020,13,14,Wind,12285
9/5/2021,0,1,Wind,793
9/18/2020,2,3,Wind,6523
5/18/2024,22,23,Wind,517
2/1/2023,0,1,Wind,7067
9/25/2025,0,1,Wind,3384
3/13/2024,5,6,Wind,4092
9/1/2023,10,11,Wind,9134
9/13/2020,13,14,Solar,4143
6/29/2020,17,18,Wind,9747
4/7/2020,14,15,Solar,5290
1/18/2025,19,20,Wind,1776
7/14/2022,8,9,Solar,2382
1/22/2025,10,11,Wind,6887
6/29/2023,1,2,Wind,1320
9/18/2023,4,5,Wind,6400
3/8/2020,21,22,Wind,6876
2/26/2023,23,0,Wind,14170
10/24/2020,15,16,Wind,12716
6/24/2021,17,18,Solar,4232
7/13/2020,21,22,Wind,2612
4/18/2023,7,8,Wind,6570
11/12/2024,17,18,Wind,11065
2/27/2022,7,8,Wind,8266
9/5/2024,23,0,Wind,620
7/19/2022,9,10,Wind,5697
1/24/2022,18,19,Wind,866
5/2/2023,10,11,Solar,6952
12/2/2024,17,18,Wind,8800
2/13/2024,7,8,Wind,4589
3/18/2024,18,19,Wind,1420
9/28/2025,23,0,Wind,1963
2/9/2020,8,9,Wind,12955
6/18/2023,23,0,Wind,3472
4/25/2022,3,4,Wind,3464
10/3/2022,10,11,Solar,3268
4/17/2021,3,4,Wind,4655
5/5/2022,17,18,Solar,5570
3/13/2025,1,2,Wind,2762
5/4/2024,0,1,Wind,2276
4/25/2024,9,10,Solar,3746
3/21/2022,23,0,Wind,5027
12/1/2022,0,1,Wind,3612
7/1/2025,15,16,Solar,9579
10/9/2023,21,22,Wind,729
4/29/2023,12,13,Solar,4302
12/10/2021,12,13,Wind,15828
3/3/2020,17,18,Wind,2363
7/2/2025,3,4,Wind,2575
12/19/2021,8,9,Wind,2880
1/20/2025,17,18,Wind,853
7/20/2025,11,12,Wind,11477
1/8/2024,22,23,Wind,6328
3/15/2025,21,22,Wind,11908
3/29/2020,9,10,Wind,12707
9/6/2024,20,21,Wind,2420
2/2/2022,3,4,Wind,8665
10/30/2024,16,17,Wind,3627
12/9/2022,15,16,Wind,2659
2/13/2020,14,15,Wind,13027
7/3/2023,8,9,Wind,4873
6/21/2020,4,5,Wind,2538
4/6/2025,7,8,Wind,9548
11/26/2022,13,14,Wind,5715
2/13/2020,22,23,Wind,11750
9/21/2022,1,2,Wind,2755
5/28/2022,20,21,Wind,6914
1/30/2025,22,23,Wind,3678
7/27/2022,6,7,Wind,3027
5/1/2022,0,1,Wind,3855
8/31/2020,17,18,Solar,3594
3/6/2021,21,22,Wind,5360
7/10/2020,0,1,Wind,4144
9/11/2022,20,21,Wind,1627
1/12/2024,17,18,Wind,4514
2/20/2022,4,5,Wind,11208
10/21/2022,8,9,Wind,7415
4/2/2020,6,7,Wind,2001
6/15/2025,2,3,Wind,2798
10/13/2020,4,5,Wind,2742
3/19/2020,12,13,Solar,4214
10/6/2020,1,2,Wind,10775
7/11/2023,3,4,Wind,1635
1/16/2023,12,13,Wind,15415
3/13/2021,10,11,Wind,16841
5/1/2020,18,19,Wind,9421
5/2/2025,12,13,Solar,5175
8/27/2022,4,5,Wind,2388
1/5/2020,0,1,Wind,1736
8/29/2020,17,18,Wind,4995
4/30/2024,17,18,Wind,6835
12/27/2023,23,0,Wind,15301
6/26/2022,11,12,Solar,3899
3/29/2025,6,7,Wind,9382
1/23/2021,7,8,Wind,5959
12/14/2024,12,13,Wind,4675
11/20/2025,23,0,Wind,4508
7/3/2022,15,16,Solar,7471
4/16/2025,22,23,Wind,2242
4/23/2025,16,17,Wind,9620
6/22/2021,2,3,Wind,3583
8/24/2025,8,9,Wind,4463
6/4/2025,21,22,Wind,3042
4/25/2020,7,8,Wind,2007
5/14/2022,0,1,Wind,1944
11/10/2020,18,19,Wind,667
11/29/2024,10,11,Wind,10501
4/12/2022,7,8,Wind,8149
7/30/2024,18,19,Solar,3190
5/29/2021,20,21,Wind,3863
7/17/2022,9,10,Solar,4883
4/27/2022,4,5,Wind,5509
10/20/2023,10,11,Wind,6504
7/11/2021,7,8,Solar,740
4/6/2021,1,2,Wind,4783
9/22/2022,12,13,Solar,6053
6/1/2024,17,18,Wind,6339
6/28/2022,16,17,Solar,7188
10/9/2023,19,20,Wind,488
5/4/2024,7,8,Wind,2716
7/15/2021,2,3,Wind,7929
4/25/2025,9,10,Solar,6007
2/12/2023,10,11,Solar,5702
11/1/2025,20,21,Wind,10213
4/1/2022,2,3,Wind,10194
2/1/2024,1,2,Wind,8647
10/4/2022,2,3,Wind,1193
3/24/2023,20,21,Wind,15061
4/4/2024,2,3,Wind,13973
5/24/2022,11,12,Wind,8697
3/18/2021,18,19,Wind,4152
9/26/2025,17,18,Solar,2699
8/24/2022,21,22,Wind,1828
10/23/2022,1,2,Wind,6700
8/13/2023,14,15,Solar,8749
11/28/2025,22,23,Wind,6151
9/15/2024,18,19,Wind,5287
1/28/2024,21,22,Wind,9649
9/8/2024,18,19,Wind,9605
1/20/2024,10,11,Solar,5343
10/23/2025,20,21,Wind,17924
8/9/2022,23,0,Wind,7742
6/1/2022,23,0,Wind,4653
1/28/2021,16,17,Wind,12945
10/23/2020,6,7,Wind,2189
11/23/2020,16,17,Wind,776
8/14/2023,10,11,Solar,6308
11/1/2023,20,21,Wind,15074
11/30/2023,3,4,Wind,1925
4/21/2023,6,7,Wind,2943
9/14/2022,14,15,Solar,6494
12/20/2022,10,11,Wind,12460
3/5/2022,12,13,Solar,5678
9/2/2025,16,17,Wind,15858
9/1/2025,23,0,Wind,6346
11/20/2023,17,18,Wind,10448
5/9/2022,2,3,Wind,3628
12/4/2021,18,19,Wind,10366
3/13/2024,16,17,Solar,6568
3/1/2024,11,12,Wind,20010
10/2/2020,23,0,Wind,3138
9/1/2021,15,16,Wind,10189
7/2/2020,22,23,Wind,3232
7/1/2023,11,12,Wind,12206
1/20/2024,3,4,Wind,3133
4/21/2021,22,23,Wind,6317
11/22/2021,0,1,Wind,6564
8/31/2025,0,1,Wind,9008
1/28/2022,13,14,Solar,3886
2/9/2020,7,8,Wind,12250
1/10/2023,17,18,Wind,14452
2/2/2024,17,18,Wind,6110
1/18/2021,9,10,Wind,3839
7/31/2020,23,0,Wind,2726
7/19/2020,13,14,Solar,4270
4/25/2023,13,14,Solar,6542
5/16/2024,7,8,Wind,2658
12/15/2022,21,22,Wind,7751
2/25/2025,8,9,Wind,7042
7/5/2024,4,5,Wind,2752
7/6/2025,19,20,Wind,10506
9/28/2025,0,1,Wind,2774
5/20/2024,16,17,Solar,6488
3/7/2025,15,16,Wind,12843
6/24/2022,23,0,Wind,4989
6/5/2025,13,14,Wind,9967
11/29/2022,21,22,Wind,1120
10/21/2021,7,8,Wind,11050
5/18/2022,22,23,Wind,3969
5/1/2023,11,12,Solar,6757
6/26/2024,9,10,Solar,2370
4/8/2023,3,4,Wind,3400
9/23/2020,3,4,Wind,2565
4/4/2024,14,15,Wind,20477
2/23/2020,14,15,Wind,14749
2/28/2025,14,15,Solar,9871
10/21/2025,14,15,Wind,12185
9/13/2023,2,3,Wind,1217
9/17/2024,11,12,Wind,15935
6/15/2024,12,13,Wind,10960
4/22/2023,17,18,Wind,8169
2/23/2025,3,4,Wind,1989
7/11/2025,6,7,Wind,4192
7/23/2025,10,11,Solar,5394
10/12/2025,22,23,Wind,7871
12/25/2023,10,11,Wind,14544
4/9/2021,11,12,Wind,5762
12/8/2022,23,0,Wind,2703
9/27/2023,15,16,Solar,8442
3/9/2022,18,19,Wind,4564
10/14/2025,23,0,Wind,5822
5/11/2024,19,20,Wind,3771
8/19/2021,20,21,Wind,1290
4/24/2022,8,9,Wind,3080
6/4/2020,7,8,Wind,2877
2/25/2020,23,0,Wind,12255
2/14/2022,4,5,Wind,12502
6/24/2024,23,0,Wind,5039
6/22/2020,17,18,Solar,3735
1/17/2021,11,12,Wind,7158
3/21/2023,20,21,Wind,5516
1/2/2020,3,4,Wind,1562
6/5/2021,23,0,Wind,1707
12/26/2021,8,9,Wind,2808
4/26/2023,9,10,Solar,3195
6/17/2020,6,7,Wind,1191
5/18/2025,0,1,Wind,3569
3/13/2024,17,18,Wind,4165
11/14/2022,8,9,Wind,3870
12/18/2020,9,10,Wind,7151
3/28/2020,4,5,Wind,2091
8/7/2024,23,0,Wind,1421
8/4/2022,12,13,Solar,6308
4/22/2022,21,22,Wind,4167
1/7/2023,11,12,Wind,15628
3/6/2024,16,17,Solar,3977
6/29/2025,7,8,Wind,2854
2/3/2022,15,16,Wind,2960
12/1/2023,0,1,Wind,1316
7/20/2023,17,18,Solar,5528
7/19/2023,18,19,Wind,9744
2/24/2020,0,1,Wind,4305
3/12/2025,12,13,Solar,4741
8/10/2022,6,7,Wind,5354
3/1/2023,22,23,Wind,6964
11/23/2022,22,23,Wind,12516
8/9/2023,1,2,Wind,3345
4/20/2020,15,16,Wind,6882
5/10/2020,7,8,Wind,1987
7/2/2023,23,0,Wind,4547
6/17/2022,0,1,Wind,2574
6/30/2025,13,14,Solar,9407
2/18/2022,5,6,Wind,11764
2/14/2024,10,11,Wind,11914
5/20/2020,3,4,Wind,3113
10/7/2022,4,5,Wind,1094
7/28/2023,8,9,Wind,4725
3/7/2023,12,13,Wind,11195
12/5/2023,9,10,Wind,12186
4/20/2020,17,18,Wind,7509
8/24/2020,10,11,Solar,4416
2/28/2024,12,13,Solar,7497
7/25/2022,1,2,Wind,2047
11/18/2022,14,15,Wind,6109
4/23/2025,4,5,Wind,6889
9/25/2020,6,7,Wind,10003
8/12/2025,18,19,Solar,6103
1/10/2025,4,5,Wind,3428
8/3/2021,20,21,Wind,1090
9/8/2020,22,23,Wind,801
9/13/2023,5,6,Wind,1163
10/13/2022,1,2,Wind,1347
2/23/2021,19,20,Wind,6999
10/5/2021,17,18,Wind,11633
6/22/2023,0,1,Wind,3299
9/30/2021,11,12,Solar,5683
2/9/2024,17,18,Wind,9525
6/25/2024,23,0,Wind,3457
4/2/2020,1,2,Wind,3227
2/1/2023,6,7,Wind,7013
6/28/2025,3,4,Wind,1639
7/30/2025,23,0,Wind,2720
3/28/2021,18,19,Wind,3691
1/28/2021,0,1,Wind,5659
6/16/2022,6,7,Wind,1844
2/13/2023,15,16,Solar,5472
3/24/2025,9,10,Solar,3941
8/5/2022,14,15,Solar,9684
10/29/2021,18,19,Wind,6739
1/16/2024,5,6,Wind,1646
12/30/2021,6,7,Wind,8118
12/11/2021,17,18,Wind,3009
5/31/2022,17,18,Solar,6817
5/17/2023,19,20,Wind,9358
12/17/2021,8,9,Wind,7371
1/12/2024,12,13,Wind,7208
12/30/2024,13,14,Solar,3180
6/4/2024,17,18,Solar,8389
3/31/2025,4,5,Wind,5048
3/27/2021,19,20,Wind,1808
2/11/2025,9,10,Wind,4256
8/7/2023,0,1,Wind,4392
7/20/2023,16,17,Solar,6371
4/11/2020,18,19,Solar,1826
2/25/2024,16,17,Wind,12701
3/2/2022,12,13,Solar,3261
10/18/2024,16,17,Wind,4431
9/25/2021,8,9,Wind,1937
7/21/2022,19,20,Solar,2255
10/11/2021,8,9,Wind,2874
1/24/2020,15,16,Solar,1345
1/2/2024,21,22,Wind,17520
10/9/2025,9,10,Wind,3307
8/15/2021,1,2,Wind,1195
11/3/2020,17,18,Wind,4881
6/9/2024,18,19,Wind,7050
11/21/2024,17,18,Wind,10189
8/23/2023,0,1,Wind,2986
4/9/2023,20,21,Wind,1498
4/10/2020,10,11,Solar,3531
9/30/2020,6,7,Wind,952
2/7/2024,2,3,Wind,16299
3/21/2025,20,21,Wind,8686
12/28/2021,9,10,Wind,14928
7/30/2020,12,13,Solar,4389
2/9/2020,2,3,Wind,9303
4/12/2024,3,4,Wind,1393
12/28/2020,22,23,Wind,7411
1/25/2024,17,18,Wind,4470
2/14/2020,9,10,Wind,4087
11/9/2022,19,20,Wind,5350
4/19/2021,19,20,Solar,1053
5/11/2025,8,9,Wind,5067
12/5/2024,4,5,Wind,10190
3/19/2022,1,2,Wind,11882
11/8/2021,1,2,Wind,2832
2/7/2024,16,17,Wind,13682
10/16/2025,2,3,Wind,4671
4/21/2022,21,22,Wind,5861
6/18/2022,15,16,Solar,8036
7/4/2025,1,2,Wind,6143
3/5/2020,16,17,Wind,10003
2/16/2024,0,1,Wind,10814
7/16/2025,21,22,Wind,3587
7/18/2023,2,3,Wind,2089
7/29/2020,23,0,Wind,1870
5/25/2023,13,14,Wind,15089
12/27/2024,19,20,Wind,506
6/5/2023,2,3,Wind,6711
10/22/2023,17,18,Wind,3763
9/17/2023,1,2,Wind,2816
10/9/2022,5,6,Wind,4979
12/28/2021,20,21,Wind,13479
3/29/2024,4,5,Wind,10313
6/10/2020,23,0,Wind,662
6/5/2024,10,11,Solar,6236
1/31/2024,13,14,Solar,6382
3/6/2021,23,0,Wind,4271
7/19/2020,11,12,Solar,3760
1/19/2022,23,0,Wind,4403
8/11/2024,7,8,Wind,4401
7/9/2021,16,17,Solar,4655
11/12/2025,7,8,Wind,12975
5/18/2023,17,18,Wind,8963
4/2/2024,12,13,Wind,20962
12/20/2021,20,21,Wind,3522
4/9/2024,3,4,Wind,8292
5/10/2020,2,3,Wind,2326
7/8/2021,12,13,Solar,4714
6/18/2024,6,7,Wind,3095
11/10/2023,2,3,Wind,12159
11/16/2020,5,6,Wind,9519
4/6/2023,21,22,Wind,4573
9/29/2020,22,23,Wind,678
12/3/2022,18,19,Wind,5323
7/2/2021,16,17,Solar,3688
4/5/2021,11,12,Wind,11016
3/28/2022,20,21,Wind,1887
9/17/2024,20,21,Wind,11114
8/23/2023,12,13,Solar,6871
9/19/2024,3,4,Wind,8121
6/23/2024,1,2,Wind,2648
4/6/2022,23,0,Wind,14293
4/27/2020,15,16,Solar,3145
1/21/2024,3,4,Wind,11710
8/6/2020,22,23,Wind,1877
4/25/2024,19,20,Wind,2575
7/5/2020,20,21,Wind,8116
9/22/2023,1,2,Wind,7717
6/14/2020,17,18,Wind,4780
9/3/2020,23,0,Wind,2117
10/16/2023,2,3,Wind,6041
10/6/2024,11,12,Wind,8841
7/22/2024,0,1,Wind,5419
4/28/2023,5,6,Wind,4866
10/14/2025,12,13,Wind,11472
1/2/2020,13,14,Wind,4138
7/6/2020,11,12,Wind,7777
12/25/2021,5,6,Wind,2020
2/5/2023,21,22,Wind,10525
4/22/2023,22,23,Wind,5596
5/4/2021,6,7,Wind,12970
11/20/2020,11,12,Solar,3832
5/3/2024,18,19,Wind,4636
9/19/2020,15,16,Wind,4047
3/12/2020,14,15,Wind,10295
10/14/2024,4,5,Wind,4143
9/27/2023,11,12,Solar,7369
10/13/2024,14,15,Solar,3510
1/24/2022,16,17,Solar,1604
4/10/2021,4,5,Wind,3583
2/11/2023,6,7,Wind,1726
3/7/2021,15,16,Solar,2359
1/23/2025,11,12,Wind,12023
7/29/2024,9,10,Solar,5867
1/2/2020,11,12,Wind,3834
1/13/2020,15,16,Wind,9037
4/23/2024,5,6,Wind,4508
2/24/2021,22,23,Wind,6680
5/22/2021,16,17,Wind,11500
10/4/2022,16,17,Solar,5202
3/13/2025,6,7,Wind,4227
3/24/2025,12,13,Solar,6164
8/20/2025,3,4,Wind,2971
2/18/2020,1,2,Wind,9652
3/5/2023,16,17,Solar,3711
5/2/2020,12,13,Wind,6941
8/20/2021,9,10,Solar,2501
6/14/2023,20,21,Wind,3603
7/13/2020,9,10,Solar,2498
8/22/2025,11,12,Solar,9372
1/29/2020,8,9,Wind,7636
8/9/2023,16,17,Solar,6774
11/26/2024,13,14,Wind,8151
1/1/2022,3,4,Wind,3358
2/7/2020,9,10,Wind,6866
5/26/2025,13,14,Solar,6821
10/15/2023,17,18,Wind,4189
3/30/2024,3,4,Wind,3195
3/9/2021,10,11,Solar,4365
11/5/2025,23,0,Wind,10897
1/3/2025,10,11,Wind,4157
3/4/2025,12,13,Solar,7740
5/25/2025,16,17,Wind,9048
12/5/2021,11,12,Wind,8386
4/23/2021,1,2,Wind,6940
9/22/2020,10,11,Solar,1157
7/20/2025,12,13,Wind,12217
7/22/2023,4,5,Wind,1423
5/9/2022,14,15,Solar,6240
1/21/2023,17,18,Wind,8219
12/20/2024,2,3,Wind,9493
11/22/2021,18,19,Wind,10447
2/12/2023,7,8,Wind,2842
8/26/2025,9,10,Solar,6253
8/17/2021,3,4,Wind,1979
5/3/2025,12,13,Solar,5731
9/1/2022,15,16,Solar,6015
1/25/2023,11,12,Wind,3138
9/12/2020,19,20,Wind,1079
1/29/2024,0,1,Wind,8571
9/11/2024,4,5,Wind,10461
7/2/2023,4,5,Wind,3281
11/9/2021,8,9,Wind,2292
7/30/2022,22,23,Wind,2030
8/4/2022,18,19,Wind,4940
1/29/2021,20,21,Wind,9885
8/2/2024,9,10,Solar,3797
12/15/2024,23,0,Wind,9287
7/16/2020,2,3,Wind,1662
4/9/2021,13,14,Wind,7304
1/3/2024,15,16,Wind,18498
12/16/2020,2,3,Wind,4258
4/18/2021,8,9,Wind,3088
8/31/2025,12,13,Solar,5646
4/26/2023,17,18,Solar,2964
6/20/2023,14,15,Solar,8349
2/8/2025,1,2,Wind,8427
3/6/2024,6,7,Wind,1284
7/31/2024,17,18,Solar,6030
9/19/2024,22,23,Wind,8723
6/17/2024,20,21,Wind,1674
1/3/2025,9,10,Wind,3302
1/28/2020,7,8,Wind,13041
1/26/2021,2,3,Wind,4418
2/14/2021,3,4,Wind,6987
6/9/2020,15,16,Wind,5247
1/4/2022,16,17,Wind,6091
10/17/2025,23,0,Wind,6135
4/11/2023,16,17,Wind,11582
11/15/2023,3,4,Wind,9450
12/18/2020,22,23,Wind,10055
1/15/2023,5,6,Wind,12054
6/2/2021,8,9,Wind,2864
1/8/2021,20,21,Wind,917
6/3/2024,23,0,Wind,1354
6/22/2022,18,19,Wind,4412
5/7/2024,3,4,Wind,2327
12/24/2020,21,22,Wind,7934
6/14/2024,9,10,Wind,8527
6/1/2023,16,17,Solar,9486
12/13/2020,7,8,Wind,3370
3/30/2022,22,23,Wind,2398
10/15/2020,19,20,Wind,4289
1/27/2023,21,22,Wind,7339
10/16/2021,13,14,Solar,4588
1/14/2023,5,6,Wind,12482
11/5/2023,7,8,Wind,15632
12/2/2023,14,15,Solar,4222
11/14/2024,17,18,Wind,2726
11/9/2021,20,21,Wind,1198
5/15/2022,4,5,Wind,3973
2/20/2021,16,17,Wind,13219
5/12/2021,21,22,Wind,3765
2/10/2024,10,11,Wind,5552
5/17/2023,14,15,Wind,14061
5/8/2021,14,15,Wind,13251
1/12/2022,21,22,Wind,3253
3/17/2024,5,6,Wind,4100
11/7/2020,20,21,Wind,4648
3/7/2020,2,3,Wind,3648
2/13/2020,2,3,Wind,8776
4/7/2023,15,16,Solar,8514
10/1/2021,1,2,Wind,5447
8/3/2024,9,10,Solar,5284
3/30/2023,16,17,Wind,17227
1/7/2022,15,16,Wind,11645
10/13/2025,2,3,Wind,6262
7/28/2024,8,9,Wind,3607
3/9/2020,17,18,Wind,6705
2/28/2025,7,8,Wind,4476
1/2/2020,8,9,Wind,2281
10/8/2023,23,0,Wind,1016
10/24/2021,12,13,Solar,6346
10/4/2023,13,14,Solar,7345
12/26/2021,16,17,Wind,2879
1/23/2020,17,18,Wind,3472
1/19/2022,1,2,Wind,1825
1/3/2021,14,15,Wind,2759
11/30/2025,3,4,Wind,4737
9/18/2020,7,8,Wind,6461
6/8/2022,2,3,Wind,3038
5/25/2023,1,2,Wind,6577
8/14/2025,16,17,Solar,7531
7/26/2021,1,2,Wind,2207
5/19/2022,14,15,Solar,8833
4/6/2022,3,4,Wind,5407
6/17/2023,0,1,Wind,1484
9/18/2023,18,19,Wind,11127
1/14/2025,21,22,Wind,2878
12/15/2020,18,19,Wind,3142
1/3/2021,3,4,Wind,1591
1/6/2023,22,23,Wind,7972
8/12/2024,13,14,Solar,9028
3/6/2021,12,13,Wind,7754
9/9/2020,22,23,Wind,1546
3/7/2025,14,15,Wind,14314
1/9/2023,20,21,Wind,11605
10/21/2025,2,3,Wind,15085
9/14/2024,15,16,Solar,10084
2/11/2025,7,8,Wind,3831
9/3/2021,16,17,Solar,2829
8/23/2021,19,20,Wind,5529
5/22/2022,7,8,Wind,2401
1/17/2022,19,20,Wind,1526
4/23/2023,21,22,Wind,9647
3/21/2020,14,15,Wind,11220
3/7/2020,22,23,Wind,6255
6/23/2020,13,14,Solar,5481
12/6/2020,10,11,Wind,3163
10/8/2021,18,19,Wind,4491
6/27/2020,18,19,Wind,8980
4/18/2022,0,1,Wind,5935
10/23/2022,18,19,Wind,13461
8/26/2025,16,17,Wind,10406
12/10/2022,10,11,Solar,2934
7/15/2024,13,14,Solar,9775
10/3/2020,23,0,Wind,7119
7/4/2020,7,8,Wind,5249
2/3/2023,0,1,Wind,6360
3/5/2022,19,20,Wind,3417
6/16/2025,12,13,Solar,10349
3/28/2024,22,23,Wind,14530
1/13/2023,5,6,Wind,14205
5/5/2024,4,5,Wind,2403
6/19/2021,10,11,Solar,3222
2/8/2025,15,16,Wind,5611
12/6/2023,2,3,Wind,3023
1/11/2024,20,21,Wind,9542
2/9/2024,18,19,Wind,9524
12/19/2023,18,19,Wind,12270
8/10/2025,0,1,Wind,5187
7/21/2023,19,20,Wind,5765
9/20/2020,17,18,Solar,2162
5/14/2020,4,5,Wind,6929
7/24/2022,23,0,Wind,1818
11/23/2024,12,13,Wind,19651
9/8/2023,23,0,Wind,1947
11/28/2023,13,14,Solar,5055
6/27/2022,18,19,Wind,5149
11/27/2020,17,18,Wind,2136
11/6/2025,11,12,Wind,5711
7/29/2022,4,5,Wind,882
12/5/2022,8,9,Wind,878
8/31/2021,18,19,Wind,6961
11/21/2020,5,6,Wind,3609
5/22/2024,15,16,Solar,11409
1/5/2025,14,15,Wind,20194
6/19/2025,10,11,Solar,4416
3/13/2021,2,3,Wind,14674
5/27/2020,18,19,Wind,5743
1/31/2020,17,18,Wind,6828
7/24/2023,4,5,Wind,3900
1/21/2025,1,2,Wind,1270
3/20/2021,20,21,Wind,4836
9/24/2025,20,21,Wind,4487
9/30/2022,0,1,Wind,1053
6/18/2020,3,4,Wind,1807
12/2/2020,21,22,Wind,2254
4/19/2021,12,13,Solar,4823
8/30/2022,5,6,Wind,3167
11/7/2020,4,5,Wind,6490
10/20/2024,13,14,Wind,9950
12/3/2024,19,20,Wind,962
12/16/2020,0,1,Wind,3728
12/9/2021,1,2,Wind,5775
10/13/2021,6,7,Wind,2471
1/9/2024,3,4,Wind,5121
4/28/2020,7,8,Wind,4167
10/23/2020,22,23,Wind,5354
1/21/2022,22,23,Wind,3227
1/21/2020,21,22,Wind,3898
11/18/2020,12,13,Wind,6861
4/26/2021,13,14,Wind,9830
1/30/2024,6,7,Wind,6833
8/31/2022,9,10,Solar,3392
8/19/2023,20,21,Wind,1249
6/1/2025,1,2,Wind,3223
10/23/2020,17,18,Wind,4904
5/16/2021,10,11,Wind,6146
3/20/2024,13,14,Solar,7347
7/9/2025,23,0,Wind,2671
10/20/2023,0,1,Wind,6707
1/24/2025,1,2,Wind,15145
7/1/2025,8,9,Solar,3524
4/17/2024,13,14,Wind,12480
9/22/2024,3,4,Wind,3909
6/24/2020,17,18,Wind,5302
8/20/2023,9,10,Solar,3608
9/8/2025,5,6,Wind,1483
10/15/2022,14,15,Wind,11708
7/16/2024,17,18,Wind,14319
5/29/2024,9,10,Wind,8067
11/15/2024,2,3,Wind,2913
6/19/2020,22,23,Wind,1008
7/8/2024,14,15,Solar,9235
2/23/2021,15,16,Wind,12184
6/22/2021,11,12,Wind,7168
10/14/2024,10,11,Wind,4915
12/25/2021,2,3,Wind,3023
3/17/2025,11,12,Solar,13638
8/29/2025,17,18,Wind,13604
6/29/2023,21,22,Wind,3515
2/9/2024,14,15,Wind,13050
5/7/2020,23,0,Wind,2233
10/20/2023,4,5,Wind,4402
12/20/2024,0,1,Wind,10330
7/16/2022,4,5,Wind,3060
12/9/2023,2,3,Wind,8613
7/3/2023,16,17,Wind,12090
1/15/2025,1,2,Wind,2547
5/10/2023,7,8,Wind,6460
7/22/2020,18,19,Solar,2648
5/23/2025,6,7,Wind,3760
12/4/2023,5,6,Wind,13552
7/18/2020,7,8,Wind,1230
6/24/2025,0,1,Wind,3168
6/20/2021,0,1,Wind,3106
5/24/2023,1,2,Wind,6917
5/1/2022,8,9,Wind,2677
5/20/2021,5,6,Wind,1424
3/20/2023,11,12,Solar,8036
12/12/2020,23,0,Wind,5321
11/27/2022,21,22,Wind,7064
11/7/2022,10,11,Wind,14048
5/16/2022,6,7,Wind,5588
2/1/2022,10,11,Wind,11066
7/5/2022,14,15,Solar,7678
6/28/2022,1,2,Wind,1560
12/7/2023,16,17,Wind,11201
4/21/2020,1,2,Wind,6485
10/20/2020,12,13,Wind,10481
10/5/2021,2,3,Wind,7572
6/18/2023,15,16,Solar,8699
7/3/2024,17,18,Wind,11462
4/6/2023,23,0,Wind,3611
11/20/2022,13,14,Wind,11761
8/11/2022,9,10,Solar,4668
7/26/2024,12,13,Solar,7150
5/13/2023,16,17,Wind,10657
10/10/2025,4,5,Wind,2451
2/6/2023,8,9,Wind,6017
6/20/2021,13,14,Solar,3858
4/2/2023,10,11,Wind,11970
8/16/2025,11,12,Solar,12661
10/6/2023,2,3,Wind,1392
9/11/2021,12,13,Solar,5459
6/10/2024,11,12,Wind,14314
3/26/2025,4,5,Wind,2341
4/6/2020,2,3,Wind,8177
7/19/2022,13,14,Solar,11227
10/6/2022,18,19,Solar,1020
11/13/2024,22,23,Wind,4466
1/21/2021,14,15,Wind,12325
3/20/2022,2,3,Wind,5879
6/10/2021,15,16,Solar,4816
8/18/2021,22,23,Wind,2337
10/12/2025,14,15,Solar,12257
4/1/2020,5,6,Wind,5246
3/25/2022,21,22,Wind,8371
7/1/2020,16,17,Wind,6557
9/21/2025,14,15,Solar,4977
1/28/2020,4,5,Wind,12601
3/3/2021,0,1,Wind,2424
7/5/2021,23,0,Wind,6836
5/30/2025,16,17,Solar,4018
3/7/2020,10,11,Solar,4227
3/23/2024,15,16,Wind,12697
8/25/2022,21,22,Wind,4998
3/29/2022,6,7,Wind,2831
4/4/2021,12,13,Solar,6072
10/17/2021,22,23,Wind,3040
3/14/2021,13,14,Wind,13471
3/18/2022,23,0,Wind,12273
12/8/2021,21,22,Wind,6083
11/20/2024,21,22,Wind,7244
7/29/2025,7,8,Wind,3067
8/10/2025,19,20,Wind,4722
7/8/2020,23,0,Wind,1548
10/1/2021,19,20,Wind,4958
5/26/2021,23,0,Wind,2293
12/25/2023,12,13,Wind,15414
3/1/2022,6,7,Wind,2032
1/28/2020,11,12,Wind,13383
10/29/2024,4,5,Wind,1404
2/27/2024,23,0,Wind,5150
3/22/2023,2,3,Wind,9609
5/4/2023,16,17,Wind,11082
10/3/2021,18,19,Wind,5007
5/24/2022,19,20,Wind,3357
1/25/2021,19,20,Wind,3972
2/2/2022,5,6,Wind,8031
12/31/2022,1,2,Wind,15565
3/24/2024,17,18,Wind,9537
5/17/2022,3,4,Wind,2459
3/4/2023,20,21,Wind,3757
3/11/2024,16,17,Wind,9343
9/19/2020,12,13,Solar,4375
8/18/2023,3,4,Wind,2297
3/5/2021,17,18,Wind,7504
11/7/2025,13,14,Wind,9134
11/12/2021,6,7,Wind,2038
7/9/2024,13,14,Solar,11338
9/21/2021,1,2,Wind,3234
8/21/2024,20,21,Wind,1507
3/12/2024,14,15,Wind,12550
2/4/2022,13,14,Wind,13045
7/28/2020,13,14,Wind,6518
10/15/2024,8,9,Wind,4219
3/17/2021,15,16,Wind,11379
2/20/2021,10,11,Wind,13044
11/1/2022,14,15,Wind,15413
1/12/2024,15,16,Wind,6130
4/26/2025,1,2,Wind,5050
9/18/2020,3,4,Wind,6400
11/13/2025,16,17,Wind,8527
11/21/2020,14,15,Wind,4560
4/6/2023,12,13,Solar,9641
3/5/2025,12,13,Solar,10035
5/2/2024,5,6,Wind,5874
12/7/2024,8,9,Wind,18273
12/18/2024,2,3,Wind,12437
12/14/2024,22,23,Wind,4682
4/15/2021,14,15,Wind,8910
10/2/2025,10,11,Solar,7147
9/14/2024,2,3,Wind,3938
1/12/2022,2,3,Wind,2315
5/27/2020,22,23,Wind,4664
8/8/2023,7,8,Wind,2035
7/16/2022,7,8,Wind,3423
9/17/2020,6,7,Wind,5974
7/11/2021,12,13,Solar,4745
8/23/2024,8,9,Wind,12913
4/29/2025,3,4,Wind,5776
10/22/2022,16,17,Solar,4613
9/20/2024,14,15,Solar,8379
9/10/2025,19,20,Wind,8453
7/29/2020,10,11,Solar,2901
4/18/2025,17,18,Wind,10015
12/4/2023,14,15,Wind,14933
2/25/2025,18,19,Wind,11689
6/10/2021,9,10,Solar,3112
4/26/2022,17,18,Solar,6496
7/16/2022,23,0,Wind,6504
11/22/2024,8,9,Wind,10558
10/16/2022,23,0,Wind,8937
6/6/2025,2,3,Wind,10483
12/28/2020,18,19,Wind,9438
12/22/2023,6,7,Wind,15888
9/21/2025,10,11,Solar,3241
5/14/2020,18,19,Wind,10138
4/27/2021,8,9,Wind,2584
1/2/2023,8,9,Wind,6060
10/28/2024,3,4,Wind,1018
11/2/2024,22,23,Wind,4656
2/4/2023,15,16,Wind,4732
11/24/2023,21,22,Wind,9851
12/28/2024,0,1,Wind,548
4/12/2020,8,9,Wind,1996
6/13/2025,12,13,Solar,5321
2/24/2023,10,11,Wind,5845
4/20/2022,19,20,Wind,3498
1/13/2024,23,0,Wind,609
1/15/2024,2,3,Wind,2648
6/14/2021,2,3,Wind,2774
7/13/2020,2,3,Wind,4351
3/27/2025,5,6,Wind,3353
11/29/2025,15,16,Wind,12804
8/20/2025,12,13,Solar,8226
11/17/2022,20,21,Wind,8947
9/21/2020,12,13,Solar,2716
5/13/2023,11,12,Solar,8307
9/23/2020,19,20,Wind,4969
11/15/2024,17,18,Wind,1251
5/31/2024,11,12,Wind,11093
8/27/2021,12,13,Solar,7225
3/20/2025,19,20,Wind,6737
10/8/2024,15,16,Wind,16077
11/25/2024,15,16,Wind,9495
7/31/2022,14,15,Solar,9252
1/30/2025,12,13,Wind,9498
8/8/2023,13,14,Solar,10009
4/27/2020,14,15,Solar,3120
5/3/2021,12,13,Solar,7719
5/9/2020,9,10,Solar,2390
11/18/2025,10,11,Solar,6579
4/12/2021,19,20,Wind,2805
1/15/2020,0,1,Wind,11939
7/13/2020,18,19,Solar,3550
12/18/2022,5,6,Wind,5684
1/21/2021,1,2,Wind,13775
6/27/2023,21,22,Wind,2395
2/21/2025,0,1,Wind,8072
11/29/2023,16,17,Wind,1569
7/26/2024,20,21,Wind,902
9/19/2021,23,0,Wind,2256
11/7/2023,23,0,Wind,8143
3/19/2024,23,0,Wind,1800
2/22/2025,11,12,Wind,11682
5/26/2023,19,20,Wind,8489
8/12/2022,17,18,Solar,6021
8/6/2022,16,17,Wind,10590
2/7/2020,11,12,Wind,6146
9/20/2021,14,15,Solar,4995
7/25/2025,2,3,Wind,2053
7/20/2025,8,9,Wind,5779
11/27/2023,5,6,Wind,9046
1/23/2025,3,4,Wind,6481
9/19/2021,8,9,Wind,3573
2/16/2022,9,10,Wind,14878
9/27/2024,0,1,Wind,14084
6/15/2022,5,6,Wind,2392
5/30/2023,4,5,Wind,8908
2/16/2025,16,17,Wind,5745
4/10/2022,9,10,Solar,4274
8/14/2022,11,12,Wind,4597
12/5/2020,8,9,Wind,6052
3/12/2020,17,18,Wind,8767
7/11/2024,4,5,Wind,892
2/21/2025,11,12,Wind,16552
8/9/2020,20,21,Wind,2592
11/28/2025,4,5,Wind,8122
5/31/2024,9,10,Wind,8528
11/30/2020,11,12,Solar,3066
5/18/2022,18,19,Solar,3520
1/11/2021,6,7,Wind,2235
1/24/2020,17,18,Wind,369
1/26/2024,19,20,Wind,2955
11/10/2020,2,3,Wind,803
6/15/2022,11,12,Solar,5433
1/30/2025,11,12,Wind,9092
12/21/2023,7,8,Wind,16521
9/24/2022,21,22,Wind,3186
6/5/2025,15,16,Wind,9696
2/29/2024,20,21,Wind,9618
8/22/2023,7,8,Wind,1266
1/27/2021,19,20,Wind,4387
9/9/2025,3,4,Wind,1714
7/10/2022,20,21,Wind,4915
1/3/2025,11,12,Wind,4753
7/10/2024,8,9,Wind,4164
8/3/2024,19,20,Wind,5046
6/19/2021,22,23,Wind,3547
2/20/2025,13,14,Wind,12459
11/15/2024,1,2,Wind,3049
6/28/2023,13,14,Solar,7560
9/5/2024,4,5,Wind,4432
3/25/2024,3,4,Wind,1432
8/25/2022,4,5,Wind,2389
12/17/2021,11,12,Wind,8207
12/8/2023,3,4,Wind,5279
5/14/2025,3,4,Wind,1136
3/4/2020,11,12,Wind,4590
8/15/2020,17,18,Solar,2825
4/12/2023,7,8,Wind,9327
7/24/2020,8,9,Wind,2160
12/26/2024,1,2,Wind,2324
1/6/2023,9,10,Wind,7207
2/3/2021,13,14,Wind,14310
10/16/2023,10,11,Wind,7803
7/26/2021,5,6,Wind,1765
10/31/2021,14,15,Wind,14012
12/11/2023,11,12,Wind,11066
10/4/2024,19,20,Wind,1809
1/7/2021,12,13,Solar,2537
6/25/2025,10,11,Solar,6901
10/21/2021,4,5,Wind,11332
1/23/2020,0,1,Wind,6884
4/11/2025,9,10,Solar,5936
12/17/2022,5,6,Wind,2600
8/8/2021,23,0,Wind,3001
12/4/2021,19,20,Wind,10822
8/25/2023,8,9,Wind,4334
10/4/2020,3,4,Wind,9396
4/5/2021,2,3,Wind,3217
8/22/2020,13,14,Wind,11611
4/2/2021,13,14,Wind,11476
11/19/2022,1,2,Wind,2671
5/9/2020,6,7,Wind,1698
7/12/2020,6,7,Wind,4058
8/10/2021,10,11,Solar,4079
1/30/2020,18,19,Wind,10045
1/24/2021,3,4,Wind,3777
5/17/2020,8,9,Wind,2690
8/20/2022,20,21,Wind,1255
12/27/2020,9,10,Wind,13597
8/23/2024,10,11,Wind,15949
8/31/2022,8,9,Wind,2718
10/25/2023,14,15,Wind,10182
9/22/2020,13,14,Solar,2244
9/9/2020,2,3,Wind,1064
5/5/2022,20,21,Wind,2709
5/21/2022,5,6,Wind,1599
1/21/2024,18,19,Wind,15136
10/7/2022,10,11,Solar,3847
12/25/2023,1,2,Wind,9230
2/8/2021,2,3,Wind,1174
5/15/2020,4,5,Wind,6934
3/12/2020,16,17,Wind,9506
9/23/2025,21,22,Wind,7337
12/5/2021,3,4,Wind,7607
4/14/2020,1,2,Wind,8427
9/1/2025,2,3,Wind,4714
7/9/2024,22,23,Wind,2326
9/4/2023,4,5,Wind,6925
5/24/2020,6,7,Wind,2936
12/24/2023,0,1,Wind,14789
9/5/2021,9,10,Solar,2366
11/24/2021,3,4,Wind,5546
8/16/2020,9,10,Solar,2257
8/21/2025,10,11,Wind,8429
3/17/2025,22,23,Wind,11761
1/31/2022,21,22,Wind,9192
4/13/2023,12,13,Wind,12866
8/27/2024,14,15,Solar,9480
4/16/2021,17,18,Wind,8602
3/16/2022,14,15,Wind,4567
6/1/2025,11,12,Solar,3293
4/23/2024,2,3,Wind,4465
5/1/2020,13,14,Wind,8648
2/23/2021,21,22,Wind,8116
4/6/2025,9,10,Wind,10740
3/17/2022,20,21,Wind,5860
7/5/2025,17,18,Solar,10765
12/27/2021,18,19,Wind,10603
3/3/2020,14,15,Wind,2758
3/8/2021,0,1,Wind,3544
9/18/2020,22,23,Wind,6596
1/13/2025,5,6,Wind,5085
9/23/2023,2,3,Wind,4709
7/10/2023,23,0,Wind,1000
10/23/2020,3,4,Wind,2366
3/3/2022,14,15,Solar,3518
10/1/2025,21,22,Wind,2354
5/3/2022,12,13,Solar,7138
1/8/2020,9,10,Wind,4670
12/26/2020,17,18,Wind,8449
9/15/2023,17,18,Solar,4480
5/21/2024,16,17,Solar,7226
9/26/2024,16,17,Wind,18430
8/14/2024,0,1,Wind,1538
10/6/2025,17,18,Solar,6225
8/14/2020,8,9,Wind,2526
10/16/2023,17,18,Wind,8533
12/4/2021,14,15,Wind,13893
9/14/2021,1,2,Wind,3555
6/1/2024,7,8,Wind,6506
4/24/2022,1,2,Wind,3198
3/1/2020,1,2,Wind,11424
12/23/2022,9,10,Wind,11979
2/11/2020,21,22,Wind,9838
5/8/2022,17,18,Solar,5725
6/16/2022,10,11,Solar,4995
1/5/2020,6,7,Wind,1581
1/22/2024,11,12,Wind,18291
4/3/2025,8,9,Wind,10244
9/4/2022,13,14,Solar,7680
9/24/2024,0,1,Wind,5159
11/11/2023,17,18,Wind,2639
9/16/2025,17,18,Wind,11467
7/9/2023,14,15,Solar,7729
11/30/2024,1,2,Wind,5834
5/28/2023,3,4,Wind,4698
5/1/2021,14,15,Solar,4072
7/2/2020,9,10,Wind,4144
10/31/2021,16,17,Wind,11534
7/8/2025,2,3,Wind,6014
9/26/2023,17,18,Solar,3841
11/22/2024,15,16,Wind,13172
9/9/2022,13,14,Wind,14466
5/8/2023,23,0,Wind,2007
4/13/2024,0,1,Wind,1923
9/29/2022,7,8,Wind,1364
1/2/2022,10,11,Wind,10900
3/16/2025,3,4,Wind,8861
6/20/2023,12,13,Solar,7551
11/14/2022,3,4,Wind,3545
10/30/2025,0,1,Wind,9844
1/9/2025,16,17,Wind,8562
10/26/2024,15,16,Solar,2608
3/11/2025,21,22,Wind,5259
6/25/2020,2,3,Wind,3862
4/7/2022,23,0,Wind,11648
12/10/2020,5,6,Wind,4891
9/29/2024,19,20,Wind,8219
9/4/2022,8,9,Wind,3141
9/28/2022,20,21,Wind,2934
6/21/2024,20,21,Wind,5798
7/5/2025,15,16,Solar,6703
1/7/2021,8,9,Wind,676
7/23/2021,2,3,Wind,3841
7/10/2021,15,16,Solar,5205
5/14/2024,11,12,Wind,4860
10/18/2022,15,16,Solar,5482
5/28/2025,10,11,Wind,16275
11/10/2024,7,8,Wind,991
4/9/2021,16,17,Wind,7176
9/7/2021,18,19,Wind,4869
8/31/2022,19,20,Wind,3563
1/12/2022,20,21,Wind,3205
2/5/2022,11,12,Solar,6012
6/8/2022,4,5,Wind,3131
2/8/2020,1,2,Wind,5074
5/31/2022,9,10,Solar,2794
9/14/2025,15,16,Wind,13054
8/28/2023,15,16,Solar,8471
3/15/2020,15,16,Wind,8454
7/11/2023,11,12,Solar,8158
5/29/2025,15,16,Solar,5663
8/24/2020,14,15,Solar,6729
10/23/2025,22,23,Wind,17405
2/9/2025,13,14,Solar,4778
8/5/2020,6,7,Wind,1489
3/29/2022,4,5,Wind,2948
2/10/2022,15,16,Wind,4921
4/21/2021,23,0,Wind,6298
11/1/2022,21,22,Wind,12260
2/28/2022,19,20,Wind,2848
5/28/2023,2,3,Wind,5036
5/28/2024,16,17,Wind,13015
3/21/2023,18,19,Wind,5467
12/18/2022,15,16,Wind,9774
11/24/2021,0,1,Wind,6650
3/30/2022,10,11,Wind,1781
4/6/2022,16,17,Wind,13540
12/5/2022,4,5,Wind,762
8/20/2021,0,1,Wind,900
2/9/2023,7,8,Wind,1070
11/4/2025,13,14,Wind,13081
7/24/2022,20,21,Wind,1438
6/24/2022,2,3,Wind,2188
8/25/2020,7,8,Wind,4875
8/29/2020,9,10,Wind,3008
10/9/2025,23,0,Wind,2643
4/21/2023,9,10,Solar,4627
10/27/2023,0,1,Wind,6851
3/20/2020,18,19,Wind,7514
5/4/2025,4,5,Wind,4802
8/26/2020,12,13,Wind,11173
1/17/2021,17,18,Wind,3486
3/30/2025,20,21,Wind,5990
1/19/2025,18,19,Wind,930
12/24/2021,8,9,Wind,3367
1/29/2021,12,13,Wind,16473
5/14/2020,9,10,Wind,9068
3/23/2020,9,10,Wind,8575
9/7/2025,20,21,Wind,3562
11/11/2022,21,22,Wind,4876
1/7/2023,12,13,Wind,16278
7/21/2020,16,17,Solar,5184
6/25/2020,3,4,Wind,3731
12/25/2021,9,10,Wind,1356
1/12/2021,16,17,Wind,8561
1/8/2023,11,12,Wind,12610
6/21/2021,10,11,Solar,3687
11/21/2022,3,4,Wind,5835
10/26/2021,11,12,Wind,4785
6/22/2021,3,4,Wind,3533
5/4/2022,15,16,Solar,5645
8/4/2020,9,10,Solar,3122
1/25/2021,18,19,Wind,3561
9/2/2024,2,3,Wind,1596
10/17/2024,22,23,Wind,4559
10/1/2025,10,11,Solar,6530
8/18/2020,10,11,Solar,2585
7/4/2023,14,15,Solar,9512
9/21/2025,22,23,Wind,5656
2/7/2020,22,23,Wind,5576
11/8/2022,16,17,Wind,12425
12/9/2023,1,2,Wind,8123
3/3/2025,7,8,Wind,2360
6/17/2025,4,5,Wind,2724
4/8/2020,12,13,Solar,3702
10/27/2021,1,2,Wind,2706
8/11/2025,5,6,Wind,5514
1/4/2025,16,17,Wind,7539
3/12/2024,18,19,Wind,9740
1/11/2024,13,14,Wind,7850
8/2/2020,23,0,Wind,3334
1/11/2025,3,4,Wind,1834
4/19/2023,19,20,Wind,5929
1/8/2025,6,7,Wind,3860
6/2/2025,11,12,Solar,5709
5/9/2025,20,21,Wind,4830
4/6/2025,3,4,Wind,9236
10/9/2023,9,10,Solar,2838
4/22/2020,7,8,Wind,4258
10/7/2020,19,20,Wind,3835
2/6/2024,15,16,Wind,15451
1/28/2020,5,6,Wind,12674
1/24/2023,11,12,Wind,6908
4/1/2025,10,11,Wind,15521
7/13/2020,22,23,Wind,3266
3/5/2025,15,16,Solar,8247
8/22/2025,10,11,Solar,7585
12/23/2021,4,5,Wind,6460
10/8/2021,12,13,Solar,7387
10/2/2022,7,8,Wind,5107
11/8/2022,2,3,Wind,12224
5/30/2023,2,3,Wind,9267
5/26/2025,12,13,Solar,11532
3/26/2023,16,17,Wind,12853
11/11/2020,11,12,Solar,3854
9/10/2020,2,3,Wind,1466
6/18/2023,10,11,Solar,4841
2/6/2024,21,22,Wind,16034
3/12/2024,1,2,Wind,5260
4/8/2021,5,6,Wind,705
12/28/2024,1,2,Wind,533
6/30/2023,6,7,Wind,2485
1/27/2021,15,16,Wind,4463
9/16/2020,9,10,Solar,1746
6/3/2023,6,7,Wind,5336
4/10/2023,6,7,Wind,4769
1/9/2024,23,0,Wind,2400
11/11/2022,10,11,Solar,5938
8/20/2022,18,19,Solar,3419
5/23/2021,5,6,Wind,5296
2/4/2022,15,16,Wind,12669
8/29/2020,20,21,Wind,3836
7/6/2025,23,0,Wind,6047
1/9/2020,19,20,Wind,11189
12/4/2023,15,16,Wind,14683
11/15/2023,15,16,Wind,8814
8/31/2021,16,17,Wind,8431
9/15/2021,14,15,Solar,3889
9/20/2021,22,23,Wind,3276
5/2/2025,17,18,Solar,5765
11/7/2023,12,13,Wind,12706
3/25/2024,9,10,Wind,7646
1/30/2020,23,0,Wind,9523
2/6/2025,10,11,Wind,9745
6/19/2022,5,6,Wind,7034
7/29/2021,18,19,Wind,4011
4/5/2024,9,10,Wind,16236
3/23/2020,2,3,Wind,8387
3/12/2021,1,2,Wind,11773
7/7/2022,17,18,Wind,9244
10/5/2025,12,13,Wind,9534
5/9/2025,13,14,Solar,10317
12/30/2024,17,18,Wind,846
11/18/2023,2,3,Wind,3904
10/7/2020,9,10,Wind,6337
10/22/2022,2,3,Wind,6564
10/23/2024,1,2,Wind,1650
5/17/2024,1,2,Wind,1508
8/24/2024,14,15,Wind,10597
9/5/2020,10,11,Solar,3567
9/26/2025,1,2,Wind,1336
8/14/2021,22,23,Wind,1206
2/20/2024,19,20,Wind,5361
11/10/2021,17,18,Wind,763
1/31/2025,9,10,Wind,5519
3/27/2023,10,11,Wind,6810
5/11/2022,21,22,Wind,7422
9/24/2022,9,10,Wind,1874
6/21/2021,12,13,Solar,4308
7/31/2024,12,13,Solar,7561
2/3/2025,10,11,Solar,4914
5/3/2020,23,0,Wind,694
6/22/2024,7,8,Wind,6114
11/2/2024,9,10,Wind,6034
11/12/2020,6,7,Wind,5568
2/10/2020,12,13,Wind,14480
2/15/2022,16,17,Wind,13018
8/6/2023,0,1,Wind,13276
10/24/2022,5,6,Wind,11912
10/26/2021,13,14,Solar,6117
3/22/2022,21,22,Wind,4106
5/11/2023,7,8,Wind,2070
7/14/2023,0,1,Wind,786
4/14/2020,19,20,Wind,5635
3/14/2024,21,22,Wind,9433
11/15/2023,0,1,Wind,11385
11/9/2022,3,4,Wind,8683
1/1/2024,14,15,Wind,12088
10/23/2022,10,11,Wind,9673
11/25/2021,9,10,Wind,3081
6/17/2022,1,2,Wind,2886
3/30/2023,22,23,Wind,10810
4/5/2021,16,17,Wind,12128
12/9/2020,11,12,Wind,3766
10/19/2024,0,1,Wind,4341
1/22/2020,19,20,Wind,6019
9/2/2020,6,7,Wind,1061
8/28/2024,12,13,Solar,10039
7/23/2022,4,5,Wind,1158
12/13/2022,22,23,Wind,3246
11/17/2023,16,17,Wind,2947
2/16/2020,23,0,Wind,10247
5/10/2024,7,8,Wind,4954
11/22/2021,11,12,Wind,12250
7/17/2020,2,3,Wind,1728
5/9/2022,3,4,Wind,3265
3/21/2023,1,2,Wind,3277
1/28/2020,2,3,Wind,11989
11/11/2025,1,2,Wind,8107
11/28/2021,12,13,Wind,10891
7/16/2025,1,2,Wind,7085
2/6/2021,0,1,Wind,2445
8/20/2020,14,15,Wind,7846
1/8/2020,5,6,Wind,5366
8/15/2024,13,14,Solar,9304
2/19/2020,16,17,Wind,5492
12/6/2024,10,11,Wind,12431
7/31/2022,2,3,Wind,1978
11/2/2025,8,9,Wind,9728
2/1/2023,22,23,Wind,7998
4/13/2024,9,10,Solar,4787
10/28/2022,6,7,Wind,8523
12/28/2020,20,21,Wind,8580
8/30/2021,11,12,Solar,7287
1/31/2024,7,8,Wind,758
5/16/2023,15,16,Wind,15154
1/10/2024,15,16,Wind,2434
12/24/2024,1,2,Wind,4689
3/1/2024,4,5,Wind,10904
3/6/2020,16,17,Wind,7144
10/2/2024,6,7,Wind,4237
3/11/2020,18,19,Wind,8960
8/19/2021,5,6,Wind,1361
2/22/2022,4,5,Wind,6299
6/6/2022,7,8,Wind,2533
1/29/2024,1,2,Wind,8342
6/10/2020,9,10,Solar,2753
10/27/2020,13,14,Wind,12178
10/28/2022,11,12,Wind,8363
6/21/2025,1,2,Wind,4536
4/26/2025,17,18,Wind,6679
8/13/2021,6,7,Wind,1321
12/8/2024,20,21,Wind,14776
8/16/2022,10,11,Solar,4127
2/17/2020,3,4,Wind,6864
7/3/2024,11,12,Solar,8625
10/12/2020,18,19,Wind,2397
4/27/2023,14,15,Solar,6359
11/29/2025,5,6,Wind,7171
4/21/2025,8,9,Wind,4462
4/12/2020,5,6,Wind,795
6/15/2025,8,9,Wind,2905
3/2/2022,6,7,Wind,2878
6/6/2020,23,0,Wind,4416
2/27/2020,17,18,Wind,11920
7/28/2020,14,15,Wind,7142
8/12/2020,19,20,Wind,2504
4/2/2025,7,8,Wind,15294
7/1/2021,22,23,Wind,585
5/5/2020,13,14,Wind,7719
7/20/2023,6,7,Wind,927
6/8/2021,21,22,Wind,1570
7/18/2021,21,22,Wind,5691
2/17/2022,10,11,Wind,15165
6/1/2020,19,20,Wind,2882
10/11/2025,10,11,Solar,7329
9/8/2022,3,4,Wind,4038
7/29/2023,21,22,Wind,4428
3/12/2021,18,19,Wind,13315
10/12/2023,8,9,Wind,5210
9/15/2021,1,2,Wind,2990
12/1/2022,16,17,Wind,3868
10/10/2020,5,6,Wind,2441
11/30/2024,16,17,Wind,1646
5/18/2021,8,9,Wind,3586
11/27/2025,18,19,Wind,8766
10/1/2022,19,20,Wind,8368
1/8/2021,13,14,Solar,2850
8/6/2024,3,4,Wind,1059
4/16/2024,19,20,Wind,11479
9/13/2024,0,1,Wind,4176
10/14/2022,1,2,Wind,3238
3/13/2024,22,23,Wind,4485
5/26/2022,17,18,Wind,6956
1/5/2023,15,16,Wind,6449
1/8/2024,20,21,Wind,7002
10/9/2024,16,17,Wind,10024
5/30/2021,12,13,Solar,7619
3/8/2021,7,8,Wind,3333
8/19/2025,3,4,Wind,2584
1/15/2023,1,2,Wind,9865
4/2/2020,13,14,Solar,3937
2/29/2020,6,7,Wind,12759
7/16/2021,9,10,Wind,4926
9/8/2024,17,18,Wind,11150
3/12/2022,9,10,Wind,5865
9/2/2023,19,20,Wind,2389
12/18/2024,7,8,Wind,14794
6/12/2024,10,11,Solar,6864
11/19/2020,19,20,Wind,4970
4/13/2023,14,15,Wind,11730
1/8/2020,3,4,Wind,5919
8/3/2020,17,18,Wind,7240
6/14/2025,17,18,Solar,6615
2/13/2021,6,7,Wind,7632
10/15/2020,12,13,Wind,7056
6/15/2020,16,17,Wind,5336
10/20/2022,23,0,Wind,8554
12/22/2021,3,4,Wind,2967
6/19/2020,2,3,Wind,2389
3/18/2020,3,4,Wind,1106
10/21/2021,14,15,Wind,13727
8/23/2025,22,23,Wind,3504
8/10/2020,1,2,Wind,2564
2/16/2024,7,8,Wind,9228
9/23/2025,17,18,Wind,11850
6/15/2021,10,11,Solar,3899
1/13/2024,17,18,Wind,742
4/5/2025,10,11,Solar,7576
9/21/2020,16,17,Solar,1748
4/2/2022,21,22,Wind,4888
2/25/2025,7,8,Wind,6066
3/21/2025,3,4,Wind,8747
3/15/2020,5,6,Wind,4838
2/16/2021,16,17,Wind,9350
2/12/2021,4,5,Wind,8545
4/23/2025,21,22,Wind,3969
1/6/2023,15,16,Wind,7179
2/27/2021,20,21,Wind,8913
4/10/2025,21,22,Wind,6449
8/23/2024,5,6,Wind,10297
11/25/2022,3,4,Wind,6630
9/22/2023,16,17,Wind,12881
9/23/2021,18,19,Wind,2130
1/25/2023,1,2,Wind,1926
5/17/2024,16,17,Solar,6276
5/9/2022,0,1,Wind,4563
11/15/2023,23,0,Wind,3628
5/11/2022,9,10,Solar,5589
9/26/2022,20,21,Wind,8624
7/2/2024,18,19,Wind,6841
3/7/2025,12,13,Wind,14791
10/21/2024,1,2,Wind,6701
1/23/2022,0,1,Wind,1654
3/5/2023,4,5,Wind,1974
1/15/2020,19,20,Wind,5279
6/27/2023,20,21,Wind,2673
9/9/2025,23,0,Wind,3441
8/19/2024,7,8,Wind,2029
5/31/2024,14,15,Wind,7271
7/25/2024,18,19,Solar,5558
1/12/2020,16,17,Wind,5770
6/3/2020,15,16,Solar,3814
9/5/2024,18,19,Wind,3896
1/17/2024,15,16,Wind,10888
12/29/2023,18,19,Wind,12395
2/26/2024,4,5,Wind,9153
9/15/2021,18,19,Wind,2482
12/6/2023,7,8,Wind,1558
11/12/2025,10,11,Wind,14455
7/15/2025,7,8,Wind,3570
4/20/2021,4,5,Wind,645
9/3/2023,1,2,Wind,4032
2/14/2025,22,23,Wind,7638
11/14/2022,11,12,Wind,4837
12/14/2023,10,11,Wind,6763
1/1/2022,10,11,Wind,6897
9/30/2022,20,21,Wind,8411
6/17/2022,19,20,Solar,2054
4/1/2025,15,16,Wind,13637
8/1/2025,6,7,Wind,1710
9/22/2021,0,1,Wind,2895
11/28/2023,16,17,Wind,1562
7/8/2024,9,10,Solar,4823
5/26/2025,5,6,Wind,5743
1/29/2022,3,4,Wind,5203
3/27/2022,13,14,Solar,6865
10/16/2022,12,13,Solar,6220
6/26/2024,15,16,Solar,7276
9/22/2022,21,22,Wind,530
1/21/2021,15,16,Wind,12078
6/4/2024,10,11,Solar,6328
12/5/2021,16,17,Wind,6610
7/15/2022,21,22,Wind,2885
11/29/2021,16,17,Wind,2886
12/12/2022,20,21,Wind,6480
5/31/2023,19,20,Wind,9983
5/27/2020,12,13,Solar,6710
10/20/2025,7,8,Wind,11812
4/29/2020,15,16,Wind,11325
3/20/2021,23,0,Wind,3987
12/14/2024,6,7,Wind,2085
6/3/2022,22,23,Wind,3290
4/2/2023,7,8,Wind,9666
2/25/2021,22,23,Wind,2290
9/3/2024,22,23,Wind,1209
4/18/2023,18,19,Wind,10256
1/21/2021,11,12,Wind,11946
5/19/2022,20,21,Wind,1979
5/19/2021,18,19,Wind,8901
3/19/2023,15,16,Wind,8256
2/18/2025,5,6,Wind,5069
6/18/2021,3,4,Wind,3952
2/18/2023,18,19,Wind,7116
8/17/2023,15,16,Solar,7601
2/9/2020,23,0,Wind,10947
3/27/2024,20,21,Wind,13045
12/31/2022,7,8,Wind,16004
10/22/2022,11,12,Solar,5579
2/22/2022,17,18,Wind,11853
3/31/2021,13,14,Solar,5228
1/19/2021,6,7,Wind,11049
11/25/2025,5,6,Wind,11849
5/10/2022,22,23,Wind,2423
10/14/2020,20,21,Wind,5858
3/25/2023,6,7,Wind,14403
8/9/2025,7,8,Wind,1777
2/21/2024,12,13,Wind,14955
12/13/2023,0,1,Wind,10261
5/30/2024,8,9,Wind,4505
11/19/2022,17,18,Wind,3045
6/30/2021,14,15,Solar,5911
5/21/2023,3,4,Wind,5764
12/25/2021,20,21,Wind,1232
10/21/2024,4,5,Wind,4465
8/12/2021,5,6,Wind,479
4/19/2024,18,19,Wind,11823
10/22/2024,13,14,Solar,5219
7/23/2021,7,8,Wind,3553
4/25/2021,21,22,Wind,10201
8/27/2021,0,1,Wind,3847
9/20/2023,2,3,Wind,6316
2/20/2023,23,0,Wind,2179
7/2/2022,9,10,Solar,4072
4/2/2023,9,10,Wind,11053
11/28/2024,1,2,Wind,4887
9/1/2024,18,19,Wind,4935
11/5/2021,1,2,Wind,3523
11/13/2023,12,13,Wind,19065
7/22/2022,11,12,Solar,5249
4/12/2021,14,15,Solar,6839
9/4/2022,14,15,Solar,7762
10/21/2023,9,10,Wind,17040
2/7/2022,0,1,Wind,14821
2/13/2023,23,0,Wind,2789
6/4/2022,18,19,Wind,4390
4/2/2025,1,2,Wind,15323
3/14/2022,10,11,Solar,4758
3/4/2025,20,21,Wind,2514
1/13/2024,10,11,Solar,2447
5/23/2020,4,5,Wind,1943
5/10/2020,9,10,Wind,2200
9/30/2021,20,21,Wind,3351
5/20/2023,22,23,Wind,6313
10/15/2024,12,13,Wind,8253
9/21/2021,20,21,Wind,2729
4/14/2022,11,12,Solar,5354
11/11/2020,23,0,Wind,7803
7/27/2020,4,5,Wind,1279
12/28/2022,20,21,Wind,16290
9/5/2025,4,5,Wind,3245
10/17/2025,11,12,Solar,9016
2/9/2025,12,13,Solar,5140
3/18/2023,17,18,Wind,6019
6/9/2022,19,20,Wind,4388
3/11/2021,19,20,Wind,13843
9/19/2020,1,2,Wind,5711
1/4/2021,9,10,Wind,1823
6/14/2023,4,5,Wind,2973
12/17/2020,12,13,Wind,4854
10/12/2024,5,6,Wind,5854
3/14/2023,5,6,Wind,15537
6/14/2023,2,3,Wind,3627
7/14/2023,12,13,Solar,12936
8/27/2023,10,11,Wind,5901
5/29/2021,19,20,Wind,4337
6/22/2025,12,13,Solar,4722
2/9/2023,5,6,Wind,1244
7/9/2022,13,14,Solar,8409
10/23/2021,13,14,Solar,5539
1/23/2024,8,9,Wind,9163
12/2/2023,3,4,Wind,3449
5/6/2024,2,3,Wind,3048
8/30/2025,17,18,Wind,13688
9/23/2021,5,6,Wind,883
5/7/2022,16,17,Solar,6468
11/27/2025,6,7,Wind,7436
6/29/2021,10,11,Solar,3691
12/14/2020,1,2,Wind,9775
9/7/2024,5,6,Wind,3085
11/26/2022,23,0,Wind,7145
5/22/2025,4,5,Wind,5305
3/3/2021,6,7,Wind,1619
6/1/2021,8,9,Wind,4650
1/30/2024,1,2,Wind,7559
7/13/2025,5,6,Wind,1851
8/22/2022,13,14,Solar,6215
7/19/2024,11,12,Solar,6420
11/18/2022,10,11,Wind,7580
5/7/2022,5,6,Wind,2727
11/13/2025,10,11,Wind,11255
3/23/2023,6,7,Wind,11419
7/19/2023,15,16,Wind,11984
11/10/2021,11,12,Solar,2554
9/12/2020,0,1,Wind,1306
3/13/2025,12,13,Solar,6146
12/22/2021,0,1,Wind,3062
8/7/2023,23,0,Wind,2042
11/10/2022,20,21,Wind,4131
8/1/2021,11,12,Solar,5568
8/21/2020,8,9,Wind,5580
10/14/2025,13,14,Solar,11416
9/27/2025,10,11,Solar,4884
12/6/2021,15,16,Wind,8499
5/25/2023,16,17,Wind,13810
5/7/2020,0,1,Wind,3107
10/5/2020,5,6,Wind,10145
5/23/2020,12,13,Wind,7228
11/9/2024,20,21,Wind,551
9/15/2023,7,8,Wind,3392
3/12/2024,21,22,Wind,9506
8/23/2020,1,2,Wind,4608
6/10/2025,13,14,Solar,6307
11/19/2022,2,3,Wind,2631
1/19/2020,1,2,Wind,3980
1/1/2024,18,19,Wind,12691
2/16/2020,20,21,Wind,12169
12/4/2020,17,18,Wind,4736
7/26/2022,0,1,Wind,4818
2/22/2024,22,23,Wind,16151
3/21/2021,8,9,Wind,4590
4/12/2023,12,13,Wind,14960
9/22/2022,23,0,Wind,652
6/20/2023,11,12,Solar,6755
11/13/2020,1,2,Wind,4626
11/8/2024,13,14,Solar,5408
3/9/2021,12,13,Solar,5340
9/12/2020,8,9,Wind,1926
2/2/2024,3,4,Wind,3718
8/24/2022,8,9,Solar,1988
2/23/2023,1,2,Wind,1246
4/25/2025,15,16,Solar,9928
1/23/2021,20,21,Wind,5217
10/18/2021,23,0,Wind,5866
6/9/2024,13,14,Solar,4453
5/21/2022,14,15,Solar,6285
8/23/2022,22,23,Wind,847
9/4/2024,12,13,Solar,4303
5/16/2021,7,8,Wind,3960
7/12/2025,3,4,Wind,3918
5/30/2024,10,11,Wind,6916
1/7/2023,7,8,Wind,11659
6/5/2024,6,7,Wind,1203
11/7/2021,6,7,Wind,5961
3/13/2022,16,17,Wind,7943
9/30/2020,17,18,Wind,4217
3/15/2024,2,3,Wind,10543
7/22/2024,11,12,Solar,9235
2/27/2023,12,13,Wind,18352
1/12/2025,3,4,Wind,2792
10/15/2021,16,17,Solar,3316
1/18/2021,20,21,Wind,6303
1/11/2024,19,20,Wind,10667
8/20/2025,23,0,Wind,3360
2/5/2025,5,6,Wind,2082
10/5/2020,9,10,Wind,10028
2/11/2025,17,18,Wind,2329
11/23/2024,4,5,Wind,10426
5/17/2025,6,7,Wind,4082
2/8/2025,6,7,Wind,8790
5/17/2024,9,10,Solar,4478
12/9/2022,9,10,Wind,2861
11/24/2023,2,3,Wind,8723
8/31/2024,6,7,Wind,3772
3/19/2020,9,10,Solar,3014
4/7/2020,21,22,Wind,2745
11/7/2024,10,11,Solar,4532
1/3/2023,13,14,Wind,8837
1/2/2022,3,4,Wind,6316
1/27/2022,18,19,Wind,4002
3/30/2021,10,11,Solar,4453
6/12/2024,6,7,Wind,1894
11/27/2020,11,12,Solar,2891
2/22/2023,21,22,Wind,1560
8/16/2023,21,22,Wind,1946
2/22/2021,2,3,Wind,7440
6/27/2024,14,15,Solar,10570
12/14/2022,18,19,Wind,2453
5/4/2024,13,14,Wind,9297
6/10/2025,8,9,Solar,5252
12/14/2023,2,3,Wind,7968
6/21/2025,18,19,Solar,5652
9/9/2023,13,14,Solar,7863
10/8/2024,14,15,Wind,16371
11/30/2022,22,23,Wind,3837
1/12/2021,7,8,Wind,12942
2/25/2023,10,11,Wind,6839
1/4/2024,1,2,Wind,15221
9/15/2020,23,0,Wind,786
4/15/2020,13,14,Wind,8001
4/24/2023,22,23,Wind,3125
4/18/2021,21,22,Wind,2114
6/9/2025,16,17,Solar,4064
1/13/2020,20,21,Wind,11681
11/19/2020,13,14,Wind,11143
10/24/2025,18,19,Wind,12301
11/10/2022,6,7,Wind,3290
10/30/2024,0,1,Wind,947
8/17/2024,6,7,Wind,992
7/27/2023,4,5,Wind,7190
12/14/2023,8,9,Wind,5948
12/6/2021,8,9,Wind,2214
5/13/2024,11,12,Solar,9058
1/2/2024,10,11,Wind,18229
12/29/2022,22,23,Wind,7674
10/5/2025,17,18,Wind,13430
5/1/2025,14,15,Solar,5194
6/8/2020,3,4,Wind,1440
12/24/2020,9,10,Wind,10433
11/11/2020,12,13,Solar,4276
9/15/2022,5,6,Wind,1558
7/16/2020,16,17,Wind,4408
7/6/2023,23,0,Wind,2431
7/17/2023,15,16,Solar,10373
11/12/2025,11,12,Wind,14480
4/21/2025,14,15,Solar,9170
10/7/2023,1,2,Wind,1905
5/25/2025,17,18,Wind,9481
3/30/2020,22,23,Wind,7396
9/11/2023,0,1,Wind,2625
4/29/2021,22,23,Wind,1764
2/17/2021,5,6,Wind,7535
8/6/2023,5,6,Wind,12807
7/7/2021,5,6,Wind,3345
12/21/2021,8,9,Wind,2768
7/13/2025,19,20,Wind,5257
10/25/2024,20,21,Wind,2271
4/16/2024,23,0,Wind,6616
1/8/2022,12,13,Wind,14895
4/10/2022,11,12,Solar,7037
8/8/2025,18,19,Solar,5397
8/12/2022,11,12,Solar,7329
1/29/2020,15,16,Wind,7123
11/6/2022,2,3,Wind,7598
8/24/2024,16,17,Wind,9227
8/24/2023,4,5,Wind,3877
2/4/2022,1,2,Wind,4670
9/12/2025,7,8,Wind,9086
9/5/2023,1,2,Wind,7084
3/12/2024,12,13,Wind,11945
8/28/2023,9,10,Wind,3873
7/17/2024,21,22,Wind,1017
9/22/2025,4,5,Wind,8634
2/19/2023,5,6,Wind,5983
6/2/2020,8,9,Solar,1541
4/14/2024,1,2,Wind,3709
8/13/2024,11,12,Solar,4915
6/21/2020,19,20,Wind,5595
1/12/2025,13,14,Solar,8119
2/26/2023,12,13,Wind,22634
3/16/2021,23,0,Wind,9107
8/19/2022,5,6,Wind,2868
6/28/2025,7,8,Wind,2240
8/19/2020,10,11,Solar,4574
7/15/2024,9,10,Solar,5701
8/4/2020,12,13,Solar,5286
3/22/2025,11,12,Wind,10626
6/12/2023,18,19,Wind,3981
1/25/2020,4,5,Wind,1156
4/13/2021,17,18,Solar,5526
8/5/2022,6,7,Wind,2380
6/17/2023,3,4,Wind,931
7/25/2025,17,18,Solar,8163
7/22/2023,6,7,Wind,1753
2/28/2020,15,16,Wind,10966
8/18/2025,19,20,Wind,3215
11/28/2023,22,23,Wind,1685
11/8/2023,14,15,Wind,17762
3/7/2024,11,12,Solar,11844
6/6/2023,19,20,Wind,4960
2/26/2024,2,3,Wind,10045
1/22/2023,16,17,Wind,4666
1/18/2021,10,11,Wind,4808
6/29/2020,2,3,Wind,3066
7/11/2023,21,22,Wind,4771
3/29/2020,21,22,Wind,12612
5/9/2020,13,14,Solar,4164
6/12/2021,21,22,Wind,1945
8/17/2024,2,3,Wind,1352
5/14/2024,18,19,Wind,6187
1/10/2022,9,10,Wind,1775
10/9/2024,21,22,Wind,12502
5/9/2020,20,21,Wind,1820
1/24/2020,9,10,Wind,1863
10/15/2025,12,13,Solar,9847
12/26/2023,11,12,Wind,7664
5/2/2025,23,0,Wind,5334
6/10/2020,18,19,Wind,2213
9/20/2024,6,7,Wind,5594
11/6/2024,1,2,Wind,87
7/31/2025,16,17,Solar,11439
11/1/2024,1,2,Wind,739
3/24/2020,19,20,Wind,5358
8/16/2024,8,9,Wind,3878
6/21/2022,6,7,Wind,2988
4/2/2021,16,17,Wind,12702
2/28/2021,5,6,Wind,7217
9/24/2021,1,2,Wind,919
4/3/2024,14,15,Wind,18447
1/8/2021,18,19,Wind,704
9/26/2022,2,3,Wind,2103
10/27/2023,21,22,Wind,9970
8/23/2020,4,5,Wind,4415
5/20/2024,15,16,Solar,6780
4/2/2021,14,15,Wind,12254
7/30/2022,12,13,Solar,6475
12/21/2021,12,13,Solar,3650
1/10/2022,0,1,Wind,998
11/5/2024,2,3,Wind,2093
8/3/2025,11,12,Solar,5793
3/10/2021,10,11,Wind,8487
6/14/2021,16,17,Solar,4868
6/6/2023,15,16,Solar,7612
7/3/2020,0,1,Wind,3274
7/5/2020,12,13,Wind,11321
3/11/2025,0,1,Wind,1384
4/27/2021,16,17,Solar,2543
8/5/2020,8,9,Wind,2385
10/9/2023,18,19,Solar,1060
1/28/2024,14,15,Wind,8497
1/11/2023,13,14,Wind,14136
6/16/2023,23,0,Wind,1396
8/23/2021,15,16,Solar,8026
1/9/2023,7,8,Wind,14855
6/16/2021,6,7,Wind,1261
5/22/2020,0,1,Wind,2057
12/18/2021,7,8,Wind,6342
4/2/2021,9,10,Wind,8312
1/19/2022,4,5,Wind,1490
8/15/2023,1,2,Wind,1635
9/17/2023,18,19,Wind,3736
5/29/2025,19,20,Solar,3657
9/28/2023,21,22,Wind,4040
5/25/2024,8,9,Solar,2592
9/12/2023,2,3,Wind,1554
5/20/2020,4,5,Wind,2877
3/27/2020,1,2,Wind,4075
2/23/2025,18,19,Wind,9124
8/30/2021,6,7,Wind,3008
8/7/2020,19,20,Solar,1110
8/9/2023,0,1,Wind,3179
2/3/2021,6,7,Wind,8699
7/16/2021,16,17,Wind,7925
7/21/2022,0,1,Wind,1855
8/10/2025,4,5,Wind,3277
5/16/2023,20,21,Wind,8127
4/17/2025,11,12,Solar,8160
4/23/2024,19,20,Wind,5331
2/9/2022,8,9,Wind,3449
2/25/2022,4,5,Wind,7356
12/20/2024,17,18,Wind,10211
4/26/2023,12,13,Solar,5141
11/16/2023,21,22,Wind,7646
1/2/2022,12,13,Wind,11949
9/26/2024,5,6,Wind,12003
7/12/2020,13,14,Solar,5732
9/23/2023,1,2,Wind,5234
3/26/2025,11,12,Solar,7597
11/1/2022,18,19,Wind,11102
3/27/2024,5,6,Wind,5659
4/25/2022,19,20,Wind,3155
1/26/2025,0,1,Wind,10315
1/28/2024,16,17,Wind,6438
3/2/2022,16,17,Solar,1754
10/22/2022,21,22,Wind,5787
3/4/2024,13,14,Solar,9435
12/16/2021,19,20,Wind,4852
4/20/2025,19,20,Wind,4658
6/4/2023,22,23,Wind,6477
6/30/2022,23,0,Wind,2505
9/14/2023,10,11,Solar,4703
5/1/2021,18,19,Wind,4262
3/19/2024,10,11,Solar,6326
11/2/2023,23,0,Wind,13452
7/8/2025,22,23,Wind,2023
8/12/2024,4,5,Wind,5631
11/11/2020,0,1,Wind,634
7/11/2025,7,8,Wind,4597
3/2/2021,18,19,Wind,1914
8/31/2021,13,14,Solar,8394
11/23/2025,14,15,Wind,13992
7/27/2025,18,19,Wind,8395
3/25/2023,21,22,Wind,6556
7/10/2020,2,3,Wind,3880
4/20/2022,23,0,Wind,4217
7/21/2022,21,22,Wind,1718
1/23/2021,12,13,Wind,7352
11/3/2020,21,22,Wind,4101
9/10/2020,4,5,Wind,1565
9/26/2021,11,12,Wind,5112
11/1/2020,2,3,Wind,5322
6/13/2021,13,14,Solar,5070
8/11/2024,9,10,Solar,6040
10/15/2022,12,13,Wind,13297
10/8/2023,3,4,Wind,1852
7/2/2023,22,23,Wind,4488
8/23/2024,17,18,Wind,11314
2/18/2021,1,2,Wind,9091
7/6/2022,18,19,Wind,6295
4/15/2020,7,8,Wind,5808
1/9/2023,6,7,Wind,14989
12/3/2024,15,16,Wind,1852
12/3/2020,23,0,Wind,12228
8/14/2022,23,0,Wind,1903
7/20/2020,0,1,Wind,2948
7/18/2020,17,18,Solar,3739
10/31/2024,21,22,Wind,1092
4/5/2022,22,23,Wind,6313
5/5/2023,19,20,Wind,2799
2/10/2025,16,17,Wind,6350
12/26/2022,11,12,Wind,10162
10/20/2024,16,17,Wind,14278
3/18/2024,2,3,Wind,1947
8/10/2023,0,1,Wind,2344
5/12/2020,2,3,Wind,6693
1/20/2020,17,18,Wind,5344
12/4/2020,14,15,Wind,6013
4/29/2025,4,5,Wind,5404
8/29/2024,14,15,Solar,6091
5/24/2022,8,9,Wind,6725
11/10/2023,11,12,Wind,17688
2/12/2021,9,10,Wind,8916
1/6/2025,18,19,Wind,16323
9/28/2023,10,11,Solar,4379
11/26/2023,12,13,Solar,6149
10/28/2025,6,7,Wind,11512
12/27/2022,17,18,Wind,6909
11/4/2020,5,6,Wind,877
2/19/2025,17,18,Wind,4619
10/30/2022,19,20,Wind,1815
2/20/2023,20,21,Wind,2435
2/3/2022,1,2,Wind,2235
9/11/2025,9,10,Wind,13610
10/21/2022,16,17,Wind,7720
11/29/2023,23,0,Wind,2195
7/1/2025,10,11,Solar,7258
10/6/2025,0,1,Wind,5213
10/10/2025,22,23,Wind,3828
5/9/2022,7,8,Wind,2319
9/18/2025,3,4,Wind,2201
4/23/2021,2,3,Wind,6517
5/22/2025,8,9,Wind,6247
1/28/2023,19,20,Wind,3150
1/12/2023,6,7,Wind,16126
11/15/2022,12,13,Wind,11432
7/5/2022,15,16,Solar,7661
3/20/2023,3,4,Wind,1754
8/25/2021,9,10,Wind,4983
2/18/2022,7,8,Wind,13865
1/30/2025,5,6,Wind,5845
5/23/2021,9,10,Wind,6649
3/14/2020,0,1,Wind,2000
10/15/2024,21,22,Wind,10882
2/6/2021,16,17,Wind,4108
11/11/2025,0,1,Wind,8522
5/19/2024,9,10,Solar,3154
10/17/2024,3,4,Wind,9203
10/18/2021,10,11,Solar,4562
1/31/2024,17,18,Wind,2871
9/20/2022,18,19,Wind,3948
1/15/2020,10,11,Wind,12946
3/7/2023,20,21,Wind,7306
6/24/2025,14,15,Solar,6088
12/30/2021,3,4,Wind,9331
12/24/2024,2,3,Wind,4557
12/31/2024,9,10,Wind,5032
6/14/2023,5,6,Wind,2804
11/17/2022,14,15,Wind,13038
9/19/2020,4,5,Wind,4678
3/31/2020,9,10,Wind,7190
5/17/2020,23,0,Wind,2263
6/26/2022,2,3,Wind,2297
1/16/2021,4,5,Wind,1961
7/5/2025,21,22,Wind,4328
8/13/2021,7,8,Wind,1337
10/12/2024,12,13,Wind,6630
4/30/2023,10,11,Solar,5535
8/26/2024,19,20,Wind,2323
10/16/2020,14,15,Wind,4215
10/25/2025,10,11,Wind,12467
1/16/2025,5,6,Wind,4591
8/28/2021,12,13,Solar,8154
1/20/2025,23,0,Wind,1063
6/20/2020,12,13,Solar,4268
8/15/2022,13,14,Solar,7778
4/19/2020,8,9,Wind,2248
5/6/2022,16,17,Solar,6295
7/1/2024,18,19,Wind,7947
7/23/2025,7,8,Wind,1674
9/3/2021,23,0,Wind,1454
7/15/2025,15,16,Wind,15844
3/14/2025,6,7,Wind,2312
2/22/2021,18,19,Wind,4522
6/12/2023,7,8,Wind,2104
11/9/2023,11,12,Wind,13863
2/17/2024,10,11,Solar,5587
1/13/2022,6,7,Wind,2529
7/30/2021,5,6,Wind,3399
2/11/2022,15,16,Solar,4822
9/25/2021,18,19,Wind,1643
8/14/2020,15,16,Solar,5101
4/26/2022,19,20,Wind,4447
9/14/2025,4,5,Wind,3950
3/19/2023,20,21,Wind,2766
1/11/2020,17,18,Wind,3460
7/3/2020,15,16,Wind,7350
5/25/2020,17,18,Solar,4958
7/23/2021,17,18,Wind,7251
6/3/2025,22,23,Wind,4599
6/10/2024,17,18,Wind,12838
5/23/2025,9,10,Solar,7357
6/15/2024,1,2,Wind,11329
3/31/2020,11,12,Wind,10100
7/15/2020,16,17,Wind,4572
10/16/2023,8,9,Wind,7507
7/21/2024,1,2,Wind,2758
2/12/2022,20,21,Wind,6397
4/16/2022,10,11,Solar,7474
3/15/2020,9,10,Wind,6793
6/26/2021,21,22,Wind,1829
1/14/2020,7,8,Wind,11776
9/6/2024,14,15,Solar,6799
6/11/2021,0,1,Wind,1889
12/27/2023,6,7,Wind,7643
9/15/2024,3,4,Wind,3501
6/30/2024,17,18,Solar,6497
2/8/2025,13,14,Wind,7464
11/23/2022,5,6,Wind,6981
10/27/2025,4,5,Wind,17811
11/29/2023,3,4,Wind,2948
6/26/2020,14,15,Solar,5291
12/9/2023,7,8,Wind,13634
1/7/2023,2,3,Wind,8719
6/5/2021,20,21,Wind,1884
4/29/2021,17,18,Solar,2737
5/26/2023,0,1,Wind,8166
5/18/2024,8,9,Solar,2278
6/28/2022,12,13,Solar,7455
1/1/2024,9,10,Wind,12299
11/26/2023,14,15,Solar,5466
4/3/2022,16,17,Wind,5380
6/7/2024,1,2,Wind,2853
11/18/2021,2,3,Wind,1548
11/5/2025,1,2,Wind,12278
3/12/2020,2,3,Wind,10565
11/11/2024,20,21,Wind,8940
9/6/2021,8,9,Wind,1728
6/22/2025,17,18,Solar,9419
11/27/2023,16,17,Wind,10920
3/1/2025,0,1,Wind,6907
2/1/2021,9,10,Wind,5494
11/5/2021,0,1,Wind,3853
10/9/2025,3,4,Wind,1864
7/18/2022,23,0,Wind,5478
7/28/2025,15,16,Solar,11370
12/20/2020,2,3,Wind,4650
7/26/2023,0,1,Wind,2967
3/5/2022,13,14,Solar,5706
12/1/2020,13,14,Wind,8391
12/24/2022,19,20,Wind,3523
6/2/2025,3,4,Wind,2782
7/9/2025,16,17,Solar,9354
3/10/2025,12,13,Solar,7043
3/16/2024,19,20,Wind,1108
2/20/2023,5,6,Wind,3500
11/3/2023,8,9,Wind,9879
5/28/2021,9,10,Solar,3687
4/16/2024,2,3,Wind,12706
2/15/2025,5,6,Wind,5417
8/12/2022,23,0,Wind,5157
1/14/2021,20,21,Wind,9959
8/27/2020,22,23,Wind,7246
2/5/2020,22,23,Wind,2978
3/7/2020,4,5,Wind,2977
11/25/2021,3,4,Wind,2073
12/30/2020,5,6,Wind,2734
9/4/2021,23,0,Wind,831
9/30/2023,9,10,Solar,3151
9/17/2023,10,11,Solar,5529
1/21/2023,9,10,Wind,9654
8/8/2020,17,18,Solar,2859
10/29/2021,15,16,Wind,10468
9/5/2023,19,20,Wind,1564
12/5/2020,12,13,Wind,6585
11/17/2020,6,7,Wind,4005
3/1/2020,0,1,Wind,11741
1/22/2023,3,4,Wind,5651
1/11/2022,16,17,Wind,2881
12/1/2023,5,6,Wind,2098
4/30/2021,10,11,Solar,2550
8/11/2021,20,21,Wind,407
4/21/2020,14,15,Wind,5041
8/8/2023,1,2,Wind,2206
8/13/2022,10,11,Solar,5625
11/20/2022,16,17,Wind,9459
10/21/2023,8,9,Wind,15937
7/20/2023,20,21,Wind,2490
12/25/2020,18,19,Wind,5375
2/27/2021,4,5,Wind,5771
1/17/2025,21,22,Wind,1494
11/16/2020,15,16,Wind,6101
5/19/2024,6,7,Wind,472
8/22/2023,1,2,Wind,2120
12/28/2020,9,10,Wind,7605
3/29/2023,1,2,Wind,5516
7/18/2020,21,22,Wind,1142
1/12/2024,20,21,Wind,4479
6/12/2024,4,5,Wind,1866
5/7/2022,17,18,Solar,6150
2/1/2021,2,3,Wind,5257
1/22/2024,18,19,Wind,15148
10/26/2020,8,9,Wind,7612
7/7/2024,16,17,Solar,5917
4/6/2025,20,21,Wind,8721
1/16/2020,2,3,Wind,2998
1/30/2024,13,14,Solar,8307
8/11/2025,21,22,Wind,4984
6/6/2022,11,12,Solar,8204
8/15/2023,9,10,Solar,3262
9/22/2022,5,6,Wind,1797
3/26/2021,13,14,Wind,11563
4/6/2020,1,2,Wind,8112
5/30/2020,11,12,Solar,6241
5/13/2025,5,6,Wind,557
7/15/2020,11,12,Solar,3309
3/20/2025,1,2,Wind,6812
10/22/2022,20,21,Wind,4719
4/6/2022,4,5,Wind,5274
9/2/2023,8,9,Wind,2499
7/20/2023,21,22,Wind,2028
3/27/2022,17,18,Solar,3856
11/10/2022,11,12,Solar,5573
4/30/2025,4,5,Wind,4802
4/16/2020,18,19,Wind,2198
1/17/2021,16,17,Wind,4547
1/2/2024,9,10,Wind,17504
6/2/2021,12,13,Solar,5444
5/4/2021,18,19,Wind,11982
1/25/2024,0,1,Wind,5252
10/6/2021,7,8,Wind,8544
1/3/2021,10,11,Wind,2316
5/7/2020,8,9,Solar,2166
11/30/2020,0,1,Wind,1694
11/16/2021,0,1,Wind,995
9/7/2023,0,1,Wind,2993
8/27/2020,16,17,Wind,7844
7/8/2025,4,5,Wind,5462
2/23/2025,16,17,Wind,11510
4/10/2020,4,5,Wind,3528
5/4/2021,22,23,Wind,7554
6/14/2025,18,19,Solar,5632
3/21/2022,16,17,Wind,6060
2/2/2020,12,13,Wind,14276
1/31/2023,8,9,Wind,4004
8/23/2022,5,6,Wind,995
3/15/2025,4,5,Wind,10239
5/9/2021,9,10,Wind,9745
8/2/2020,1,2,Wind,3275
4/1/2025,13,14,Wind,11767
8/11/2022,19,20,Wind,4403
6/15/2021,4,5,Wind,1764
7/24/2020,19,20,Wind,3515
5/11/2023,2,3,Wind,2773
6/16/2021,13,14,Solar,5188
6/16/2024,8,9,Wind,5821
3/22/2021,22,23,Wind,2658
8/4/2025,0,1,Wind,4376
4/13/2022,7,8,Wind,1149
7/15/2025,0,1,Wind,3650
7/14/2021,6,7,Wind,4690
10/26/2024,21,22,Wind,1308
8/7/2025,0,1,Wind,1261
4/11/2025,16,17,Solar,8731
1/28/2020,3,4,Wind,12254
3/3/2023,1,2,Wind,3939
3/26/2020,14,15,Wind,8868
6/8/2023,20,21,Wind,3735
7/12/2022,19,20,Solar,2364
12/30/2022,21,22,Wind,15512
1/13/2020,9,10,Wind,4708
6/21/2021,13,14,Solar,4644
3/22/2020,15,16,Wind,10450
12/7/2024,23,0,Wind,17176
8/23/2020,8,9,Wind,4860
12/5/2022,3,4,Wind,783
7/26/2023,21,22,Wind,2340
2/11/2025,23,0,Wind,2668
10/24/2020,9,10,Wind,9436
2/10/2024,22,23,Wind,9625
6/27/2020,9,10,Wind,6730
3/1/2024,2,3,Wind,9919
3/7/2025,9,10,Wind,11815
3/4/2022,14,15,Solar,5479
4/17/2022,20,21,Wind,3592
9/26/2025,7,8,Wind,967
3/21/2023,12,13,Solar,7903
9/16/2023,10,11,Wind,5904
3/12/2022,3,4,Wind,8486
3/24/2024,13,14,Wind,17363
3/5/2021,5,6,Wind,3190
2/22/2024,2,3,Wind,12073
10/12/2020,15,16,Solar,4436
1/21/2023,16,17,Wind,8697
11/20/2023,14,15,Wind,14579
2/7/2021,0,1,Wind,5046
7/13/2023,1,2,Wind,3334
9/9/2023,16,17,Solar,6267
6/26/2021,16,17,Solar,4289
6/24/2020,16,17,Solar,6125
7/31/2020,9,10,Wind,3945
11/8/2023,0,1,Wind,8034
7/7/2022,2,3,Wind,3652
9/12/2022,13,14,Solar,6811
1/29/2020,2,3,Wind,8912
1/6/2021,13,14,Solar,2065
1/6/2021,9,10,Wind,1161
11/3/2025,3,4,Wind,7155
6/30/2020,2,3,Wind,3684
2/9/2023,19,20,Wind,647
2/24/2021,16,17,Wind,7100
9/14/2021,12,13,Solar,3810
10/17/2020,12,13,Solar,3217
8/4/2023,2,3,Wind,3433
8/29/2022,4,5,Wind,4709
11/8/2021,5,6,Wind,1978
9/29/2023,14,15,Wind,11108
8/15/2023,22,23,Wind,1178
4/17/2023,18,19,Wind,8115
1/3/2020,19,20,Wind,5509
11/13/2020,20,21,Wind,4406
5/3/2022,13,14,Solar,7074
11/14/2020,9,10,Wind,7790
3/6/2021,3,4,Wind,6261
10/25/2020,9,10,Wind,8318
4/2/2024,22,23,Wind,9133
3/28/2025,22,23,Wind,9294
5/16/2023,10,11,Wind,13098
12/15/2020,15,16,Wind,3111
3/22/2025,14,15,Wind,8940
1/30/2021,17,18,Wind,6733
1/7/2021,10,11,Solar,1734
11/3/2023,17,18,Wind,9380
2/29/2024,0,1,Wind,7551
9/8/2021,17,18,Wind,4841
2/26/2022,11,12,Solar,9276
12/2/2021,20,21,Wind,4517
6/3/2023,20,21,Wind,5850
6/14/2020,21,22,Wind,1476
5/10/2022,4,5,Wind,2088
8/31/2020,22,23,Wind,1544
6/13/2020,17,18,Wind,5650
6/13/2025,13,14,Solar,5534
2/25/2020,20,21,Wind,11992
5/16/2020,15,16,Solar,3872
10/8/2020,0,1,Wind,4487
1/21/2020,8,9,Wind,3430
12/13/2024,7,8,Wind,3091
12/30/2020,22,23,Wind,5550
8/31/2024,13,14,Solar,8520
5/6/2023,6,7,Wind,1649
1/22/2023,23,0,Wind,3540
2/5/2020,7,8,Wind,2323
6/29/2022,18,19,Solar,3900
11/30/2020,21,22,Wind,6088
9/17/2021,4,5,Wind,642
9/26/2021,8,9,Wind,2952
1/21/2021,7,8,Wind,10084
6/6/2023,8,9,Wind,5337
4/4/2021,22,23,Wind,2522
8/19/2021,17,18,Solar,3806
12/2/2023,19,20,Wind,2554
12/10/2021,21,22,Wind,12213
2/16/2023,8,9,Wind,4959
7/27/2024,23,0,Wind,2235
6/1/2022,16,17,Solar,6169
1/30/2023,13,14,Wind,9565
3/17/2024,3,4,Wind,3886
11/12/2021,13,14,Solar,4554
9/7/2023,21,22,Wind,1128
2/10/2021,5,6,Wind,7340
6/29/2021,0,1,Wind,1420
11/18/2024,19,20,Wind,8729
5/11/2021,13,14,Wind,7449
3/26/2021,19,20,Wind,8209
10/11/2025,15,16,Solar,9541
3/30/2025,10,11,Wind,7165
8/10/2021,7,8,Wind,1103
8/20/2024,22,23,Wind,7297
11/30/2024,19,20,Wind,2422
9/2/2025,12,13,Wind,15763
1/5/2021,7,8,Wind,2069
2/1/2025,16,17,Solar,3162
1/1/2022,9,10,Wind,5893
10/14/2023,23,0,Wind,1575
10/2/2022,5,6,Wind,4754
1/13/2021,6,7,Wind,3324
2/4/2020,12,13,Wind,13568
12/21/2021,17,18,Wind,1798
6/22/2020,4,5,Wind,2085
10/14/2022,7,8,Wind,4001
8/23/2020,6,7,Wind,4387
1/13/2024,11,12,Solar,3225
5/22/2024,6,7,Wind,4334
6/17/2023,21,22,Wind,1170
6/23/2022,5,6,Wind,1071
5/6/2021,1,2,Wind,3194
4/7/2025,21,22,Wind,4734
12/9/2022,19,20,Wind,2025
12/1/2022,6,7,Wind,4250
6/30/2024,18,19,Solar,5435
10/15/2022,23,0,Wind,4820
11/22/2025,7,8,Wind,5461
4/17/2020,20,21,Wind,1967
2/8/2023,7,8,Wind,3582
10/11/2024,23,0,Wind,5240
7/5/2020,9,10,Wind,8199
7/6/2025,0,1,Wind,4284
10/22/2025,2,3,Wind,3377
6/2/2020,22,23,Wind,1647
2/6/2024,1,2,Wind,9666
1/5/2024,23,0,Wind,5446
4/30/2022,3,4,Wind,4530
3/13/2021,21,22,Wind,12110
9/26/2020,11,12,Wind,12305
4/15/2025,22,23,Wind,7968
7/12/2020,8,9,Wind,2970
2/20/2025,16,17,Wind,9290
12/29/2022,1,2,Wind,14900
8/1/2020,1,2,Wind,2557
1/2/2024,4,5,Wind,17351
5/25/2024,2,3,Wind,480
9/26/2021,10,11,Wind,4409
3/17/2023,2,3,Wind,7595
12/28/2024,14,15,Solar,3603
10/7/2021,20,21,Wind,2707
8/25/2025,9,10,Solar,4805
7/26/2022,3,4,Wind,2756
7/2/2024,1,2,Wind,3270
6/23/2021,22,23,Wind,2637
11/7/2024,16,17,Wind,3210
6/18/2020,17,18,Wind,4800
8/19/2022,21,22,Wind,2825
4/11/2024,22,23,Wind,1211
2/20/2020,4,5,Wind,6243
12/27/2024,17,18,Wind,435
5/2/2022,13,14,Solar,6602
8/2/2023,13,14,Wind,20454
9/21/2020,22,23,Wind,1389
7/24/2020,10,11,Solar,3861
12/25/2024,6,7,Wind,1514
3/13/2022,23,0,Wind,5631
7/15/2024,22,23,Wind,7279
12/29/2024,2,3,Wind,748
8/3/2020,11,12,Solar,4843
12/3/2022,7,8,Wind,6559
2/16/2023,7,8,Wind,4461
9/30/2025,3,4,Wind,1539
5/4/2020,1,2,Wind,658
8/3/2024,13,14,Solar,9705
6/2/2024,22,23,Wind,3752
3/9/2024,23,0,Wind,5420
2/12/2021,3,4,Wind,8633
11/28/2025,12,13,Wind,10113
8/21/2023,9,10,Solar,3771
1/2/2020,16,17,Wind,4298
7/25/2022,8,9,Wind,4785
5/28/2021,12,13,Solar,5807
10/31/2022,18,19,Wind,11533
7/19/2023,21,22,Wind,3854
3/15/2023,4,5,Wind,3805
4/30/2022,19,20,Wind,4805
9/19/2020,20,21,Wind,2594
11/24/2024,11,12,Wind,22680
7/4/2023,20,21,Wind,7119
2/26/2021,19,20,Wind,4571
10/17/2022,9,10,Wind,6961
12/3/2024,21,22,Wind,1237
11/28/2021,4,5,Wind,8889
8/9/2020,15,16,Solar,3764
7/30/2023,1,2,Wind,5106
6/7/2023,6,7,Wind,4596
11/11/2024,8,9,Wind,4437
1/15/2022,12,13,Solar,3823
11/14/2022,22,23,Wind,6342
8/30/2024,10,11,Solar,6388
10/29/2020,5,6,Wind,7607
1/20/2023,14,15,Wind,7197
11/1/2023,11,12,Wind,15073
6/22/2024,21,22,Wind,3289
6/2/2020,10,11,Solar,2722
12/21/2022,15,16,Wind,10187
11/20/2024,1,2,Wind,9651
6/6/2025,17,18,Wind,12661
5/5/2025,2,3,Wind,10991
9/15/2020,5,6,Wind,2970
8/12/2023,1,2,Wind,1403
3/31/2024,10,11,Wind,9421
2/3/2024,14,15,Wind,7982
6/2/2021,13,14,Solar,5706
6/4/2021,13,14,Solar,3617
11/5/2024,7,8,Wind,1713
4/6/2021,14,15,Wind,10825
7/1/2020,18,19,Wind,6120
8/9/2022,17,18,Wind,8996
5/11/2024,12,13,Solar,5977
11/14/2024,13,14,Solar,6946
10/11/2025,21,22,Wind,5967
7/2/2025,7,8,Wind,2707
7/14/2025,9,10,Wind,8830
9/7/2021,3,4,Wind,3606
2/29/2024,18,19,Wind,8614
10/1/2021,5,6,Wind,5693
9/16/2020,13,14,Solar,4097
12/10/2023,1,2,Wind,15790
3/22/2023,3,4,Wind,9831
4/16/2023,16,17,Solar,9472
12/27/2023,9,10,Wind,10737
8/21/2024,19,20,Wind,2940
1/28/2024,19,20,Wind,9086
4/13/2024,2,3,Wind,2088
10/21/2025,11,12,Wind,10818
5/5/2025,18,19,Wind,7270
1/27/2023,14,15,Wind,9841
4/6/2021,8,9,Wind,4455
2/13/2023,7,8,Wind,3388
5/17/2025,14,15,Solar,5519
1/24/2020,23,0,Wind,702
1/22/2021,7,8,Wind,4504
1/12/2023,3,4,Wind,15720
12/11/2022,2,3,Wind,2293
8/22/2023,6,7,Wind,1006
9/11/2020,18,19,Solar,1540
4/21/2022,10,11,Solar,3832
6/4/2023,9,10,Solar,5556
3/6/2024,2,3,Wind,2340
6/29/2023,10,11,Solar,4660
11/13/2025,23,0,Wind,10995
3/1/2023,14,15,Wind,12702
5/20/2025,17,18,Solar,9586
5/5/2020,2,3,Wind,6579
3/24/2020,21,22,Wind,7016
1/16/2024,6,7,Wind,1827
4/16/2024,14,15,Wind,10863
11/4/2020,9,10,Solar,2151
8/13/2022,12,13,Solar,8432
5/31/2020,12,13,Wind,9285
8/29/2020,5,6,Wind,2751
7/24/2021,15,16,Solar,6789
4/15/2023,20,21,Wind,8549
7/16/2021,19,20,Wind,5303
10/27/2024,16,17,Solar,1314
12/15/2024,7,8,Wind,5468
2/10/2022,1,2,Wind,4033
3/19/2024,20,21,Wind,748
8/3/2025,16,17,Solar,6481
3/28/2023,9,10,Wind,7554
8/27/2020,6,7,Wind,977
7/5/2024,10,11,Solar,9965
6/11/2020,1,2,Wind,698
11/1/2021,9,10,Wind,8704
9/9/2022,15,16,Wind,15042
8/2/2024,3,4,Wind,1331
11/30/2021,13,14,Wind,13901
11/6/2024,4,5,Wind,168
8/24/2023,0,1,Wind,2878
7/23/2020,12,13,Solar,3675
12/3/2022,8,9,Wind,6636
1/15/2025,23,0,Wind,3385
10/1/2021,11,12,Wind,8978
10/1/2023,14,15,Solar,4434
4/5/2024,1,2,Wind,9279
3/28/2025,15,16,Wind,12177
6/30/2021,20,21,Wind,1832
12/22/2021,22,23,Wind,5656
8/27/2020,1,2,Wind,1366
10/29/2024,14,15,Solar,4209
9/25/2024,11,12,Wind,11145
5/16/2021,21,22,Wind,9380
5/25/2021,17,18,Wind,13619
6/26/2022,9,10,Solar,2467
9/8/2020,2,3,Wind,1634
5/25/2022,9,10,Solar,5113
12/17/2020,6,7,Wind,5262
5/23/2023,15,16,Wind,11691
4/5/2020,0,1,Wind,7312
1/26/2022,5,6,Wind,514
11/8/2020,2,3,Wind,4251
9/9/2025,15,16,Solar,8329
9/10/2021,0,1,Wind,2885
6/12/2023,11,12,Solar,5423
5/29/2024,6,7,Wind,5961
2/17/2020,21,22,Wind,10564
8/21/2025,14,15,Solar,11277
8/1/2023,1,2,Wind,11303
5/12/2022,4,5,Wind,2054
8/30/2023,16,17,Wind,10230
10/29/2025,10,11,Wind,7519
10/18/2022,5,6,Wind,1599
12/25/2024,22,23,Wind,1971
5/27/2022,9,10,Wind,4651
5/2/2022,1,2,Wind,2956
8/12/2024,6,7,Wind,5245
6/20/2025,20,21,Wind,3301
7/15/2020,9,10,Wind,2373
10/25/2023,8,9,Wind,10050
10/12/2023,3,4,Wind,4634
9/9/2024,10,11,Wind,10547
11/21/2022,11,12,Wind,9899
3/9/2020,10,11,Wind,8248
4/5/2022,16,17,Wind,10413
2/18/2020,22,23,Wind,11286
12/5/2024,2,3,Wind,8734
4/21/2022,23,0,Wind,6211
5/6/2025,15,16,Wind,8297
11/25/2023,11,12,Wind,9350
12/8/2021,3,4,Wind,9667
4/15/2023,23,0,Wind,7594
11/29/2024,17,18,Wind,6087
8/5/2023,16,17,Wind,18436
12/14/2020,19,20,Wind,6606
10/30/2020,3,4,Wind,7494
2/16/2022,15,16,Wind,16572
11/12/2020,11,12,Wind,5368
8/20/2025,17,18,Wind,8251
1/26/2025,11,12,Wind,18245
8/9/2024,22,23,Wind,2702
6/4/2025,15,16,Solar,8710
7/13/2025,8,9,Solar,3505
9/23/2022,12,13,Solar,4025
7/29/2021,16,17,Solar,6618
3/7/2020,0,1,Wind,4073
2/28/2023,2,3,Wind,8949
1/29/2021,6,7,Wind,13993
7/9/2022,21,22,Wind,5839
2/4/2022,14,15,Wind,13087
11/2/2024,11,12,Wind,8497
7/21/2022,13,14,Solar,6778
9/13/2021,18,19,Wind,2067
3/28/2022,14,15,Solar,6213
9/6/2023,9,10,Solar,4170
12/11/2021,1,2,Wind,9457
2/7/2024,10,11,Wind,18804
1/19/2024,6,7,Wind,1941
4/21/2021,12,13,Solar,4943
7/26/2025,2,3,Wind,2800
3/20/2025,7,8,Wind,7561
6/20/2020,16,17,Solar,4128
10/26/2024,1,2,Wind,1595
10/7/2021,13,14,Solar,6023
8/19/2024,3,4,Wind,2107
6/22/2023,8,9,Wind,4337
8/19/2021,0,1,Wind,2129
9/14/2022,6,7,Wind,2598
3/11/2023,22,23,Wind,5366
5/6/2022,19,20,Wind,3821
11/15/2023,22,23,Wind,4113
7/29/2020,4,5,Wind,1838
5/19/2024,5,6,Wind,433
10/26/2020,10,11,Wind,8671
6/28/2023,20,21,Wind,1690
4/12/2022,8,9,Wind,8065
7/11/2024,17,18,Solar,5205
4/14/2020,22,23,Wind,6398
4/19/2022,23,0,Wind,4667
9/30/2020,5,6,Wind,823
3/4/2023,7,8,Wind,4596
6/18/2023,5,6,Wind,2996
3/25/2025,2,3,Wind,2317
7/5/2023,1,2,Wind,9970
2/27/2025,17,18,Wind,5363
8/10/2021,19,20,Solar,1609
4/20/2020,8,9,Wind,5493
8/25/2022,15,16,Solar,6954
10/2/2022,4,5,Wind,5081
12/6/2023,3,4,Wind,2714
6/4/2022,11,12,Solar,5048
3/1/2025,11,12,Wind,14963
8/17/2022,9,10,Solar,2713
7/2/2023,3,4,Wind,4753
10/4/2024,12,13,Solar,8818
1/14/2020,2,3,Wind,12262
10/26/2024,22,23,Wind,1276
6/10/2024,15,16,Wind,15624
6/18/2025,11,12,Solar,9552
1/19/2022,18,19,Wind,4181
5/3/2021,22,23,Wind,10296
3/18/2023,10,11,Wind,10691
10/27/2020,7,8,Wind,5887
11/13/2024,6,7,Wind,6666
5/25/2022,13,14,Wind,10040
2/19/2021,23,0,Wind,9633
7/28/2021,23,0,Wind,5343
10/19/2024,15,16,Wind,8991
2/2/2024,12,13,Wind,8799
10/12/2025,11,12,Solar,9884
3/8/2020,9,10,Wind,11011
8/20/2022,19,20,Wind,1934
9/21/2021,6,7,Wind,3053
7/19/2021,21,22,Wind,3520
11/28/2022,10,11,Wind,4311
1/4/2022,23,0,Wind,9549
11/21/2020,22,23,Wind,2418
4/1/2025,1,2,Wind,10837
11/19/2023,18,19,Wind,12600
2/7/2025,16,17,Wind,9221
11/14/2020,1,2,Wind,4298
2/22/2022,11,12,Wind,13052
2/19/2023,12,13,Solar,6932
3/1/2021,23,0,Wind,5014
5/18/2021,13,14,Wind,5767
2/14/2023,22,23,Wind,4822
11/18/2023,17,18,Wind,12135
5/17/2021,5,6,Wind,10720
7/9/2022,4,5,Wind,2961
5/17/2020,14,15,Solar,4953
6/15/2020,20,21,Wind,2218
7/27/2025,20,21,Wind,5282
12/15/2020,12,13,Wind,3705
11/1/2025,14,15,Wind,12265
1/16/2021,12,13,Wind,6919
7/7/2022,5,6,Wind,3016
12/14/2021,7,8,Wind,865
11/25/2022,6,7,Wind,5117
4/29/2022,13,14,Solar,7025
9/5/2025,6,7,Wind,2688
8/23/2020,21,22,Wind,2568
2/2/2024,15,16,Wind,7844
12/30/2020,14,15,Wind,4095
11/25/2023,3,4,Wind,7621
5/17/2023,8,9,Wind,6850
3/29/2025,3,4,Wind,9899
12/1/2023,8,9,Wind,2795
4/23/2020,22,23,Wind,1052
3/28/2021,5,6,Wind,3495
5/19/2025,6,7,Wind,5093
7/17/2025,22,23,Wind,1510
3/25/2023,9,10,Wind,17963
8/1/2025,19,20,Wind,7986
7/23/2020,14,15,Solar,3724
12/20/2023,9,10,Wind,9005
10/3/2020,21,22,Wind,7323
8/26/2024,13,14,Solar,10421
12/26/2021,5,6,Wind,2245
4/28/2023,10,11,Wind,8204
3/27/2020,6,7,Wind,3549
3/15/2021,16,17,Wind,10180
10/3/2022,1,2,Wind,1221
7/9/2023,1,2,Wind,1985
12/7/2023,23,0,Wind,8279
4/11/2023,8,9,Wind,5996
11/22/2024,3,4,Wind,6825
5/14/2023,5,6,Wind,3750
4/27/2025,9,10,Solar,4285
9/14/2020,19,20,Wind,1281
8/3/2023,7,8,Wind,11773
5/30/2022,9,10,Solar,3765
9/1/2024,22,23,Wind,1855
5/27/2022,23,0,Wind,3709
4/23/2023,22,23,Wind,9737
3/31/2023,12,13,Wind,21287
4/17/2021,1,2,Wind,4316
8/27/2021,6,7,Wind,2890
5/31/2020,22,23,Wind,5576
11/25/2020,9,10,Wind,6528
10/31/2024,12,13,Solar,4909
1/18/2025,22,23,Wind,1891
10/6/2023,10,11,Solar,5324
1/2/2023,18,19,Wind,4560
2/8/2025,19,20,Wind,3847
10/4/2025,23,0,Wind,14525
7/12/2021,18,19,Wind,4175
2/16/2022,7,8,Wind,14979
9/13/2023,21,22,Wind,1613
7/4/2020,9,10,Wind,7965
11/16/2025,16,17,Wind,3717
3/16/2020,16,17,Wind,2454
7/23/2022,6,7,Wind,1099
1/14/2021,5,6,Wind,7274
7/21/2022,16,17,Solar,5759
2/4/2022,2,3,Wind,4757
11/27/2024,16,17,Wind,14366
8/30/2024,1,2,Wind,3014
5/21/2021,19,20,Wind,12013
10/10/2022,2,3,Wind,4273
12/19/2021,13,14,Solar,4482
11/25/2025,1,2,Wind,9886
1/25/2023,13,14,Solar,2951
2/12/2022,8,9,Wind,5449
4/22/2025,1,2,Wind,2497
2/2/2020,8,9,Wind,11627
5/15/2025,14,15,Wind,7820
3/22/2022,20,21,Wind,3843
7/20/2025,5,6,Wind,4141
5/18/2022,0,1,Wind,3656
12/3/2022,23,0,Wind,3716
12/16/2023,1,2,Wind,2022
9/5/2020,5,6,Wind,2671
4/10/2024,18,19,Wind,6226
1/28/2020,14,15,Wind,13765
6/1/2024,22,23,Wind,6873
1/14/2022,22,23,Wind,626
5/25/2020,4,5,Wind,2479
7/25/2022,13,14,Wind,12790
12/30/2022,14,15,Wind,17589
1/6/2024,7,8,Wind,5628
8/18/2025,7,8,Wind,4705
12/27/2021,15,16,Wind,9755
4/23/2023,14,15,Wind,16747
3/7/2022,1,2,Wind,7045
10/17/2024,6,7,Wind,4726
1/17/2022,6,7,Wind,1326
11/1/2024,14,15,Solar,4821
2/6/2022,12,13,Wind,18087
11/30/2025,20,21,Wind,4614
6/30/2020,13,14,Wind,8553
9/5/2021,21,22,Wind,1158
3/18/2023,12,13,Wind,11603
9/23/2025,10,11,Wind,11317
1/22/2024,19,20,Wind,15315
11/5/2020,12,13,Wind,6713
8/21/2023,4,5,Wind,2075
11/23/2021,7,8,Wind,8350
2/3/2024,5,6,Wind,4333
8/5/2025,13,14,Solar,7215
1/26/2023,15,16,Wind,7029
1/28/2024,20,21,Wind,9486
4/1/2022,19,20,Wind,12573
10/16/2023,0,1,Wind,5815
6/4/2024,5,6,Wind,427
6/9/2022,11,12,Solar,8133
5/14/2022,16,17,Solar,4971
2/7/2025,0,1,Wind,11854
10/11/2022,13,14,Solar,4661
3/2/2020,19,20,Wind,8814
11/18/2020,7,8,Wind,7138
11/23/2021,22,23,Wind,7444
6/25/2025,11,12,Solar,8395
2/16/2025,22,23,Wind,5350
10/19/2021,23,0,Wind,10908
2/20/2023,13,14,Solar,7387
1/6/2025,2,3,Wind,18661
4/18/2022,11,12,Solar,4778
8/18/2024,20,21,Wind,4108
9/13/2020,8,9,Wind,1473
1/28/2023,15,16,Wind,6403
9/9/2025,2,3,Wind,2148
1/29/2020,19,20,Wind,4333
9/25/2024,10,11,Wind,9758
12/27/2022,21,22,Wind,10271
11/27/2024,0,1,Wind,7938
2/27/2020,1,2,Wind,5452
2/3/2022,6,7,Wind,2997
9/28/2024,2,3,Wind,7070
8/4/2021,22,23,Wind,1660
2/24/2021,5,6,Wind,7436
7/20/2022,4,5,Wind,2179
6/26/2021,0,1,Wind,424
6/14/2024,7,8,Wind,7424
5/6/2023,9,10,Solar,4232
8/6/2021,4,5,Wind,5956
4/13/2023,15,16,Wind,11490
12/9/2021,19,20,Wind,8670
4/8/2021,3,4,Wind,717
12/7/2024,10,11,Wind,19913
7/25/2024,0,1,Wind,1396
11/29/2020,15,16,Wind,3239
4/24/2023,23,0,Wind,2735
6/13/2024,2,3,Wind,1272
4/13/2022,1,2,Wind,2360
4/30/2020,3,4,Wind,8227
11/28/2021,5,6,Wind,8984
3/4/2022,2,3,Wind,2199
3/27/2024,10,11,Wind,11921
5/17/2021,18,19,Wind,12194
3/16/2021,10,11,Solar,4670
2/12/2024,8,9,Wind,2462
11/21/2022,23,0,Wind,11751
7/21/2022,6,7,Wind,1451
9/3/2023,12,13,Solar,8093
2/3/2020,18,19,Wind,7500
5/15/2023,5,6,Wind,2664
3/25/2024,5,6,Wind,2903
7/4/2023,7,8,Wind,1680
3/5/2025,4,5,Wind,1888
11/7/2020,21,22,Wind,4512
12/1/2024,16,17,Wind,6562
7/1/2023,17,18,Wind,14018
6/2/2022,5,6,Wind,4573
8/21/2025,11,12,Solar,9625
1/16/2020,20,21,Wind,11108
5/11/2021,16,17,Wind,9499
7/4/2020,1,2,Wind,3458
3/4/2020,5,6,Wind,2843
10/7/2020,7,8,Wind,6841
2/1/2022,1,2,Wind,6686
6/6/2021,20,21,Wind,2084
9/6/2022,3,4,Wind,3375
8/24/2024,17,18,Wind,13381
11/28/2023,10,11,Wind,6680
8/23/2023,19,20,Wind,1753
2/5/2025,1,2,Wind,2627
10/6/2023,22,23,Wind,1796
12/28/2024,5,6,Wind,368
10/5/2024,10,11,Solar,7088
1/9/2023,1,2,Wind,14975
2/18/2024,19,20,Wind,9398
6/22/2021,17,18,Wind,6152
3/7/2022,15,16,Wind,9963
6/23/2024,10,11,Solar,5548
2/7/2025,7,8,Wind,11330
12/6/2023,15,16,Solar,2114
2/21/2023,10,11,Solar,3815
9/19/2025,23,0,Wind,6806
2/5/2020,4,5,Wind,3135
10/3/2023,11,12,Wind,12787
5/25/2020,22,23,Wind,3368
3/17/2024,7,8,Wind,4586
1/27/2025,2,3,Wind,18669
8/20/2020,4,5,Wind,3681
10/21/2020,22,23,Wind,7723
3/15/2021,0,1,Wind,9867
4/18/2020,3,4,Wind,2036
5/23/2024,18,19,Solar,4163
11/13/2022,8,9,Wind,2449
7/25/2020,18,19,Wind,6563
10/11/2020,10,11,Wind,4099
1/25/2022,19,20,Wind,197
12/9/2024,10,11,Wind,15237
1/27/2021,6,7,Wind,5635
12/9/2023,12,13,Wind,18162
11/8/2023,17,18,Wind,14631
12/15/2021,12,13,Solar,3674
7/3/2020,3,4,Wind,2810
1/3/2020,3,4,Wind,7826
11/12/2023,16,17,Wind,8523
8/17/2022,8,9,Wind,2013
12/13/2021,13,14,Solar,3397
4/6/2021,3,4,Wind,5332
8/23/2022,9,10,Solar,3168
9/4/2024,5,6,Wind,649
6/12/2020,22,23,Wind,3999
12/5/2023,11,12,Wind,13024
10/11/2021,19,20,Wind,2749
11/22/2020,0,1,Wind,2370
10/22/2021,6,7,Wind,2819
9/17/2025,14,15,Solar,13085
3/4/2022,21,22,Wind,3416
5/6/2021,3,4,Wind,3126
10/24/2021,6,7,Wind,4143
8/16/2021,12,13,Wind,10294
4/16/2022,7,8,Wind,5372
4/17/2025,7,8,Wind,2804
4/1/2025,20,21,Wind,16650
1/21/2024,9,10,Wind,13292
7/1/2025,1,2,Wind,876
7/2/2020,4,5,Wind,2736
9/17/2021,17,18,Solar,2857
11/5/2021,10,11,Solar,4044
8/28/2025,5,6,Wind,2055
8/12/2022,10,11,Solar,5386
2/8/2024,1,2,Wind,8758
5/20/2020,5,6,Wind,2818
5/6/2021,22,23,Wind,2929
11/22/2024,5,6,Wind,7723
4/17/2020,16,17,Solar,3748
2/7/2023,23,0,Wind,4531
7/8/2021,17,18,Solar,5362
6/22/2021,5,6,Wind,3765
10/13/2021,8,9,Wind,2441
4/26/2024,11,12,Solar,5246
7/31/2021,16,17,Wind,5108
3/10/2023,10,11,Wind,19750
12/7/2022,1,2,Wind,2408
11/2/2021,7,8,Wind,4379
12/15/2021,3,4,Wind,1296
8/2/2022,19,20,Solar,2026
7/2/2024,15,16,Solar,9086
7/10/2025,17,18,Solar,9950
3/30/2025,23,0,Wind,5091
10/5/2020,18,19,Wind,9525
6/3/2020,9,10,Solar,2158
1/19/2021,17,18,Wind,8707
6/15/2023,13,14,Solar,7532
12/24/2020,19,20,Wind,8142
1/24/2024,13,14,Wind,16035
2/6/2025,1,2,Wind,3380
7/13/2023,22,23,Wind,957
11/14/2023,1,2,Wind,12642
2/17/2022,9,10,Wind,14603
5/16/2022,2,3,Wind,3944
1/23/2023,17,18,Wind,9121
2/16/2024,21,22,Wind,5018
3/21/2024,1,2,Wind,2354
1/10/2021,0,1,Wind,5186
6/16/2024,12,13,Wind,7620
7/5/2020,7,8,Wind,6259
1/10/2025,18,19,Wind,2524
7/1/2020,14,15,Wind,6061
7/23/2023,20,21,Wind,5423
12/9/2022,18,19,Wind,1930
12/1/2021,1,2,Wind,13489
8/13/2021,0,1,Wind,1552
1/14/2021,22,23,Wind,9309
6/10/2023,16,17,Solar,6733
8/1/2021,22,23,Wind,1405
11/15/2023,4,5,Wind,8937
9/16/2021,1,2,Wind,908
8/19/2021,21,22,Wind,1016
8/22/2021,20,21,Wind,3619
9/27/2020,2,3,Wind,9012
8/10/2020,6,7,Wind,1380
1/9/2020,9,10,Wind,10763
9/3/2025,9,10,Wind,18180
8/21/2023,14,15,Solar,7023
4/23/2024,0,1,Wind,4135
10/14/2025,1,2,Wind,6069
5/24/2020,2,3,Wind,3759
11/20/2023,2,3,Wind,10794
5/19/2023,20,21,Wind,6132
11/14/2023,10,11,Wind,14132
12/29/2021,10,11,Wind,9475
4/20/2025,3,4,Wind,7121
7/30/2024,12,13,Solar,7405
4/18/2025,1,2,Wind,3293
4/5/2022,8,9,Wind,6179
5/17/2022,5,6,Wind,2415
7/30/2024,13,14,Solar,7618
2/7/2023,14,15,Wind,8745
10/9/2022,12,13,Solar,6387
5/29/2023,1,2,Wind,9131
4/2/2020,9,10,Solar,2064
1/3/2022,21,22,Wind,7548
4/10/2025,5,6,Wind,7684
4/9/2022,21,22,Wind,2141
6/17/2021,22,23,Wind,2371
3/13/2024,20,21,Wind,3543
10/10/2025,23,0,Wind,3623
2/26/2025,2,3,Wind,9582
3/21/2025,11,12,Wind,14682
3/2/2021,22,23,Wind,2631
8/23/2021,14,15,Solar,8015
2/20/2024,12,13,Solar,8463
12/26/2020,4,5,Wind,2696
1/17/2021,1,2,Wind,4830
1/2/2023,2,3,Wind,10819
12/27/2020,23,0,Wind,7065
8/22/2021,13,14,Wind,8732
5/31/2021,16,17,Solar,6391
7/1/2024,10,11,Solar,5927
7/29/2021,19,20,Wind,2499
2/13/2025,23,0,Wind,4458
9/20/2021,17,18,Wind,4444
7/13/2021,9,10,Wind,4402
4/21/2020,6,7,Wind,5618
7/6/2024,18,19,Wind,7894
1/15/2024,1,2,Wind,2659
3/3/2024,20,21,Wind,4888
1/1/2025,2,3,Wind,11749
5/28/2023,6,7,Wind,4108
3/22/2025,3,4,Wind,10077
3/19/2021,0,1,Wind,3271
9/23/2022,13,14,Solar,3938
6/26/2023,18,19,Wind,7665
5/8/2021,20,21,Wind,4604
10/28/2024,1,2,Wind,663
3/12/2022,1,2,Wind,9834
3/15/2025,7,8,Wind,10755
3/2/2024,7,8,Wind,11608
10/20/2020,2,3,Wind,9377
9/21/2022,22,23,Wind,2752
8/31/2024,11,12,Solar,7772
11/1/2021,20,21,Wind,6045
4/11/2025,23,0,Wind,9578
6/29/2022,14,15,Solar,6660
6/26/2022,13,14,Solar,4412
11/28/2020,16,17,Wind,3343
5/17/2024,11,12,Solar,6590
2/13/2023,20,21,Wind,2548
10/31/2020,19,20,Wind,8415
8/8/2025,10,11,Solar,7348
3/21/2025,13,14,Wind,15103
10/25/2022,19,20,Wind,5882
3/2/2023,12,13,Solar,6462
8/6/2025,21,22,Wind,1147
7/10/2021,7,8,Wind,1044
11/29/2020,5,6,Wind,4576
11/11/2020,17,18,Wind,3450
3/21/2024,17,18,Solar,2641
7/5/2023,4,5,Wind,10408
12/17/2022,0,1,Wind,2784
6/20/2023,10,11,Solar,5571
3/15/2021,4,5,Wind,11134
11/26/2023,19,20,Wind,3674
10/16/2025,14,15,Solar,11133
9/26/2021,20,21,Wind,2343
6/30/2023,23,0,Wind,6433
12/2/2022,9,10,Wind,2251
4/18/2022,16,17,Solar,5129
12/5/2022,20,21,Wind,1760
5/11/2021,4,5,Wind,1712
3/15/2024,15,16,Wind,16839
2/22/2023,10,11,Wind,4254
11/7/2021,7,8,Wind,5807
6/21/2021,23,0,Wind,3454
1/26/2022,0,1,Wind,296
9/23/2024,0,1,Wind,3836
4/28/2021,10,11,Solar,1887
1/5/2020,12,13,Solar,3338
4/12/2024,13,14,Solar,4852
10/11/2021,14,15,Solar,6763
12/14/2020,5,6,Wind,8837
6/18/2022,17,18,Solar,7140
2/19/2024,11,12,Wind,8688
12/1/2020,22,23,Wind,6620
4/8/2023,1,2,Wind,3658
5/18/2020,15,16,Solar,5270
12/22/2022,14,15,Wind,13856
3/21/2022,5,6,Wind,3814
7/8/2021,22,23,Wind,1359
12/27/2022,18,19,Wind,8240
9/10/2023,11,12,Solar,7244
4/30/2021,17,18,Solar,1918
8/11/2025,7,8,Wind,6080
12/6/2020,6,7,Wind,2623
6/24/2023,9,10,Solar,5347
7/18/2020,19,20,Wind,2004
10/25/2022,4,5,Wind,4285
4/11/2020,16,17,Solar,3496
3/22/2024,22,23,Wind,7106
11/19/2020,0,1,Wind,8096
8/13/2025,15,16,Solar,7056
11/28/2025,3,4,Wind,8373
2/14/2022,19,20,Wind,6725
4/21/2021,6,7,Wind,1026
3/25/2022,10,11,Solar,5736
6/22/2020,2,3,Wind,2548
5/15/2020,17,18,Wind,5100
3/2/2024,21,22,Wind,4996
3/22/2021,7,8,Wind,3942
6/8/2023,16,17,Solar,7231
6/25/2024,4,5,Wind,3798
10/21/2024,2,3,Wind,5705
2/11/2021,20,21,Wind,7806
4/5/2020,19,20,Wind,5420
10/8/2025,11,12,Solar,6410
6/3/2023,16,17,Solar,8621
1/18/2024,21,22,Wind,4695
5/9/2022,16,17,Solar,5142
3/30/2021,2,3,Wind,3447
10/2/2021,21,22,Wind,13716
4/29/2025,2,3,Wind,6216
4/29/2023,16,17,Solar,4695
4/25/2024,22,23,Wind,1770
1/11/2021,0,1,Wind,2083
9/23/2020,20,21,Wind,5891
2/22/2022,10,11,Wind,11457
1/10/2023,8,9,Wind,7982
3/29/2021,3,4,Wind,4088
2/24/2024,13,14,Wind,15567
1/17/2023,4,5,Wind,1507
4/25/2025,19,20,Wind,4296
6/1/2020,11,12,Solar,5323
9/4/2020,17,18,Solar,3643
2/21/2022,23,0,Wind,9265
1/23/2020,15,16,Wind,3628
4/26/2025,21,22,Wind,5397
12/21/2023,13,14,Wind,19244
11/11/2023,6,7,Wind,4323
2/2/2024,5,6,Wind,4888
2/11/2025,20,21,Wind,2645
3/16/2024,21,22,Wind,1664
11/22/2022,7,8,Wind,12692
8/15/2024,5,6,Wind,1273
9/29/2022,22,23,Wind,1262
3/14/2022,11,12,Solar,5226
10/20/2025,4,5,Wind,11411
5/23/2024,12,13,Solar,6968
12/3/2022,20,21,Wind,5059
6/18/2022,5,6,Wind,1557
4/26/2020,18,19,Solar,1618
4/5/2021,22,23,Wind,4930
10/4/2024,4,5,Wind,4473
10/13/2024,7,8,Wind,2581
11/4/2020,7,8,Wind,994
3/13/2021,6,7,Wind,14388
4/13/2024,4,5,Wind,2062
9/3/2020,14,15,Solar,6795
5/6/2021,4,5,Wind,2965
11/19/2024,16,17,Wind,15763
11/10/2020,16,17,Wind,965
5/19/2025,22,23,Wind,6860
8/13/2024,8,9,Solar,2220
3/28/2025,4,5,Wind,2624
7/30/2025,18,19,Solar,6975
6/29/2021,21,22,Wind,2101
6/28/2022,4,5,Wind,1317
4/3/2023,14,15,Wind,11590
11/12/2021,21,22,Wind,6080
4/30/2020,18,19,Wind,12999
11/6/2022,1,2,Wind,7656
1/22/2024,1,2,Wind,16572
12/20/2024,5,6,Wind,6972
9/12/2022,17,18,Solar,4005
5/25/2022,1,2,Wind,2176
7/7/2023,20,21,Wind,3314
3/13/2023,11,12,Wind,18231
10/31/2022,12,13,Wind,8605
6/10/2021,19,20,Solar,2095
4/12/2023,13,14,Wind,16652
11/26/2022,8,9,Wind,4244
12/27/2024,16,17,Solar,831
11/3/2025,23,0,Wind,9367
7/14/2021,5,6,Wind,4882
3/5/2020,14,15,Wind,10973
7/9/2023,10,11,Solar,5577
1/28/2024,9,10,Wind,10737
7/26/2021,10,11,Solar,4197
2/1/2023,23,0,Wind,7879
7/6/2025,12,13,Wind,13310
4/22/2024,16,17,Wind,11336
12/19/2023,4,5,Wind,5877
5/20/2021,13,14,Wind,10319
1/15/2021,12,13,Wind,7154
9/20/2024,13,14,Solar,8643
5/7/2023,16,17,Solar,5713
8/5/2025,17,18,Wind,7690
10/26/2023,14,15,Wind,7674
4/23/2024,17,18,Wind,8490
10/25/2022,7,8,Wind,3351
9/1/2025,18,19,Wind,8822
4/25/2025,6,7,Wind,2477
10/3/2023,13,14,Wind,13483
3/1/2021,21,22,Wind,4911
9/13/2022,8,9,Wind,3583
9/20/2022,8,9,Wind,2690
9/1/2023,3,4,Wind,4762
3/30/2021,9,10,Wind,4155
7/26/2021,7,8,Wind,1890
4/3/2022,23,0,Wind,1459
12/17/2023,2,3,Wind,1507
12/19/2021,1,2,Wind,4036
9/1/2025,7,8,Wind,4747
10/4/2020,9,10,Wind,11243
10/9/2025,15,16,Solar,5945
9/2/2024,18,19,Solar,3038
11/28/2024,3,4,Wind,3836
2/22/2021,17,18,Wind,3860
5/7/2025,5,6,Wind,7067
2/25/2022,21,22,Wind,2730
1/28/2024,10,11,Wind,11465
9/7/2022,4,5,Wind,2636
6/3/2023,10,11,Solar,7613
2/22/2020,17,18,Wind,9247
2/15/2021,1,2,Wind,9698
7/1/2025,17,18,Solar,6953
9/26/2025,13,14,Solar,5138
5/17/2023,16,17,Wind,13147
12/24/2020,11,12,Wind,10916
5/13/2022,20,21,Wind,1684
5/2/2025,8,9,Wind,5389
6/19/2020,21,22,Wind,1146
8/12/2020,9,10,Wind,2647
2/13/2025,16,17,Wind,3521
3/14/2021,14,15,Wind,13668
11/11/2022,9,10,Wind,5129
1/12/2023,22,23,Wind,14829
3/23/2020,13,14,Wind,7719
6/26/2023,15,16,Solar,10609
11/7/2020,8,9,Wind,6325
12/22/2020,17,18,Wind,6540
6/21/2021,14,15,Solar,4653
5/22/2024,16,17,Wind,10887
1/7/2024,19,20,Wind,11123
1/29/2021,1,2,Wind,12494
6/17/2025,14,15,Solar,5086
4/9/2020,21,22,Wind,3984
7/16/2022,21,22,Wind,3906
6/2/2021,2,3,Wind,4202
1/27/2020,12,13,Wind,9283
7/16/2021,5,6,Wind,3826
5/13/2024,13,14,Solar,6699
12/3/2021,17,18,Wind,11159
8/15/2025,11,12,Solar,9519
10/24/2021,13,14,Solar,6722
3/13/2025,21,22,Wind,2052
5/28/2024,17,18,Wind,11806
12/16/2021,16,17,Wind,4195
5/9/2020,1,2,Wind,2588
12/10/2020,22,23,Wind,6687
5/18/2025,22,23,Wind,4939
1/31/2024,15,16,Solar,5882
11/11/2025,18,19,Wind,12972
6/17/2024,19,20,Solar,2862
8/16/2025,12,13,Solar,12869
7/23/2022,2,3,Wind,1704
9/30/2020,20,21,Wind,3316
1/19/2020,6,7,Wind,5086
8/25/2024,1,2,Wind,7463
5/31/2023,4,5,Wind,7914
6/1/2025,23,0,Wind,3417
2/24/2024,9,10,Wind,9908
8/16/2025,23,0,Wind,7898
4/1/2022,11,12,Wind,13695
8/11/2023,13,14,Solar,8345
10/5/2024,12,13,Solar,10344
3/18/2022,17,18,Wind,13787
10/16/2024,0,1,Wind,10489
9/2/2020,21,22,Wind,1201
6/23/2025,14,15,Wind,8331
5/11/2020,0,1,Wind,8835
3/1/2023,4,5,Wind,7998
8/26/2023,8,9,Wind,3829
10/19/2025,16,17,Wind,11485
4/21/2025,9,10,Wind,5555
9/29/2025,21,22,Wind,3029
7/20/2020,16,17,Solar,5454
1/26/2023,20,21,Wind,6904
4/30/2023,16,17,Solar,6428
12/7/2020,2,3,Wind,846
6/22/2021,1,2,Wind,3678
9/16/2020,2,3,Wind,835
10/23/2025,15,16,Wind,16443
9/19/2023,7,8,Wind,5899
5/21/2021,7,8,Wind,9249
12/18/2020,23,0,Wind,10061
3/27/2022,0,1,Wind,7957
3/24/2023,2,3,Wind,13144
2/8/2020,3,4,Wind,5131
1/9/2022,10,11,Wind,7744
1/27/2023,3,4,Wind,7620
2/2/2022,4,5,Wind,8385
3/6/2021,5,6,Wind,6332
12/23/2023,5,6,Wind,12759
3/21/2024,0,1,Wind,2210
1/2/2023,12,13,Wind,7129
7/25/2025,15,16,Solar,9494
9/17/2023,15,16,Solar,5984
6/15/2022,14,15,Solar,6290
3/18/2022,14,15,Wind,15414
9/30/2024,22,23,Wind,11484
3/9/2022,11,12,Solar,8200
4/18/2023,23,0,Wind,7635
9/18/2020,15,16,Wind,5744
4/13/2023,9,10,Wind,11574
11/22/2023,2,3,Wind,7342
5/19/2022,13,14,Solar,8586
8/15/2022,3,4,Wind,2164
2/27/2021,19,20,Wind,8716
8/18/2025,4,5,Wind,5224
4/14/2022,13,14,Solar,6095
7/3/2023,10,11,Solar,8360
2/13/2021,19,20,Wind,6688
12/16/2024,20,21,Wind,3168
12/24/2022,9,10,Wind,5749
1/25/2023,3,4,Wind,1709
4/20/2021,21,22,Wind,1375
8/16/2023,9,10,Solar,3615
9/13/2022,6,7,Wind,1959
9/26/2021,14,15,Solar,5854
4/14/2023,21,22,Wind,6534
1/10/2024,2,3,Wind,2350
3/21/2023,5,6,Wind,4103
5/13/2022,15,16,Solar,6528
8/29/2025,14,15,Wind,16165
7/4/2024,22,23,Wind,4756
6/17/2023,17,18,Solar,4639
10/3/2020,14,15,Wind,6868
10/28/2020,22,23,Wind,11452
7/24/2021,5,6,Wind,4351
10/18/2020,1,2,Wind,438
11/26/2021,2,3,Wind,2468
2/26/2021,16,17,Wind,4879
1/29/2023,2,3,Wind,1638
4/4/2025,3,4,Wind,5695
9/2/2023,15,16,Solar,6246
7/28/2023,17,18,Wind,8497
2/24/2021,7,8,Wind,7295
5/26/2023,8,9,Wind,6296
8/15/2023,12,13,Solar,5808
12/3/2022,0,1,Wind,6775
9/12/2024,16,17,Wind,11795
10/6/2025,15,16,Solar,9808
2/28/2025,3,4,Wind,4643
2/27/2023,23,0,Wind,9966
6/3/2022,4,5,Wind,3028
7/17/2025,18,19,Solar,5355
10/10/2021,6,7,Wind,1338
2/14/2024,4,5,Wind,8777
12/29/2024,20,21,Wind,528
11/15/2022,11,12,Wind,11215
11/10/2025,5,6,Wind,6486
9/27/2020,11,12,Wind,13473
8/25/2025,4,5,Wind,3294
10/26/2020,19,20,Wind,7888
11/12/2020,21,22,Wind,3219
8/10/2024,1,2,Wind,1957
10/15/2024,17,18,Wind,8597
4/16/2025,0,1,Wind,6622
6/10/2024,9,10,Wind,10192
1/7/2024,16,17,Wind,9436
11/9/2025,8,9,Wind,3406
4/1/2022,5,6,Wind,8786
2/5/2025,4,5,Wind,2085
7/22/2021,7,8,Wind,2372
3/10/2025,3,4,Wind,3002
10/1/2020,21,22,Wind,4204
11/19/2022,22,23,Wind,3688
8/24/2025,13,14,Solar,5410
5/12/2023,12,13,Solar,8038
5/7/2022,12,13,Solar,7039
2/26/2025,10,11,Wind,11538
5/27/2020,17,18,Wind,6327
8/27/2023,14,15,Wind,9848
9/7/2020,20,21,Wind,1719
5/8/2025,17,18,Wind,4934
4/20/2021,10,11,Solar,2972
6/5/2020,9,10,Wind,9283
11/28/2023,5,6,Wind,10253
8/14/2024,13,14,Solar,5879
6/4/2024,1,2,Wind,833
1/20/2022,14,15,Wind,6510
12/12/2024,16,17,Wind,2581
3/16/2025,18,19,Wind,6249
1/14/2023,9,10,Wind,16778
11/24/2020,22,23,Wind,6521
2/19/2022,13,14,Wind,14853
1/5/2021,8,9,Wind,2155
1/6/2020,13,14,Wind,5322
2/18/2024,20,21,Wind,8815
9/18/2025,17,18,Solar,5866
12/1/2022,10,11,Wind,5282
6/29/2023,3,4,Wind,1021
1/28/2024,6,7,Wind,8585
3/11/2021,2,3,Wind,13931
1/17/2025,8,9,Wind,802
4/2/2020,7,8,Wind,1848
2/5/2020,15,16,Solar,3320
9/29/2025,9,10,Solar,4425
6/1/2021,22,23,Wind,4388
9/28/2022,16,17,Wind,5667
6/17/2020,23,0,Wind,1323
6/29/2023,23,0,Wind,2756
6/27/2023,10,11,Solar,5744
1/16/2022,15,16,Wind,4595
5/1/2022,22,23,Wind,2928
7/8/2020,16,17,Wind,6731
2/22/2021,5,6,Wind,6153
4/11/2020,23,0,Wind,1049
8/31/2022,18,19,Wind,4476
6/23/2021,19,20,Wind,3674
12/20/2021,8,9,Wind,3382
4/11/2021,13,14,Wind,7750
2/17/2024,6,7,Wind,2090
11/24/2025,20,21,Wind,10491
11/19/2021,18,19,Wind,1207
8/3/2022,4,5,Wind,1022
5/26/2023,18,19,Wind,9855
5/23/2023,22,23,Wind,7294
11/20/2022,21,22,Wind,9744
12/4/2021,12,13,Wind,13702
7/29/2025,11,12,Solar,10158
9/6/2022,21,22,Wind,4071
9/10/2021,11,12,Solar,3742
2/18/2022,17,18,Wind,13591
10/19/2021,1,2,Wind,6024
12/7/2020,23,0,Wind,3424
6/1/2020,3,4,Wind,5220
10/17/2022,23,0,Wind,1788
7/1/2022,3,4,Wind,2406
2/26/2021,0,1,Wind,2091
10/4/2021,21,22,Wind,6073
8/1/2023,21,22,Wind,6799
9/27/2024,5,6,Wind,13393
6/9/2024,7,8,Wind,3212
2/4/2023,9,10,Wind,3479
3/21/2024,23,0,Wind,1407
8/12/2021,10,11,Solar,3116
2/26/2021,12,13,Wind,5193
5/16/2020,3,4,Wind,3151
9/29/2022,11,12,Solar,3748
7/16/2021,1,2,Wind,4712
2/7/2024,8,9,Wind,17037
1/4/2023,21,22,Wind,13516
3/11/2021,17,18,Wind,14349
7/30/2020,11,12,Solar,3886
9/9/2020,11,12,Solar,2962
11/30/2021,16,17,Wind,11451
6/13/2020,15,16,Wind,5950
3/6/2022,14,15,Wind,9335
6/17/2022,22,23,Wind,1341
10/14/2024,12,13,Solar,6276
11/15/2025,9,10,Wind,4175
5/15/2022,6,7,Wind,4273
10/5/2023,19,20,Wind,495
11/25/2020,10,11,Wind,6385
11/7/2020,22,23,Wind,4423
5/12/2021,20,21,Wind,3618
4/28/2025,6,7,Wind,3075
8/24/2022,17,18,Solar,4455
12/18/2020,21,22,Wind,10131
7/18/2020,6,7,Wind,1043
4/28/2022,19,20,Wind,3974
5/2/2025,7,8,Wind,4046
11/8/2023,10,11,Wind,14842
5/8/2024,2,3,Wind,6377
9/17/2020,7,8,Wind,6019
7/10/2023,16,17,Solar,7986
7/13/2024,11,12,Solar,6629
3/26/2023,11,12,Wind,17725
6/14/2021,9,10,Solar,3037
8/11/2025,19,20,Wind,4513
7/6/2020,7,8,Wind,4489
12/26/2023,13,14,Wind,7307
1/31/2021,14,15,Wind,5128
5/8/2022,16,17,Solar,6616
6/1/2022,8,9,Solar,2273
10/1/2024,3,4,Wind,9010
4/8/2020,10,11,Solar,2821
11/24/2025,4,5,Wind,6358
6/7/2021,17,18,Solar,3841
9/14/2025,7,8,Wind,3721
9/29/2021,11,12,Wind,10004
9/17/2020,17,18,Wind,7695
4/21/2020,0,1,Wind,6402
1/29/2024,21,22,Wind,9380
9/12/2024,15,16,Solar,12466
1/7/2025,1,2,Wind,16136
5/15/2025,13,14,Solar,7837
3/29/2023,4,5,Wind,4290
1/7/2024,11,12,Wind,9439
11/5/2022,9,10,Wind,5460
2/21/2021,14,15,Wind,8460
12/18/2022,18,19,Wind,11024
5/28/2025,13,14,Wind,19228
12/21/2024,11,12,Wind,12653
9/14/2024,7,8,Wind,3012
7/7/2024,4,5,Wind,3942
6/25/2024,11,12,Solar,7838
9/19/2021,7,8,Wind,3201
1/26/2022,3,4,Wind,374
6/2/2025,16,17,Solar,5602
8/15/2022,21,22,Wind,1171
1/1/2021,17,18,Wind,1138
8/1/2024,3,4,Wind,1932
2/23/2023,4,5,Wind,1134
4/26/2020,3,4,Wind,1549
8/6/2021,22,23,Wind,2652
1/24/2024,9,10,Wind,15371
3/5/2024,5,6,Wind,5726
5/16/2023,17,18,Wind,13243
9/20/2020,16,17,Solar,2390
2/21/2024,1,2,Wind,3678
8/26/2024,3,4,Wind,2582
12/21/2024,12,13,Wind,14185
1/22/2022,21,22,Wind,1969
6/4/2023,14,15,Solar,5633
10/21/2022,7,8,Wind,7232
5/13/2023,12,13,Solar,9062
8/20/2021,18,19,Solar,2202
5/31/2025,8,9,Solar,2898
7/18/2025,0,1,Wind,1581
2/16/2020,9,10,Wind,13672
3/10/2024,2,3,Wind,3572
10/6/2020,23,0,Wind,10382
9/2/2023,14,15,Solar,6721
12/9/2023,17,18,Wind,17718
6/24/2021,1,2,Wind,2214
12/26/2020,11,12,Wind,6177
5/6/2025,18,19,Wind,11744
2/16/2021,19,20,Wind,9077
5/29/2021,7,8,Wind,2807
3/10/2023,5,6,Wind,15603
4/23/2020,20,21,Wind,591
8/1/2020,2,3,Wind,2078
9/25/2020,20,21,Wind,11245
9/4/2022,0,1,Wind,1387
10/21/2022,1,2,Wind,8101
11/7/2022,18,19,Wind,9026
5/5/2024,11,12,Solar,7460
12/4/2024,0,1,Wind,1675
4/9/2020,5,6,Wind,679
3/16/2024,20,21,Wind,1242
11/19/2024,23,0,Wind,10868
5/11/2024,4,5,Wind,4664
11/26/2021,16,17,Wind,12031
1/25/2024,7,8,Wind,2932
4/16/2023,6,7,Wind,4769
4/1/2024,4,5,Wind,5339
8/22/2024,8,9,Wind,6015
3/22/2020,2,3,Wind,7879
6/5/2023,4,5,Wind,6164
4/21/2020,18,19,Wind,4848
8/17/2022,1,2,Wind,1809
3/4/2025,1,2,Wind,3094
7/5/2021,19,20,Wind,5000
12/17/2024,23,0,Wind,10175
12/17/2022,19,20,Wind,3621
4/8/2023,22,23,Wind,3909
12/19/2023,14,15,Wind,12375
7/19/2020,12,13,Solar,4129
6/20/2025,16,17,Solar,9983
10/3/2024,6,7,Wind,6538
8/6/2025,22,23,Wind,1258
12/30/2024,20,21,Wind,1371
6/19/2024,17,18,Wind,9193
7/27/2025,19,20,Wind,7041
1/16/2022,6,7,Wind,2117
3/30/2021,17,18,Solar,3688
2/9/2025,22,23,Wind,3208
5/10/2023,12,13,Wind,10737
8/28/2022,19,20,Wind,4293
12/9/2023,20,21,Wind,17890
12/2/2024,18,19,Wind,9102
4/1/2021,21,22,Wind,7665
3/24/2024,16,17,Wind,12998
4/4/2022,1,2,Wind,1656
9/20/2020,1,2,Wind,1756
2/15/2022,7,8,Wind,6512
6/6/2024,21,22,Wind,2333
11/20/2022,15,16,Wind,10704
5/9/2023,23,0,Wind,7773
2/9/2024,21,22,Wind,9757
6/6/2025,20,21,Wind,6168
7/13/2020,3,4,Wind,3875
5/5/2020,21,22,Wind,2023
8/4/2022,19,20,Wind,5233
10/7/2025,11,12,Solar,7415
8/24/2020,11,12,Solar,5543
5/4/2025,2,3,Wind,4845
5/17/2023,5,6,Wind,6467
7/18/2025,21,22,Wind,2711
4/14/2024,23,0,Wind,3455
4/8/2021,21,22,Wind,1303
3/12/2020,15,16,Wind,10299
9/16/2022,9,10,Wind,3511
9/3/2021,19,20,Wind,1192
7/16/2024,12,13,Wind,15924
6/16/2020,18,19,Wind,2415
10/27/2023,10,11,Wind,11063
3/15/2022,9,10,Wind,4633
3/16/2020,1,2,Wind,3520
9/30/2025,11,12,Solar,8007
12/1/2024,23,0,Wind,7793
6/9/2021,10,11,Solar,4078
7/1/2023,14,15,Wind,13650
9/23/2024,5,6,Wind,3312
9/22/2023,3,4,Wind,7742
3/19/2023,21,22,Wind,2427
4/1/2023,9,10,Wind,15617
7/1/2020,10,11,Wind,5278
11/15/2021,8,9,Wind,3686
4/26/2022,9,10,Solar,4648
4/28/2024,6,7,Wind,10943
12/3/2024,16,17,Wind,1164
12/4/2020,12,13,Wind,7279
11/15/2021,21,22,Wind,1500
7/19/2022,5,6,Wind,5674
3/1/2020,18,19,Wind,7675
12/2/2022,2,3,Wind,2057
7/7/2025,3,4,Wind,4715
7/31/2021,21,22,Wind,2371
10/9/2024,15,16,Wind,10901
11/1/2023,13,14,Wind,17526
12/13/2023,21,22,Wind,8222
3/31/2024,14,15,Wind,13885
6/14/2021,3,4,Wind,2472
4/21/2020,19,20,Wind,3663
6/12/2023,4,5,Wind,1497
9/7/2024,8,9,Wind,4620
7/13/2024,12,13,Solar,6677
3/16/2024,23,0,Wind,2903
8/27/2020,12,13,Solar,5587
2/26/2023,2,3,Wind,10659
5/16/2023,3,4,Wind,7461
12/16/2023,9,10,Wind,3323
8/14/2025,13,14,Solar,9185
3/14/2022,8,9,Wind,4302
9/9/2021,10,11,Wind,3155
5/15/2025,12,13,Solar,7442
5/21/2024,9,10,Solar,3988
7/15/2023,13,14,Wind,10353
5/24/2024,6,7,Wind,653
1/2/2024,3,4,Wind,17417
1/3/2024,2,3,Wind,10301
12/11/2021,22,23,Wind,4983
3/16/2020,12,13,Wind,3723
12/2/2024,14,15,Wind,11196
3/29/2024,18,19,Wind,5839
4/3/2022,7,8,Wind,3873
2/9/2022,1,2,Wind,2543
1/22/2025,23,0,Wind,9466
9/22/2024,10,11,Wind,4376
8/1/2023,5,6,Wind,10829
4/13/2024,17,18,Solar,4547
9/24/2024,10,11,Wind,10410
11/23/2025,18,19,Wind,10281
6/2/2025,2,3,Wind,3015
3/1/2020,3,4,Wind,11025
3/26/2023,10,11,Wind,16795
7/22/2021,3,4,Wind,2470
5/10/2023,18,19,Wind,7452
2/26/2023,4,5,Wind,10500
3/9/2024,12,13,Wind,14427
10/28/2020,14,15,Wind,12540
2/12/2020,17,18,Wind,4172
3/27/2020,15,16,Solar,4959
1/18/2023,1,2,Wind,4566
1/16/2023,9,10,Wind,12915
11/8/2021,0,1,Wind,2882
8/21/2025,12,13,Solar,10809
3/21/2021,1,2,Wind,3316
9/27/2021,3,4,Wind,4075
6/13/2020,20,21,Wind,3016
10/16/2021,9,10,Solar,2467
5/20/2020,17,18,Solar,4182
6/27/2023,5,6,Wind,2307
4/27/2020,9,10,Solar,1747
12/14/2023,18,19,Wind,3801
3/30/2023,20,21,Wind,8568
3/28/2024,8,9,Wind,17175
6/14/2022,12,13,Solar,7075
4/20/2025,7,8,Wind,7003
10/18/2020,16,17,Solar,2614
11/16/2021,7,8,Wind,763
8/2/2020,9,10,Wind,4381
8/3/2021,5,6,Wind,1108
1/15/2022,15,16,Solar,2474
10/15/2023,5,6,Wind,3542
3/6/2025,10,11,Wind,12974
12/17/2022,21,22,Wind,3655
5/9/2024,13,14,Solar,5849
3/1/2022,8,9,Wind,2605
11/11/2025,8,9,Wind,8553
9/16/2021,4,5,Wind,705
5/19/2025,16,17,Solar,7896
7/8/2022,6,7,Wind,3478
12/8/2021,0,1,Wind,11030
9/2/2021,11,12,Wind,6716
7/20/2021,9,10,Solar,3714
9/25/2024,12,13,Wind,12311
10/5/2024,0,1,Wind,2951
7/30/2023,9,10,Wind,8865
1/30/2022,1,2,Wind,4904
5/4/2025,5,6,Wind,4693
9/15/2020,1,2,Wind,3040
9/28/2025,21,22,Wind,1837
2/10/2024,5,6,Wind,3478
1/26/2023,8,9,Wind,3330
6/26/2025,5,6,Wind,6095
7/12/2022,10,11,Solar,5186
9/25/2023,18,19,Solar,1524
11/6/2021,19,20,Wind,4945
8/24/2023,21,22,Wind,2869
9/7/2025,18,19,Wind,7077
1/12/2024,8,9,Wind,6206
7/11/2022,9,10,Solar,5934
3/27/2024,3,4,Wind,5494
1/31/2020,23,0,Wind,8279
8/7/2023,7,8,Wind,3019
5/2/2021,6,7,Wind,1412
7/1/2020,7,8,Wind,3360
6/9/2024,21,22,Wind,5240
2/7/2025,1,2,Wind,11187
12/28/2024,3,4,Wind,480
5/13/2022,19,20,Wind,2614
8/23/2021,11,12,Solar,6939
1/16/2022,7,8,Wind,2456
11/16/2022,0,1,Wind,8247
2/23/2020,0,1,Wind,8438
11/20/2020,23,0,Wind,3123
4/10/2021,3,4,Wind,3901
7/28/2025,10,11,Solar,9051
1/26/2021,0,1,Wind,4389
3/2/2025,10,11,Solar,11659
4/1/2020,10,11,Solar,3908
8/9/2024,13,14,Solar,12729
4/20/2021,22,23,Wind,1764
11/13/2025,12,13,Wind,11031
3/26/2024,22,23,Wind,7959
2/10/2020,20,21,Wind,13248
6/12/2023,20,21,Wind,2572
7/1/2022,11,12,Solar,7246
5/19/2025,18,19,Wind,5626
4/23/2025,23,0,Wind,3950
4/9/2023,19,20,Wind,1544
5/20/2021,1,2,Wind,2818
11/25/2021,16,17,Wind,2913
1/13/2024,4,5,Wind,1455
2/18/2025,18,19,Wind,9619
2/11/2025,19,20,Wind,2403
6/18/2021,16,17,Wind,10334
6/12/2025,4,5,Wind,4405
7/9/2021,22,23,Wind,435
2/9/2023,20,21,Wind,705
9/11/2022,5,6,Wind,443
1/20/2023,21,22,Wind,5242
5/15/2025,17,18,Wind,12914
5/8/2020,14,15,Solar,4511
5/14/2024,1,2,Wind,7292
9/1/2020,13,14,Solar,4707
9/11/2020,12,13,Solar,3547
3/1/2020,22,23,Wind,8130
3/30/2021,8,9,Wind,3501
7/20/2020,20,21,Wind,3648
12/3/2024,10,11,Solar,3516
2/3/2020,13,14,Wind,8955
7/23/2025,19,20,Wind,4147
9/15/2024,4,5,Wind,3394
11/7/2020,23,0,Wind,4216
3/11/2022,2,3,Wind,9256
11/8/2024,1,2,Wind,3005
1/14/2025,1,2,Wind,3228
