Global_active_power,Global_reactive_power,Voltage,Global_intensity,Sub_metering_1,Sub_metering_2,Sub_metering_3
continuous,continuous,continuous,continuous,continuous,continuous,continuous
,,,,,,
0.584,0.148,245.90,2.4,0,0,0
1.492,0.328,239.96,6.2,0,2,18
1.020,0.182,239.71,4.4,0,0,11
0.718,0.146,243.44,3.0,0,0,0
1.066,0.290,242.02,4.6,0,2,11
0.200,0.050,241.86,0.8,0,0,0
1.922,0.352,239.39,8.2,1,1,0
1.332,0.000,242.42,5.4,0,1,19
1.578,0.142,238.94,6.6,0,2,1
0.124,0.000,233.98,0.6,0,0,0
0.250,0.000,239.84,1.0,0,0,0
0.692,0.262,242.72,3.6,0,1,6
0.142,0.000,238.52,0.6,0,0,1
1.364,0.076,238.18,5.6,0,0,18
2.720,0.000,240.62,11.2,0,0,18
0.424,0.230,244.58,2.0,0,0,0
1.282,0.104,240.39,5.2,0,1,19
3.916,0.000,238.99,16.4,38,0,18
1.662,0.142,238.30,7.4,0,0,1
1.772,0.000,235.71,7.6,0,0,17
0.246,0.068,240.17,1.0,0,0,1
1.328,0.060,239.49,5.4,0,0,18
0.296,0.000,242.05,1.4,0,0,1
0.240,0.068,236.61,1.0,0,0,0
0.394,0.158,243.23,1.6,0,1,1
0.372,0.098,242.25,1.6,0,0,1
1.066,0.000,242.82,4.4,0,1,0
0.288,0.080,237.64,1.4,1,0,1
1.956,0.212,240.70,8.2,0,0,18
0.466,0.062,240.46,2.0,0,0,0
0.174,0.000,242.54,0.8,0,0,0
0.462,0.000,241.69,1.8,0,0,1
1.582,0.202,243.07,6.6,0,1,18
1.986,0.202,243.24,8.2,0,0,30
0.326,0.104,244.66,1.4,0,0,0
3.974,0.252,236.08,16.8,37,2,17
0.162,0.000,243.22,0.6,0,0,1
3.738,0.220,239.03,15.8,0,34,17
0.222,0.000,243.93,0.8,0,0,0
1.326,0.000,243.01,5.4,0,0,18
0.430,0.252,248.22,2.0,0,0,0
0.528,0.140,242.79,2.2,0,0,1
0.324,0.148,241.86,1.6,0,2,1
0.566,0.238,240.88,2.8,0,1,1
0.312,0.102,242.27,1.4,0,0,0
0.164,0.000,241.86,0.8,0,0,0
0.356,0.246,243.59,1.8,0,1,0
1.294,0.072,239.14,5.4,0,0,18
1.710,0.100,238.36,7.2,0,0,17
0.410,0.342,240.58,2.2,0,2,0
1.290,0.104,239.36,5.4,0,0,19
0.118,0.000,240.69,0.6,0,0,0
1.888,0.082,240.33,7.8,0,0,19
0.246,0.000,244.77,1.0,0,0,0
0.326,0.172,238.83,1.6,0,0,0
1.368,0.000,235.65,5.8,0,0,17
0.442,0.068,248.15,1.8,0,1,0
2.000,0.262,239.00,8.4,0,0,0
3.014,0.428,234.95,12.8,1,0,17
0.532,0.094,245.14,2.4,0,0,0
0.190,0.110,238.81,0.8,0,1,0
1.246,0.000,245.81,5.0,0,0,0
3.834,0.064,237.31,16.0,37,2,0
0.308,0.102,244.18,1.2,0,1,0
2.150,0.116,245.96,8.8,0,0,19
1.894,0.162,243.95,7.8,0,0,0
1.356,0.000,241.67,5.6,0,0,18
0.304,0.222,242.35,1.6,0,1,0
2.168,0.208,237.54,9.4,0,0,9
0.498,0.216,243.83,2.2,0,0,0
4.390,0.480,239.00,18.6,0,21,0
1.758,0.078,243.05,7.2,0,0,19
0.390,0.196,240.55,1.8,0,1,0
0.188,0.106,242.86,0.8,0,0,0
2.222,0.322,233.81,9.6,0,2,17
1.436,0.078,240.75,6.0,0,1,18
2.916,0.104,240.06,12.2,0,1,18
0.412,0.226,245.72,1.8,0,0,0
0.228,0.000,244.56,1.0,0,0,0
1.630,0.200,242.84,6.8,0,0,19
1.586,0.206,240.43,6.6,0,0,18
2.466,0.122,236.46,10.4,0,2,0
1.326,0.000,239.64,5.4,0,0,18
0.272,0.210,234.88,1.4,0,0,0
1.562,0.046,239.44,6.4,0,1,0
1.030,0.072,237.14,4.4,0,0,0
0.228,0.100,240.78,1.0,0,0,0
0.340,0.076,244.47,1.6,0,0,1
1.324,0.050,239.58,5.4,0,0,18
0.284,0.000,246.24,1.2,0,0,0
0.464,0.254,246.34,2.2,0,0,1
0.250,0.000,243.30,1.0,0,0,1
1.570,0.154,241.00,6.6,0,1,19
0.138,0.000,241.21,0.6,0,0,1
0.256,0.162,242.57,1.4,0,1,0
3.492,0.388,239.52,14.6,0,0,1
1.640,0.088,238.36,7.0,0,0,18
0.380,0.082,240.87,1.6,0,1,0
1.292,0.354,243.37,5.6,1,1,12
1.290,0.054,239.18,5.4,0,0,18
0.390,0.202,245.15,1.8,0,1,0
0.352,0.104,245.41,1.4,0,0,1
2.690,0.050,237.24,11.2,0,0,17
0.236,0.134,240.02,1.0,0,0,0
3.422,0.000,237.29,14.4,0,38,0
0.420,0.206,238.45,1.8,0,1,0
0.694,0.126,245.52,2.8,0,0,0
1.436,0.068,238.72,6.0,0,0,0
2.596,0.260,234.50,11.0,37,0,0
0.228,0.106,241.03,1.0,0,0,1
0.318,0.106,243.56,1.4,0,0,0
3.064,0.492,235.50,13.6,0,1,17
0.230,0.088,240.50,1.0,0,0,0
2.336,0.274,240.59,10.4,0,0,18
1.404,0.090,239.65,5.8,0,0,18
2.828,0.258,239.01,11.8,0,37,0
0.192,0.000,240.33,1.0,0,0,1
0.764,0.296,242.49,3.4,1,0,0
0.214,0.000,243.04,1.0,0,0,1
0.760,0.396,238.64,3.6,0,0,1
0.494,0.194,243.28,2.2,0,0,1
1.510,0.100,237.11,6.4,0,0,17
0.290,0.058,238.99,1.2,0,0,0
0.348,0.054,244.33,1.4,0,0,0
1.214,0.198,243.33,5.0,1,0,0
1.444,0.082,243.93,5.8,0,0,19
1.412,0.052,238.89,5.8,0,0,18
0.398,0.048,240.52,1.8,0,0,0
0.236,0.130,242.87,1.0,0,0,0
0.326,0.118,249.54,1.4,0,0,0
0.436,0.144,240.76,2.0,0,0,1
0.200,0.076,239.12,0.8,0,0,0
0.306,0.110,245.07,1.4,0,1,0
0.220,0.048,247.10,1.0,0,0,0
0.102,0.000,239.50,0.4,0,0,0
1.590,0.282,231.21,7.0,0,0,16
0.426,0.184,244.61,1.8,0,1,0
6.710,0.442,236.73,28.4,38,0,17
1.488,0.194,239.79,6.2,0,1,18
0.368,0.086,240.21,1.6,0,1,1
1.368,0.102,239.38,5.6,0,0,0
0.286,0.240,239.66,1.6,0,1,0
1.232,0.116,234.46,5.2,0,1,17
0.402,0.000,244.56,1.6,0,0,0
0.190,0.120,242.11,0.8,0,1,0
0.322,0.000,242.93,1.4,0,0,1
1.824,0.292,240.35,7.6,0,0,1
0.460,0.226,241.35,2.0,0,1,0
0.284,0.062,240.04,1.2,0,0,0
1.352,0.064,241.46,5.6,0,0,0
0.758,0.080,238.00,3.4,1,0,11
0.390,0.186,244.13,1.8,0,1,0
0.600,0.134,240.76,2.4,0,2,0
0.236,0.000,241.83,1.0,0,0,1
5.216,0.246,237.07,22.0,37,0,18
0.670,0.000,247.16,2.8,0,0,0
2.388,0.000,241.54,10.8,0,0,18
1.338,0.224,240.17,5.8,0,0,1
1.308,0.000,243.04,5.4,0,0,19
1.320,0.172,238.64,5.6,0,0,18
0.386,0.238,244.11,1.8,0,1,0
0.080,0.000,240.45,0.2,0,0,1
0.178,0.000,243.38,0.8,0,0,1
0.408,0.112,246.78,1.8,0,0,0
0.214,0.000,240.84,1.0,0,0,0
0.392,0.000,244.99,1.8,0,0,0
0.420,0.284,242.18,2.0,0,0,0
0.320,0.224,240.44,1.6,0,0,0
0.312,0.000,242.79,1.4,0,0,0
0.512,0.232,242.78,2.4,0,0,1
1.734,0.220,235.20,7.4,0,0,17
1.384,0.070,231.78,6.0,1,0,0
1.352,0.094,240.48,5.6,0,0,19
0.568,0.160,239.76,2.4,0,4,0
0.346,0.142,250.26,1.4,0,0,1
0.550,0.332,247.28,2.6,0,1,0
1.446,0.334,241.44,6.0,0,1,19
1.950,0.146,239.95,8.0,0,0,29
0.452,0.256,250.60,2.0,0,0,0
0.184,0.074,239.37,0.8,0,1,0
0.362,0.184,248.47,1.6,0,0,0
0.228,0.000,243.93,1.0,0,0,0
5.548,0.060,235.47,23.4,74,0,0
0.230,0.118,236.13,1.0,0,0,0
2.846,0.098,243.46,11.6,1,0,18
3.250,0.092,241.31,13.4,0,0,0
0.838,0.162,243.76,3.4,0,0,11
2.652,0.140,234.95,11.2,0,0,17
1.794,0.158,237.92,7.4,0,1,18
0.238,0.118,242.58,1.0,0,1,1
0.190,0.114,242.88,0.8,0,0,0
0.226,0.108,234.16,1.0,0,0,0
2.064,0.088,238.80,9.0,0,0,18
0.162,0.000,240.10,0.6,0,0,1
1.270,0.000,237.82,5.2,0,0,18
0.246,0.076,239.42,1.0,0,0,0
0.376,0.168,235.17,1.6,0,2,0
0.134,0.000,241.99,0.6,0,0,1
0.548,0.000,243.76,2.2,0,0,0
0.398,0.162,241.27,1.8,0,1,1
0.688,0.104,242.17,2.8,0,1,0
1.984,0.206,239.03,8.2,0,1,29
0.356,0.120,246.47,1.4,0,0,0
0.362,0.228,243.92,1.8,0,0,0
0.304,0.232,237.68,1.6,0,1,0
0.324,0.068,243.51,1.4,0,0,1
3.808,0.310,229.78,16.6,41,0,0
2.942,0.000,239.67,12.8,0,0,18
6.050,0.000,235.33,25.8,0,31,17
0.310,0.076,241.36,1.4,0,1,0
0.498,0.296,241.70,2.4,0,1,1
1.782,0.000,236.52,7.4,0,0,17
0.298,0.000,242.85,1.2,0,0,1
0.504,0.286,242.54,2.8,0,0,2
1.444,0.000,241.50,6.2,1,1,14
0.404,0.230,242.77,1.8,0,0,0
0.402,0.070,241.36,1.8,0,0,0
0.344,0.130,247.63,1.4,0,0,1
1.334,0.000,242.89,5.4,0,0,18
0.602,0.092,240.90,2.4,0,0,1
1.936,0.086,239.61,8.0,0,0,18
0.490,0.094,241.78,2.2,0,0,0
1.178,0.178,239.72,5.0,0,0,0
1.376,0.220,242.32,5.6,0,0,18
0.340,0.222,241.10,1.6,0,0,0
1.856,0.176,234.13,8.0,0,0,0
0.474,0.198,242.29,2.2,0,0,0
1.340,0.098,243.55,5.4,0,0,0
2.154,0.210,238.35,9.0,0,0,0
0.216,0.000,242.86,1.0,0,0,1
0.316,0.000,240.53,1.4,0,0,0
1.106,0.104,237.24,4.6,0,0,0
0.370,0.000,242.95,1.4,0,0,0
1.412,0.098,239.55,5.8,2,1,18
0.268,0.046,241.37,1.2,0,0,1
0.340,0.178,243.94,1.6,0,0,0
1.216,0.046,235.10,5.0,0,0,17
0.320,0.228,238.95,1.6,0,0,0
0.316,0.216,234.28,1.6,0,0,0
1.948,0.248,234.96,9.4,24,2,0
0.312,0.084,243.41,1.2,0,1,0
1.396,0.074,241.12,5.8,0,0,19
0.104,0.000,239.37,0.4,0,0,0
0.428,0.260,242.52,2.0,0,1,0
1.584,0.236,238.70,6.6,0,5,18
0.958,0.186,237.89,4.2,0,0,1
0.568,0.090,241.85,2.8,0,0,8
0.672,0.158,240.64,2.8,0,0,0
1.306,0.064,242.55,5.4,0,0,18
4.808,0.084,231.37,20.6,0,34,16
0.360,0.136,237.47,1.8,0,0,1
0.226,0.000,244.95,1.0,0,0,0
0.860,0.162,239.42,3.6,0,0,0
0.188,0.086,244.25,0.8,0,0,0
1.736,0.180,241.08,7.2,0,1,18
1.174,0.084,243.38,4.8,0,0,0
0.412,0.084,242.68,1.8,0,0,1
1.988,0.146,241.29,8.2,0,0,29
1.092,0.170,236.60,4.6,0,0,1
1.962,0.258,240.05,8.6,0,0,0
1.428,0.092,245.91,5.8,0,0,0
1.528,0.184,242.48,6.4,0,0,19
0.706,0.098,240.04,3.0,0,0,1
2.674,0.362,234.77,11.4,0,2,18
1.636,0.386,241.34,6.8,0,1,1
0.516,0.070,242.17,2.4,0,0,0
0.374,0.070,242.52,1.6,0,0,1
2.710,0.398,236.43,11.6,0,1,18
0.350,0.092,242.84,1.6,0,2,0
1.818,0.164,236.32,7.6,0,0,18
1.916,0.228,236.92,8.2,0,2,17
2.014,0.104,238.78,8.4,0,0,18
0.486,0.232,241.62,2.4,0,1,1
0.410,0.344,241.54,2.2,0,1,1
0.480,0.222,242.91,2.2,0,0,0
1.488,0.084,242.67,6.0,0,0,19
1.824,0.058,237.77,7.6,0,0,18
2.352,0.072,240.66,9.6,0,0,0
0.318,0.096,237.77,1.4,0,0,0
0.528,0.000,239.37,2.2,0,0,0
0.264,0.126,242.60,1.2,0,0,1
0.302,0.094,243.19,1.2,0,1,0
1.456,0.000,244.39,5.8,0,0,19
2.068,0.000,236.99,8.8,0,0,0
0.316,0.100,241.28,1.6,0,2,1
0.622,0.082,247.75,2.6,1,0,0
0.272,0.118,240.72,1.2,0,1,0
0.310,0.082,244.48,1.2,0,1,1
0.318,0.110,244.18,1.4,0,1,1
1.584,0.158,235.60,6.8,0,0,18
5.954,0.280,236.34,25.2,37,23,17
1.242,0.000,242.24,5.0,0,0,19
0.320,0.070,243.99,1.2,0,0,1
0.244,0.070,235.62,1.0,0,1,0
0.382,0.100,241.25,1.6,0,1,1
0.218,0.000,240.28,1.0,0,0,0
3.392,0.122,236.02,14.2,0,35,18
0.342,0.196,243.95,1.6,0,0,1
0.244,0.090,242.28,1.0,0,2,0
1.322,0.000,239.45,5.4,0,0,18
1.318,0.048,242.75,5.4,0,0,19
0.332,0.256,242.99,1.6,0,1,1
1.814,0.186,240.42,7.6,0,0,18
1.678,0.122,241.18,7.4,0,24,1
0.162,0.000,239.83,0.8,0,0,1
0.518,0.000,237.33,2.2,0,0,1
1.480,0.082,248.46,5.8,0,1,19
2.798,0.068,237.71,11.8,0,0,18
1.382,0.000,247.12,5.6,0,0,20
0.140,0.000,243.08,0.6,0,0,1
3.112,0.130,241.83,12.8,0,2,17
0.302,0.214,240.43,1.4,0,0,0
1.132,0.048,235.24,4.8,0,0,17
0.452,0.000,244.75,1.8,0,0,0
4.544,0.000,237.40,19.2,38,0,17
1.966,0.064,240.90,8.0,0,0,0
0.326,0.274,241.47,1.8,0,2,0
0.322,0.080,245.99,1.4,0,0,0
0.852,0.000,241.76,3.4,0,0,0
0.220,0.000,240.82,1.0,0,0,0
1.362,0.240,242.22,5.6,0,0,18
0.994,0.102,243.42,4.0,0,0,0
0.612,0.000,248.21,2.4,0,0,1
1.560,0.118,239.28,6.4,0,0,18
0.882,0.108,242.55,3.6,0,2,1
1.696,0.046,240.39,7.0,0,0,1
1.514,0.300,239.42,6.4,0,1,18
1.504,0.048,243.49,6.2,0,0,0
0.316,0.106,241.77,1.4,0,0,0
0.362,0.000,241.47,1.6,0,0,0
0.768,0.370,240.58,3.6,0,0,0
1.032,0.400,242.72,4.6,0,1,12
1.254,0.094,236.14,5.2,0,1,17
1.688,0.000,238.58,7.0,0,1,18
0.876,0.134,246.81,3.6,0,1,0
1.868,0.216,241.81,7.8,0,3,18
0.684,0.370,242.33,3.2,0,0,1
1.416,0.226,245.59,5.8,0,2,0
0.732,0.330,241.12,3.2,0,1,0
1.400,0.116,242.90,5.8,0,0,18
0.812,0.092,240.63,3.4,0,0,1
0.080,0.000,240.87,0.2,0,0,1
0.198,0.048,239.38,1.0,0,0,0
4.086,0.176,235.51,17.4,0,1,17
0.258,0.000,244.68,1.0,0,0,0
0.402,0.208,243.48,1.8,0,0,0
1.708,0.324,239.16,7.2,0,1,18
0.298,0.000,242.41,1.2,0,0,0
0.238,0.138,245.18,1.0,0,2,1
3.688,0.000,239.63,15.4,0,0,18
0.194,0.098,238.11,0.8,0,1,0
1.428,0.080,245.15,5.8,0,1,0
0.104,0.000,242.48,0.4,0,0,0
0.388,0.250,241.43,1.8,0,1,0
0.658,0.136,244.10,2.8,0,1,0
3.962,0.306,234.60,16.8,37,0,17
0.260,0.248,238.59,1.4,0,0,0
3.876,0.000,239.11,16.4,0,0,18
1.356,0.142,239.16,5.6,0,0,17
1.028,0.284,243.71,5.2,0,0,1
0.216,0.130,244.55,1.0,0,1,1
0.492,0.096,245.56,2.2,1,0,0
1.592,0.096,244.82,6.4,0,1,19
0.246,0.078,246.48,1.0,0,0,0
0.310,0.084,237.93,1.2,0,0,1
0.294,0.082,241.34,1.2,0,0,0
0.676,0.048,236.44,3.4,0,0,6
0.190,0.048,241.31,0.8,0,0,1
2.288,0.366,241.67,9.6,0,1,29
0.360,0.048,237.21,1.6,0,1,0
1.318,0.000,240.91,5.4,2,0,18
3.834,0.122,240.18,15.8,39,0,18
0.244,0.104,239.30,1.0,0,2,0
1.460,0.144,238.30,6.0,0,0,18
0.600,0.250,239.69,2.6,0,0,0
1.276,0.128,240.61,5.4,0,0,3
1.372,0.080,239.15,5.6,0,0,17
0.418,0.088,245.25,1.8,0,0,0
0.320,0.110,234.79,1.4,0,1,0
0.290,0.124,241.12,1.2,0,1,0
1.278,0.000,241.33,5.2,0,0,18
0.112,0.000,235.64,0.6,0,0,0
0.454,0.198,240.19,2.0,0,0,1
0.352,0.064,244.11,1.4,0,0,0
1.076,0.206,242.80,4.8,0,0,0
0.254,0.116,239.48,1.2,0,0,0
1.498,0.000,232.81,6.4,0,0,16
0.202,0.000,242.26,0.8,0,0,0
0.152,0.000,241.15,0.6,0,0,0
0.528,0.234,241.29,2.4,0,0,0
0.300,0.230,240.43,1.6,0,2,0
0.326,0.102,243.54,1.4,0,0,0
1.598,0.262,244.34,6.6,0,0,19
0.942,0.100,238.87,4.0,2,0,0
4.036,0.288,235.77,17.2,0,30,17
0.226,0.118,241.04,1.0,0,2,1
0.900,0.064,246.61,3.8,0,0,0
0.294,0.000,241.95,1.2,0,0,0
0.402,0.216,244.14,1.8,0,0,0
0.308,0.066,241.44,1.2,0,0,0
1.452,0.060,236.45,6.2,0,0,0
0.366,0.110,246.65,1.6,0,0,0
0.704,0.102,240.39,2.8,0,0,1
5.284,0.148,239.11,22.0,0,2,18
0.140,0.046,242.18,0.6,0,0,0
0.590,0.120,243.71,2.4,0,0,1
1.664,0.000,237.13,7.0,0,0,18
0.290,0.204,232.27,1.4,0,1,0
0.332,0.098,242.11,1.4,0,1,1
2.802,0.236,241.32,11.6,0,0,18
0.776,0.510,238.99,3.8,1,2,1
0.468,0.136,238.86,3.2,0,0,0
1.340,0.076,236.73,5.6,0,1,18
0.154,0.000,241.22,0.6,0,0,0
0.422,0.098,244.26,1.8,0,0,1
0.774,0.208,246.09,3.2,0,0,0
1.600,0.142,240.40,6.6,0,2,18
1.994,0.084,239.55,8.2,0,1,17
0.424,0.274,248.86,2.0,0,0,1
0.976,0.478,239.47,4.6,0,1,10
0.230,0.000,244.83,1.0,0,0,0
0.342,0.158,243.49,1.4,0,0,1
1.288,0.000,235.95,5.4,0,0,0
0.340,0.122,243.05,1.4,0,0,0
0.266,0.104,242.61,1.2,0,2,0
0.216,0.000,240.83,0.8,0,0,0
0.276,0.108,243.10,1.2,0,1,0
0.366,0.144,244.93,1.6,0,0,1
2.898,0.226,234.35,12.4,0,1,18
2.064,0.046,239.36,8.6,0,0,18
0.546,0.150,244.60,2.2,0,0,1
0.250,0.084,235.84,1.2,0,0,0
0.318,0.046,241.84,1.2,0,0,1
0.172,0.000,239.93,0.8,0,0,0
0.338,0.104,238.58,1.4,0,0,1
3.938,0.080,237.67,16.6,38,0,0
0.648,0.058,238.61,2.8,0,0,0
0.316,0.000,243.75,1.4,0,0,0
2.342,0.000,240.80,9.6,1,0,18
0.214,0.000,242.61,0.8,0,0,0
2.364,0.164,238.04,10.0,0,0,0
1.416,0.058,238.16,5.8,0,0,18
0.220,0.110,234.46,1.0,0,0,0
0.454,0.060,243.88,1.8,0,2,1
0.266,0.168,240.58,1.4,0,1,0
2.254,0.108,239.55,9.4,0,0,18
1.226,0.050,233.81,5.2,0,0,17
0.110,0.000,241.65,0.4,0,0,0
0.278,0.000,241.88,1.2,0,0,0
1.572,0.062,232.66,6.8,0,2,1
0.338,0.224,239.29,1.6,0,1,1
0.230,0.068,241.49,1.0,0,0,1
0.600,0.220,237.47,2.8,2,0,0
0.352,0.136,244.73,1.4,0,0,0
1.364,0.046,243.67,5.6,0,0,19
1.586,0.050,239.95,6.6,0,0,18
0.556,0.214,241.51,2.6,0,1,0
0.226,0.000,241.03,0.8,0,0,0
0.652,0.124,243.13,3.0,0,0,6
0.354,0.000,243.43,1.4,0,0,1
3.790,0.116,241.76,15.6,38,0,19
0.232,0.106,242.28,1.0,0,0,0
0.454,0.102,244.46,2.0,0,0,1
0.082,0.000,242.80,0.2,0,0,0
0.304,0.236,241.74,1.6,0,1,0
0.292,0.064,244.16,1.2,0,0,0
0.470,0.318,241.71,2.2,0,1,0
0.156,0.122,240.87,0.8,0,0,1
0.662,0.106,244.19,3.0,0,0,6
0.370,0.198,240.09,1.6,0,1,1
0.502,0.074,241.98,2.2,0,0,0
1.614,0.092,240.27,6.8,0,1,0
0.222,0.000,242.50,1.0,0,0,0
0.466,0.416,245.35,2.4,0,1,0
0.198,0.110,238.24,1.0,0,1,0
0.904,0.236,242.50,3.8,0,0,12
0.760,0.046,244.20,3.0,0,0,0
0.320,0.240,240.24,1.6,0,1,1
0.342,0.198,231.86,1.6,0,1,0
1.462,0.118,242.33,6.0,0,1,18
0.424,0.342,241.73,2.2,0,1,0
1.392,0.000,243.77,5.6,0,0,19
2.166,0.160,239.64,9.0,1,0,17
0.304,0.224,236.01,1.6,0,1,0
1.378,0.214,243.86,5.6,0,0,12
0.682,0.046,242.64,3.6,0,0,6
0.618,0.124,238.58,2.6,0,2,0
1.644,0.202,236.69,7.2,0,1,21
0.668,0.230,246.43,2.8,0,0,0
3.480,0.082,240.91,14.4,0,0,18
0.204,0.000,242.09,0.8,0,0,0
3.618,0.092,237.41,15.2,0,36,18
1.672,0.208,243.28,6.8,0,0,19
0.394,0.212,241.79,1.8,0,0,0
0.362,0.250,241.06,1.8,0,1,0
0.554,0.000,241.77,2.4,2,0,0
0.334,0.064,241.38,1.4,0,0,1
0.576,0.168,240.34,2.4,0,1,0
0.424,0.000,238.99,1.8,0,3,0
3.424,0.254,240.24,14.4,0,23,18
0.414,0.214,245.05,1.8,0,0,1
1.464,0.112,244.70,6.0,0,0,19
0.172,0.000,241.51,0.8,0,0,1
1.410,0.000,236.63,5.8,0,0,0
0.214,0.098,240.21,1.0,0,1,0
0.460,0.180,242.54,2.0,0,0,1
0.340,0.048,243.66,1.4,0,0,0
0.218,0.000,242.84,0.8,0,0,0
0.310,0.098,240.86,1.4,0,1,1
3.588,0.000,238.67,15.0,37,0,18
0.082,0.000,241.99,0.2,0,0,0
2.830,0.322,240.73,12.2,0,1,18
1.394,0.000,236.98,5.8,0,2,17
0.382,0.134,246.67,1.6,0,0,1
0.430,0.054,240.00,2.0,0,0,0
0.334,0.114,242.06,1.4,0,0,0
0.268,0.000,241.67,1.2,0,0,0
0.256,0.000,242.13,1.0,0,0,0
0.364,0.064,243.83,1.8,0,0,0
0.448,0.278,243.28,2.2,0,1,1
1.280,0.000,242.89,5.2,0,0,19
1.536,0.194,242.66,6.4,0,0,18
0.224,0.000,246.12,1.0,0,0,0
0.248,0.122,240.37,1.2,0,0,1
1.458,0.000,239.91,6.0,0,0,18
0.466,0.182,241.73,2.4,0,0,5
0.706,0.206,241.40,3.0,0,0,1
0.664,0.378,242.29,3.2,0,3,0
1.476,0.192,238.80,6.2,0,0,18
0.244,0.000,243.83,1.0,0,0,0
1.466,0.064,239.22,6.2,0,0,17
0.418,0.218,247.25,1.8,0,2,1
0.462,0.076,240.84,1.8,0,0,0
1.358,0.054,242.50,5.6,0,0,18
0.466,0.068,240.70,1.8,0,0,1
0.332,0.054,249.31,1.4,0,0,0
0.922,0.228,243.19,3.8,0,0,12
1.428,0.054,239.02,6.0,0,0,18
1.620,0.082,237.51,6.8,0,0,18
0.334,0.154,242.36,1.6,0,0,1
0.394,0.124,244.63,1.8,0,0,0
1.996,0.264,242.16,8.2,0,0,18
3.382,0.388,235.72,14.4,0,1,17
1.354,0.090,239.85,5.6,0,0,18
1.528,0.188,242.44,6.2,0,0,19
2.324,0.262,241.12,9.6,1,1,18
1.616,0.000,237.88,6.8,0,0,17
0.404,0.330,239.03,2.2,0,1,0
2.178,0.516,238.59,9.4,5,0,1
0.238,0.000,242.64,1.0,0,0,0
0.576,0.304,233.97,2.8,0,1,0
0.388,0.188,239.75,1.8,0,0,0
0.236,0.138,242.49,1.0,0,0,0
0.186,0.158,243.29,1.0,0,0,1
2.516,0.084,240.32,10.6,0,0,18
1.422,0.000,241.20,5.8,0,0,18
0.424,0.194,239.97,1.8,0,0,1
0.288,0.074,239.11,1.2,0,0,0
1.332,0.000,243.84,5.4,0,0,19
0.662,0.110,240.90,2.8,0,0,0
0.444,0.070,245.05,1.8,0,1,0
1.390,0.050,242.19,5.6,0,1,19
0.244,0.000,243.03,1.0,0,0,1
0.252,0.098,243.30,1.0,0,0,0
1.340,0.060,236.55,5.6,0,0,18
0.300,0.142,244.16,1.4,0,1,0
0.470,0.068,242.35,2.2,0,0,0
3.610,0.000,237.73,15.2,0,0,17
4.422,0.550,236.05,18.8,38,0,0
1.542,0.000,239.90,6.4,0,0,17
0.812,0.336,241.67,3.6,0,1,1
1.436,0.000,240.76,5.8,0,0,18
1.722,0.288,238.93,7.2,0,0,18
0.312,0.084,244.37,1.2,0,2,0
0.352,0.072,239.73,1.4,0,0,0
1.400,0.086,243.08,5.8,0,0,18
3.904,0.166,237.21,16.4,0,34,17
0.356,0.240,241.40,1.8,0,1,1
1.630,0.370,239.14,7.0,0,0,19
3.652,0.302,241.25,15.2,0,22,18
1.398,0.072,243.20,5.6,0,1,18
0.290,0.060,245.84,1.2,0,0,0
1.416,0.414,242.22,6.0,0,0,0
0.320,0.112,243.19,1.4,0,0,1
0.798,0.124,243.45,3.4,0,0,1
3.370,0.000,235.34,14.2,0,37,0
0.078,0.000,238.63,0.2,0,0,0
0.308,0.000,249.33,1.2,0,0,0
0.212,0.000,242.49,1.0,0,0,1
1.352,0.122,239.65,5.6,0,0,18
0.974,0.256,242.96,4.0,0,1,12
0.444,0.308,244.84,2.2,0,1,1
2.920,0.074,242.16,12.0,0,1,18
1.490,0.000,237.81,6.2,0,0,18
0.082,0.000,241.61,0.2,0,0,1
0.380,0.190,237.79,1.8,0,0,0
1.600,0.154,244.88,6.4,1,0,19
0.304,0.102,246.12,1.2,0,0,0
0.516,0.206,244.21,2.2,0,2,0
0.244,0.000,244.04,1.0,0,0,1
0.390,0.088,239.92,1.8,0,0,1
1.516,0.374,237.30,6.6,0,1,12
0.296,0.150,245.93,1.4,0,0,0
0.278,0.078,241.17,1.2,0,2,0
0.316,0.106,241.36,1.4,0,0,1
0.330,0.070,243.92,1.4,0,0,0
1.298,0.000,239.20,5.4,0,0,17
4.954,0.072,237.67,20.8,0,74,0
1.526,0.204,241.81,6.4,0,0,18
0.416,0.206,243.28,1.8,0,0,1
1.400,0.000,240.55,5.8,0,0,19
1.830,0.088,234.72,8.0,0,0,17
2.548,0.000,239.43,10.6,1,0,17
1.742,0.064,247.48,7.0,0,0,19
1.326,0.092,242.56,5.4,0,0,0
0.528,0.072,243.61,2.2,0,2,0
2.418,0.072,240.61,10.0,1,0,19
0.158,0.000,242.47,0.6,0,0,1
0.746,0.104,243.08,3.2,0,1,1
1.480,0.208,240.36,6.2,0,0,18
1.010,0.406,239.59,4.4,0,1,12
2.742,0.224,241.81,11.4,2,0,18
0.318,0.104,237.65,1.4,0,0,0
0.314,0.000,236.51,1.4,1,2,0
0.332,0.104,245.37,1.4,0,1,1
1.554,0.100,242.95,6.4,0,1,19
1.446,0.162,241.26,6.0,0,0,18
2.870,0.414,239.64,12.0,39,2,0
4.044,0.140,236.42,17.0,0,38,17
0.114,0.000,240.54,0.6,0,0,0
0.154,0.000,240.20,0.6,0,0,1
0.476,0.230,245.13,2.2,0,0,0
0.528,0.130,238.31,2.6,0,1,0
0.444,0.244,246.50,2.0,0,1,1
0.346,0.000,242.07,1.4,0,0,1
0.250,0.000,240.63,1.0,0,0,1
3.054,0.290,236.63,12.8,38,0,1
0.204,0.000,241.86,0.8,0,0,0
2.930,0.202,238.26,12.2,0,0,18
0.868,0.000,241.92,3.8,0,0,0
0.242,0.128,244.58,1.0,0,0,1
0.410,0.126,241.57,2.0,0,0,1
1.338,0.096,236.75,5.6,0,1,17
0.204,0.000,244.87,1.2,0,0,1
0.252,0.000,242.92,1.0,0,0,1
0.396,0.048,248.29,1.8,0,0,0
0.402,0.198,247.70,1.8,0,0,0
1.376,0.000,241.21,5.6,0,0,19
1.368,0.086,239.77,5.6,0,0,19
2.052,0.000,243.00,8.6,0,0,19
0.890,0.122,237.37,3.8,0,0,0
0.686,0.000,241.24,3.0,0,0,1
0.248,0.090,241.77,1.2,0,0,1
3.668,0.226,227.36,16.0,41,0,0
4.038,0.088,236.80,17.0,0,0,18
0.216,0.072,238.19,1.0,0,0,0
5.926,0.206,233.92,25.2,0,70,17
2.118,0.450,236.01,9.0,0,1,29
3.208,0.184,236.69,13.6,0,1,18
3.408,0.314,243.13,14.0,0,2,1
2.092,0.068,230.84,9.0,0,0,16
2.412,0.074,239.72,10.0,1,0,19
1.402,0.066,246.05,5.6,0,0,19
0.280,0.202,239.25,1.4,0,1,0
2.022,0.194,232.32,8.6,0,0,17
3.284,0.416,239.67,14.0,1,30,17
4.360,0.516,238.39,18.4,39,0,17
0.206,0.000,242.11,1.0,0,0,0
0.252,0.142,243.61,1.2,0,0,1
2.000,0.000,242.24,8.2,0,0,19
2.208,0.064,236.03,9.2,0,0,17
0.588,0.098,243.63,2.4,0,1,0
1.396,0.166,241.50,5.8,0,2,1
0.722,0.084,242.97,3.0,0,0,1
0.734,0.302,243.10,3.2,0,1,1
0.128,0.000,236.26,0.6,0,1,0
0.398,0.080,237.58,2.0,0,0,0
0.442,0.252,243.06,2.0,0,1,0
5.148,0.442,236.52,21.8,37,1,29
0.272,0.000,244.46,1.2,0,0,0
0.320,0.216,241.96,1.6,0,0,0
2.712,0.000,238.58,11.4,0,0,0
0.368,0.000,242.49,1.4,0,0,0
0.314,0.158,243.83,1.4,0,0,0
0.504,0.346,242.10,2.4,0,2,1
1.558,0.102,240.59,6.6,1,1,18
0.676,0.346,238.44,3.4,0,1,1
0.554,0.000,240.35,2.4,0,0,1
0.304,0.240,243.91,1.6,0,2,1
0.618,0.000,241.42,2.6,0,0,0
3.660,0.204,238.76,15.2,38,2,18
0.422,0.208,239.32,1.8,0,0,1
0.892,0.102,243.24,3.6,0,1,1
4.050,0.358,234.57,18.0,15,0,0
0.330,0.098,241.64,1.4,0,0,0
0.354,0.308,239.32,2.0,0,1,0
1.502,0.076,242.85,6.2,1,1,18
0.220,0.048,241.08,1.0,0,0,0
0.276,0.210,240.46,1.4,0,1,1
0.248,0.000,243.75,1.0,0,0,0
0.344,0.100,244.07,1.4,0,0,1
0.382,0.232,242.52,1.8,0,1,1
0.406,0.220,249.49,1.8,0,0,0
0.330,0.118,245.41,1.4,0,0,0
1.398,0.072,239.66,5.8,0,0,18
0.424,0.088,244.14,1.8,0,1,0
1.716,0.000,241.38,7.0,0,2,17
0.704,0.000,243.66,2.8,0,0,0
1.472,0.114,248.27,5.8,0,2,20
0.336,0.074,244.60,1.4,0,0,1
3.186,0.256,236.56,13.4,0,0,30
1.276,0.064,233.45,5.4,0,0,16
1.852,0.176,242.78,7.6,0,1,0
0.376,0.000,241.70,2.0,0,0,3
0.226,0.138,233.91,1.2,0,0,0
0.232,0.000,244.13,1.0,0,0,0
1.474,0.212,241.98,6.0,0,1,19
0.298,0.234,243.18,1.4,0,1,1
0.502,0.182,245.43,2.2,0,0,0
0.216,0.000,240.30,0.8,0,0,0
0.390,0.198,242.74,1.8,0,1,0
3.054,0.070,242.03,12.6,0,40,0
0.754,0.362,243.87,3.4,0,1,1
0.546,0.190,246.30,2.4,0,0,0
4.798,0.366,240.78,20.0,40,2,18
4.136,0.066,239.73,17.2,38,1,17
0.286,0.084,246.36,1.2,0,1,0
1.416,0.124,244.36,5.8,0,1,19
1.498,0.050,235.09,6.4,0,0,18
3.000,0.378,239.17,12.6,1,21,18
1.286,0.086,238.67,5.4,0,2,18
2.282,0.514,240.19,9.8,0,1,0
2.072,0.596,240.09,9.0,1,2,18
0.344,0.000,245.07,1.6,0,0,0
0.282,0.220,240.20,1.4,0,1,1
0.774,0.200,240.70,3.2,0,0,0
3.190,0.280,239.75,13.2,2,1,17
0.956,0.082,240.50,4.0,0,1,0
0.444,0.328,239.29,2.2,0,1,0
0.328,0.366,238.55,2.0,0,2,0
1.444,0.000,242.52,6.0,0,0,19
0.180,0.000,236.93,0.8,2,0,0
3.142,0.048,236.62,13.6,32,0,17
1.680,0.000,240.65,7.0,0,0,0
2.124,0.054,239.42,8.8,0,0,1
0.392,0.206,244.12,1.8,0,0,0
0.266,0.104,244.90,1.2,0,1,1
1.560,0.000,241.14,6.4,0,0,18
0.312,0.000,243.65,1.4,0,0,0
0.206,0.052,240.05,0.8,0,0,0
1.864,0.096,239.04,7.8,0,1,21
2.524,0.100,237.54,10.6,0,0,17
0.260,0.122,241.78,1.2,0,0,1
0.514,0.210,244.41,2.4,0,0,0
0.152,0.000,241.07,0.6,0,0,0
0.978,0.050,240.62,4.2,0,0,0
1.978,0.234,239.27,8.4,0,0,18
0.260,0.052,243.88,1.2,0,0,0
1.228,0.076,241.43,5.0,0,0,0
0.082,0.000,243.61,0.2,0,0,0
0.244,0.000,241.28,1.0,0,0,1
6.702,0.282,231.99,28.8,0,69,17
0.218,0.000,241.05,0.8,0,0,1
1.662,0.208,236.12,7.0,0,2,17
2.916,0.464,236.01,12.6,0,27,0
2.980,0.182,241.00,12.4,39,0,0
0.872,0.182,243.94,3.6,0,0,0
0.258,0.138,239.01,1.2,0,0,1
1.730,0.154,243.35,7.0,0,0,19
1.428,0.250,241.54,6.2,0,0,0
0.222,0.000,242.41,0.8,0,0,1
0.298,0.098,241.39,1.4,0,0,0
0.234,0.000,243.83,1.0,0,0,0
0.218,0.000,245.84,0.8,0,0,0
0.370,0.130,248.00,1.6,0,0,0
0.208,0.104,241.28,1.0,0,0,1
1.352,0.000,239.87,5.6,0,0,0
1.636,0.244,244.85,6.8,0,0,18
2.798,0.250,240.27,11.6,0,0,19
1.372,0.074,238.95,5.6,0,0,18
0.314,0.118,244.76,1.4,0,0,0
1.502,0.180,242.09,6.2,0,0,18
2.084,0.106,239.28,8.6,0,0,18
0.560,0.164,240.04,2.4,0,0,1
0.668,0.062,238.61,2.8,0,0,1
0.126,0.000,238.31,0.6,0,0,0
0.232,0.110,237.92,1.0,0,0,0
0.330,0.114,239.37,1.4,0,0,1
1.528,0.084,245.17,6.2,0,0,18
0.462,0.000,240.79,2.2,0,0,0
2.274,0.084,241.42,9.4,0,1,19
0.578,0.000,241.71,2.4,0,0,0
0.238,0.110,243.65,1.0,0,0,1
0.504,0.126,245.16,2.0,0,0,1
0.222,0.060,242.87,1.0,0,0,0
1.542,0.240,241.29,8.0,16,1,0
0.154,0.126,241.91,0.8,0,0,1
0.354,0.106,245.80,1.4,0,0,1
0.312,0.082,242.60,1.4,0,0,0
0.252,0.070,243.44,1.0,0,0,1
0.442,0.150,237.31,2.4,0,0,4
3.042,0.272,235.44,12.8,0,0,17
0.420,0.202,243.90,1.8,0,1,1
0.674,0.304,243.29,3.0,0,0,1
3.268,0.000,244.03,13.4,0,4,18
0.396,0.192,241.10,1.8,0,0,0
4.182,0.130,238.57,17.4,0,37,19
1.510,0.206,242.23,6.2,0,0,19
0.326,0.068,240.33,1.4,0,0,1
2.996,0.000,241.21,12.4,0,0,18
1.660,0.080,241.36,6.8,0,0,18
1.454,0.062,242.32,6.0,0,1,18
1.386,0.090,239.22,5.8,0,0,18
0.832,0.230,242.29,3.6,0,1,1
0.122,0.000,234.74,0.6,0,0,0
1.320,0.094,239.79,5.4,0,2,18
0.286,0.104,240.40,1.2,0,1,0
0.186,0.000,244.55,0.8,0,0,1
1.354,0.214,242.79,5.6,0,1,18
2.044,0.000,238.73,8.6,0,0,18
2.424,0.524,239.26,10.4,1,0,18
0.340,0.126,245.39,1.4,0,0,0
1.588,0.168,241.26,6.6,0,0,17
1.304,0.078,234.53,5.4,0,0,16
0.624,0.000,240.55,2.8,0,0,0
0.456,0.224,242.45,2.0,0,2,0
1.084,0.000,240.75,4.4,0,0,1
0.142,0.000,242.46,0.6,0,0,1
0.294,0.100,241.72,1.2,0,0,0
0.830,0.052,242.17,3.4,0,0,1
2.560,0.154,235.40,10.8,0,6,17
0.160,0.000,243.78,0.6,0,0,1
1.436,0.062,242.25,5.8,0,0,19
0.310,0.084,246.40,1.2,0,0,1
1.764,0.200,236.23,7.4,0,1,18
1.126,0.056,243.70,4.6,0,0,1
0.230,0.000,237.40,1.0,0,0,1
0.330,0.082,240.70,1.4,0,1,0
1.570,0.234,243.12,6.6,0,0,18
0.414,0.238,245.93,1.8,0,0,0
0.270,0.086,241.50,1.2,0,2,1
0.302,0.060,241.36,1.2,0,2,1
1.328,0.060,240.78,5.4,0,0,19
0.332,0.060,244.35,1.4,0,1,0
2.164,0.152,239.55,9.0,0,0,18
0.438,0.236,245.93,2.0,0,0,1
0.600,0.212,243.32,2.6,0,0,0
0.338,0.230,235.63,1.6,0,2,0
2.774,0.000,235.69,11.8,0,0,18
1.438,0.186,236.38,6.0,0,0,17
3.586,0.506,238.49,15.6,10,0,23
1.438,0.052,241.50,5.8,0,0,19
0.254,0.000,240.60,1.0,0,0,1
0.280,0.222,236.92,1.4,0,0,0
0.312,0.098,239.40,1.4,0,0,0
0.210,0.000,244.18,0.8,0,0,0
2.006,0.234,238.08,8.4,1,0,18
0.382,0.346,239.46,2.0,0,1,0
0.832,0.210,241.56,3.6,0,0,12
2.684,0.000,243.21,11.0,39,0,1
1.266,0.084,238.88,5.2,0,0,18
0.252,0.000,243.84,1.0,0,0,1
1.546,0.056,241.63,6.4,0,0,18
1.410,0.252,243.77,5.8,0,1,0
1.792,0.194,237.26,7.6,0,1,18
1.688,0.198,240.33,7.0,0,0,18
0.346,0.094,239.94,1.4,0,0,0
1.418,0.090,241.85,5.8,0,1,19
0.340,0.098,244.79,1.4,0,0,0
0.156,0.120,239.22,0.8,0,0,1
0.326,0.132,246.04,1.4,0,0,0
1.008,0.074,241.14,4.2,0,0,0
0.418,0.266,242.90,2.0,0,0,0
0.308,0.000,239.11,1.2,0,0,1
0.232,0.050,244.58,1.0,0,0,0
0.420,0.244,244.28,2.0,0,0,0
1.306,0.000,236.88,5.4,2,0,17
2.876,0.136,237.57,12.0,0,0,17
0.974,0.138,242.12,4.0,0,0,1
0.286,0.056,237.04,1.2,0,0,0
0.622,0.134,240.75,2.6,0,0,1
0.364,0.118,240.80,1.6,1,0,0
0.214,0.048,243.56,0.8,0,0,0
0.266,0.144,242.04,1.2,0,0,1
1.612,0.000,239.72,6.6,0,0,18
0.294,0.000,240.22,1.2,0,0,0
1.564,0.152,242.31,6.4,0,3,1
0.396,0.204,243.98,1.8,0,2,1
0.414,0.098,243.43,1.6,0,2,1
0.474,0.216,244.22,2.2,0,0,1
1.330,0.000,242.54,5.4,0,0,19
0.278,0.000,246.39,1.2,0,0,0
0.344,0.140,243.18,1.4,0,0,0
1.604,0.000,243.17,6.6,0,0,18
0.410,0.074,240.97,1.8,0,0,1
1.366,0.000,244.70,5.6,0,1,19
0.228,0.000,241.28,1.0,0,0,0
2.078,0.228,239.45,8.8,0,0,18
1.286,0.106,241.10,5.2,0,1,18
0.674,0.396,243.47,3.2,0,1,0
1.414,0.194,242.01,5.8,0,1,19
1.368,0.100,243.56,5.6,0,0,18
1.542,0.206,242.83,6.4,0,0,18
1.680,0.352,240.32,7.0,0,2,18
0.284,0.058,246.37,1.2,0,0,0
1.418,0.356,239.32,6.0,0,2,1
1.374,0.076,241.50,5.6,0,2,18
0.156,0.000,240.81,0.6,0,0,0
0.240,0.130,241.30,1.0,0,0,1
1.514,0.324,242.26,6.4,0,2,19
0.368,0.154,247.37,1.8,0,0,0
2.076,0.268,241.49,8.6,0,0,18
1.394,0.000,238.29,5.8,0,0,17
1.422,0.142,239.09,6.0,0,0,17
0.348,0.128,246.25,1.4,0,0,0
0.254,0.058,242.40,1.0,0,2,1
1.706,0.266,242.41,7.0,0,0,19
2.230,0.200,240.45,9.2,1,0,17
0.226,0.000,246.57,0.8,0,0,0
4.966,0.354,235.01,21.0,37,2,17
2.544,0.286,238.90,11.4,12,1,1
1.456,0.220,242.11,6.0,0,2,19
1.562,0.254,239.27,6.6,0,0,18
1.326,0.086,237.13,5.6,0,0,18
0.236,0.124,241.78,1.0,0,0,0
0.234,0.120,241.65,1.0,0,0,1
0.910,0.000,237.11,3.8,0,0,1
0.194,0.000,240.65,0.8,0,0,0
0.194,0.120,236.37,1.0,0,0,0
0.240,0.126,243.07,1.0,0,0,1
2.090,0.304,236.38,9.2,0,0,0
1.486,0.180,247.06,6.0,0,2,19
0.446,0.414,240.59,2.4,0,0,1
0.390,0.234,243.29,1.8,0,1,0
0.288,0.120,240.83,1.2,0,0,1
0.592,0.048,238.97,2.4,0,0,0
0.218,0.000,241.38,0.8,0,0,0
1.414,0.064,238.30,5.8,1,0,17
0.324,0.128,245.06,1.4,0,0,0
1.336,0.086,237.67,5.6,0,0,17
0.344,0.222,242.75,1.6,0,1,1
0.270,0.000,241.45,1.2,0,0,1
0.860,0.226,238.39,5.0,0,2,0
0.454,0.314,243.25,2.2,0,2,0
0.686,0.210,242.80,3.0,0,0,1
0.376,0.068,240.89,1.8,0,2,0
2.250,0.196,232.40,9.8,0,2,17
1.272,0.096,233.50,5.4,0,0,17
1.488,0.270,241.27,6.2,0,1,18
0.992,0.074,244.35,4.8,0,0,0
1.252,0.074,232.56,5.4,0,1,17
0.940,0.292,237.71,4.2,0,0,12
0.338,0.112,240.61,1.4,0,1,1
0.322,0.144,245.75,1.4,0,0,0
0.456,0.340,242.49,2.2,0,1,0
0.478,0.058,241.74,2.0,1,0,1
0.276,0.050,243.74,1.2,0,0,0
0.082,0.000,241.12,0.2,0,0,0
0.352,0.128,243.45,1.4,0,0,1
2.394,0.102,237.92,10.0,0,0,18
0.254,0.000,239.17,1.0,0,0,0
1.294,0.064,239.75,5.4,0,1,18
1.384,0.000,239.01,5.8,0,0,1
0.862,0.158,234.10,3.8,0,1,0
1.638,0.160,236.31,7.0,0,0,0
1.734,0.128,232.26,7.8,0,26,0
2.840,0.000,239.99,11.8,0,0,17
1.934,0.228,246.69,7.8,0,1,19
4.398,0.540,237.46,18.8,39,0,17
3.788,0.112,234.92,16.2,0,28,17
3.176,0.242,240.18,13.4,0,36,0
0.394,0.264,241.32,2.0,0,1,0
1.576,0.138,240.51,6.6,0,2,18
0.292,0.062,235.74,1.2,0,1,0
0.300,0.256,239.39,1.6,0,0,0
0.698,0.050,240.15,3.0,0,0,1
1.496,0.000,246.21,6.0,0,0,19
0.402,0.214,243.44,1.8,0,0,1
4.250,0.276,236.13,18.2,0,1,18
0.316,0.000,241.03,1.4,0,0,0
0.318,0.208,239.31,1.6,0,0,0
0.272,0.000,241.76,1.2,0,0,0
0.154,0.000,241.44,0.6,0,0,1
0.236,0.000,246.59,1.0,0,0,0
0.626,0.094,239.90,2.6,0,0,1
0.126,0.000,242.70,0.6,0,0,0
3.106,0.132,241.89,13.0,0,22,18
0.276,0.000,245.88,1.2,0,0,0
0.570,0.048,242.26,2.2,0,0,1
0.272,0.196,241.15,1.4,0,1,0
2.250,0.092,237.69,9.4,0,0,18
0.298,0.106,239.99,1.2,0,0,0
0.080,0.000,240.34,0.2,0,0,1
1.878,0.046,233.65,8.4,0,0,18
10.290,0.302,230.90,44.6,35,66,17
0.316,0.098,243.95,1.4,0,0,1
2.846,0.310,238.61,12.2,33,1,5
3.160,0.056,236.90,13.2,0,2,18
4.216,0.086,237.73,17.8,43,1,7
1.414,0.400,239.09,6.8,0,0,0
1.340,0.056,238.75,5.6,0,0,18
0.406,0.182,247.27,1.8,0,0,0
1.632,0.164,242.34,6.6,0,0,19
0.600,0.100,241.00,2.6,0,0,1
1.438,0.086,244.28,5.8,0,0,19
0.154,0.000,241.14,0.6,0,0,1
1.218,0.068,238.83,5.0,0,0,0
0.222,0.132,242.38,1.0,0,0,0
0.268,0.000,242.76,1.2,0,0,0
0.412,0.182,238.28,1.8,0,1,0
1.634,0.396,240.03,7.0,0,0,18
0.154,0.000,239.35,0.6,0,0,0
2.308,0.400,241.63,9.6,0,1,12
0.104,0.000,240.67,0.4,0,0,0
1.104,0.000,240.52,4.6,0,0,0
2.488,0.000,242.32,10.2,0,0,18
1.480,0.112,249.02,5.8,0,1,20
2.568,0.132,241.97,10.6,0,5,0
0.262,0.048,249.07,1.2,0,0,0
1.694,0.220,239.93,7.0,0,1,18
1.344,0.238,237.49,5.6,0,0,12
0.346,0.000,241.38,1.6,0,0,0
0.378,0.216,242.09,1.8,0,2,0
0.222,0.000,242.21,1.0,0,1,0
1.524,0.000,239.34,6.4,0,0,17
1.308,0.076,234.54,5.6,0,0,0
1.510,0.094,237.32,6.2,0,1,0
0.310,0.122,240.86,1.4,0,0,0
3.498,0.000,236.72,14.6,37,0,18
0.290,0.048,244.08,1.2,0,0,0
1.906,0.000,239.91,7.8,0,0,18
1.446,0.194,239.38,6.0,0,2,18
0.230,0.000,244.76,1.0,0,0,0
0.338,0.228,242.67,1.6,0,0,0
0.590,0.118,242.92,2.4,0,0,1
0.276,0.068,238.34,1.2,0,0,0
0.348,0.132,245.43,1.4,0,0,1
0.204,0.048,238.14,0.8,0,0,0
2.110,0.000,237.23,8.8,0,0,1
3.668,0.496,234.60,15.6,37,1,0
0.382,0.216,241.89,1.8,0,0,1
0.214,0.132,240.50,1.0,0,0,0
1.750,0.184,240.68,7.2,0,0,18
0.158,0.000,244.35,0.6,0,0,1
0.582,0.064,242.39,2.8,0,0,0
2.114,0.248,239.33,9.2,0,0,18
3.174,0.000,238.20,13.4,0,33,17
0.396,0.106,241.54,1.8,0,0,0
0.318,0.130,247.37,1.6,0,0,0
2.158,0.486,238.37,9.2,0,1,30
0.480,0.126,240.46,2.0,0,0,1
0.654,0.070,239.60,2.6,0,0,0
1.826,0.210,242.02,7.6,0,0,19
0.510,0.224,245.63,2.2,0,1,1
1.352,0.000,245.03,5.4,0,0,19
0.326,0.132,243.06,1.4,0,0,0
1.306,0.000,243.97,5.2,0,0,0
3.878,0.254,237.94,16.2,2,39,17
0.408,0.154,242.51,1.8,0,0,1
0.138,0.000,242.49,0.6,0,0,1
1.430,0.106,242.85,5.8,0,0,18
0.372,0.150,241.04,1.6,0,0,0
1.464,0.226,238.94,6.2,0,1,18
0.210,0.000,246.26,0.8,0,0,0
2.598,0.066,241.53,10.8,0,0,0
0.594,0.000,245.83,2.4,0,0,0
0.232,0.000,243.37,1.0,0,0,1
0.350,0.000,241.76,1.4,0,0,1
1.532,0.074,240.38,6.2,0,0,0
0.694,0.056,242.17,3.0,0,0,0
0.296,0.052,251.40,1.2,0,0,0
1.676,0.094,242.87,6.8,0,1,18
0.410,0.370,245.33,2.2,0,1,1
0.362,0.110,239.90,1.6,0,0,1
0.900,0.060,244.54,3.6,0,0,0
1.532,0.176,239.70,6.4,0,2,18
0.322,0.144,241.93,1.4,0,0,0
0.310,0.000,241.55,1.4,0,0,1
0.242,0.112,242.92,1.0,0,2,1
0.368,0.088,242.74,1.6,0,2,0
2.918,0.000,240.52,12.6,0,25,17
0.168,0.000,241.27,0.6,0,0,1
2.440,0.068,243.97,10.0,0,0,19
1.414,0.070,240.78,5.8,0,0,18
2.790,0.062,237.86,11.8,0,0,18
0.430,0.244,246.54,2.0,0,0,1
0.228,0.000,245.74,1.0,0,0,0
1.920,0.066,237.52,8.0,0,0,0
0.156,0.000,243.07,0.8,0,0,0
2.834,0.172,238.76,11.8,0,0,18
1.418,0.118,243.68,5.8,0,0,18
0.302,0.160,245.13,1.4,0,2,0
0.290,0.120,243.98,1.4,0,2,1
0.104,0.000,241.87,0.4,0,0,0
3.048,0.440,236.40,13.0,0,0,1
0.526,0.116,243.87,2.2,0,0,1
1.636,0.074,242.40,6.6,0,1,19
2.818,0.250,242.86,11.8,0,24,18
1.454,0.198,241.65,6.0,0,0,19
3.602,0.192,243.33,15.0,0,35,18
1.178,0.000,235.60,5.0,0,1,0
0.216,0.122,239.54,1.0,0,0,0
0.244,0.000,237.55,1.0,0,0,0
2.598,0.000,240.56,10.8,0,0,0
1.414,0.088,242.22,5.8,0,2,19
1.790,0.296,242.69,7.4,0,0,18
1.340,0.096,240.72,5.6,0,0,18
0.260,0.082,234.05,1.2,0,0,0
1.486,0.000,245.44,6.0,0,0,19
1.696,0.072,241.89,7.0,0,0,19
0.232,0.114,237.94,1.0,0,0,0
0.932,0.330,240.69,4.2,0,0,11
0.826,0.000,241.91,5.2,0,0,0
2.572,0.000,237.35,10.8,0,36,1
0.308,0.190,238.88,1.4,0,2,1
3.072,0.556,235.55,13.4,0,22,18
0.406,0.046,243.15,2.0,0,0,0
0.358,0.290,239.08,2.0,0,1,0
2.670,0.176,237.19,11.2,1,0,17
0.210,0.074,243.40,1.0,0,0,0
2.990,0.126,238.65,12.8,0,28,18
0.626,0.358,239.11,3.0,0,0,1
0.314,0.140,245.42,1.4,0,0,0
0.484,0.332,241.68,2.4,0,1,1
2.516,0.072,238.94,10.4,37,0,1
0.256,0.112,240.61,1.2,0,0,1
0.300,0.068,245.18,1.2,0,2,0
0.220,0.048,246.55,1.0,0,0,0
0.234,0.000,246.23,1.0,0,0,0
2.696,0.106,240.92,11.2,0,0,17
2.680,0.070,234.14,11.4,0,1,17
0.220,0.126,239.74,1.0,0,0,0
1.454,0.086,241.50,6.0,0,0,18
0.252,0.000,244.23,1.0,0,0,0
1.376,0.000,243.30,5.6,2,0,18
0.208,0.050,243.24,0.8,0,0,0
0.976,0.424,237.67,4.4,0,1,12
0.220,0.000,242.96,1.0,0,0,0
0.262,0.050,242.61,1.2,0,0,0
0.432,0.000,241.49,1.8,0,0,0
0.518,0.112,240.59,2.2,0,0,1
5.900,0.000,233.49,25.2,36,0,17
0.288,0.000,242.94,1.6,0,0,3
1.424,0.092,245.43,5.8,0,1,19
2.712,0.276,236.99,11.6,0,0,0
0.784,0.248,238.46,3.4,0,1,1
1.592,0.088,234.26,6.8,0,0,17
1.628,0.062,232.77,7.0,0,2,17
0.264,0.000,244.02,1.0,0,0,1
0.340,0.206,239.31,1.6,0,1,1
0.328,0.240,240.12,1.6,1,0,0
2.082,0.080,240.69,8.6,0,0,18
0.340,0.112,241.16,1.4,0,0,0
0.526,0.108,240.69,2.2,0,1,1
0.958,0.308,245.11,4.0,0,2,1
0.752,0.174,241.56,3.2,0,1,1
1.272,0.090,238.86,5.2,0,0,18
0.258,0.000,244.50,1.0,0,0,0
0.406,0.140,245.48,1.6,0,0,1
0.294,0.058,238.73,1.2,0,0,0
1.704,0.050,237.49,7.2,0,0,17
0.424,0.232,239.72,2.0,0,1,0
2.646,0.000,240.41,11.0,0,0,18
1.840,0.156,232.45,7.8,1,1,16
0.286,0.230,240.47,1.4,0,0,0
2.078,0.060,239.56,8.6,0,0,19
0.240,0.000,244.15,1.0,0,0,1
2.414,0.210,240.68,10.0,0,1,18
3.468,0.000,241.87,14.2,0,0,18
0.230,0.000,244.12,1.0,0,0,0
0.384,0.202,243.35,1.8,0,2,0
0.296,0.054,240.83,1.2,0,0,0
0.534,0.068,246.14,2.2,0,0,0
1.474,0.082,245.62,6.0,0,0,18
0.228,0.114,241.45,1.0,0,1,0
1.238,0.000,240.88,5.0,0,0,18
1.344,0.076,236.84,5.6,0,0,18
0.328,0.242,243.11,1.6,0,1,0
0.346,0.244,239.57,1.8,0,2,0
0.370,0.198,239.79,1.8,0,2,0
0.284,0.234,241.13,1.4,0,0,0
0.376,0.124,240.61,1.8,0,0,1
0.486,0.092,241.18,2.2,0,0,0
0.680,0.146,240.89,3.0,0,0,0
0.406,0.240,239.76,2.0,0,2,1
0.348,0.140,246.93,1.4,0,0,0
0.348,0.110,241.03,1.4,0,1,0
0.192,0.000,239.01,0.8,0,0,1
2.926,0.154,241.64,12.0,0,0,18
1.422,0.060,242.38,5.8,0,0,18
0.446,0.232,247.25,2.0,0,0,1
1.058,0.000,240.43,4.4,0,0,0
3.020,0.186,238.98,12.8,0,0,18
0.322,0.124,242.37,1.4,0,0,0
0.138,0.000,241.72,0.6,0,0,0
0.434,0.144,239.75,1.8,0,0,0
0.460,0.000,242.40,2.0,0,0,0
0.238,0.000,238.84,1.0,0,0,0
1.344,0.182,240.93,5.6,0,1,19
1.464,0.144,241.17,6.0,0,0,19
1.988,0.118,238.87,8.2,0,0,18
0.228,0.000,244.28,0.8,0,0,1
0.654,0.214,237.71,2.8,0,0,0
0.170,0.000,241.70,0.8,0,0,1
2.346,0.000,242.64,9.6,0,0,0
0.648,0.132,242.25,2.6,0,1,1
0.362,0.086,245.32,1.4,0,1,1
0.454,0.410,243.96,2.4,0,0,1
0.330,0.126,249.70,1.4,0,1,1
1.276,0.000,241.96,5.2,0,0,0
0.424,0.090,238.47,2.0,0,0,0
2.388,0.380,245.64,10.4,0,17,19
3.428,0.174,234.73,14.6,43,0,0
1.228,0.062,237.37,5.2,0,0,17
1.310,0.116,241.09,5.4,0,2,19
0.546,0.096,240.44,2.4,0,1,0
0.730,0.188,241.52,3.0,0,0,1
0.950,0.190,241.37,4.2,0,0,7
1.530,0.048,241.10,6.2,0,0,17
0.242,0.000,243.52,1.0,0,0,1
2.594,0.374,234.57,11.0,37,1,0
1.558,0.138,241.06,6.4,0,2,18
0.562,0.142,241.88,2.4,0,1,1
1.082,0.308,241.27,4.6,0,0,12
0.318,0.074,239.47,1.4,0,0,1
0.622,0.000,243.13,2.6,0,0,1
1.918,0.106,239.36,8.0,0,1,18
0.308,0.100,234.46,1.4,0,0,1
0.188,0.000,242.25,1.0,0,0,1
0.158,0.138,240.18,0.8,0,2,1
0.526,0.064,243.98,2.2,0,0,0
0.506,0.208,242.20,2.4,0,1,0
0.304,0.200,241.68,1.6,0,1,1
1.804,0.074,242.21,7.4,0,1,0
0.258,0.000,241.51,1.2,0,0,1
0.126,0.000,236.73,0.6,0,0,0
0.434,0.340,242.26,2.2,0,1,0
0.284,0.000,248.15,1.2,0,0,1
1.530,0.000,240.68,6.2,0,0,18
0.388,0.046,244.54,1.6,0,0,0
1.046,0.228,239.49,4.4,0,0,0
1.970,0.082,244.88,8.0,0,0,18
0.296,0.060,242.13,1.2,0,0,0
0.174,0.000,241.02,0.8,0,0,1
1.516,0.300,244.28,6.2,0,1,1
2.612,0.106,244.23,10.6,39,1,1
2.624,0.230,237.14,11.0,0,1,17
0.530,0.206,238.05,2.6,0,0,0
0.614,0.108,244.87,2.8,0,0,0
0.100,0.000,242.95,0.4,0,0,0
0.246,0.124,240.49,1.0,0,0,1
2.684,0.000,236.01,11.4,0,0,18
2.466,0.118,236.88,10.4,0,0,0
0.318,0.100,237.96,1.4,0,0,0
0.344,0.130,240.11,1.4,0,0,0
0.264,0.212,242.49,1.4,0,0,0
0.266,0.114,239.96,1.2,0,0,1
1.554,0.160,230.09,6.8,0,1,17
2.220,0.000,238.05,9.2,0,0,18
2.008,0.084,238.22,8.8,0,0,1
1.472,0.060,245.42,6.0,0,0,19
0.324,0.128,242.45,1.4,0,0,0
0.272,0.134,241.43,1.2,0,1,1
1.938,0.162,236.09,8.6,0,0,0
0.324,0.056,244.23,1.4,0,0,0
0.208,0.000,242.37,0.8,0,0,0
0.514,0.102,245.05,2.2,0,0,0
0.172,0.090,236.05,0.8,0,0,0
1.336,0.064,243.21,5.4,0,0,19
0.206,0.058,239.90,0.8,0,0,0
1.460,0.072,240.42,6.0,0,1,18
0.354,0.212,236.19,1.8,0,0,0
0.286,0.000,242.20,1.2,0,0,1
0.208,0.090,236.17,1.0,0,0,1
0.226,0.064,244.77,1.0,0,0,0
0.232,0.120,236.71,1.0,0,0,1
0.248,0.000,241.39,1.0,0,0,0
0.228,0.000,244.10,1.0,0,0,0
0.360,0.128,246.31,1.6,0,0,1
0.214,0.062,245.50,0.8,0,0,0
0.348,0.122,241.47,1.6,0,0,0
1.576,0.000,241.13,6.4,0,0,18
0.314,0.094,243.10,1.2,0,2,1
1.788,0.050,238.73,7.4,0,0,18
0.562,0.000,241.36,2.2,0,0,1
0.512,0.160,243.44,2.6,0,0,0
0.178,0.156,242.26,0.8,0,0,0
0.984,0.284,240.90,4.2,0,0,13
0.252,0.156,243.24,1.2,0,0,1
1.314,0.050,240.57,5.4,0,0,18
1.338,0.072,241.39,5.4,0,0,18
1.672,0.000,248.56,6.6,0,0,0
0.546,0.168,240.18,2.6,0,5,0
4.474,0.000,234.96,19.4,0,0,17
3.798,0.286,233.37,16.2,37,2,1
0.142,0.054,239.33,0.6,0,0,1
1.280,0.120,239.07,5.4,0,0,0
0.776,0.202,243.73,3.2,0,1,0
0.940,0.264,242.57,4.0,0,0,11
0.180,0.102,239.64,0.8,0,0,0
2.094,0.584,239.51,9.4,0,14,0
1.708,0.440,239.41,7.4,0,3,18
1.896,0.116,238.38,8.0,1,0,18
0.250,0.052,242.32,1.0,0,0,1
1.130,0.048,240.74,4.6,0,0,1
0.952,0.350,240.42,4.2,0,0,0
0.372,0.116,245.34,1.6,0,0,0
2.110,0.232,242.68,8.6,0,2,18
0.544,0.188,240.57,2.4,0,2,0
0.348,0.000,241.50,1.4,0,0,0
0.300,0.232,244.35,1.6,0,0,1
4.162,0.198,237.59,17.4,0,36,18
0.156,0.000,241.80,0.6,0,0,0
3.614,0.086,238.23,15.0,38,0,18
1.484,0.200,240.21,6.2,0,1,18
0.446,0.222,240.00,2.0,0,0,0
2.026,0.298,232.47,8.8,0,1,17
0.398,0.122,242.21,1.8,0,0,0
0.078,0.000,237.01,0.2,0,0,1
1.512,0.072,237.96,6.4,0,0,18
5.872,0.246,234.79,25.4,0,0,17
0.302,0.000,245.43,1.2,0,0,0
0.632,0.246,243.49,2.8,0,0,1
0.368,0.180,247.69,1.6,0,0,1
0.252,0.000,240.12,1.0,0,0,1
1.440,0.080,241.44,5.8,1,0,18
0.826,0.046,242.10,3.4,0,2,0
1.678,0.152,239.67,7.0,0,0,18
0.216,0.000,237.89,0.8,0,0,0
1.616,0.048,242.92,6.6,0,0,18
1.824,0.000,239.63,7.6,0,0,18
1.222,0.106,235.27,5.2,0,0,17
0.308,0.120,239.94,1.4,0,0,0
5.632,0.414,234.54,24.0,37,1,17
0.364,0.096,243.94,1.4,0,2,0
0.354,0.124,246.11,1.4,0,0,0
1.934,0.234,239.27,8.0,0,0,18
1.554,0.000,243.62,6.4,0,0,18
0.318,0.104,247.55,1.4,0,0,0
0.436,0.210,241.24,2.0,0,0,0
0.318,0.050,247.01,1.2,0,0,0
2.826,0.396,239.61,12.4,21,0,18
0.156,0.000,239.07,0.6,0,0,0
0.696,0.326,241.21,3.2,0,1,0
0.982,0.326,240.83,4.2,0,0,13
1.960,0.222,237.89,8.2,0,1,0
1.680,0.066,239.40,7.0,0,0,0
1.186,0.434,243.19,5.2,0,0,0
1.134,0.198,242.99,4.8,0,2,0
0.312,0.174,247.70,1.4,0,0,0
0.308,0.062,247.19,1.2,0,0,0
1.174,0.086,242.75,4.8,0,0,0
0.332,0.106,243.73,1.4,0,1,0
3.062,0.242,239.35,13.2,0,42,0
1.388,0.080,241.40,5.6,0,0,18
1.038,0.146,232.26,4.6,0,0,0
0.144,0.000,239.86,0.6,0,0,1
2.776,0.092,242.01,11.4,0,0,18
2.320,0.260,245.11,9.4,0,5,19
0.406,0.218,244.62,1.8,0,2,0
0.612,0.060,234.82,2.6,0,0,0
0.402,0.224,242.22,1.8,0,1,0
0.296,0.078,246.29,1.2,0,0,0
1.376,0.070,242.83,5.6,0,0,18
2.942,0.000,237.12,12.4,0,0,17
0.306,0.112,238.29,1.4,0,0,0
1.820,0.162,237.98,7.6,0,2,17
2.218,0.116,238.43,9.8,0,0,18
0.410,0.224,242.71,1.8,0,1,1
1.976,0.574,237.97,8.6,0,5,1
0.338,0.140,242.66,1.8,0,0,3
1.690,0.198,239.69,7.0,0,0,18
0.288,0.228,241.47,1.4,0,2,1
0.110,0.000,241.45,0.6,0,0,0
1.460,0.148,240.87,6.0,0,0,19
0.232,0.108,237.18,1.0,0,0,0
1.314,0.000,241.42,5.4,0,0,18
1.170,0.000,239.61,4.8,0,0,17
1.976,0.150,243.50,8.0,0,3,18
0.288,0.000,247.61,1.2,0,0,1
1.246,0.058,238.73,5.2,0,0,18
0.152,0.000,241.21,0.6,0,0,1
1.300,0.074,246.97,5.2,0,1,1
0.728,0.270,240.68,3.4,0,0,1
0.614,0.102,237.27,2.6,0,0,0
0.350,0.114,242.58,1.4,0,0,1
2.236,0.000,239.23,9.4,0,0,0
0.220,0.000,245.78,1.0,0,0,0
0.408,0.090,242.30,1.8,0,0,0
1.240,0.078,237.78,5.2,0,0,0
1.638,0.000,231.47,7.0,0,0,17
3.126,0.272,237.63,13.2,0,0,18
0.326,0.100,240.69,1.4,0,0,0
0.236,0.114,241.73,1.0,0,0,0
0.318,0.236,239.79,1.6,0,1,1
0.314,0.134,237.58,1.4,0,0,0
1.336,0.106,235.52,5.6,0,0,17
1.240,0.074,232.43,5.2,0,0,17
1.284,0.102,239.78,5.2,0,0,17
2.042,0.000,245.64,8.4,0,0,19
5.178,0.432,235.47,22.0,38,0,17
0.282,0.048,244.16,1.2,0,0,0
1.306,0.196,236.54,5.6,0,1,17
0.662,0.368,238.98,3.2,0,1,0
0.182,0.084,237.78,0.8,0,1,0
0.216,0.000,239.87,0.8,0,0,0
0.310,0.108,241.02,1.4,0,0,0
0.308,0.172,244.42,1.4,0,0,0
0.144,0.000,238.85,0.6,0,0,1
1.706,0.300,237.04,7.2,0,1,18
0.414,0.324,238.76,2.2,0,2,1
0.154,0.000,240.03,0.6,0,0,1
2.256,0.152,241.41,9.2,0,0,19
0.356,0.114,243.80,1.6,0,0,0
0.428,0.000,240.81,1.8,0,0,1
0.158,0.000,238.72,0.6,0,0,1
2.264,0.152,243.28,9.2,0,0,28
1.142,0.056,244.52,4.6,0,0,0
3.970,0.048,239.30,16.6,37,0,17
0.422,0.000,246.99,2.0,0,0,0
0.328,0.102,241.33,1.4,0,1,0
1.232,0.056,240.72,5.0,0,0,0
1.810,0.086,236.53,7.6,0,0,18
1.528,0.066,244.23,6.2,0,0,18
1.798,0.000,236.95,7.6,0,0,17
2.080,0.402,239.67,8.8,0,1,30
0.656,0.280,240.48,3.0,0,0,0
0.304,0.066,243.33,1.2,0,2,0
0.228,0.054,241.79,1.0,0,0,1
0.498,0.146,241.35,2.2,1,0,0
0.694,0.000,239.15,3.2,0,0,0
0.580,0.212,244.96,2.6,0,0,0
2.032,0.074,238.43,8.4,0,0,29
1.318,0.068,238.34,5.4,0,0,0
1.100,0.408,241.43,4.8,0,0,13
1.854,0.346,238.59,7.8,0,2,18
1.204,0.150,238.71,5.2,0,0,0
0.320,0.256,239.19,1.6,0,2,1
2.040,0.070,237.88,8.8,0,0,17
0.122,0.000,237.15,0.6,0,0,0
0.432,0.124,240.34,2.0,0,0,1
0.260,0.000,243.24,1.0,0,0,0
0.368,0.090,245.00,1.6,0,0,0
1.282,0.076,235.82,5.4,0,1,18
4.064,0.076,239.60,16.8,0,0,17
1.446,0.052,242.29,5.8,0,0,18
0.382,0.108,241.56,1.6,0,2,1
0.292,0.000,240.02,1.2,0,0,1
1.672,0.000,239.43,7.0,0,0,17
1.538,0.316,241.24,6.4,0,1,18
1.190,0.000,238.77,5.0,0,0,17
1.314,0.064,238.74,5.4,0,0,18
3.836,0.062,236.67,16.2,0,0,17
1.728,0.344,242.06,7.4,0,2,18
1.408,0.054,241.63,5.8,0,0,18
0.268,0.058,239.26,1.2,0,0,0
0.406,0.326,238.15,2.2,0,1,1
3.364,0.240,242.76,13.8,0,0,18
0.286,0.226,242.52,1.4,0,2,1
0.310,0.148,242.10,1.4,0,0,1
0.646,0.170,242.68,3.0,0,0,0
0.300,0.000,243.58,1.4,0,0,1
0.372,0.078,244.65,1.6,0,0,0
1.596,0.054,242.07,6.6,0,0,18
3.208,0.000,237.22,13.6,0,0,0
1.230,0.350,243.17,5.2,2,1,1
0.300,0.126,240.56,1.4,0,0,1
1.770,0.176,240.12,7.4,0,1,18
0.240,0.050,234.01,1.0,0,0,0
0.322,0.000,244.42,1.4,0,0,1
1.598,0.134,237.31,6.6,0,0,0
0.254,0.120,240.24,1.2,0,0,1
1.338,0.056,238.22,5.6,0,0,18
0.206,0.126,243.31,1.0,0,2,1
0.380,0.000,241.69,1.6,0,0,1
0.200,0.120,236.64,1.0,0,0,0
0.606,0.276,247.78,2.8,0,1,0
1.324,0.000,244.22,5.4,0,0,18
0.124,0.000,234.27,0.6,0,0,0
0.320,0.108,243.15,1.4,0,0,1
0.138,0.000,242.31,0.6,0,0,1
0.208,0.000,237.43,0.8,0,0,0
4.394,0.048,235.22,18.6,0,37,0
1.818,0.354,239.33,8.8,1,0,1
1.420,0.068,243.73,5.8,0,0,19
1.604,0.052,235.39,6.8,0,0,17
1.832,0.248,241.14,7.6,0,2,0
5.872,0.058,235.58,24.8,37,39,17
0.746,0.120,245.16,3.2,0,0,0
1.234,0.100,239.52,5.0,0,1,18
2.064,0.300,242.89,8.6,1,1,29
1.346,0.172,237.39,5.6,0,1,18
1.620,0.076,241.11,6.6,0,1,18
0.368,0.182,239.60,1.6,0,2,0
0.220,0.000,243.53,1.0,0,0,0
1.530,0.224,240.08,6.4,1,0,18
1.478,0.118,244.12,6.0,0,0,18
1.982,0.106,234.82,8.4,0,4,17
4.868,0.378,233.32,20.8,37,0,17
0.774,0.292,241.23,3.4,0,1,1
1.166,0.138,232.96,5.0,0,0,1
2.006,0.000,240.31,9.2,0,0,18
1.834,0.058,237.10,7.6,0,0,17
1.102,0.072,241.09,5.2,0,0,9
0.284,0.000,241.73,1.2,0,0,1
0.710,0.212,241.29,3.0,0,2,0
0.274,0.128,240.69,1.2,0,0,0
1.522,0.206,242.44,6.2,0,0,18
0.256,0.194,239.99,1.2,0,2,0
0.156,0.000,243.64,0.6,0,0,1
0.110,0.000,241.02,0.4,0,0,0
0.238,0.114,241.40,1.0,0,1,1
0.252,0.116,238.18,1.2,0,1,1
0.180,0.106,243.65,0.8,0,1,0
1.400,0.000,244.49,5.8,0,0,19
0.744,0.170,240.90,3.2,0,2,1
3.256,0.188,239.03,13.6,2,38,0
0.764,0.118,245.80,3.2,2,0,0
0.358,0.216,242.48,1.8,0,0,1
0.324,0.120,246.08,1.4,0,0,0
1.688,0.000,238.60,7.4,0,23,0
0.304,0.132,240.92,1.4,0,1,0
0.432,0.072,239.31,1.8,0,0,0
0.262,0.000,241.27,1.0,0,0,0
1.904,0.000,242.62,8.6,0,23,1
0.786,0.384,242.27,3.6,0,0,1
2.656,0.454,239.26,12.0,28,0,1
1.474,0.210,244.30,6.0,0,1,18
0.760,0.000,243.76,3.2,0,0,0
0.244,0.050,240.11,1.0,0,0,1
0.380,0.112,242.04,1.6,0,0,0
1.322,0.000,241.14,5.4,0,0,19
0.486,0.220,241.84,2.2,0,0,1
0.358,0.198,242.44,1.6,0,0,1
0.344,0.062,242.81,1.4,0,0,0
0.606,0.000,243.19,2.4,0,0,0
0.414,0.232,241.18,2.0,1,0,1
0.206,0.078,240.42,0.8,0,0,0
1.248,0.120,238.82,5.2,0,0,18
0.540,0.000,241.18,2.2,0,0,1
0.120,0.000,232.97,0.6,0,0,0
0.298,0.080,243.25,1.2,0,0,0
0.160,0.000,241.32,0.6,0,0,1
0.362,0.112,242.95,1.6,0,0,0
2.656,0.474,239.19,11.4,0,0,0
1.330,0.064,242.37,5.4,0,0,18
0.520,0.220,239.02,2.4,0,2,1
1.590,0.000,241.81,6.4,0,0,18
1.718,0.184,243.46,7.2,1,0,18
0.182,0.072,238.91,0.8,0,0,0
0.262,0.000,240.67,1.2,0,1,0
0.370,0.112,248.33,1.6,0,0,1
2.520,0.160,239.76,10.4,0,1,0
1.496,0.046,243.51,6.2,0,0,18
0.218,0.000,247.12,0.8,0,0,0
1.462,0.178,242.27,6.0,0,0,18
1.624,0.078,240.12,6.8,0,0,18
0.258,0.106,242.81,1.0,1,0,0
1.400,0.074,240.75,5.8,0,1,19
1.338,0.194,239.61,5.6,0,1,18
0.534,0.000,243.07,2.2,0,0,0
1.252,0.046,237.66,5.2,0,0,17
0.236,0.000,244.24,1.0,0,0,1
1.468,0.226,240.65,6.0,0,1,19
0.962,0.146,235.64,5.4,0,1,0
0.240,0.000,244.69,1.0,0,0,0
3.956,0.200,240.09,16.4,38,0,18
1.752,0.060,239.56,7.2,0,0,19
1.506,0.212,238.59,6.2,0,0,17
2.286,0.000,242.19,9.6,0,0,19
0.346,0.074,237.26,1.4,0,0,0
0.322,0.124,242.76,1.4,0,0,0
1.468,0.000,236.59,6.2,0,0,17
3.810,0.170,239.03,15.8,1,0,30
1.720,0.074,239.87,7.2,0,2,18
2.580,0.414,236.50,11.0,1,0,17
0.274,0.214,240.42,1.4,0,1,0
4.344,0.162,239.00,18.2,0,38,17
1.882,0.316,240.00,7.8,0,1,18
0.408,0.136,243.75,1.8,0,0,0
2.668,0.000,237.82,11.2,0,0,0
1.540,0.000,241.39,6.4,1,2,19
1.472,0.164,239.48,6.2,0,0,19
3.762,0.090,242.85,15.4,39,0,18
0.568,0.048,239.04,2.4,0,0,0
0.654,0.106,241.09,2.8,0,0,1
1.192,0.098,232.18,5.0,0,0,17
0.698,0.058,243.86,2.8,0,0,0
2.170,0.000,238.88,9.4,1,0,17
1.584,0.318,245.58,6.6,0,1,19
1.248,0.000,238.90,5.2,0,0,19
1.338,0.000,241.84,5.4,0,0,19
0.410,0.144,242.46,1.8,0,0,0
0.210,0.100,237.36,1.0,0,0,0
1.216,0.000,237.78,5.0,0,0,18
1.562,0.212,243.87,6.4,0,0,19
0.296,0.198,235.04,1.4,0,0,0
2.070,0.068,234.60,8.8,0,0,17
0.480,0.218,242.97,2.2,0,0,1
1.342,0.000,240.15,5.6,0,0,1
1.816,0.048,240.98,7.6,0,0,19
1.482,0.204,241.58,6.2,0,1,18
2.560,0.318,242.43,10.6,0,0,18
2.874,0.106,235.21,12.2,0,0,17
0.752,0.078,241.53,3.8,0,0,4
1.346,0.154,240.74,5.6,0,0,18
0.950,0.194,239.36,4.0,0,1,1
0.108,0.000,240.76,0.4,0,0,0
1.400,0.100,242.67,5.8,0,0,18
0.154,0.000,239.73,0.8,0,0,0
0.768,0.114,241.35,3.2,0,2,0
0.612,0.082,235.25,2.6,0,2,1
0.326,0.082,241.18,1.4,0,2,0
0.266,0.000,246.43,1.0,0,0,1
1.346,0.000,247.66,6.0,0,0,5
0.308,0.088,244.16,1.2,0,0,0
1.038,0.070,242.08,4.4,0,0,0
1.808,0.116,239.81,8.4,0,20,1
0.150,0.046,239.37,0.8,0,1,0
1.260,0.000,240.66,5.2,0,0,18
0.224,0.000,244.84,1.0,0,0,0
2.212,0.050,237.44,9.2,0,0,17
0.230,0.000,247.29,1.0,0,0,0
0.504,0.000,240.35,2.0,0,0,0
1.266,0.058,239.43,5.2,0,0,18
1.490,0.000,241.91,6.0,1,0,18
0.508,0.270,238.52,2.4,0,0,0
0.238,0.000,242.48,1.0,0,0,1
0.218,0.000,241.38,0.8,0,0,0
4.288,0.114,241.06,17.8,45,0,0
1.794,0.190,238.05,7.6,1,0,18
0.252,0.126,240.68,1.2,0,0,1
1.776,0.078,240.74,7.4,0,0,18
3.470,0.148,236.82,14.6,0,0,18
0.490,0.092,237.41,2.2,0,0,0
1.590,0.076,237.74,6.6,0,1,18
1.580,0.606,242.06,7.8,0,0,1
0.328,0.096,244.67,1.4,0,0,1
0.210,0.090,243.14,0.8,0,0,1
0.226,0.054,240.52,1.0,0,0,1
2.216,0.066,236.60,9.2,0,0,0
0.272,0.134,244.11,1.2,0,2,0
0.782,0.068,240.20,3.2,0,0,0
0.508,0.326,241.06,2.4,0,2,0
1.736,0.090,243.11,7.2,1,0,0
0.300,0.064,239.19,1.2,0,0,0
1.138,0.000,234.47,4.8,0,0,17
1.974,0.234,238.65,8.4,0,1,29
0.258,0.000,241.84,1.0,0,0,0
1.364,0.234,239.91,5.6,0,1,18
1.746,0.114,244.25,7.0,0,0,19
0.390,0.190,239.84,1.8,0,0,0
0.768,0.490,236.74,3.8,0,2,0
1.870,0.120,232.72,8.0,0,0,0
2.908,0.098,237.99,12.2,0,0,18
5.248,0.234,230.07,22.8,36,0,17
1.416,0.364,240.80,6.0,1,0,11
1.676,0.284,240.00,7.0,0,2,0
1.376,0.060,243.15,5.6,1,0,0
0.166,0.142,242.15,0.8,0,1,1
0.136,0.000,241.16,0.6,0,0,1
3.696,0.188,235.99,15.6,0,1,17
1.180,0.090,231.32,5.0,0,0,16
0.418,0.098,244.68,1.8,0,0,1
0.386,0.110,249.34,1.6,0,0,0
0.280,0.218,239.08,1.4,0,2,1
2.756,0.000,238.20,11.4,0,0,18
1.656,0.056,238.04,7.0,0,0,17
0.318,0.134,248.51,1.4,0,1,0
2.468,0.252,240.11,10.4,0,14,18
0.216,0.000,249.71,0.8,0,0,0
0.432,0.078,245.38,1.8,0,0,0
0.632,0.000,241.10,2.6,0,0,0
2.090,0.152,240.50,8.6,1,0,29
1.600,0.058,235.60,6.8,0,0,17
1.356,0.086,241.86,5.6,0,1,18
0.326,0.100,242.04,1.4,0,0,0
2.198,0.088,236.56,9.2,0,0,17
1.748,0.106,242.16,7.2,0,0,19
0.480,0.106,238.59,2.0,0,0,1
0.278,0.060,242.20,1.2,0,1,0
2.462,0.182,243.73,10.0,0,0,18
0.320,0.100,245.49,1.4,0,0,1
2.588,0.160,239.37,10.8,39,0,1
0.276,0.126,241.22,1.4,0,0,0
3.688,0.214,236.21,15.6,0,0,17
0.366,0.232,245.79,1.8,0,1,0
0.316,0.062,242.82,1.2,0,1,1
0.250,0.110,242.14,1.0,0,1,1
1.366,0.060,243.26,5.6,0,0,0
0.328,0.074,242.53,1.4,0,0,0
0.300,0.000,243.38,1.2,0,0,0
0.482,0.336,240.82,2.4,0,1,1
0.454,0.398,240.03,2.4,0,0,1
1.574,0.196,243.22,6.4,0,0,19
0.352,0.104,240.06,1.4,0,0,1
1.464,0.238,241.45,6.0,0,2,17
3.084,0.212,233.92,13.6,31,2,17
0.298,0.106,241.10,1.4,0,0,1
0.206,0.130,240.42,1.0,0,0,0
0.376,0.126,241.45,1.8,0,0,0
0.364,0.292,243.51,1.8,0,1,1
1.012,0.380,241.22,4.4,0,1,1
1.044,0.414,241.86,4.6,0,1,12
1.516,0.268,243.20,6.2,0,0,0
1.060,0.434,241.30,4.6,0,0,12
0.398,0.048,245.02,1.8,0,0,0
1.298,0.000,242.08,5.2,0,0,18
0.284,0.250,241.27,1.6,0,1,0
0.362,0.196,233.33,1.8,0,0,0
1.378,0.000,240.48,5.6,0,0,17
0.232,0.000,242.93,1.0,0,0,0
2.836,0.188,237.82,12.8,1,0,18
0.406,0.144,242.30,1.8,0,0,1
1.792,0.156,241.30,7.4,0,0,18
0.350,0.000,239.54,1.4,0,0,1
0.268,0.000,241.08,1.0,0,1,0
1.454,0.230,240.96,6.0,0,1,18
0.352,0.106,241.81,1.6,0,2,0
0.324,0.108,240.95,1.4,0,0,1
0.262,0.000,237.77,1.0,0,0,1
0.294,0.208,236.73,1.4,0,1,1
0.226,0.116,242.75,1.0,0,0,1
1.302,0.106,243.88,5.4,0,1,1
1.394,0.104,237.63,5.8,2,1,18
0.270,0.222,241.70,1.4,0,0,0
0.222,0.000,245.76,0.8,0,0,0
0.434,0.210,239.92,2.0,0,1,1
0.350,0.100,240.71,1.4,0,0,1
0.356,0.054,240.81,1.6,0,0,0
2.658,0.218,240.16,11.0,0,1,18
1.486,0.068,239.28,6.2,0,0,18
0.422,0.246,241.08,2.0,0,1,0
0.884,0.074,238.81,3.6,0,0,0
0.820,0.114,236.95,3.4,0,1,0
0.434,0.180,240.49,2.0,0,0,1
1.444,0.198,240.95,6.0,0,0,18
1.250,0.142,233.57,5.4,0,1,17
2.052,0.236,241.25,8.4,0,1,18
1.756,0.088,248.27,7.0,0,2,0
1.346,0.000,238.39,5.6,0,2,17
3.648,0.000,236.90,15.4,1,0,18
0.526,0.000,241.39,2.2,0,1,1
0.398,0.338,241.18,2.0,0,1,1
0.262,0.000,243.29,1.0,0,0,1
0.202,0.066,239.79,0.8,0,0,0
0.304,0.094,244.39,1.2,0,0,0
1.696,0.050,239.59,7.2,0,0,18
0.078,0.000,237.48,0.2,0,0,1
1.444,0.000,241.24,6.0,0,0,18
1.322,0.108,235.43,5.6,0,0,17
2.738,0.266,232.62,11.8,0,0,18
1.636,0.122,244.00,6.8,0,0,0
1.160,0.000,233.41,5.0,0,0,17
1.346,0.080,235.89,5.6,0,0,17
0.920,0.060,243.89,3.8,0,0,0
0.336,0.110,241.71,1.4,0,0,0
0.980,0.120,239.39,4.0,0,0,12
0.554,0.000,244.37,2.2,0,0,0
0.246,0.000,247.58,1.0,0,0,0
0.324,0.086,241.60,1.4,0,1,1
0.644,0.096,240.71,2.6,0,2,0
1.602,0.268,242.06,6.6,0,0,18
1.554,0.168,241.35,6.4,0,0,19
1.406,0.224,240.03,5.8,0,0,17
0.290,0.150,242.31,1.4,0,0,1
1.498,0.332,241.26,6.2,0,1,19
0.558,0.000,247.73,2.2,0,0,0
1.740,0.000,239.98,7.2,0,3,19
0.574,0.000,239.10,2.8,0,0,7
0.228,0.112,241.57,1.0,0,2,0
0.302,0.060,244.55,1.2,0,0,0
2.938,0.256,239.88,12.6,7,0,29
1.570,0.062,241.43,6.4,0,0,18
0.996,0.082,238.83,4.2,0,0,1
2.280,0.378,236.42,9.6,0,4,17
1.290,0.096,239.72,5.4,0,0,18
2.914,0.332,235.12,12.4,38,3,0
0.414,0.134,241.67,2.0,0,2,1
0.862,0.216,237.98,3.8,0,0,11
0.160,0.000,239.89,0.6,0,0,1
1.840,0.090,238.37,7.6,0,0,0
0.214,0.000,240.47,0.8,0,0,0
0.408,0.256,240.65,2.0,0,1,0
0.326,0.210,232.81,1.6,0,0,0
0.332,0.120,246.62,1.4,0,0,0
0.326,0.120,242.30,1.4,0,0,0
0.256,0.144,244.41,1.2,0,0,1
0.220,0.000,242.72,1.0,0,0,0
1.456,0.000,241.34,6.0,0,2,19
0.390,0.000,241.31,1.6,0,1,1
0.254,0.124,238.73,1.2,0,0,1
0.168,0.134,238.31,0.8,0,1,1
0.412,0.198,242.09,1.8,0,2,1
2.952,0.084,239.44,12.2,0,0,18
0.396,0.186,240.59,1.8,1,1,1
0.238,0.112,242.38,1.0,0,1,0
1.544,0.194,238.75,6.6,0,2,18
0.320,0.124,238.90,1.4,0,0,1
0.312,0.080,244.27,1.2,0,2,0
0.234,0.136,241.92,1.0,0,0,1
0.332,0.000,239.42,1.4,0,0,0
0.366,0.228,243.75,1.8,0,0,1
0.156,0.000,241.67,0.6,0,0,1
0.598,0.126,242.32,2.4,0,1,1
0.528,0.234,240.39,2.6,0,0,0
1.436,0.188,237.83,6.0,0,0,17
0.250,0.218,240.55,1.4,0,1,0
1.752,0.088,240.62,7.2,0,0,19
2.288,0.000,242.49,9.4,0,0,18
0.336,0.120,243.54,1.4,0,0,0
1.396,0.174,239.59,5.8,0,1,17
2.098,0.320,238.44,8.8,0,0,0
0.210,0.092,236.86,1.0,0,0,1
0.326,0.084,242.06,1.4,0,0,0
1.410,0.000,244.94,5.8,0,0,19
0.272,0.060,239.75,1.2,0,1,1
1.392,0.058,246.79,5.6,0,2,18
1.496,0.170,239.83,6.2,0,1,18
1.412,0.094,239.24,5.8,0,0,19
0.392,0.266,242.48,2.0,0,2,1
5.930,0.256,235.75,25.0,0,74,17
0.244,0.108,240.89,1.0,0,2,1
0.326,0.144,245.58,1.4,0,0,0
0.386,0.092,244.54,1.6,0,0,1
0.212,0.000,240.57,0.8,0,0,0
1.474,0.000,236.02,6.2,0,0,17
4.484,0.296,235.80,19.0,1,35,0
1.798,0.068,241.35,7.4,0,2,18
0.500,0.390,242.00,2.6,0,2,0
0.216,0.000,241.27,1.0,0,0,0
2.306,0.076,239.81,9.6,0,0,18
1.324,0.000,241.80,5.4,0,0,18
1.412,0.000,244.90,5.8,0,0,19
1.510,0.072,240.57,6.2,0,0,19
1.002,0.232,241.02,4.2,0,0,12
0.364,0.090,247.26,1.6,0,0,0
0.318,0.094,243.11,1.4,0,0,0
0.416,0.068,244.90,2.0,0,0,0
0.318,0.098,239.43,1.4,2,0,1
1.380,0.066,240.45,5.6,0,0,18
0.202,0.110,242.26,0.8,0,2,0
0.408,0.000,243.84,1.8,0,0,0
0.480,0.000,241.73,2.0,0,0,0
0.414,0.000,245.39,1.8,0,3,0
2.180,0.090,238.98,9.0,0,0,18
0.362,0.096,246.35,1.6,0,0,0
1.678,0.152,241.10,7.0,0,0,18
0.126,0.000,242.19,0.4,0,0,1
2.044,0.076,238.46,8.4,0,0,17
0.286,0.138,240.43,1.2,0,1,0
0.270,0.000,249.64,1.2,0,0,0
1.396,0.090,238.18,5.8,0,0,18
0.532,0.098,244.90,2.2,0,0,0
0.936,0.324,242.24,4.2,0,2,7
0.258,0.000,243.38,1.2,0,0,0
1.426,0.000,245.45,5.8,0,0,0
0.284,0.226,241.08,1.4,0,1,0
1.578,0.192,240.33,6.6,0,1,19
2.424,0.244,240.70,10.2,0,35,1
1.446,0.206,239.38,6.0,0,1,17
1.480,0.216,243.18,6.0,0,0,19
0.214,0.000,234.17,1.0,0,0,0
1.880,0.082,241.27,7.8,1,0,18
1.486,0.218,240.44,6.2,0,0,1
2.432,0.308,238.29,10.2,0,2,18
0.650,0.000,246.23,2.6,0,0,0
1.300,0.000,242.30,5.2,0,0,18
0.260,0.082,240.88,1.2,0,2,1
0.402,0.222,243.03,1.8,0,2,0
1.278,0.000,241.90,5.4,0,0,0
0.398,0.126,244.32,1.8,0,0,1
0.332,0.086,238.06,1.4,0,0,1
1.334,0.198,235.64,5.6,0,2,17
0.462,0.098,243.35,2.0,0,0,1
0.576,0.000,242.35,2.4,0,0,0
1.926,0.528,238.79,8.2,0,0,18
0.310,0.060,244.63,1.2,0,0,0
2.896,0.276,239.36,12.6,0,1,17
2.360,0.000,238.76,9.8,0,0,0
1.438,0.000,238.99,6.0,0,0,18
1.326,0.000,238.01,5.6,0,0,17
2.512,0.052,240.31,10.4,0,0,19
0.330,0.226,240.12,1.6,0,0,1
1.358,0.000,240.94,5.6,0,0,19
0.574,0.206,240.51,2.8,0,1,0
1.710,0.362,236.60,7.4,0,1,17
0.400,0.202,243.95,1.8,0,1,0
1.296,0.000,241.68,5.2,0,0,17
1.170,0.172,244.43,4.8,0,0,0
1.342,0.000,245.43,5.4,0,0,19
5.466,0.322,241.40,22.6,0,41,19
1.434,0.052,241.36,5.8,0,0,18
0.396,0.102,237.78,2.0,0,0,1
1.430,0.126,240.81,5.8,0,0,19
0.680,0.000,240.43,2.8,1,0,0
1.348,0.000,242.79,5.6,0,0,17
1.290,0.000,241.29,5.2,0,0,18
0.232,0.070,241.41,1.0,0,0,1
0.304,0.222,237.60,1.6,0,1,0
0.254,0.120,240.95,1.2,0,0,1
0.308,0.084,237.52,1.4,0,0,0
3.632,0.106,234.62,15.4,37,0,17
1.850,0.078,239.18,7.8,1,0,18
0.228,0.000,241.36,1.0,0,0,0
2.448,0.216,239.32,10.2,0,18,18
1.398,0.066,240.67,5.8,0,0,19
1.352,0.434,240.77,6.0,0,2,1
0.392,0.000,243.66,1.6,0,0,1
1.388,0.104,240.84,5.8,0,0,18
1.368,0.056,242.39,5.6,0,0,18
0.158,0.000,242.71,0.6,0,0,0
0.344,0.070,242.78,1.4,0,0,1
0.174,0.146,237.92,0.8,0,0,1
1.460,0.058,237.27,6.2,0,0,18
0.346,0.062,243.50,1.6,0,0,0
0.342,0.200,241.20,1.6,0,0,1
1.736,0.218,246.12,7.0,2,19,0
1.946,0.150,241.29,8.4,0,24,1
0.282,0.118,241.69,1.2,0,0,1
2.708,0.250,238.54,12.4,16,0,17
1.296,0.046,241.60,5.2,0,0,18
0.400,0.208,233.25,2.0,0,0,0
1.358,0.000,243.12,5.6,0,0,19
1.300,0.000,242.07,5.2,0,0,18
0.424,0.244,240.96,2.2,0,2,4
1.556,0.000,236.73,6.6,0,1,17
1.504,0.086,239.30,6.4,0,0,17
1.274,0.064,229.01,5.4,0,0,16
2.326,0.114,237.80,10.6,33,0,1
2.050,0.316,237.27,8.6,0,1,30
2.004,0.198,236.60,8.4,0,1,18
0.376,0.070,238.97,1.6,0,0,0
0.256,0.056,240.53,1.2,0,0,1
0.082,0.000,241.45,0.2,0,0,1
1.312,0.114,241.41,5.4,0,0,18
0.424,0.236,242.27,2.0,0,2,1
1.720,0.096,235.76,7.2,0,0,0
0.322,0.112,242.46,1.4,0,2,0
1.312,0.000,244.65,5.4,0,0,19
0.198,0.000,242.08,1.2,0,0,0
1.360,0.090,238.39,5.6,0,0,17
2.242,0.062,239.60,9.4,1,0,17
0.174,0.150,240.43,0.8,0,0,1
2.910,0.052,232.20,12.4,0,0,17
1.348,0.076,241.03,5.6,0,0,19
0.176,0.150,240.37,0.8,0,0,1
1.716,0.144,245.34,7.0,1,2,19
2.974,0.392,238.87,12.6,0,37,0
1.364,0.072,236.28,5.6,0,0,17
0.178,0.102,240.41,0.8,0,0,0
0.378,0.210,240.69,1.8,0,0,0
0.974,0.216,237.90,4.2,0,0,13
0.862,0.338,245.55,3.8,0,1,0
0.126,0.000,234.91,0.6,0,0,0
0.214,0.000,240.50,0.8,0,0,0
0.252,0.000,241.37,1.0,0,0,0
1.326,0.000,243.91,5.4,0,0,19
1.202,0.254,238.88,5.2,0,2,0
0.166,0.138,239.72,0.8,0,2,1
1.308,0.000,243.04,5.4,0,0,18
2.184,0.234,238.73,9.2,0,0,18
0.218,0.000,242.42,0.8,0,0,0
1.280,0.000,239.16,5.2,0,1,19
0.562,0.074,233.05,2.4,0,0,0
0.156,0.120,239.13,0.8,0,0,1
0.160,0.142,241.74,0.8,0,1,1
0.260,0.056,240.09,1.2,0,0,0
2.144,0.110,233.27,9.2,0,0,17
1.930,0.170,241.54,8.0,0,0,30
0.366,0.266,239.70,1.8,0,2,1
0.776,0.334,243.02,3.4,0,1,1
1.316,0.050,238.69,5.4,0,0,18
4.316,0.070,238.76,18.0,38,0,17
0.402,0.070,245.68,1.6,0,0,0
1.716,0.000,244.01,7.0,0,0,19
0.126,0.000,242.34,0.4,0,0,0
3.370,0.284,237.83,14.4,0,0,28
0.368,0.124,242.69,1.6,0,0,0
1.892,0.320,235.96,8.0,0,1,17
0.332,0.092,241.47,1.4,0,2,0
0.366,0.200,241.77,1.6,0,0,0
3.894,0.212,236.72,16.4,0,0,18
2.626,0.194,240.34,11.0,0,0,18
0.520,0.102,245.28,2.4,0,0,0
0.300,0.080,244.42,1.2,0,0,1
3.178,0.506,241.06,13.2,40,1,1
1.726,0.052,243.21,7.0,0,2,18
0.166,0.000,240.32,0.8,0,0,1
0.382,0.136,245.60,1.6,0,0,0
0.434,0.000,243.45,1.8,0,0,1
0.290,0.000,248.24,1.2,0,0,1
0.208,0.000,241.64,1.0,0,0,0
1.584,0.000,243.98,6.4,0,0,18
1.224,0.000,240.59,5.0,0,0,18
1.670,0.112,239.93,7.0,0,0,19
0.394,0.048,231.44,1.8,0,2,1
0.348,0.136,244.24,1.4,0,0,0
1.694,0.238,239.70,7.2,1,0,17
0.522,0.000,244.10,2.0,0,0,0
0.388,0.254,241.50,2.0,0,0,1
1.254,0.232,241.53,5.6,0,2,8
1.330,0.000,238.53,5.6,0,0,1
2.486,0.092,240.08,10.2,0,0,18
0.642,0.194,239.43,2.8,0,1,1
0.366,0.160,235.24,1.6,0,1,0
0.306,0.166,242.27,1.4,0,0,1
2.308,0.078,239.60,9.6,0,0,18
0.328,0.000,243.68,1.2,0,0,1
2.372,0.132,240.58,9.8,0,0,0
1.538,0.136,245.69,6.2,0,0,0
2.008,0.000,239.87,8.2,1,0,18
1.462,0.096,231.46,6.2,0,0,17
0.262,0.126,243.05,1.2,0,0,1
0.550,0.250,242.37,2.4,0,0,1
0.148,0.000,238.70,0.6,0,0,0
0.982,0.108,240.51,5.0,0,1,1
0.172,0.118,237.88,1.0,0,0,0
0.242,0.108,241.68,1.0,0,0,1
0.198,0.120,236.13,1.0,0,0,0
1.264,0.000,235.82,5.2,0,0,18
2.528,0.104,239.55,10.4,0,0,17
0.390,0.370,242.90,2.2,0,2,0
1.864,0.000,241.97,7.6,0,0,18
0.298,0.092,244.24,1.2,0,1,0
1.520,0.306,240.34,6.4,0,2,18
0.454,0.236,245.66,2.0,0,2,1
2.108,0.398,239.88,9.0,0,1,30
1.816,0.202,242.70,7.4,0,1,18
0.216,0.120,242.89,1.0,0,0,1
0.514,0.052,246.38,2.0,0,0,1
0.526,0.202,237.32,2.2,1,0,0
1.710,0.070,242.88,7.0,0,0,18
3.336,0.302,237.41,14.0,0,0,18
1.466,0.000,240.00,6.0,0,0,18
0.298,0.252,241.22,1.6,0,1,1
0.360,0.100,243.49,1.4,0,0,1
0.300,0.000,243.10,1.2,0,0,1
3.046,0.122,235.86,12.8,0,0,17
0.328,0.118,244.78,1.4,0,0,0
0.300,0.062,245.42,1.2,0,0,0
1.474,0.204,242.47,6.0,0,0,18
0.160,0.000,242.23,0.6,0,0,1
0.370,0.110,240.06,1.8,0,0,1
1.158,0.066,232.21,5.0,0,0,16
1.476,0.238,243.06,6.0,0,1,18
0.250,0.000,248.58,1.0,0,0,0
0.150,0.000,239.92,0.6,0,0,0
0.172,0.000,240.59,0.8,0,0,1
0.218,0.000,247.74,0.8,0,0,0
2.878,0.204,240.22,12.0,1,0,18
3.516,0.000,238.84,14.6,38,0,18
0.264,0.046,244.48,1.2,0,0,0
1.692,0.260,241.87,7.0,0,0,18
2.800,0.168,238.90,11.6,0,1,18
1.332,0.056,244.90,5.4,0,0,18
1.492,0.096,243.46,6.0,0,0,19
4.570,0.052,238.80,19.0,0,0,18
3.544,0.204,237.39,15.4,33,0,18
0.116,0.000,242.35,0.6,0,0,0
2.238,0.194,236.90,9.4,1,0,30
0.434,0.210,238.11,2.0,0,0,0
0.336,0.216,239.41,1.6,0,0,1
1.430,0.078,242.02,5.8,0,2,18
1.560,0.080,240.08,6.4,0,0,17
1.934,0.114,237.91,8.0,0,0,18
1.178,0.058,228.90,5.0,0,0,16
0.264,0.104,239.96,1.2,0,0,1
1.526,0.830,245.78,7.6,0,0,1
0.286,0.000,238.22,1.2,0,0,0
0.302,0.064,243.39,1.2,0,0,0
0.758,0.208,246.89,3.2,0,1,1
1.386,0.056,241.32,5.6,0,2,19
0.390,0.232,243.56,1.8,0,0,0
1.262,0.062,239.73,5.2,0,0,18
0.176,0.000,241.31,1.0,0,0,1
0.906,0.084,243.45,3.8,0,0,0
1.602,0.072,242.41,6.6,0,0,19
1.856,0.000,239.70,7.6,0,0,1
0.134,0.000,241.25,0.6,0,0,1
0.422,0.158,237.51,2.0,0,0,0
2.698,0.104,240.74,11.2,0,0,18
2.410,0.286,237.24,10.2,0,0,17
2.042,0.302,241.86,8.8,0,26,0
1.444,0.050,242.46,6.0,0,0,18
4.128,0.390,237.12,17.4,38,0,17
0.206,0.088,240.16,0.8,0,0,0
1.822,0.000,238.92,7.6,0,0,18
0.482,0.056,244.25,2.0,0,0,0
0.740,0.364,239.20,3.4,0,2,0
0.412,0.090,243.91,1.8,0,0,1
5.556,0.366,232.40,23.8,37,0,17
1.604,0.056,239.40,6.6,0,0,18
0.228,0.000,241.27,0.8,0,0,1
1.888,0.114,239.48,7.8,0,0,17
2.712,0.156,240.59,11.2,0,1,18
0.590,0.230,243.73,2.6,0,0,0
1.292,0.000,241.04,5.2,0,0,18
0.604,0.128,240.47,2.6,0,0,0
3.474,0.058,236.29,14.6,38,0,0
0.226,0.112,241.15,1.0,0,1,0
0.436,0.000,244.10,2.0,0,0,0
0.320,0.108,241.26,1.4,0,0,0
0.332,0.192,238.86,1.6,0,0,1
1.744,0.198,238.58,7.2,0,0,18
0.536,0.254,237.79,2.4,0,2,0
0.250,0.000,241.85,1.0,0,0,0
0.252,0.000,248.31,1.0,0,0,0
0.744,0.092,242.94,3.2,1,0,1
3.026,0.222,240.28,12.6,0,0,17
0.222,0.000,236.23,1.0,0,0,0
0.220,0.120,240.10,1.0,0,1,1
0.856,0.150,242.96,3.6,0,0,0
1.494,0.064,242.97,6.0,0,0,18
0.186,0.086,236.57,0.8,0,1,0
0.112,0.000,239.38,0.6,0,0,0
0.258,0.046,245.55,1.0,0,0,0
4.786,0.220,233.59,20.4,0,3,17
1.384,0.000,246.81,5.6,0,0,20
0.240,0.000,240.95,1.2,0,0,0
0.340,0.082,243.98,1.4,0,0,1
1.230,0.148,237.91,5.2,0,19,1
0.312,0.096,242.71,1.4,0,0,0
0.616,0.132,242.80,2.6,0,0,0
0.252,0.000,242.87,1.0,0,0,0
0.392,0.096,245.20,1.6,0,0,0
0.240,0.000,243.44,1.0,0,0,0
6.540,0.000,236.35,27.6,37,31,17
1.282,0.000,239.57,5.2,0,0,18
0.164,0.000,240.18,0.6,0,0,1
0.850,0.064,241.11,3.6,0,0,0
1.416,0.070,239.79,5.8,0,0,18
1.604,0.070,238.47,6.6,0,0,18
0.250,0.108,241.98,1.0,0,0,0
0.292,0.078,243.36,1.2,0,1,0
0.308,0.238,241.53,1.6,0,0,1
0.688,0.146,240.25,3.0,0,0,0
0.138,0.000,238.52,0.6,0,0,1
1.844,0.226,241.08,7.6,0,0,11
0.440,0.220,245.84,2.0,0,1,0
0.110,0.000,242.48,0.6,0,0,0
0.266,0.000,241.66,1.2,0,0,3
2.456,0.124,240.58,10.2,0,2,17
0.406,0.208,241.04,1.8,0,2,0
0.150,0.000,239.45,0.6,0,0,1
0.408,0.204,240.25,1.8,0,1,0
6.008,0.426,234.16,25.6,1,36,17
1.272,0.050,236.92,5.2,0,0,18
0.550,0.336,242.31,2.6,0,0,0
0.352,0.316,238.87,2.0,0,1,0
0.082,0.000,241.78,0.2,0,0,1
0.358,0.358,241.78,2.0,0,1,0
0.380,0.196,241.75,1.8,0,0,0
0.254,0.052,242.23,1.2,0,0,0
3.184,0.076,240.89,13.2,0,0,19
4.078,0.144,238.33,17.0,37,2,1
2.596,0.142,243.56,10.6,0,0,19
2.910,0.184,242.00,12.0,0,1,18
0.968,0.204,241.70,4.0,0,0,13
0.424,0.000,240.14,2.2,0,0,0
2.152,0.050,238.21,9.0,0,0,18
5.712,0.406,237.13,24.0,44,1,17
1.402,0.000,244.52,5.6,0,0,19
0.382,0.182,243.86,1.6,0,0,0
3.978,0.256,241.96,16.4,1,36,18
1.376,0.000,242.97,5.6,0,0,19
0.308,0.090,241.77,1.4,0,0,1
0.220,0.000,242.77,0.8,0,0,1
0.350,0.218,242.74,1.6,0,1,1
0.622,0.204,242.27,2.6,0,1,1
1.256,0.062,237.54,5.2,0,0,18
0.234,0.000,244.36,1.0,0,0,0
0.378,0.084,243.55,1.6,0,0,0
0.214,0.000,238.48,0.8,0,0,0
2.416,0.000,240.16,10.0,2,0,0
1.452,0.092,243.74,5.8,0,0,19
1.552,0.000,239.01,6.6,0,1,18
1.496,0.066,240.37,6.2,0,1,18
0.264,0.000,242.26,1.0,0,0,0
2.682,0.320,236.66,11.4,0,1,17
0.304,0.160,235.02,1.4,0,1,0
0.470,0.318,235.26,2.4,0,1,0
0.698,0.166,243.70,2.8,0,0,1
4.196,0.398,241.02,17.4,40,0,19
1.068,0.354,240.28,4.6,0,0,11
1.980,0.158,238.62,8.2,0,0,28
0.328,0.078,238.66,1.4,0,1,0
1.934,0.216,240.00,8.0,0,1,18
2.470,0.182,238.77,10.4,0,1,18
1.400,0.000,241.92,5.8,0,0,19
0.682,0.214,243.18,2.8,0,0,1
0.212,0.000,238.67,0.8,0,0,0
4.524,0.168,237.08,19.0,0,35,17
2.660,0.000,241.25,11.0,0,0,18
0.300,0.000,241.09,1.2,0,0,0
2.768,0.178,240.12,11.8,0,0,31
0.402,0.202,245.63,1.8,0,1,0
1.932,0.344,235.05,8.2,0,0,17
0.186,0.082,239.32,0.8,0,0,0
0.608,0.000,237.72,2.6,0,0,0
1.270,0.148,241.13,5.2,0,0,0
2.200,0.144,239.52,9.2,0,0,18
0.288,0.052,236.48,1.6,0,0,0
0.324,0.076,242.78,1.4,0,0,1
0.454,0.076,238.02,1.8,0,0,0
0.252,0.000,246.84,1.0,0,0,0
1.380,0.088,237.35,5.8,0,0,18
0.422,0.100,241.82,1.8,0,0,0
1.606,0.096,248.47,6.4,0,1,20
1.760,0.000,238.17,7.4,0,0,18
0.310,0.190,238.82,1.4,0,2,0
0.470,0.062,241.75,2.0,0,0,0
1.440,0.100,241.06,6.0,0,0,18
0.236,0.000,240.18,1.0,0,0,0
0.278,0.096,237.42,1.2,0,0,0
1.954,0.000,237.50,8.2,0,0,17
0.226,0.140,243.79,1.0,0,0,0
2.318,0.000,242.04,9.6,0,0,18
1.922,0.166,237.15,8.0,0,0,18
0.396,0.240,240.84,2.0,0,1,0
0.298,0.228,246.56,1.4,0,0,1
1.296,0.000,235.36,5.6,0,3,0
0.204,0.000,244.11,0.8,0,0,0
1.364,0.000,243.07,5.6,0,0,18
0.510,0.098,243.01,2.4,0,0,0
0.206,0.118,241.43,1.0,0,1,1
3.212,0.386,235.00,13.6,38,0,1
0.580,0.144,243.26,2.4,0,1,1
4.100,0.316,231.85,17.6,0,38,0
1.484,0.286,237.19,6.4,0,1,17
1.464,0.100,245.37,6.0,0,0,19
5.682,0.078,236.93,24.2,0,0,17
0.630,0.060,237.55,2.6,0,0,0
0.302,0.000,248.14,1.4,0,0,0
1.530,0.284,241.23,6.4,0,1,18
3.458,0.154,237.32,14.6,0,37,0
1.406,0.136,233.29,6.0,0,0,18
0.272,0.000,246.52,1.2,0,0,1
1.596,0.072,237.86,6.6,0,0,18
0.330,0.056,242.10,1.4,0,0,1
0.112,0.000,234.27,0.6,0,0,0
0.412,0.110,235.78,2.0,0,0,0
1.602,0.220,241.81,6.6,0,2,19
0.418,0.230,242.90,2.0,0,2,1
1.516,0.064,240.33,6.2,1,0,18
3.702,0.000,233.79,16.0,0,27,17
0.446,0.208,236.87,2.0,0,1,0
3.964,0.180,235.85,16.8,37,0,0
0.626,0.328,244.35,3.0,0,1,0
0.406,0.070,242.57,1.8,0,0,1
1.798,0.070,239.69,7.4,0,0,18
0.296,0.254,239.55,1.6,0,1,0
0.212,0.000,238.94,0.8,0,0,0
1.582,0.106,240.84,7.0,0,2,1
0.570,0.090,238.84,2.4,0,1,1
0.266,0.200,238.34,1.4,0,1,0
0.848,0.000,243.94,3.4,1,0,0
1.426,0.062,243.15,5.8,0,0,19
0.272,0.000,241.54,1.2,1,1,1
1.562,0.110,240.45,6.4,0,0,17
2.558,0.126,236.85,10.8,1,0,17
1.410,0.066,245.71,5.8,0,19,1
1.392,0.088,239.93,5.8,0,0,18
0.328,0.150,241.96,1.4,0,0,0
1.948,0.216,242.01,8.0,0,0,18
0.370,0.100,240.29,1.6,0,0,0
1.560,0.288,241.77,6.6,0,0,19
0.366,0.054,241.63,1.6,0,0,0
7.780,0.170,235.00,33.0,36,35,17
1.592,0.314,240.52,6.8,0,2,18
1.570,0.276,243.11,6.4,0,1,19
1.292,0.052,245.34,5.2,0,0,0
3.060,0.294,241.21,12.6,0,0,19
1.446,0.052,244.83,5.8,0,0,19
0.478,0.070,241.42,2.4,0,0,0
2.030,0.228,242.51,8.4,0,1,0
1.474,0.194,235.81,6.2,0,1,17
0.558,0.228,239.65,2.8,0,0,0
0.470,0.048,242.52,2.0,0,0,1
6.750,0.356,238.44,28.2,0,74,18
0.352,0.138,239.37,1.6,0,0,0
0.192,0.070,240.59,0.8,0,0,0
0.418,0.222,241.43,1.8,0,1,0
1.270,0.048,239.93,5.2,0,0,18
0.226,0.000,238.27,1.0,0,0,0
0.146,0.000,240.42,0.6,0,0,0
0.376,0.084,234.50,1.6,0,0,0
1.494,0.106,243.39,6.0,1,0,19
0.258,0.268,239.48,1.4,0,2,1
0.396,0.214,247.00,1.8,0,0,0
0.350,0.260,242.75,1.8,0,1,1
2.956,0.154,246.12,12.2,0,0,19
1.328,0.210,237.88,5.6,0,0,18
0.324,0.108,243.51,1.4,0,0,1
1.374,0.214,241.50,5.6,0,0,18
2.212,0.070,243.51,9.0,0,0,0
1.692,0.098,235.24,7.2,0,0,18
1.576,0.300,238.16,6.6,0,1,18
1.344,0.250,237.91,5.8,1,0,13
0.656,0.086,237.54,2.8,0,0,1
1.414,0.278,237.26,6.0,0,1,18
0.248,0.082,243.93,1.0,0,0,1
0.288,0.220,239.30,1.4,0,0,0
2.932,0.046,239.16,12.2,0,0,19
0.390,0.050,245.33,1.8,0,0,0
1.592,0.256,237.59,6.8,0,3,18
0.378,0.084,240.37,1.6,0,0,1
0.358,0.178,242.90,1.6,0,1,0
2.650,0.046,236.29,12.8,0,24,1
3.230,0.392,241.71,16.0,16,2,19
3.112,0.118,236.30,13.2,1,0,18
1.480,0.168,241.88,6.0,0,1,20
3.072,0.424,232.41,13.6,1,0,17
0.380,0.116,242.87,1.6,0,0,0
0.140,0.000,242.72,0.6,0,0,0
2.514,0.110,239.50,10.4,0,0,18
0.422,0.202,241.47,1.8,0,1,0
0.372,0.202,241.45,1.8,0,1,1
3.348,0.382,237.28,14.4,0,2,17
0.428,0.250,242.42,2.0,0,1,0
2.684,0.186,237.22,11.2,39,0,1
0.178,0.066,243.17,1.0,0,0,0
0.208,0.000,244.10,0.8,0,0,0
0.222,0.000,243.10,1.0,0,0,0
0.688,0.504,242.26,3.4,0,2,0
0.282,0.146,240.99,1.4,0,0,1
0.662,0.112,241.95,3.2,0,0,10
0.860,0.102,240.68,3.6,0,0,1
1.342,0.182,236.44,5.6,0,0,18
1.378,0.000,244.02,5.6,0,0,19
0.622,0.112,239.49,2.6,0,0,0
0.812,0.244,244.24,3.4,0,0,0
0.428,0.272,247.42,2.0,0,2,0
0.558,0.252,241.51,2.6,0,1,1
0.368,0.082,243.07,1.4,0,0,1
1.732,0.290,237.64,7.4,1,2,17
0.210,0.094,236.01,1.0,0,1,0
0.358,0.144,240.87,1.6,0,0,1
1.606,0.356,237.39,6.8,0,1,17
1.264,0.100,237.26,5.2,0,0,18
0.230,0.000,244.22,1.0,0,0,0
1.286,0.000,241.30,5.2,0,0,19
0.252,0.048,242.60,1.0,0,0,0
0.298,0.242,242.78,1.6,0,1,0
1.536,0.076,245.68,6.2,0,0,19
0.340,0.232,238.58,1.6,0,2,0
1.548,0.078,240.41,6.4,0,0,19
1.774,0.166,239.42,7.4,0,2,0
0.280,0.000,243.64,1.2,0,0,0
0.298,0.104,240.22,1.4,0,1,1
2.694,0.326,237.33,11.8,0,0,17
2.364,0.000,242.79,9.8,2,0,0
0.286,0.116,241.53,1.4,0,0,1
0.452,0.156,239.26,2.0,0,1,0
0.354,0.128,241.97,1.4,0,0,1
1.502,0.094,241.54,6.2,0,0,18
0.996,0.052,240.56,4.6,0,0,7
0.244,0.000,244.68,1.0,0,0,1
0.140,0.000,236.26,0.6,0,0,0
4.424,0.084,239.59,18.4,0,0,18
0.336,0.000,241.91,1.4,0,0,0
0.250,0.124,242.34,1.2,0,0,0
0.384,0.152,230.62,1.8,0,0,1
0.218,0.120,241.46,1.0,0,1,1
0.270,0.052,241.87,1.2,0,0,0
0.436,0.190,246.47,2.0,0,1,0
1.550,0.000,242.40,6.4,0,0,18
0.498,0.330,244.63,2.4,0,2,0
0.252,0.000,240.14,1.0,0,0,0
0.204,0.000,241.88,1.0,0,0,0
0.280,0.084,242.68,1.2,0,0,0
0.360,0.094,241.35,1.6,0,0,1
1.526,0.262,241.98,6.4,0,0,18
0.232,0.104,242.87,1.0,0,0,0
0.210,0.128,240.64,1.0,0,1,0
0.380,0.172,235.98,1.8,0,0,0
2.390,0.000,237.51,10.0,1,0,18
0.424,0.194,243.10,1.8,0,0,0
0.244,0.246,241.19,1.4,0,1,1
0.198,0.000,242.67,0.8,0,0,1
2.902,0.340,235.85,12.6,0,28,12
0.982,0.174,239.64,4.2,0,1,1
0.334,0.236,241.51,1.6,0,0,0
0.232,0.000,243.30,1.0,0,0,0
3.160,0.086,237.60,13.2,37,0,1
1.334,0.000,241.14,5.4,0,0,18
0.208,0.106,240.46,1.0,0,0,1
3.080,0.074,241.67,12.6,39,0,1
2.440,0.178,240.86,10.0,0,1,0
0.372,0.266,238.70,2.0,0,1,0
0.706,0.058,244.98,2.8,0,0,0
0.296,0.090,240.67,1.2,0,2,1
3.018,0.288,235.11,12.8,0,0,17
2.076,0.214,236.29,8.8,0,0,18
1.276,0.080,237.77,5.4,0,0,18
1.014,0.046,239.86,4.2,0,0,1
1.294,0.072,245.33,5.2,0,0,0
0.412,0.190,238.90,1.8,0,0,1
4.400,0.496,241.18,18.2,39,2,19
0.146,0.000,238.11,0.6,0,0,1
0.412,0.356,242.56,2.2,0,1,1
0.386,0.000,243.95,1.6,0,0,0
0.252,0.050,241.96,1.0,0,0,1
0.250,0.108,237.36,1.2,0,0,0
1.054,0.000,241.55,4.4,0,0,1
0.262,0.276,241.00,1.4,0,1,0
2.150,0.180,239.75,9.0,0,0,18
0.434,0.234,239.76,2.0,0,1,1
0.220,0.110,244.78,1.0,0,0,0
0.212,0.132,240.82,1.0,0,0,0
1.628,0.202,238.90,6.8,0,0,0
1.440,0.000,239.29,6.0,0,0,18
1.458,0.076,244.86,5.8,0,1,19
2.004,0.166,239.26,8.4,0,1,1
0.322,0.062,239.82,1.4,0,0,1
0.222,0.052,242.44,1.0,0,0,0
0.392,0.236,243.86,1.8,0,1,0
0.294,0.096,242.21,1.2,0,0,0
0.234,0.116,242.61,1.0,0,1,1
2.708,0.070,238.98,11.4,0,0,18
0.302,0.112,243.26,1.2,0,0,0
0.226,0.000,247.53,1.0,0,0,0
1.104,0.000,239.16,4.6,0,0,1
0.426,0.110,243.97,2.0,0,0,1
0.092,0.000,241.71,0.4,0,0,0
0.114,0.000,240.56,0.6,0,0,0
0.246,0.124,244.42,1.0,0,0,0
1.686,0.274,239.31,7.0,0,6,18
0.728,0.124,246.24,3.0,0,2,1
0.338,0.104,240.44,1.4,0,0,0
0.294,0.068,242.46,1.2,0,0,0
0.318,0.096,242.48,1.4,0,0,0
1.436,0.000,242.27,5.8,0,0,18
0.350,0.000,243.85,1.6,0,0,0
0.170,0.136,238.62,0.8,0,1,1
0.432,0.210,244.94,2.0,0,0,0
2.068,0.196,237.34,8.6,0,1,0
0.204,0.106,240.81,0.8,0,0,1
0.320,0.000,243.58,1.4,0,0,1
0.590,0.188,239.99,2.8,0,0,0
0.404,0.230,243.79,1.8,0,0,0
1.064,0.074,236.48,4.4,0,1,0
1.280,0.306,241.37,5.4,0,1,11
0.466,0.128,241.35,2.0,0,0,1
0.276,0.232,241.11,1.4,0,0,0
1.506,0.066,242.56,6.2,0,0,19
0.288,0.060,241.55,1.4,0,0,0
0.228,0.000,246.42,1.0,0,0,0
4.216,0.422,236.55,17.8,38,0,1
0.310,0.124,240.44,1.4,0,1,0
0.154,0.000,241.98,0.6,0,0,0
0.234,0.204,241.50,1.2,0,2,0
1.374,0.090,238.75,5.6,0,0,17
0.244,0.000,241.44,1.0,0,0,1
1.266,0.074,239.69,5.2,0,0,18
1.464,0.064,236.47,6.2,0,0,0
0.236,0.128,239.47,1.0,0,0,1
1.580,0.064,242.27,6.4,1,0,18
0.384,0.060,244.65,2.0,0,0,2
0.408,0.248,244.91,1.8,0,1,0
0.228,0.000,242.25,1.0,0,0,0
1.384,0.220,238.76,5.8,0,1,18
0.632,0.140,247.95,2.6,0,1,1
1.366,0.068,235.19,5.8,2,0,17
1.474,0.228,237.72,6.2,0,1,0
2.632,0.326,236.77,11.2,0,1,0
0.216,0.000,241.70,0.8,0,0,0
0.292,0.090,241.91,1.2,0,1,1
3.916,0.254,236.89,16.4,38,2,18
0.292,0.072,243.43,1.2,0,1,0
0.396,0.228,242.45,1.8,0,1,1
0.284,0.054,236.09,1.2,0,0,0
1.290,0.000,241.57,5.2,0,0,18
0.216,0.084,242.41,1.0,0,0,1
2.640,0.170,232.92,11.2,0,0,0
0.402,0.226,243.82,1.8,0,0,0
1.786,0.000,235.36,7.6,0,0,0
0.304,0.066,247.28,1.2,0,0,0
1.318,0.000,244.11,5.4,0,0,18
0.140,0.000,244.83,0.6,0,0,1
0.322,0.098,235.95,1.4,0,0,0
1.280,0.000,238.60,5.2,0,0,18
0.210,0.140,242.48,1.0,0,0,0
1.384,0.054,243.56,5.6,0,0,18
0.270,0.000,244.45,1.2,0,0,0
0.406,0.346,238.71,2.2,0,1,0
2.082,0.174,240.61,8.6,0,0,18
0.376,0.190,242.08,1.6,0,1,1
0.904,0.454,244.85,4.2,0,1,0
3.390,0.000,234.17,14.6,0,0,16
1.444,0.202,238.66,6.0,0,0,17
1.200,0.198,238.27,5.0,0,1,0
0.194,0.000,243.79,0.8,0,0,1
0.240,0.000,242.80,1.0,0,0,0
0.720,0.000,238.84,3.0,0,0,0
1.918,0.196,235.62,8.2,0,2,17
2.366,0.000,236.14,10.0,0,0,17
2.188,0.098,240.23,9.0,0,0,19
0.424,0.248,245.55,2.0,0,0,0
0.456,0.000,241.40,2.0,0,0,0
4.138,0.666,240.03,17.4,0,0,28
4.432,0.244,239.02,18.8,38,7,19
0.504,0.062,245.99,2.0,0,0,0
0.390,0.134,242.01,1.8,0,0,1
0.304,0.080,241.54,1.2,0,0,0
0.398,0.210,242.43,1.8,0,0,0
0.456,0.212,242.55,2.0,0,1,0
0.458,0.178,244.04,2.0,0,0,0
0.298,0.068,233.70,1.2,0,0,0
1.458,0.200,238.35,6.0,0,1,18
0.234,0.106,243.55,1.0,0,1,0
2.074,0.260,240.72,8.8,0,0,19
1.922,0.116,243.10,7.8,0,0,19
0.224,0.000,241.35,0.8,0,0,1
3.276,0.150,240.90,15.0,0,0,30
1.342,0.092,243.92,5.4,0,0,0
4.954,0.666,241.50,20.6,0,0,18
0.314,0.000,245.36,1.6,0,0,0
0.302,0.096,244.34,1.2,0,0,1
1.330,0.000,239.77,5.4,0,0,17
3.924,0.248,241.76,16.2,0,39,18
1.262,0.082,238.75,5.2,0,0,0
0.154,0.000,241.71,0.6,0,0,1
1.338,0.326,240.84,5.6,0,2,1
0.198,0.094,239.73,0.8,0,0,0
0.254,0.052,241.87,1.0,0,0,0
1.940,0.346,240.50,8.2,0,1,18
1.890,0.176,245.98,7.6,0,1,18
3.292,0.000,232.87,14.0,0,0,16
1.358,0.084,239.94,5.6,0,1,18
2.654,0.234,239.37,11.0,38,1,1
1.302,0.114,241.13,5.4,0,0,17
0.296,0.082,241.47,1.2,0,1,0
0.232,0.000,237.93,1.0,0,0,1
0.220,0.138,242.62,1.0,0,1,1
0.226,0.132,244.42,1.0,0,1,1
0.354,0.078,239.74,1.4,0,0,1
0.524,0.080,240.03,2.2,0,1,1
0.162,0.000,242.32,0.8,0,0,1
0.248,0.000,243.14,1.0,0,0,1
0.316,0.000,240.71,1.4,0,0,0
0.274,0.000,246.91,1.2,0,0,0
0.248,0.106,241.92,1.0,0,2,1
0.176,0.000,239.17,0.8,0,0,1
0.308,0.128,240.21,1.4,0,2,1
1.560,0.168,238.45,6.6,1,0,1
0.388,0.194,241.13,1.8,0,0,0
0.224,0.088,240.67,1.0,0,0,1
1.404,0.112,242.07,5.8,0,0,18
0.176,0.146,238.34,0.8,0,0,0
3.136,0.154,245.29,13.0,0,28,18
1.512,0.318,239.08,6.4,0,2,18
1.440,0.090,236.81,6.2,0,0,18
1.292,0.112,237.61,5.4,0,0,18
2.708,0.220,241.75,11.2,39,1,0
0.346,0.264,243.21,1.8,0,1,0
1.772,0.320,243.34,7.4,0,4,18
3.252,0.108,238.30,13.6,0,33,17
0.592,0.324,239.38,3.0,0,2,0
3.084,0.228,236.48,13.0,0,0,17
0.400,0.216,240.85,2.2,0,1,0
0.338,0.000,242.17,1.4,0,0,1
2.338,0.132,245.23,9.4,2,1,19
1.490,0.150,243.38,6.2,0,19,1
0.512,0.000,241.98,2.0,0,0,1
0.346,0.232,240.91,1.6,0,1,1
0.220,0.000,241.17,0.8,0,0,1
0.210,0.000,241.86,0.8,0,0,0
2.490,0.498,241.12,10.4,0,1,18
0.222,0.000,244.38,1.0,0,0,0
0.126,0.000,239.57,0.6,0,0,0
0.278,0.000,242.72,1.4,0,0,0
0.328,0.246,242.40,1.6,0,2,0
0.308,0.000,244.54,1.4,0,0,1
0.116,0.000,240.69,0.6,0,0,0
1.312,0.000,238.40,5.4,0,0,17
1.280,0.060,234.12,5.4,0,0,16
0.292,0.122,238.41,1.4,0,0,1
5.394,0.220,231.77,23.6,25,0,16
1.410,0.000,243.10,5.8,0,0,19
0.404,0.086,242.04,1.8,0,0,1
0.160,0.054,238.20,0.8,0,0,0
0.302,0.000,241.70,1.6,0,0,0
1.170,0.382,243.92,5.0,0,2,1
1.536,0.312,239.56,6.4,0,0,18
0.860,0.238,246.51,3.6,0,0,0
3.692,0.000,238.12,15.4,38,1,17
0.474,0.338,242.55,2.4,0,2,0
0.356,0.000,242.72,1.6,0,0,0
2.266,0.164,236.98,9.6,0,1,17
0.270,0.000,249.14,1.0,0,0,0
1.532,0.316,238.65,6.4,0,2,19
0.616,0.158,242.63,2.8,0,2,1
1.832,0.156,239.93,7.6,0,2,17
0.396,0.000,241.87,1.6,0,0,0
0.324,0.066,242.97,1.4,0,0,0
2.566,0.274,239.75,10.8,0,2,18
0.254,0.134,241.12,1.4,0,0,1
0.318,0.074,240.50,1.4,0,0,0
1.466,0.072,244.16,6.0,0,0,19
0.136,0.000,239.81,0.6,0,0,1
0.496,0.218,243.10,2.2,0,2,0
0.540,0.198,239.88,2.4,0,2,1
0.230,0.000,245.46,0.8,0,0,0
0.636,0.178,240.38,2.8,0,0,0
1.720,0.354,242.00,7.2,0,0,18
1.928,0.206,236.69,8.2,0,1,17
1.732,0.182,238.89,7.2,0,0,18
0.254,0.000,246.78,1.0,0,0,1
1.536,0.096,242.45,6.4,0,0,19
0.220,0.000,243.80,1.0,0,0,0
0.500,0.088,241.83,2.0,0,1,1
2.226,0.072,237.41,9.4,0,2,17
0.732,0.190,244.26,3.6,0,1,6
1.902,0.194,239.38,7.8,0,1,19
1.584,0.332,242.98,6.6,0,1,19
0.280,0.000,240.76,1.2,0,0,0
0.320,0.228,239.05,1.6,0,0,1
0.226,0.100,234.81,1.0,0,0,0
1.912,0.176,239.56,8.0,0,0,30
1.638,0.056,241.04,6.8,0,0,18
1.892,0.678,239.32,8.4,0,0,0
0.816,0.080,240.76,3.4,0,1,0
1.232,0.098,239.27,5.0,0,1,17
1.304,0.056,240.48,5.4,0,0,19
1.592,0.068,236.27,7.2,0,1,17
2.256,0.338,236.13,9.6,0,1,17
1.304,0.132,234.69,5.6,0,0,17
1.332,0.000,241.54,5.4,0,0,19
0.210,0.000,238.65,0.8,0,0,0
0.254,0.130,243.03,1.2,0,0,1
0.314,0.168,241.12,1.6,0,1,0
0.358,0.162,245.72,1.6,0,1,1
0.256,0.054,241.74,1.2,0,0,0
0.136,0.000,240.05,0.6,0,0,0
0.206,0.100,242.48,0.8,0,0,1
0.590,0.056,241.51,2.4,0,1,0
1.364,0.000,244.22,5.6,0,0,18
0.298,0.124,240.81,1.4,0,1,0
1.382,0.068,241.90,5.6,0,0,18
1.054,0.362,241.90,4.6,0,0,12
0.306,0.092,242.35,1.2,0,0,0
3.154,0.118,237.57,13.4,0,29,17
1.344,0.108,240.05,5.6,2,0,18
0.400,0.248,242.23,1.8,0,1,0
0.970,0.146,242.74,4.0,0,0,0
0.338,0.082,245.15,1.4,0,0,0
1.180,0.000,238.18,4.8,0,0,18
2.632,0.072,236.26,11.2,1,2,17
1.488,0.160,239.39,6.2,0,0,18
2.550,0.408,237.66,10.8,0,1,0
5.128,0.294,237.03,21.6,1,35,17
1.520,0.050,237.27,6.4,0,0,18
0.322,0.000,244.94,1.4,0,0,0
3.026,0.050,238.22,12.6,0,1,18
2.944,0.000,242.75,12.0,38,0,1
0.578,0.142,243.00,2.4,0,2,0
0.220,0.000,244.73,1.0,0,0,0
0.230,0.000,245.55,1.0,0,0,0
2.558,0.072,235.84,10.8,0,0,17
0.220,0.068,244.10,1.0,0,0,1
0.298,0.208,238.52,1.6,0,1,1
0.230,0.122,240.80,1.0,0,0,0
1.588,0.204,239.79,6.6,0,0,18
3.596,0.236,236.98,15.6,0,31,0
3.884,0.152,240.87,16.0,38,0,18
1.302,0.102,238.08,5.4,0,0,0
0.408,0.266,246.90,2.0,0,1,0
0.290,0.072,232.72,1.2,0,1,1
0.336,0.120,244.82,1.4,0,1,1
0.218,0.000,240.67,1.0,0,0,0
3.372,0.000,235.38,14.2,0,0,17
0.296,0.186,242.22,1.6,0,0,1
0.226,0.128,236.28,1.2,0,0,0
0.258,0.126,242.49,1.2,0,0,1
0.288,0.166,238.92,1.4,0,1,1
0.842,0.000,240.66,3.4,0,0,0
1.394,0.000,238.36,5.8,0,0,17
2.216,0.178,239.73,9.2,0,1,17
0.210,0.052,243.59,0.8,0,0,0
2.468,0.102,242.35,10.2,0,0,18
0.248,0.178,235.05,1.2,0,1,0
0.344,0.212,240.88,1.6,0,2,1
0.236,0.076,239.10,1.0,0,0,0
0.332,0.058,240.90,1.4,0,0,1
1.474,0.104,248.52,5.8,0,0,19
0.408,0.082,239.14,1.8,1,1,0
1.546,0.056,240.07,6.6,0,0,18
1.536,0.000,238.19,6.4,1,0,18
2.726,0.528,236.18,11.8,0,1,18
0.704,0.052,242.60,3.0,0,0,0
1.308,0.448,238.89,5.8,0,1,12
0.674,0.350,240.75,3.0,0,0,1
0.660,0.206,232.52,2.8,0,1,0
0.374,0.234,243.79,1.8,0,0,1
0.476,0.180,240.10,2.0,0,2,0
0.404,0.236,243.13,1.8,0,1,0
3.484,0.470,231.80,15.2,0,35,0
0.698,0.226,240.57,3.0,1,0,1
3.334,0.146,229.22,14.8,1,25,17
1.406,0.062,239.42,5.8,0,0,17
0.206,0.000,243.78,1.0,0,0,0
0.264,0.158,241.51,1.2,0,0,1
1.218,0.072,239.41,5.0,1,1,1
1.488,0.182,239.92,6.2,0,0,17
4.154,0.184,235.64,17.6,37,0,17
0.314,0.076,240.62,1.2,0,1,1
0.300,0.092,245.90,1.2,0,1,0
0.240,0.128,241.54,1.0,0,0,1
0.604,0.118,240.04,2.6,0,1,1
0.232,0.046,247.04,1.0,0,0,0
1.580,0.378,239.37,6.8,2,2,19
1.626,0.484,242.55,7.0,0,0,11
1.092,0.166,243.72,4.6,0,0,1
1.890,0.000,238.77,7.8,0,0,18
0.330,0.000,244.18,1.4,0,0,1
0.406,0.206,240.75,1.8,0,2,0
0.366,0.108,243.15,1.6,0,0,0
1.430,0.186,241.25,6.0,0,0,18
1.762,0.066,241.01,7.2,0,1,18
0.274,0.000,244.54,1.2,0,0,0
0.106,0.000,236.50,0.4,0,0,0
2.056,0.000,235.26,8.6,0,0,17
0.336,0.216,241.15,1.8,0,2,1
0.320,0.102,242.24,1.4,0,2,1
0.172,0.000,240.66,0.8,0,0,0
0.270,0.100,241.29,1.2,0,0,0
0.696,0.092,241.64,2.8,0,0,1
2.240,0.214,242.26,9.2,0,0,0
0.220,0.000,247.14,0.8,0,0,0
1.818,0.238,237.95,7.6,0,0,18
0.218,0.000,247.61,0.8,0,0,0
0.312,0.220,240.05,1.6,0,0,1
1.948,0.120,238.88,8.2,0,0,29
1.190,0.102,232.56,5.0,0,0,17
0.236,0.000,241.35,1.0,0,0,1
0.342,0.066,244.37,1.4,0,0,0
1.378,0.076,240.76,5.6,0,0,19
0.586,0.120,243.82,2.4,0,0,1
0.158,0.000,243.47,0.6,0,0,1
2.048,0.138,239.43,8.8,0,29,0
0.322,0.082,242.80,1.4,0,2,1
0.484,0.162,244.42,2.2,1,0,1
1.696,0.126,235.71,7.2,0,0,1
1.914,0.122,242.30,7.8,0,0,29
1.098,0.052,239.87,4.6,0,0,0
0.404,0.000,244.82,1.8,0,0,0
0.368,0.098,239.73,1.6,0,0,1
1.458,0.072,241.29,6.0,0,0,18
1.782,0.054,240.21,7.4,0,0,18
0.304,0.246,240.44,1.6,0,1,0
0.576,0.078,247.24,2.6,0,0,0
0.228,0.048,246.53,1.0,0,0,0
3.256,0.298,242.60,14.2,0,0,18
0.418,0.344,241.64,2.2,0,1,1
0.266,0.000,247.64,1.2,0,0,0
2.934,0.058,240.37,12.2,0,0,18
0.222,0.000,248.11,0.8,0,0,0
1.278,0.000,241.19,5.2,0,0,18
0.238,0.118,241.97,1.0,0,1,1
0.340,0.220,243.51,1.6,0,0,0
1.592,0.078,239.51,6.6,0,0,18
1.396,0.000,240.64,5.8,0,0,18
0.290,0.242,242.80,1.4,0,0,0
0.868,0.168,242.09,3.6,0,0,12
0.370,0.078,241.70,1.6,0,0,0
0.320,0.066,239.27,1.4,0,0,1
0.346,0.158,247.67,1.4,0,0,0
0.530,0.318,240.23,2.6,0,1,1
0.220,0.090,234.07,1.0,0,0,0
0.516,0.232,245.33,2.4,0,0,1
0.216,0.090,242.69,1.2,0,0,1
0.454,0.296,242.52,2.2,0,1,1
0.360,0.066,241.37,1.6,0,0,0
0.404,0.238,239.79,2.0,0,2,2
3.480,0.200,237.46,14.6,0,0,17
0.202,0.000,240.56,0.8,0,0,0
1.542,0.126,241.96,6.4,1,0,19
1.402,0.092,240.32,5.8,0,0,18
1.290,0.086,242.11,5.2,0,1,19
1.040,0.434,240.41,4.6,0,0,12
2.258,0.072,242.44,9.2,0,0,19
1.442,0.162,239.61,6.0,0,0,18
0.194,0.000,241.10,1.0,0,0,0
0.206,0.144,243.69,1.0,0,0,0
2.248,0.060,234.41,9.6,0,0,17
1.976,0.178,234.51,8.4,0,1,29
0.228,0.120,238.20,1.0,0,0,1
0.350,0.250,238.45,1.8,0,0,1
1.252,0.000,238.54,5.2,0,0,18
0.448,0.108,240.70,2.2,0,0,0
0.244,0.116,233.46,1.2,0,0,0
0.352,0.106,239.88,1.4,0,0,1
1.606,0.312,234.53,7.0,0,0,17
1.310,0.000,240.95,5.4,0,0,17
0.370,0.204,244.65,1.6,0,1,0
0.222,0.000,245.47,1.0,0,0,0
0.378,0.130,246.03,1.6,0,0,1
0.468,0.000,243.47,2.0,0,0,0
1.276,0.000,242.40,5.2,0,0,18
2.254,0.088,243.18,9.2,0,0,21
3.870,0.600,242.76,16.0,0,1,19
0.268,0.000,249.78,1.2,0,0,0
0.314,0.080,241.42,1.2,0,0,0
1.420,0.000,248.66,5.6,0,0,20
3.584,0.172,239.64,14.8,0,36,18
1.372,0.066,241.19,5.6,0,0,18
1.696,0.208,242.61,7.0,0,2,18
1.010,0.250,240.95,4.4,0,0,0
0.140,0.000,243.01,0.6,0,0,1
0.306,0.246,243.69,1.6,0,1,0
7.542,0.524,232.23,32.6,36,33,17
0.196,0.082,236.47,0.8,0,0,0
0.296,0.236,241.56,1.6,0,0,0
0.188,0.088,237.98,1.0,0,0,0
0.606,0.130,240.38,2.6,0,0,0
2.650,0.046,243.17,10.8,0,2,18
0.608,0.108,241.82,2.4,0,0,0
0.486,0.178,235.10,2.2,0,0,0
0.304,0.000,245.68,1.4,0,0,0
1.320,0.050,239.09,5.4,0,0,18
1.518,0.102,231.21,6.6,0,0,16
5.154,0.084,237.12,21.8,0,1,18
3.442,0.086,239.61,14.4,0,0,0
0.126,0.000,239.97,0.6,0,0,0
2.694,0.052,239.68,11.2,39,0,0
0.294,0.242,242.17,1.6,0,1,1
0.264,0.130,242.08,1.4,0,0,1
0.284,0.196,234.12,1.4,0,0,0
0.264,0.000,244.47,1.2,0,0,0
2.904,0.172,236.88,12.2,0,2,17
0.082,0.000,242.21,0.2,0,0,0
0.238,0.106,239.84,1.0,0,1,1
1.150,0.000,240.27,4.6,0,0,18
0.536,0.242,245.80,2.4,0,1,0
1.842,0.070,238.10,7.6,0,0,18
0.224,0.000,241.61,0.8,0,0,0
1.090,0.252,242.42,4.6,0,0,1
0.514,0.324,244.62,2.4,0,1,0
0.264,0.000,244.12,1.0,0,0,0
0.270,0.046,243.91,1.2,0,0,0
1.370,0.000,244.49,5.6,0,0,19
0.302,0.000,241.42,1.2,0,0,0
0.884,0.000,238.58,3.6,0,0,0
1.410,0.122,239.39,5.8,0,0,19
1.338,0.000,240.62,5.4,0,0,17
0.438,0.000,243.63,2.0,0,0,0
0.178,0.000,241.52,0.8,0,0,1
0.962,0.070,239.61,4.0,0,0,0
1.132,0.210,239.33,5.0,0,0,0
0.314,0.106,243.26,1.2,0,1,0
1.578,0.066,240.40,6.6,0,0,18
0.428,0.298,236.69,2.2,1,1,0
1.510,0.082,243.47,6.2,0,0,0
2.452,0.112,232.81,10.4,0,0,16
0.286,0.148,241.55,1.4,0,0,0
0.408,0.248,244.66,1.8,0,1,0
1.336,0.066,238.37,5.6,0,0,18
2.876,0.098,236.57,12.0,0,0,18
0.902,0.484,240.33,4.6,0,1,8
1.958,0.184,237.74,9.0,11,0,18
1.620,0.256,243.32,6.6,0,1,18
0.274,0.000,241.61,1.4,0,0,0
0.270,0.000,243.29,1.2,0,0,1
2.150,0.284,238.81,9.2,0,6,0
1.128,0.392,239.17,5.0,0,0,0
0.450,0.000,244.98,1.8,0,0,0
1.448,0.344,242.50,6.0,0,1,19
1.378,0.220,240.88,5.8,0,1,18
0.344,0.000,239.46,1.8,0,0,1
0.738,0.342,241.69,3.4,0,5,1
0.430,0.262,244.90,2.0,0,0,1
0.388,0.200,239.40,1.8,0,0,0
0.398,0.394,243.00,2.2,1,1,1
0.406,0.260,248.96,1.8,0,1,1
2.500,0.000,238.92,10.4,35,0,1
0.196,0.000,241.28,0.8,0,0,0
1.472,0.046,242.77,6.0,0,1,18
1.420,0.110,244.72,5.8,0,0,19
0.244,0.000,247.68,1.0,0,0,1
1.134,0.000,234.02,4.8,0,0,17
0.392,0.296,244.07,2.0,0,1,0
1.326,0.000,244.85,5.4,0,0,18
0.502,0.346,242.56,2.4,0,1,1
0.258,0.074,248.48,1.2,0,0,0
1.904,0.138,238.34,8.0,0,0,17
1.390,0.052,239.89,5.8,0,0,18
0.992,0.446,239.45,4.4,0,1,12
0.332,0.142,245.50,1.4,0,0,0
1.282,0.000,239.16,5.2,0,0,18
1.758,0.126,241.35,7.2,0,0,10
1.314,0.102,239.39,5.4,0,0,18
0.970,0.234,240.39,4.2,0,0,1
1.772,0.056,236.91,7.4,1,2,18
0.204,0.000,241.82,0.8,0,0,0
1.394,0.186,240.09,5.8,0,0,18
0.316,0.102,240.22,1.4,0,0,0
0.334,0.104,242.17,1.4,0,1,0
0.216,0.108,242.03,1.0,0,0,1
1.630,0.232,238.32,7.0,0,21,0
0.330,0.080,244.37,1.4,0,0,1
0.700,0.000,243.94,2.8,0,0,0
3.644,0.378,236.46,15.4,0,38,18
1.482,0.084,235.36,6.2,0,0,1
0.414,0.152,244.91,1.8,0,0,0
2.430,0.060,237.21,10.2,0,1,18
1.294,0.302,240.70,5.4,0,0,1
0.154,0.000,239.78,0.6,0,0,0
0.242,0.000,241.35,1.0,0,0,1
0.336,0.250,239.84,1.6,0,1,0
0.214,0.000,239.60,0.8,0,0,0
0.122,0.000,236.62,0.6,0,0,0
0.266,0.068,243.41,1.2,0,0,0
1.300,0.058,242.78,5.2,0,0,19
2.100,0.448,239.60,9.2,0,0,1
1.712,0.080,242.95,7.0,0,0,19
0.472,0.184,236.86,2.2,1,2,1
1.748,0.000,238.51,7.2,0,0,18
1.618,0.070,243.24,6.6,0,0,19
1.282,0.046,232.73,5.4,0,0,16
1.450,0.088,238.16,6.0,0,0,18
0.552,0.000,247.71,2.2,0,0,0
0.454,0.188,242.10,2.0,0,1,0
0.266,0.274,241.03,1.4,0,2,0
1.790,0.236,243.25,7.4,0,0,19
1.402,0.090,242.93,5.6,0,0,19
0.260,0.270,239.80,1.4,0,1,1
1.560,0.000,243.51,6.4,0,0,18
0.254,0.000,245.01,1.0,0,0,1
2.206,0.186,235.92,9.4,0,2,18
0.394,0.128,244.28,1.8,0,0,1
0.136,0.000,241.20,0.6,0,0,0
0.754,0.120,238.82,3.2,0,0,12
1.920,0.552,241.26,8.2,1,0,18
0.958,0.380,237.92,4.2,0,1,11
0.146,0.000,241.21,0.6,0,0,1
1.854,0.104,236.00,7.8,0,2,17
1.816,0.222,238.41,7.6,0,0,0
0.250,0.046,242.87,1.2,0,0,1
0.314,0.112,238.08,1.4,0,2,1
0.732,0.114,243.61,3.2,0,0,0
0.316,0.000,243.99,1.4,0,0,1
1.392,0.062,236.43,5.8,0,1,0
0.580,0.096,238.43,2.4,0,1,0
0.192,0.110,239.02,0.8,0,2,0
0.238,0.146,243.71,1.2,0,2,0
2.296,0.296,241.12,9.6,1,0,18
1.624,0.064,244.74,6.6,0,0,0
0.292,0.000,244.43,1.2,0,0,0
0.336,0.100,238.85,1.4,0,0,1
0.360,0.186,243.27,1.6,0,1,0
0.354,0.000,242.38,1.6,0,0,1
1.234,0.102,235.68,5.2,0,0,17
0.328,0.094,240.11,1.4,0,1,1
0.202,0.082,240.60,0.8,0,0,0
0.378,0.090,243.32,1.8,0,1,0
0.112,0.000,240.32,0.4,0,0,0
0.138,0.000,240.46,0.6,0,0,1
1.294,0.064,238.55,5.4,0,0,18
0.664,0.062,241.12,2.8,0,0,1
0.216,0.000,242.84,0.8,0,0,0
0.386,0.114,243.06,1.6,0,1,1
4.464,0.048,240.96,18.4,0,0,18
0.260,0.050,243.22,1.4,0,0,0
0.224,0.000,240.35,1.0,0,0,0
0.316,0.134,243.40,1.6,0,2,0
2.552,0.336,235.32,11.0,0,20,17
0.342,0.114,247.03,1.4,0,0,0
0.576,0.178,242.01,2.4,0,1,0
0.718,0.348,238.24,3.4,0,5,0
1.718,0.000,241.15,7.2,0,4,18
0.590,0.000,239.52,2.4,0,0,0
1.350,0.000,239.46,5.6,0,0,19
0.422,0.200,242.68,1.8,0,1,1
1.326,0.000,238.59,5.4,0,0,17
0.980,0.162,239.78,4.4,0,0,0
1.688,0.000,235.76,7.0,0,0,17
1.610,0.066,234.93,6.8,0,0,17
1.392,0.222,237.86,5.8,0,0,18
0.420,0.332,242.69,2.2,0,1,1
0.322,0.246,239.83,1.6,0,1,1
0.404,0.348,239.06,2.2,0,1,0
1.952,0.250,238.24,8.2,0,0,1
0.542,0.380,242.99,2.6,0,1,0
0.708,0.236,235.83,3.2,0,2,0
0.592,0.000,243.58,2.4,0,0,1
2.158,0.000,237.22,9.0,0,0,0
0.296,0.220,240.58,1.4,0,0,0
1.448,0.050,243.65,5.8,0,1,18
1.800,0.000,230.92,7.8,1,0,16
2.934,0.086,242.31,12.4,39,5,0
2.232,0.078,233.26,9.6,0,0,16
2.956,0.000,225.58,13.0,0,0,0
1.532,0.100,237.25,6.4,0,0,17
2.710,0.000,238.55,11.4,1,0,0
0.250,0.000,242.59,1.2,0,0,0
0.322,0.090,240.78,1.4,0,0,0
0.432,0.144,243.33,2.0,0,1,1
0.336,0.130,242.88,1.4,0,0,0
0.320,0.124,243.66,1.4,0,0,1
0.416,0.254,244.44,2.0,0,1,1
2.518,0.102,246.36,10.2,0,0,19
3.298,0.000,240.08,13.8,0,32,18
1.258,0.118,239.95,5.2,0,0,18
1.440,0.108,243.13,5.8,0,0,19
0.428,0.000,244.77,1.6,0,0,1
2.174,0.062,241.81,9.0,0,0,0
0.206,0.052,242.10,0.8,0,0,0
0.190,0.076,241.57,0.8,0,0,0
1.294,0.052,242.18,5.2,0,0,18
0.186,0.000,243.76,0.8,0,0,1
2.046,0.158,235.39,8.8,0,0,17
0.840,0.178,238.00,3.6,0,1,0
0.374,0.146,242.06,1.6,0,0,1
4.522,0.090,240.71,18.8,38,0,18
1.818,0.318,238.57,8.2,0,0,1
0.292,0.000,243.49,1.2,0,0,1
0.344,0.060,242.29,1.4,0,1,1
0.224,0.064,241.73,1.0,0,0,0
0.232,0.120,235.90,1.0,0,0,0
0.316,0.054,244.81,1.2,0,0,0
0.318,0.074,242.96,1.4,0,1,0
0.290,0.000,243.10,1.4,0,0,1
0.502,0.070,243.73,2.0,0,0,0
0.256,0.000,241.06,1.2,0,0,0
3.768,0.086,234.60,16.0,0,0,26
0.326,0.000,244.27,1.4,0,0,1
1.752,0.000,234.48,7.4,1,0,0
1.224,0.000,246.03,5.0,0,0,0
0.460,0.000,241.54,2.0,0,0,0
0.194,0.088,237.50,1.0,0,0,0
0.098,0.000,239.78,0.4,0,0,0
0.344,0.000,239.03,1.8,0,0,0
0.192,0.000,240.90,0.8,0,0,1
1.330,0.000,238.81,5.6,0,0,17
0.394,0.222,241.56,1.8,0,1,1
1.410,0.078,243.03,5.8,0,0,19
0.762,0.094,240.65,3.2,0,0,0
0.244,0.052,241.80,1.0,0,0,0
0.368,0.132,242.57,1.6,0,0,1
0.382,0.070,243.61,1.6,0,1,1
0.730,0.160,238.86,3.2,0,1,1
0.832,0.366,236.32,3.8,1,0,0
0.504,0.280,233.87,2.4,0,1,0
2.192,0.280,240.01,9.2,1,1,18
0.308,0.106,240.46,1.4,0,0,1
0.516,0.214,244.39,2.2,0,0,0
1.320,0.072,233.62,5.6,0,0,16
0.250,0.104,241.65,1.2,0,0,1
0.568,0.000,244.07,2.2,0,0,1
1.778,0.000,240.13,7.4,0,0,17
3.926,0.082,240.00,16.4,39,0,0
1.258,0.222,240.36,5.2,0,2,1
0.332,0.086,239.48,1.4,0,0,0
2.248,0.110,239.04,9.4,2,2,1
0.164,0.000,243.58,0.8,0,0,1
1.326,0.076,238.88,5.4,0,0,18
2.092,0.198,233.56,9.0,1,2,17
1.508,0.210,246.45,6.0,0,1,19
1.440,0.000,243.14,5.8,0,0,18
1.246,0.074,241.87,5.0,0,0,19
1.654,0.268,237.56,7.0,2,17,0
0.184,0.054,241.08,0.8,0,0,1
0.230,0.054,235.41,1.0,0,0,0
0.304,0.224,237.04,1.6,0,1,0
1.842,0.396,242.84,7.8,0,0,1
0.384,0.126,249.22,1.6,0,0,1
0.344,0.110,243.68,1.4,0,0,1
0.328,0.230,238.57,1.6,0,1,1
0.082,0.000,243.03,0.2,0,0,1
0.252,0.132,240.30,1.2,0,0,1
1.402,0.050,242.03,5.8,0,0,19
2.212,0.120,241.90,9.4,0,28,0
0.290,0.232,241.67,1.4,0,0,0
0.760,0.082,237.82,3.2,0,1,0
0.242,0.000,237.71,1.0,0,0,0
0.238,0.112,241.74,1.0,0,0,1
1.738,0.052,241.60,7.2,0,0,18
3.484,0.782,231.25,15.6,1,0,17
0.228,0.000,243.48,0.8,0,0,1
0.452,0.354,241.23,2.4,0,2,0
0.216,0.104,242.65,1.0,0,0,1
3.000,0.254,237.71,12.6,0,1,18
0.324,0.256,240.51,1.6,0,2,1
1.102,0.386,237.45,4.8,0,1,11
0.442,0.046,240.43,2.0,0,0,1
0.424,0.208,242.37,2.0,0,0,0
0.280,0.228,241.81,1.4,0,1,1
0.384,0.256,239.47,2.0,0,1,1
0.346,0.082,246.40,1.4,0,1,0
0.252,0.000,244.64,1.0,0,0,1
0.142,0.000,234.06,0.6,0,0,0
0.244,0.000,239.72,1.0,0,0,0
0.362,0.214,241.14,1.8,0,1,1
1.526,0.048,244.92,6.2,0,0,18
0.496,0.210,245.82,2.2,0,0,0
1.560,0.204,239.36,6.4,0,0,18
1.314,0.000,239.86,5.4,0,0,18
0.316,0.082,245.46,1.2,0,2,1
0.114,0.000,242.48,0.6,0,0,0
0.162,0.000,241.50,0.6,0,0,1
0.320,0.092,244.83,1.4,0,0,0
0.888,0.128,241.03,3.8,0,1,1
0.318,0.218,237.28,1.6,0,0,1
1.386,0.186,237.37,5.8,0,0,18
0.434,0.294,242.38,2.2,0,0,0
1.856,0.000,238.66,8.2,0,0,18
0.746,0.418,241.55,3.8,0,1,7
4.048,0.164,240.22,16.8,0,33,18
1.320,0.046,243.34,5.4,0,0,19
0.372,0.140,241.50,1.6,0,0,0
3.090,0.150,239.27,12.8,0,1,17
0.214,0.000,240.24,0.8,0,0,0
2.030,0.384,241.30,8.4,0,0,0
4.374,0.252,236.11,18.6,36,1,17
0.344,0.110,244.85,1.4,0,0,1
1.310,0.000,241.47,5.4,0,1,18
2.498,0.302,240.06,10.4,0,0,29
0.308,0.088,244.73,1.2,0,1,1
0.318,0.076,244.09,1.4,0,2,0
0.878,0.120,245.64,3.6,0,0,1
3.614,0.000,237.20,15.2,0,37,18
1.612,0.064,239.33,6.8,0,0,0
2.354,0.168,239.98,9.8,2,0,29
1.672,0.194,244.20,6.8,0,0,0
1.252,0.000,229.00,5.4,0,0,16
3.096,0.064,241.08,12.8,0,0,18
1.470,0.084,239.13,6.0,0,1,18
1.468,0.222,245.25,6.0,0,1,0
0.270,0.000,245.09,1.0,0,0,1
0.280,0.122,243.12,1.2,0,0,1
1.338,0.056,241.34,5.4,0,0,18
2.710,0.218,244.88,11.0,0,4,0
2.128,0.198,242.87,9.4,9,0,18
0.292,0.252,241.43,1.6,0,1,0
6.002,0.286,233.41,25.6,0,35,17
1.404,0.202,237.72,5.8,0,0,18
0.210,0.138,240.40,1.0,0,0,0
0.520,0.298,235.84,2.4,0,3,0
0.142,0.000,242.42,0.6,0,0,1
0.420,0.188,241.41,1.8,0,0,1
0.538,0.000,243.51,2.2,0,0,0
0.484,0.402,244.35,2.6,0,1,0
0.388,0.082,244.41,1.6,0,2,0
0.124,0.000,234.90,0.6,0,1,0
0.388,0.210,245.42,1.8,0,1,0
0.758,0.082,241.35,3.2,0,0,0
2.760,0.104,238.07,12.0,0,0,18
0.208,0.000,244.22,1.0,0,0,1
1.424,0.058,243.75,5.8,0,0,18
1.826,0.232,240.83,7.6,0,2,19
2.702,0.174,241.66,11.4,0,32,1
0.228,0.106,241.07,1.0,0,0,1
0.322,0.076,243.50,1.4,0,0,0
0.218,0.000,244.95,0.8,0,0,0
0.480,0.054,241.93,2.0,0,0,0
0.258,0.000,244.50,1.0,0,0,1
3.790,0.088,236.88,16.0,0,37,18
1.812,0.156,240.73,7.6,2,0,0
1.708,0.056,234.34,7.2,0,0,17
0.350,0.144,244.69,1.4,0,0,1
0.352,0.120,242.58,1.6,0,0,0
0.360,0.084,241.74,1.6,0,1,0
0.108,0.000,240.58,0.4,0,0,0
0.256,0.074,242.44,1.2,0,0,1
2.068,0.326,238.88,8.8,1,0,18
1.366,0.254,243.15,5.6,0,1,0
2.358,0.000,242.85,9.6,0,0,0
2.066,0.334,245.79,8.6,1,0,1
1.478,0.160,239.34,6.2,0,1,0
0.292,0.120,241.90,1.2,0,2,0
1.514,0.064,249.63,6.0,0,0,20
1.416,0.152,243.29,5.8,0,0,18
1.926,0.326,239.52,8.2,0,1,18
3.864,0.086,242.78,15.8,40,1,18
1.782,0.090,242.43,7.2,0,0,19
0.290,0.138,245.06,1.4,0,0,1
0.238,0.068,244.80,1.2,0,0,0
1.584,0.092,242.08,6.6,0,0,19
0.258,0.000,244.77,1.2,0,0,0
1.628,0.116,242.86,6.6,0,0,18
0.204,0.000,241.96,0.8,0,0,0
0.340,0.066,242.34,1.4,0,0,0
1.598,0.166,244.33,6.6,0,1,19
0.148,0.000,240.58,0.8,0,0,0
0.222,0.076,237.96,1.0,0,0,0
0.584,0.262,243.13,2.6,0,1,0
0.312,0.124,241.43,1.4,1,0,0
0.350,0.090,240.25,1.4,0,0,0
0.390,0.232,242.22,1.8,0,0,1
1.522,0.000,241.19,6.2,0,0,18
1.328,0.366,240.32,5.6,0,0,12
0.574,0.000,243.77,2.4,0,4,1
1.820,0.176,240.89,7.6,0,0,18
0.530,0.000,236.13,2.2,1,0,0
1.420,0.100,240.68,5.8,0,0,18
3.384,0.146,238.89,14.8,0,0,10
2.664,0.568,241.54,11.4,1,6,8
3.642,0.000,238.20,15.2,37,0,1
1.266,0.000,236.85,5.2,0,0,0
2.398,0.092,239.47,10.0,0,0,19
1.486,0.076,239.75,6.2,0,0,18
2.012,0.310,244.14,8.4,1,2,18
0.254,0.092,238.87,1.2,0,0,0
0.728,0.168,242.21,3.4,0,1,1
0.240,0.000,239.72,1.0,0,1,0
3.508,0.000,239.05,14.6,0,30,17
0.328,0.162,243.81,1.4,0,1,0
0.352,0.132,246.26,1.6,0,0,0
0.414,0.272,243.82,2.0,0,0,0
0.126,0.000,238.66,0.6,0,0,0
1.584,0.152,242.28,6.4,0,0,18
1.448,0.000,236.01,6.2,0,0,18
0.978,0.074,242.57,4.0,0,0,1
2.978,0.252,237.07,12.6,0,1,17
1.350,0.218,237.04,5.6,0,0,18
0.248,0.000,239.93,1.0,0,0,1
4.942,0.000,236.47,20.8,37,1,17
0.310,0.168,242.62,1.4,0,1,1
1.556,0.244,231.19,6.8,0,2,17
0.566,0.222,246.22,2.4,0,1,0
0.552,0.262,241.88,2.4,0,0,1
0.264,0.000,244.37,1.0,0,0,0
0.156,0.000,241.14,0.6,0,0,1
0.336,0.104,243.29,1.4,0,0,1
0.314,0.056,241.90,1.4,0,0,0
0.148,0.000,242.80,0.6,0,0,0
0.228,0.140,244.03,1.0,0,0,1
0.222,0.000,236.46,1.0,0,0,0
0.340,0.102,243.33,1.4,0,0,0
3.466,0.144,235.65,14.6,0,0,18
0.200,0.084,235.03,0.8,0,0,0
1.280,0.046,240.81,5.2,0,0,18
2.628,0.230,241.41,10.8,0,0,18
0.082,0.000,242.98,0.2,0,0,0
1.354,0.000,243.90,5.4,0,0,18
3.894,0.268,235.83,16.4,2,36,17
2.102,0.112,236.54,8.8,0,0,17
1.150,0.196,238.63,4.8,1,2,1
0.666,0.084,241.87,2.8,0,0,0
1.602,0.054,240.18,6.8,0,3,0
1.366,0.080,242.52,5.6,0,2,0
0.968,0.180,240.26,4.0,0,0,0
4.000,0.076,238.69,16.6,0,38,17
1.774,0.000,238.67,7.6,0,0,0
2.236,0.094,237.42,9.4,0,6,17
1.274,0.000,239.06,5.2,0,0,18
0.194,0.130,243.89,1.0,0,1,0
0.662,0.094,244.44,2.6,0,0,0
0.372,0.114,249.95,1.6,0,0,1
0.158,0.000,242.53,0.6,0,0,1
0.802,0.000,242.83,3.4,0,0,0
1.650,0.096,236.41,7.0,0,0,18
0.326,0.000,244.51,1.4,0,0,0
2.340,0.092,236.63,10.0,0,0,0
1.704,0.216,240.46,7.0,0,1,18
2.094,0.252,239.73,9.0,0,27,0
0.346,0.242,241.34,1.8,0,1,0
2.250,0.000,236.54,9.4,1,1,17
1.152,0.092,241.70,4.8,0,0,0
0.348,0.246,241.83,1.8,0,2,1
0.486,0.120,246.44,2.2,0,1,0
1.382,0.068,241.01,5.6,0,0,19
4.292,0.090,238.35,18.0,38,0,0
0.288,0.242,242.06,1.4,0,1,1
0.154,0.000,238.76,0.6,0,0,1
1.580,0.304,245.14,6.6,1,0,1
0.404,0.142,241.30,1.8,0,0,0
0.386,0.226,240.49,2.0,0,1,1
1.382,0.114,241.79,5.6,0,1,18
1.988,0.216,236.64,8.4,0,0,18
1.548,0.130,238.39,6.4,0,3,0
0.220,0.188,239.66,1.2,0,0,1
1.886,0.168,240.35,7.8,0,1,19
1.212,0.136,249.01,4.8,0,2,1
0.308,0.098,243.71,1.2,0,1,0
0.302,0.228,242.09,1.4,0,0,0
0.250,0.000,243.15,1.0,0,0,1
0.422,0.284,247.20,2.0,0,2,0
1.470,0.060,236.87,6.2,0,0,0
0.146,0.000,237.52,0.6,0,0,0
0.216,0.000,244.37,0.8,0,0,0
0.184,0.152,241.28,1.0,0,0,1
1.484,0.118,242.86,6.0,0,1,19
1.070,0.174,245.28,4.4,0,0,0
0.486,0.252,241.41,2.2,0,1,1
1.526,0.346,237.58,7.4,0,1,1
0.770,0.134,241.16,3.2,0,0,12
0.284,0.000,245.50,1.2,0,0,0
0.300,0.218,237.05,1.6,0,0,0
0.568,0.048,235.39,2.6,0,0,1
0.408,0.182,239.27,1.8,0,0,0
2.424,0.126,239.00,11.2,12,0,18
0.476,0.078,243.33,2.0,0,0,1
0.266,0.154,243.38,1.2,0,0,1
0.516,0.330,243.00,2.6,0,1,0
3.050,0.222,236.94,12.8,37,2,0
1.268,0.072,240.39,5.2,0,0,18
0.262,0.000,242.91,1.0,0,0,0
1.444,0.094,241.62,6.0,0,0,18
1.318,0.354,240.42,5.6,0,1,1
0.330,0.214,243.20,1.6,0,0,1
0.868,0.140,247.73,3.6,0,0,1
1.894,0.000,239.17,8.0,1,0,18
1.164,0.000,241.71,4.8,0,0,18
0.160,0.000,239.43,0.6,0,0,0
0.304,0.100,242.37,1.4,0,0,1
0.326,0.108,239.17,1.4,0,0,1
0.330,0.000,241.83,1.4,0,0,1
0.296,0.072,240.51,1.2,0,0,0
0.414,0.222,241.38,1.8,0,1,0
0.320,0.102,242.12,1.4,0,1,1
0.344,0.208,242.35,1.6,0,0,0
1.638,0.276,239.83,6.8,0,4,17
3.164,0.312,235.92,13.6,0,27,18
4.740,0.134,237.76,20.0,37,23,0
1.524,0.198,238.91,6.4,0,0,18
1.474,0.000,240.91,6.2,0,0,18
0.222,0.000,241.81,1.0,0,0,0
1.448,0.000,246.37,5.8,0,0,1
1.582,0.148,236.43,6.6,1,0,17
0.358,0.106,240.55,1.6,0,0,0
1.266,0.088,239.03,5.2,0,0,17
0.346,0.054,246.12,1.6,0,1,0
0.206,0.048,240.85,0.8,0,0,0
0.328,0.110,242.37,1.4,0,0,0
0.380,0.102,245.66,1.6,0,0,0
1.472,0.102,245.00,6.0,0,0,18
1.422,0.180,237.84,6.0,0,0,17
1.320,0.062,243.60,5.4,0,0,18
0.328,0.122,240.46,1.4,0,1,0
2.172,0.000,244.10,8.8,0,0,19
0.234,0.118,242.20,1.0,0,0,1
0.202,0.100,238.82,1.0,0,0,0
1.402,0.000,237.77,6.0,0,0,18
1.292,0.064,238.19,5.4,0,0,18
1.088,0.424,247.53,4.6,0,1,13
0.276,0.000,249.45,1.0,0,0,1
0.326,0.156,246.29,1.4,0,1,1
4.006,0.222,229.85,17.4,0,0,16
0.990,0.224,233.67,4.4,0,0,0
1.488,0.052,238.94,6.2,0,1,18
0.388,0.102,241.55,1.6,0,0,1
6.580,0.056,235.15,28.2,0,38,0
0.244,0.052,240.88,1.0,0,0,0
1.370,0.080,238.52,5.8,1,0,18
2.614,0.234,234.41,11.2,0,0,16
2.350,0.000,234.74,10.0,0,0,0
1.822,0.048,240.68,7.6,1,0,18
0.256,0.000,243.23,1.0,0,0,1
1.764,0.208,237.34,7.4,0,2,17
1.714,0.230,233.27,7.4,0,0,17
1.434,0.218,240.07,8.2,0,0,0
0.156,0.000,240.81,0.6,0,0,1
3.238,0.356,243.01,13.4,1,1,16
0.734,0.120,239.45,3.0,0,0,1
0.360,0.112,244.76,1.4,0,1,1
1.688,0.586,240.09,7.6,0,2,1
0.278,0.000,242.09,1.2,0,0,0
1.142,0.046,236.86,4.8,0,0,17
2.346,0.000,234.66,10.0,0,0,0
0.558,0.072,239.58,2.4,0,0,0
0.232,0.050,246.90,1.0,0,0,0
0.300,0.076,245.82,1.2,0,1,1
0.510,0.000,242.28,2.0,0,0,0
0.324,0.092,243.52,1.4,0,0,0
0.518,0.000,244.91,2.0,0,0,0
3.512,0.210,236.11,14.8,0,0,17
1.290,0.090,239.13,5.4,0,0,18
1.430,0.178,237.01,6.0,0,0,17
0.354,0.000,241.66,1.6,0,0,0
0.344,0.076,239.65,1.4,0,0,0
2.216,0.362,238.05,9.4,1,0,27
3.290,0.070,234.40,14.0,0,0,17
1.202,0.000,239.92,5.0,0,0,18
0.408,0.208,242.99,2.0,0,1,1
1.402,0.210,238.28,5.8,0,0,0
1.514,0.200,243.17,6.2,0,0,18
0.760,0.000,238.81,3.8,0,1,10
1.332,0.088,240.28,5.4,0,0,18
0.080,0.000,240.44,0.2,0,0,1
0.176,0.156,242.22,0.8,0,0,1
0.242,0.000,242.55,1.0,0,0,0
0.686,0.062,241.56,2.8,0,0,0
2.202,0.154,238.17,9.2,0,0,29
1.832,0.350,240.47,7.8,1,0,18
0.872,0.246,241.19,3.8,0,1,11
1.422,0.000,242.50,5.8,0,0,19
0.524,0.340,245.69,2.4,0,1,0
1.078,0.232,238.78,4.6,0,0,1
1.280,0.000,237.02,5.4,0,0,17
0.280,0.068,237.61,1.2,0,0,0
0.694,0.124,237.91,3.0,0,2,0
0.414,0.186,243.37,1.8,0,0,0
1.420,0.106,242.58,5.8,0,0,18
0.400,0.254,243.13,2.0,0,1,1
1.346,0.200,233.95,5.8,0,1,17
0.404,0.112,242.97,1.8,0,1,0
0.340,0.126,243.21,1.4,0,0,0
0.324,0.250,239.28,1.6,0,1,1
1.360,0.000,237.17,5.6,0,0,0
1.554,0.066,245.18,6.2,0,0,18
0.688,0.260,243.15,3.6,0,0,1
4.990,0.364,237.71,21.0,0,33,17
0.298,0.220,243.04,1.4,0,2,1
0.322,0.162,249.18,1.4,0,0,0
2.390,0.288,238.81,10.2,0,22,1
1.572,0.096,240.76,6.4,0,1,18
1.708,0.098,233.27,7.6,0,0,0
0.208,0.104,240.84,1.0,0,1,0
2.346,0.000,243.14,9.6,0,0,0
0.278,0.160,242.83,1.4,0,1,1
2.750,0.126,241.57,11.4,0,1,18
1.646,0.238,241.66,6.8,0,1,18
1.776,0.066,238.06,7.4,0,0,18
1.066,0.540,240.10,5.0,0,1,11
0.224,0.000,244.87,1.0,0,0,0
0.318,0.000,240.32,1.2,0,0,1
0.510,0.204,241.84,2.6,0,1,7
3.992,0.490,234.87,17.0,38,2,17
0.866,0.188,239.78,3.6,0,0,11
0.382,0.130,244.88,1.6,0,0,1
0.228,0.000,243.91,1.0,0,0,0
0.182,0.152,241.24,0.8,0,0,1
1.294,0.000,240.80,5.2,0,0,18
1.016,0.052,240.71,4.4,0,0,0
2.500,0.000,239.96,10.4,0,1,18
0.414,0.244,247.08,1.8,0,1,0
0.436,0.204,244.98,2.0,0,0,0
0.110,0.000,240.77,0.4,0,0,0
0.494,0.190,244.31,2.2,0,0,0
2.686,0.000,242.33,11.0,0,0,19
1.300,0.000,240.76,5.4,0,0,18
0.338,0.120,244.04,1.4,0,1,0
1.422,0.204,236.43,6.0,0,1,17
0.226,0.046,244.32,1.0,0,0,0
2.476,0.138,239.94,10.2,0,1,0
2.820,0.000,234.40,12.0,0,1,17
0.326,0.120,241.19,1.6,0,1,0
0.646,0.192,243.66,2.8,0,1,1
0.186,0.098,242.36,0.8,0,1,0
1.566,0.000,239.27,6.4,0,0,17
0.222,0.000,247.40,0.8,0,0,0
0.346,0.072,240.86,1.4,0,0,1
1.366,0.072,241.35,5.6,0,0,18
0.248,0.000,242.14,1.0,0,0,0
0.260,0.000,242.18,1.0,0,0,1
0.394,0.208,236.52,1.8,0,1,0
0.492,0.000,240.22,2.0,0,0,1
4.658,0.000,239.06,19.4,38,0,19
0.410,0.222,241.60,1.8,0,2,0
0.312,0.090,246.76,1.2,0,0,0
0.388,0.210,245.81,1.8,0,0,0
0.322,0.106,244.43,1.4,0,2,0
1.764,0.062,238.77,7.4,0,0,17
0.268,0.094,238.99,1.2,0,1,1
0.424,0.056,242.01,1.8,0,0,0
2.602,0.000,234.79,11.8,16,0,17
0.410,0.100,241.10,1.8,0,0,1
0.570,0.118,242.46,2.4,0,1,0
1.440,0.210,241.53,6.0,0,2,18
0.220,0.000,239.84,1.0,0,0,0
1.730,0.000,241.67,7.0,0,0,18
0.208,0.092,240.12,1.0,0,0,0
1.460,0.084,244.77,5.8,0,0,19
3.476,0.128,230.70,15.0,35,1,17
1.426,0.048,244.25,5.8,2,0,19
1.340,0.100,241.37,5.4,0,2,18
0.290,0.214,238.13,1.4,0,0,0
0.374,0.200,243.10,1.8,0,2,1
2.052,0.144,241.65,8.4,0,0,18
0.340,0.220,238.29,1.8,0,0,1
1.586,0.000,241.64,6.6,1,0,0
0.310,0.098,242.15,1.2,0,2,0
2.120,0.178,237.12,9.0,0,0,29
2.254,0.052,238.61,9.4,0,0,0
0.894,0.212,242.09,3.8,0,0,1
1.958,0.258,241.99,8.2,0,1,18
0.240,0.106,237.85,1.0,0,0,0
2.582,0.262,243.46,10.8,0,39,0
0.296,0.066,241.94,1.2,0,0,0
4.038,0.054,238.06,17.0,0,0,17
0.182,0.164,240.81,1.0,0,0,1
0.290,0.226,238.34,1.4,0,0,0
0.364,0.190,237.70,1.6,0,1,0
0.882,0.104,241.66,3.6,0,0,1
1.220,0.000,238.34,5.0,0,0,18
0.788,0.322,242.76,3.6,0,2,1
0.270,0.116,243.35,1.2,0,0,0
0.370,0.000,241.21,1.6,0,0,0
0.184,0.098,241.68,0.8,0,1,0
3.188,0.268,240.97,13.2,0,39,1
3.324,0.062,234.33,14.2,0,0,17
1.662,0.354,241.88,7.0,0,0,19
1.360,0.062,243.05,5.6,0,0,18
0.128,0.000,240.24,0.6,0,0,0
1.798,0.062,238.49,7.4,0,0,19
1.536,0.114,242.68,6.2,1,0,18
0.208,0.094,235.62,1.0,0,1,0
0.332,0.124,243.73,1.4,0,0,1
4.032,0.192,229.03,17.6,0,2,16
0.326,0.250,239.94,1.6,0,1,1
0.176,0.152,241.18,0.8,0,0,1
0.358,0.098,234.80,1.6,0,0,0
0.294,0.000,239.33,1.2,0,0,0
2.448,0.128,233.50,10.4,0,0,16
3.136,0.088,240.18,13.0,1,0,17
0.338,0.124,249.25,1.4,0,2,1
0.568,0.000,243.89,2.4,0,0,0
0.300,0.048,237.55,1.2,0,0,0
2.710,0.228,243.07,11.4,0,2,20
0.330,0.096,239.95,1.6,0,1,1
1.240,0.000,242.03,5.0,0,0,19
0.216,0.082,242.45,0.8,0,0,1
2.644,0.088,234.25,11.2,0,0,17
1.916,0.204,236.76,8.4,0,0,18
1.306,0.054,236.30,5.4,0,0,17
1.386,0.000,240.98,5.6,0,0,0
0.206,0.116,239.96,1.0,0,1,0
0.234,0.122,237.86,1.0,0,0,1
0.660,0.138,239.55,2.8,0,0,1
0.396,0.354,240.40,2.2,0,1,1
0.338,0.106,245.23,1.4,0,0,0
1.202,0.000,238.73,5.0,0,0,18
0.248,0.000,246.30,1.0,0,0,0
0.166,0.140,241.09,0.8,0,2,1
1.702,0.000,236.65,7.2,0,2,17
1.494,0.068,240.27,6.2,0,0,18
1.432,0.090,242.49,5.8,0,0,19
0.360,0.226,241.40,1.8,1,0,0
0.340,0.264,245.22,1.6,0,1,0
0.222,0.120,240.68,1.0,0,1,1
0.154,0.000,237.81,0.6,0,0,0
1.362,0.192,239.23,5.6,0,2,18
0.694,0.292,239.55,3.2,0,1,1
0.332,0.106,242.64,1.4,0,0,1
0.478,0.226,241.04,2.2,0,1,1
0.260,0.124,242.24,1.2,0,0,1
0.378,0.084,238.44,1.8,0,0,0
2.698,0.084,239.41,11.2,1,1,18
1.750,0.196,242.64,7.2,0,2,19
1.634,0.338,239.46,6.8,2,1,18
0.590,0.056,238.76,2.6,0,0,1
0.328,0.086,243.40,1.4,0,0,0
0.334,0.230,239.17,1.6,0,2,1
0.244,0.128,242.30,1.0,0,0,1
0.276,0.062,245.37,1.2,0,0,0
0.588,0.056,240.76,2.4,0,1,0
0.208,0.128,240.68,1.0,0,0,0
1.290,0.000,238.22,5.4,0,0,18
2.528,0.348,239.26,10.6,0,2,18
1.540,0.268,240.33,6.4,0,2,18
0.190,0.082,238.55,0.8,0,0,0
3.464,0.000,238.57,14.4,38,0,19
0.398,0.224,240.31,1.8,0,0,0
1.784,0.158,242.82,7.4,0,2,18
0.220,0.000,241.27,1.0,0,0,0
0.318,0.000,240.90,1.6,0,0,0
0.080,0.000,239.77,0.2,0,0,1
0.202,0.114,242.38,1.0,0,0,0
0.460,0.206,243.29,2.0,0,0,0
0.818,0.278,241.40,3.6,0,0,1
0.570,0.310,240.05,2.6,0,1,0
0.180,0.096,239.99,0.8,0,0,0
1.568,0.156,241.91,6.4,0,1,1
1.420,0.000,243.28,5.8,0,0,0
3.304,0.458,236.38,14.0,0,43,1
1.564,0.000,240.15,6.6,0,0,18
0.292,0.050,246.53,1.4,0,0,0
0.368,0.098,246.98,1.6,0,0,0
0.366,0.088,241.11,1.6,0,0,0
0.312,0.244,243.92,1.6,0,1,0
0.132,0.000,240.72,0.6,0,0,0
1.376,0.222,239.00,5.8,0,1,19
0.678,0.238,241.03,3.0,0,0,1
0.522,0.256,245.07,2.4,0,1,0
0.932,0.162,236.00,4.0,0,0,0
1.534,0.190,243.99,6.2,0,1,19
0.336,0.132,243.29,1.4,0,0,0
0.356,0.124,242.07,1.4,0,0,1
1.428,0.050,242.63,5.8,0,0,19
0.896,0.058,241.38,3.8,0,0,11
0.510,0.376,242.73,2.6,0,0,1
0.274,0.134,234.93,1.4,0,2,0
1.648,0.056,243.26,6.8,0,1,0
0.302,0.000,239.85,1.4,0,0,0
0.374,0.114,241.28,1.6,0,0,1
0.416,0.222,243.81,1.8,0,1,1
3.288,0.164,233.33,14.2,0,0,16
0.332,0.114,240.09,1.4,0,2,1
2.136,0.338,239.93,9.0,0,0,30
0.314,0.070,241.58,1.4,0,0,1
0.204,0.054,241.24,0.8,0,0,0
2.506,0.000,235.39,10.6,0,0,17
0.312,0.054,241.31,1.4,0,0,1
1.386,0.066,241.41,5.6,0,0,18
0.696,0.120,242.76,3.0,0,0,0
0.320,0.130,243.60,1.4,0,0,0
0.618,0.132,242.43,2.6,0,0,0
2.658,0.142,238.09,11.2,0,35,0
1.460,0.082,239.93,6.0,0,0,19
1.338,0.072,236.46,5.6,0,0,17
1.398,0.070,242.39,5.6,0,0,18
1.582,0.296,244.57,6.4,1,0,18
0.232,0.128,241.09,1.0,0,0,0
0.762,0.090,243.42,3.2,0,0,1
0.470,0.000,238.61,2.0,0,0,0
0.226,0.000,242.93,1.0,1,0,1
0.308,0.090,243.71,1.2,0,2,0
4.236,0.354,238.65,17.8,38,1,18
0.154,0.118,239.06,0.8,0,0,1
0.142,0.000,234.71,0.6,0,1,0
2.890,0.110,236.44,12.2,0,0,17
0.248,0.132,240.16,1.2,0,0,0
0.144,0.000,240.30,0.6,0,0,1
0.324,0.220,240.14,1.6,0,1,0
0.438,0.186,241.03,2.0,0,0,0
0.350,0.254,243.17,1.8,0,1,1
3.296,0.416,241.84,14.2,10,0,18
1.996,0.242,243.19,8.2,0,1,18
3.964,0.000,241.51,16.6,0,0,18
0.340,0.000,244.52,1.4,0,0,0
0.306,0.000,245.38,1.2,0,0,0
0.214,0.116,241.12,1.0,0,1,0
0.306,0.100,241.16,1.2,0,0,0
0.426,0.110,239.17,2.0,0,0,1
0.256,0.000,248.09,1.0,0,0,1
1.666,0.052,239.91,6.8,1,1,18
1.196,0.172,240.11,5.0,0,0,1
0.194,0.078,240.00,0.8,0,0,0
0.956,0.164,235.07,4.0,0,0,1
1.112,0.080,233.94,5.0,0,0,13
0.498,0.210,242.29,2.2,0,1,0
0.302,0.098,241.62,1.2,0,1,1
1.596,0.380,236.93,7.0,1,2,1
0.224,0.000,243.14,1.0,0,0,0
0.196,0.122,235.80,1.0,0,0,0
1.450,0.288,242.81,6.2,0,0,0
0.152,0.120,239.68,0.8,0,0,1
0.330,0.094,244.29,1.4,0,0,0
2.684,0.180,239.57,11.2,1,0,19
1.438,0.238,237.91,6.0,0,2,1
0.206,0.000,242.84,0.8,0,0,0
0.354,0.076,234.89,1.6,0,0,0
0.484,0.358,245.78,2.4,0,2,0
1.718,0.068,238.56,7.2,0,0,17
0.294,0.000,240.50,1.2,0,0,1
0.306,0.084,240.69,1.2,0,1,1
1.392,0.056,241.00,5.8,0,0,19
1.346,0.060,242.20,5.4,0,0,19
0.244,0.100,241.53,1.2,0,0,0
0.314,0.148,241.25,1.4,0,0,1
2.614,0.148,242.85,10.6,0,38,0
1.478,0.124,244.73,6.0,0,0,18
0.200,0.000,242.16,0.8,0,0,1
0.818,0.292,237.90,3.6,0,1,1
1.370,0.058,238.52,5.6,0,0,17
1.604,0.364,233.86,7.0,0,2,16
0.290,0.000,240.19,1.2,0,0,1
1.324,0.000,240.64,5.4,0,0,18
0.386,0.194,245.30,1.8,0,0,0
0.482,0.356,246.76,2.4,0,1,0
0.368,0.132,249.62,1.6,0,0,1
0.284,0.188,233.14,1.4,0,0,0
0.374,0.180,243.74,1.6,0,1,1
1.528,0.068,236.51,6.4,0,2,17
0.874,0.182,243.25,3.6,0,0,0
0.106,0.000,240.45,0.4,0,0,0
1.494,0.090,248.14,6.0,0,2,19
0.620,0.200,247.30,2.6,0,0,1
0.216,0.076,242.34,1.0,0,1,1
4.118,0.112,234.91,17.4,37,0,0
1.450,0.098,245.22,5.8,0,1,19
1.150,0.334,241.04,6.0,0,0,1
0.370,0.216,242.19,1.8,0,1,0
0.500,0.000,241.78,2.0,0,0,0
0.206,0.000,241.81,0.8,0,0,0
0.352,0.100,240.45,1.4,0,0,1
1.870,0.244,241.61,7.8,0,1,0
0.246,0.000,248.15,1.0,0,0,0
0.512,0.348,242.03,2.4,0,2,1
1.572,0.188,238.70,6.6,0,0,18
0.474,0.070,241.20,2.6,0,0,3
0.328,0.056,244.07,1.4,0,2,0
1.020,0.072,240.56,4.2,0,0,0
0.392,0.202,240.83,1.8,0,0,1
2.590,0.324,235.76,11.0,1,1,17
0.178,0.150,240.35,0.8,0,0,1
0.216,0.058,246.21,0.8,0,0,0
0.270,0.000,242.55,1.0,0,0,0
0.672,0.236,240.79,3.0,0,0,0
0.480,0.158,240.09,2.0,0,0,1
2.320,0.206,235.31,9.8,0,0,18
0.164,0.142,241.34,0.8,0,1,1
0.678,0.310,242.31,3.2,0,1,1
0.122,0.000,237.88,0.4,0,0,0
0.324,0.114,240.49,1.4,0,0,0
0.288,0.128,243.48,1.2,0,0,1
0.352,0.126,241.99,1.4,0,0,0
0.320,0.236,237.24,1.6,0,2,1
1.326,0.000,238.99,5.4,0,0,18
0.234,0.000,244.98,1.0,0,0,0
0.300,0.238,238.72,1.6,0,1,0
0.280,0.084,242.68,1.2,0,0,0
0.336,0.078,240.54,1.6,0,0,1
2.852,0.000,243.11,12.4,0,0,18
0.542,0.092,247.94,2.2,0,0,1
0.584,0.230,239.51,2.6,0,1,1
0.344,0.136,246.89,1.4,0,0,1
1.862,0.184,243.39,7.6,0,4,19
0.342,0.240,240.65,1.6,0,1,0
2.754,0.130,236.16,11.6,0,0,18
1.474,0.066,239.96,6.0,0,0,19
1.398,0.100,241.09,5.8,0,0,18
3.142,0.214,230.40,14.0,22,0,16
0.500,0.202,236.49,2.2,0,2,0
0.250,0.000,240.36,1.0,0,0,1
0.402,0.232,241.13,1.8,0,1,0
0.292,0.000,240.90,1.4,0,0,0
0.234,0.000,244.15,1.0,0,0,0
3.000,0.052,236.40,12.6,0,0,17
0.250,0.078,242.02,1.0,0,0,1
0.276,0.058,242.99,1.2,0,0,0
2.306,0.052,240.56,9.6,0,0,0
2.118,0.232,237.98,8.8,0,1,18
0.260,0.174,240.85,1.2,0,1,1
0.320,0.084,240.64,1.4,0,1,1
1.290,0.052,240.95,5.2,0,0,18
2.114,0.000,237.75,8.8,0,0,18
0.354,0.228,241.59,1.8,0,0,1
0.102,0.000,239.04,0.4,0,0,0
2.424,0.000,236.03,11.2,15,0,18
1.404,0.056,241.42,5.8,0,0,19
0.604,0.220,241.09,2.6,0,0,0
1.620,0.158,243.41,6.6,0,0,18
0.242,0.000,243.37,1.0,0,0,1
0.312,0.082,240.78,1.2,0,0,1
1.406,0.060,246.00,5.6,0,0,18
0.140,0.000,240.02,0.6,0,0,1
1.798,0.206,238.38,7.6,0,0,18
2.034,0.150,246.78,8.4,0,25,1
0.316,0.074,242.60,1.4,0,2,0
0.424,0.082,244.88,1.8,0,0,0
2.890,0.210,238.48,12.4,2,0,18
1.654,0.380,233.14,7.2,1,0,17
1.686,0.000,243.77,6.8,0,0,19
0.344,0.244,241.77,1.6,0,1,0
0.298,0.108,244.97,1.2,0,0,0
0.334,0.000,241.02,1.4,0,0,0
1.498,0.206,241.94,6.2,0,0,18
2.590,0.244,234.88,11.0,38,1,0
1.298,0.000,234.01,5.4,0,1,17
0.940,0.138,247.57,5.4,0,0,0
0.360,0.086,244.68,1.6,0,0,0
0.224,0.114,236.36,1.0,0,0,0
1.852,0.068,242.57,7.6,0,0,18
1.408,0.080,240.62,5.8,0,0,18
0.776,0.086,241.88,3.2,0,0,0
3.614,0.100,239.84,15.0,0,37,17
0.346,0.126,244.01,1.4,0,0,1
0.246,0.000,241.35,1.0,0,0,1
0.340,0.050,241.32,1.4,0,2,0
1.852,0.148,241.91,7.6,0,0,19
4.088,0.480,239.52,17.2,39,0,0
0.276,0.148,239.41,1.4,0,0,1
1.014,0.046,245.06,4.0,0,2,1
1.236,0.200,238.04,5.4,0,2,0
0.214,0.000,246.16,0.8,0,0,0
0.108,0.000,239.50,0.4,0,0,0
1.486,0.000,239.27,6.4,0,0,0
0.230,0.108,242.05,1.0,0,0,0
0.388,0.078,237.46,1.6,0,0,0
0.314,0.098,241.81,1.2,0,1,1
0.234,0.092,241.82,1.0,0,0,1
0.406,0.204,244.47,1.8,0,0,0
1.232,0.000,240.44,5.0,0,0,18
0.458,0.224,244.59,2.2,0,1,1
1.942,0.000,241.97,8.0,0,1,18
1.494,0.050,244.20,6.0,0,2,19
0.286,0.118,236.51,1.2,1,0,0
1.648,0.000,240.37,6.8,0,0,19
0.328,0.102,243.43,1.4,0,0,0
2.614,0.170,237.70,11.0,38,0,0
1.926,0.218,240.72,8.0,0,1,19
0.426,0.070,241.43,2.0,0,0,1
0.254,0.000,241.88,1.0,0,0,0
0.322,0.072,248.32,1.4,0,0,0
0.178,0.090,234.08,0.8,0,0,0
1.328,0.060,245.08,5.4,0,0,18
0.352,0.058,242.90,1.4,0,1,1
0.200,0.124,237.25,1.0,0,0,0
0.162,0.000,239.95,0.6,0,0,1
1.650,0.094,238.96,6.8,0,0,17
1.444,0.244,241.66,6.2,0,18,1
2.500,0.278,240.28,10.6,0,32,0
0.472,0.354,240.00,2.4,1,2,1
2.608,0.078,238.99,11.0,0,38,0
0.398,0.226,243.31,1.8,0,1,0
1.486,0.074,243.43,6.0,0,0,19
0.382,0.200,240.20,1.8,0,2,0
1.420,0.048,239.84,5.8,0,0,18
2.074,0.112,238.79,8.6,0,0,28
2.472,0.080,240.92,10.2,2,1,0
1.566,0.182,239.78,6.6,0,0,0
0.234,0.000,240.51,1.0,0,0,1
0.464,0.114,241.27,2.0,0,0,0
1.434,0.176,241.02,6.0,0,1,18
0.250,0.268,244.37,1.4,0,0,1
0.200,0.082,235.30,1.0,0,0,0
0.392,0.190,240.28,1.8,0,1,0
1.594,0.070,242.26,6.6,1,1,18
0.208,0.000,237.54,0.8,0,0,0
1.798,0.334,242.51,7.4,1,1,18
0.548,0.276,242.76,2.4,0,0,1
0.344,0.000,240.73,1.4,0,0,0
1.436,0.084,241.93,5.8,0,0,18
0.464,0.346,241.81,2.4,0,2,0
0.350,0.144,248.21,1.4,0,0,1
1.268,0.166,237.49,5.4,1,0,0
0.834,0.072,243.59,3.4,0,0,0
0.324,0.188,239.04,1.6,0,0,0
0.534,0.098,244.10,2.4,0,0,0
3.024,0.268,239.04,12.6,39,0,0
1.492,0.222,237.99,6.2,0,2,18
3.178,0.186,237.89,13.4,1,1,0
1.470,0.126,240.55,6.0,0,0,18
2.250,0.156,239.70,9.4,0,0,18
0.530,0.196,238.13,2.4,0,2,1
1.258,0.048,237.81,5.2,0,0,18
0.414,0.196,244.14,1.8,0,1,0
1.702,0.246,236.81,7.2,0,0,18
0.288,0.000,249.47,1.2,0,0,1
3.874,0.182,239.97,16.0,0,40,18
2.740,0.000,235.29,11.6,0,0,17
1.000,0.216,242.07,4.2,0,0,12
0.482,0.232,239.48,2.2,0,0,1
0.152,0.000,239.65,0.6,0,0,1
0.248,0.092,240.00,1.2,0,0,0
0.282,0.000,243.05,1.2,0,0,0
1.294,0.090,232.22,5.6,0,0,16
0.254,0.000,245.61,1.0,0,0,1
0.140,0.000,241.87,0.6,0,0,0
2.404,0.142,238.42,10.0,0,0,17
1.764,0.122,237.42,7.4,0,0,17
2.572,0.000,235.80,10.8,2,0,17
0.512,0.130,241.75,2.2,0,0,1
1.128,0.442,237.18,5.0,0,0,11
0.332,0.094,244.63,1.4,0,0,0
0.308,0.000,243.12,1.2,0,0,1
0.776,0.274,241.41,3.4,1,0,1
0.882,0.328,235.54,4.0,0,0,0
0.220,0.000,239.68,1.0,0,0,1
0.502,0.100,240.48,2.2,0,2,0
1.282,0.070,241.29,5.2,0,0,18
0.230,0.110,243.57,1.0,0,0,1
0.592,0.214,241.32,2.6,0,0,0
5.154,0.190,235.25,22.2,28,0,17
0.352,0.378,244.50,2.2,0,2,1
0.182,0.000,244.52,1.0,0,0,1
0.352,0.000,240.65,1.8,0,0,0
0.112,0.000,243.81,0.4,0,0,0
0.250,0.000,245.14,1.0,0,0,0
1.590,0.378,241.20,6.8,0,0,19
0.332,0.118,245.77,1.4,0,0,1
1.462,0.000,239.86,6.0,0,0,17
0.734,0.088,240.58,3.0,0,0,0
1.410,0.106,242.62,5.8,0,1,0
0.302,0.000,244.44,1.4,0,0,0
0.226,0.118,236.15,1.0,0,0,0
0.306,0.076,243.93,1.2,0,0,1
0.150,0.000,236.34,0.6,0,0,1
0.428,0.162,237.01,2.2,0,1,0
0.266,0.176,241.90,1.4,0,1,1
1.590,0.352,241.22,6.6,0,2,1
0.406,0.224,242.33,1.8,0,1,0
1.420,0.080,241.87,5.8,0,2,18
1.314,0.118,240.55,6.8,0,0,0
6.546,0.000,234.76,27.8,37,30,17
0.182,0.156,242.62,1.0,0,0,1
1.872,0.120,239.47,7.8,0,0,18
0.136,0.000,234.05,0.6,0,0,0
0.326,0.130,245.84,1.4,0,0,0
1.424,0.152,238.18,6.0,0,1,18
0.412,0.000,247.17,2.0,0,0,0
0.428,0.100,242.50,2.0,0,0,0
0.222,0.000,240.93,1.0,0,0,0
0.288,0.058,241.16,1.2,0,0,0
4.464,0.216,236.10,18.8,0,38,17
1.480,0.000,242.17,6.0,0,0,19
0.432,0.200,246.15,2.0,0,0,0
0.472,0.160,242.35,2.0,0,0,0
0.268,0.066,243.21,1.2,0,1,1
0.202,0.056,239.52,0.8,0,0,0
1.876,0.134,240.39,7.8,0,0,29
0.308,0.134,243.28,1.4,0,0,1
1.882,0.328,240.74,7.8,0,0,19
0.454,0.204,239.02,2.0,0,2,0
1.236,0.000,246.59,5.0,0,0,0
0.666,0.196,243.20,2.8,0,2,0
1.564,0.230,235.46,6.6,0,1,18
1.822,0.448,243.55,7.6,1,0,18
0.626,0.388,241.40,3.0,0,1,0
0.280,0.000,239.04,1.2,0,0,0
0.402,0.114,241.30,1.6,0,0,1
0.224,0.000,246.08,1.0,0,0,0
0.172,0.000,240.29,0.8,0,0,0
1.832,0.536,241.27,7.8,0,1,18
0.172,0.000,239.68,0.8,0,0,1
0.372,0.098,247.45,1.6,0,0,0
2.122,0.000,241.94,8.8,0,0,18
0.332,0.100,243.54,1.4,0,0,1
2.858,0.000,237.28,12.2,1,0,18
0.636,0.108,249.26,2.8,0,0,0
1.414,0.206,238.16,6.0,0,2,18
1.510,0.264,238.07,6.4,0,1,0
0.238,0.112,239.07,1.0,0,0,1
0.310,0.086,242.81,1.2,0,0,1
5.602,0.246,232.89,24.0,37,0,17
1.416,0.632,239.41,6.4,1,1,12
1.670,0.086,241.34,6.8,0,0,18
1.240,0.000,242.18,5.0,0,0,19
0.082,0.000,242.77,0.2,0,0,1
1.418,0.116,238.58,6.0,0,0,18
2.188,0.108,238.58,9.2,0,0,18
1.324,0.058,240.36,5.4,0,0,18
0.618,0.110,247.45,2.4,0,0,0
0.472,0.218,245.13,2.2,0,0,0
1.016,0.400,242.18,4.4,0,0,11
1.592,0.000,240.80,7.0,0,0,1
1.790,0.348,244.02,7.4,0,2,19
1.864,0.278,238.50,8.0,0,0,1
3.794,0.216,243.28,15.8,1,0,22
0.422,0.000,241.73,1.8,0,2,1
2.592,0.064,236.58,10.8,0,1,18
0.524,0.404,247.40,2.6,0,1,1
2.528,0.476,241.44,10.8,0,29,1
0.334,0.062,244.65,1.4,0,0,1
5.718,0.296,232.14,24.6,0,36,16
3.868,0.000,236.38,16.6,1,27,18
0.188,0.000,243.62,0.8,0,0,0
2.692,0.000,234.00,11.6,0,0,0
0.138,0.000,241.31,0.6,0,0,1
0.154,0.000,241.39,0.6,0,0,0
0.372,0.228,241.97,1.8,0,1,1
1.432,0.056,240.82,5.8,0,0,18
0.222,0.000,243.20,1.0,0,0,0
1.306,0.084,241.74,5.4,0,0,18
2.542,0.302,239.29,10.8,1,34,0
1.628,0.060,232.67,7.0,0,1,16
0.324,0.246,242.67,1.6,0,0,0
0.252,0.000,240.46,1.0,0,0,1
0.414,0.230,243.79,1.8,0,1,0
1.382,0.080,241.40,5.6,0,0,18
0.470,0.216,244.60,2.2,0,0,1
0.218,0.090,232.15,1.0,0,1,0
0.882,0.144,239.80,3.8,0,3,0
0.204,0.048,244.27,0.8,0,0,0
1.334,0.000,244.77,5.4,0,0,19
1.378,0.066,242.50,5.6,0,0,18
1.410,0.108,241.10,5.8,0,0,18
0.254,0.122,243.07,1.2,0,0,1
0.222,0.000,241.74,1.0,0,0,0
0.388,0.246,244.48,1.8,0,0,0
1.170,0.094,242.85,4.8,0,0,0
0.418,0.346,241.44,2.2,0,1,0
1.452,0.226,243.53,6.0,0,1,0
4.856,0.066,238.88,20.4,0,0,0
1.862,0.218,240.99,7.8,0,1,18
1.574,0.376,241.90,6.6,0,0,18
1.250,0.046,238.49,5.2,0,0,18
0.216,0.000,243.07,1.0,0,0,0
1.308,0.068,238.10,5.4,0,0,17
0.348,0.114,241.96,1.4,0,0,0
0.156,0.000,241.32,0.6,0,0,0
0.816,0.168,240.99,3.4,0,1,0
0.336,0.118,245.70,1.4,0,2,1
1.460,0.238,241.42,6.0,0,1,18
0.860,0.142,239.66,3.6,0,0,11
1.338,0.160,239.02,5.6,0,0,18
0.240,0.070,237.49,1.2,0,0,0
3.840,0.196,235.06,16.2,0,39,17
0.288,0.000,242.31,1.6,0,0,0
0.238,0.094,239.82,1.0,0,0,1
1.784,0.000,237.23,7.6,0,0,18
0.082,0.000,243.03,0.2,0,0,1
1.532,0.316,236.92,6.6,0,1,18
1.576,0.064,234.29,6.6,0,0,0
1.464,0.066,246.38,5.8,0,0,0
0.154,0.000,240.51,0.6,0,0,1
1.456,0.094,241.06,6.0,0,2,19
0.428,0.248,242.88,2.0,0,2,1
1.310,0.074,240.35,5.4,0,0,19
1.308,0.048,239.22,5.4,0,0,18
2.802,0.174,237.71,11.8,0,1,17
1.560,0.072,240.89,6.4,0,0,0
4.174,0.318,235.93,17.6,38,0,17
1.608,0.212,244.00,6.6,0,1,19
0.192,0.000,241.43,1.0,0,0,1
1.670,0.092,240.30,6.8,1,0,19
1.502,0.080,242.83,6.2,0,1,19
1.380,0.104,234.09,5.8,0,0,18
0.082,0.000,242.70,0.2,0,0,0
0.400,0.220,242.52,1.8,0,1,0
0.322,0.000,242.62,1.4,0,0,1
0.738,0.060,247.37,3.0,0,0,0
0.252,0.274,241.55,1.4,0,2,1
0.500,0.104,242.96,2.2,0,1,1
0.268,0.066,243.57,1.2,0,0,0
0.362,0.108,240.88,1.6,0,0,1
1.578,0.330,241.47,6.6,0,1,19
0.342,0.106,241.09,1.4,0,0,0
0.290,0.000,239.30,1.6,0,0,0
1.382,0.000,242.56,5.6,1,0,19
0.450,0.176,238.74,2.0,0,0,1
2.852,0.322,237.20,12.0,38,0,1
0.586,0.392,243.31,2.8,0,0,0
0.478,0.104,246.76,2.0,0,2,0
0.300,0.070,239.85,1.2,0,0,0
0.302,0.060,240.73,1.4,0,0,0
2.578,0.190,236.19,10.8,0,0,17
1.402,0.102,241.28,5.8,0,0,19
1.724,0.054,244.17,7.0,0,0,19
0.800,0.268,240.96,3.4,0,0,11
0.548,0.280,240.09,2.6,0,2,1
1.608,0.074,241.92,6.6,0,0,18
2.100,0.274,242.33,8.6,1,0,30
0.346,0.104,242.22,1.4,0,0,0
2.986,0.260,241.44,12.4,0,25,18
1.438,0.106,241.79,6.0,0,2,18
0.442,0.194,241.05,2.2,0,0,0
0.326,0.248,243.13,1.6,0,0,1
2.320,0.120,245.02,9.4,0,0,19
1.944,0.084,236.56,8.2,0,2,17
0.366,0.066,237.19,1.8,0,2,0
0.434,0.350,240.54,2.2,0,1,1
1.402,0.172,238.14,5.8,0,0,18
0.694,0.350,243.59,3.2,0,1,1
0.292,0.160,240.44,1.4,0,0,1
0.436,0.000,244.24,1.8,0,0,1
0.390,0.102,239.41,1.8,0,0,1
0.458,0.326,243.40,2.2,0,1,0
0.210,0.102,241.14,1.0,0,1,1
1.844,0.082,237.22,7.8,0,0,0
0.232,0.000,245.47,1.0,0,0,0
3.090,0.116,238.36,13.2,0,6,0
4.092,0.064,235.64,17.2,0,37,17
2.132,0.000,238.61,8.8,0,0,18
0.348,0.000,241.39,1.8,0,0,1
0.118,0.000,238.63,0.6,0,0,0
1.780,0.210,236.96,8.0,0,0,0
0.156,0.120,239.88,0.8,0,0,0
3.874,0.272,235.64,16.4,0,38,18
0.664,0.090,241.15,2.8,0,1,1
1.498,0.192,241.19,6.2,0,0,18
0.358,0.128,243.97,1.6,0,1,0
2.392,0.000,238.91,10.0,2,0,18
1.496,0.000,241.51,6.2,0,0,19
0.596,0.000,244.35,2.4,0,0,1
1.380,0.134,241.42,5.6,0,0,18
0.288,0.084,243.72,1.2,0,0,0
1.486,0.198,241.03,6.2,0,2,19
0.432,0.000,247.88,1.8,0,0,0
1.238,0.174,238.62,5.2,0,0,0
1.498,0.180,239.43,6.2,0,0,18
0.158,0.000,238.60,0.8,0,0,1
1.190,0.000,237.12,5.0,0,0,18
4.064,0.228,239.25,17.4,16,23,0
0.810,0.206,243.33,3.6,0,2,8
0.250,0.250,239.13,1.4,0,0,0
2.660,0.208,238.05,11.2,0,1,17
0.222,0.000,241.65,1.0,0,0,1
1.298,0.232,238.59,5.4,0,0,0
0.336,0.136,244.29,1.4,0,0,0
2.160,0.518,240.48,9.2,0,3,18
0.492,0.000,237.67,2.4,0,0,0
0.258,0.054,242.84,1.2,0,0,1
0.384,0.246,246.27,1.8,0,2,0
0.856,0.308,241.18,3.8,0,1,9
0.274,0.050,245.46,1.2,0,0,0
0.454,0.082,250.54,1.8,0,0,1
0.412,0.204,239.69,2.0,0,0,0
1.318,0.238,240.71,7.0,9,1,1
1.274,0.054,240.16,5.2,0,0,18
0.252,0.104,241.40,1.2,0,0,1
1.458,0.206,239.37,6.0,0,0,18
1.426,0.000,242.79,5.8,0,0,18
0.482,0.322,242.25,2.4,0,1,1
0.858,0.084,239.81,3.6,1,1,2
1.242,0.118,242.41,5.2,0,0,0
2.600,0.230,233.72,11.2,0,0,17
0.320,0.100,240.31,1.4,0,0,0
3.542,0.000,237.71,14.8,38,0,18
1.908,0.000,240.19,8.0,0,0,18
2.044,0.000,241.45,8.4,0,0,18
0.116,0.000,241.47,0.6,0,0,0
0.872,0.190,238.45,3.8,0,2,1
1.128,0.210,243.73,4.8,0,1,0
0.238,0.114,241.30,1.0,0,2,0
1.512,0.200,241.15,6.2,0,0,18
1.308,0.000,241.79,5.4,0,0,18
2.708,0.000,239.99,11.6,0,0,17
0.298,0.124,243.74,1.4,0,0,1
1.500,0.178,241.05,6.2,0,0,0
1.528,0.000,240.05,6.4,0,0,19
4.052,0.200,241.74,16.6,0,0,18
0.222,0.000,242.80,1.0,0,0,0
1.648,0.236,239.87,6.8,0,0,0
3.820,0.000,237.42,16.2,0,37,18
0.316,0.000,244.06,1.4,0,0,1
0.346,0.238,241.16,1.6,0,1,1
1.216,0.104,235.72,5.2,0,1,0
0.256,0.078,240.10,1.2,0,1,0
0.368,0.306,233.74,2.0,0,1,0
1.662,0.330,240.18,7.0,0,1,18
0.408,0.186,238.51,1.8,0,1,0
1.810,0.198,239.75,7.6,0,1,1
0.326,0.088,244.43,1.4,0,0,1
1.354,0.096,241.37,5.6,0,0,18
0.238,0.000,242.44,1.0,0,0,1
0.346,0.058,245.09,1.4,0,2,0
0.402,0.212,239.33,1.8,0,0,0
3.906,0.082,233.72,16.6,0,0,17
1.502,0.068,246.01,6.0,0,0,19
0.080,0.000,239.96,0.2,0,0,1
0.130,0.000,242.53,0.6,0,0,1
2.222,0.264,233.35,9.6,1,0,0
1.538,0.220,240.02,6.4,0,1,19
2.068,0.098,239.50,8.6,0,0,18
0.356,0.090,244.39,1.6,0,1,0
0.806,0.166,243.82,3.4,0,0,12
0.254,0.118,240.27,1.2,0,0,0
0.776,0.132,240.46,3.2,0,0,12
0.550,0.128,240.82,2.4,0,4,0
0.314,0.062,247.10,1.4,0,0,0
2.074,0.048,240.24,8.6,0,0,18
0.328,0.216,240.84,1.6,0,0,1
1.092,0.204,236.67,4.6,0,0,0
2.064,0.100,235.26,9.4,8,0,17
1.786,0.300,240.15,7.4,1,1,17
3.060,0.358,241.88,12.6,0,38,1
0.714,0.292,241.96,3.2,0,2,1
0.264,0.092,240.28,1.2,0,0,1
2.214,0.000,249.06,10.6,0,1,0
0.254,0.114,242.22,1.2,0,1,0
2.004,0.048,240.24,8.2,0,0,18
1.770,0.210,243.29,7.2,0,0,0
0.338,0.106,239.34,1.4,0,0,1
0.610,0.072,240.49,2.6,0,1,1
3.386,0.310,240.42,14.4,40,0,0
1.304,0.116,240.14,5.4,0,1,19
1.374,0.000,235.44,5.8,0,0,17
0.862,0.158,239.80,3.6,0,2,1
1.464,0.000,238.67,6.2,0,0,18
3.296,0.228,238.38,13.8,1,2,18
0.334,0.232,241.26,1.6,0,0,1
0.334,0.218,234.91,1.6,0,1,0
1.552,0.094,241.02,6.4,0,0,18
3.046,0.184,237.04,13.4,31,0,17
1.394,0.058,242.91,5.6,0,0,19
0.386,0.370,242.85,2.2,0,2,0
2.364,0.064,238.09,9.8,0,0,0
0.292,0.234,241.94,1.4,0,0,0
0.188,0.000,242.09,0.8,0,0,1
1.388,0.256,239.84,5.8,0,1,19
0.456,0.310,240.29,2.4,0,0,1
1.652,0.000,241.29,6.8,2,0,19
1.472,0.052,240.91,6.0,0,0,18
0.206,0.000,243.16,0.8,0,0,0
2.708,0.000,240.42,11.4,0,0,18
4.226,0.354,238.56,17.6,0,38,0
0.518,0.200,237.74,2.2,0,0,0
1.408,0.088,237.72,5.8,0,0,18
0.222,0.094,237.73,1.0,0,2,1
1.372,0.000,238.51,5.6,0,0,18
1.318,0.082,238.39,5.4,0,0,18
0.390,0.076,240.47,1.8,0,0,0
0.218,0.000,242.53,1.0,0,0,0
0.362,0.078,241.62,1.6,0,0,0
0.650,0.062,239.51,2.8,0,0,1
1.386,0.060,242.80,5.6,0,0,18
0.220,0.082,241.27,1.0,0,0,1
1.814,0.096,236.08,7.6,0,0,0
1.542,0.138,237.91,6.6,0,0,1
0.302,0.228,241.94,1.4,0,2,1
0.202,0.000,239.44,0.8,0,0,0
0.588,0.000,242.03,2.4,0,0,1
0.470,0.344,241.32,2.4,0,2,1
2.276,0.120,234.68,9.6,0,0,0
1.364,0.072,241.84,5.6,0,0,18
0.600,0.232,242.25,2.8,0,1,0
1.494,0.000,240.06,6.2,0,0,1
1.232,0.090,238.64,5.0,0,0,17
0.226,0.000,242.18,1.0,0,0,0
1.856,0.376,240.18,7.8,0,1,0
0.626,0.054,235.28,2.6,0,1,1
0.490,0.364,241.71,2.4,0,1,0
1.534,0.190,243.05,6.2,0,0,18
4.090,0.250,238.19,17.4,45,0,18
0.216,0.086,237.66,1.0,0,0,1
0.472,0.194,242.68,2.2,0,0,0
1.168,0.000,242.31,4.8,0,0,18
0.226,0.000,245.58,0.8,0,0,1
0.402,0.086,246.44,1.6,0,0,0
1.596,0.062,242.74,6.6,0,1,18
2.014,0.286,235.60,8.6,0,0,29
0.190,0.000,237.40,0.8,0,0,0
0.326,0.146,245.92,1.4,0,1,0
0.340,0.210,242.52,1.6,0,0,1
0.370,0.066,243.47,1.4,0,0,0
0.754,0.164,243.22,3.2,0,0,0
0.342,0.144,245.14,1.4,0,0,0
0.142,0.000,242.14,0.6,0,0,1
0.278,0.216,240.45,1.4,0,2,1
5.022,0.178,239.23,21.0,38,0,18
1.544,0.082,235.73,6.6,0,0,17
0.246,0.052,240.47,1.0,0,0,0
1.296,0.000,241.84,5.2,0,0,18
0.384,0.118,250.78,1.6,0,0,0
0.888,0.092,245.07,3.8,0,0,0
1.438,0.184,237.36,6.0,0,1,17
1.724,0.064,243.61,7.0,0,0,19
0.322,0.048,241.87,1.4,0,0,0
0.348,0.124,242.04,1.6,0,0,0
1.336,0.088,239.95,5.6,0,0,18
0.714,0.220,238.07,3.2,0,1,1
0.468,0.336,242.68,2.2,0,1,1
1.354,0.058,237.50,5.6,0,0,17
0.376,0.212,241.73,1.8,0,2,0
0.220,0.000,241.89,1.0,0,0,0
0.828,0.184,241.22,3.4,0,0,0
0.240,0.054,236.39,1.0,0,0,1
0.302,0.214,239.08,1.4,0,0,1
0.388,0.064,242.49,1.8,0,0,0
1.494,0.050,242.40,6.0,0,0,18
0.302,0.062,245.71,1.2,0,0,0
0.312,0.242,245.31,1.6,0,1,1
3.154,0.242,233.55,13.4,0,0,17
1.468,0.086,242.22,6.0,0,0,19
1.460,0.294,239.76,6.2,0,0,18
0.234,0.000,242.03,1.0,0,0,1
2.492,0.300,242.00,10.4,0,3,18
0.240,0.000,242.52,1.0,0,0,0
0.218,0.000,245.91,0.8,0,0,0
1.354,0.074,240.31,5.6,0,0,18
1.360,0.058,236.65,5.6,0,1,18
1.504,0.000,241.78,6.2,0,0,18
1.220,0.000,236.62,5.2,0,0,18
1.590,0.146,239.91,6.6,0,0,18
1.334,0.106,242.53,5.4,0,1,18
0.312,0.082,242.52,1.4,0,0,0
2.622,0.084,237.70,11.0,0,0,17
1.284,0.090,241.79,5.2,0,0,19
2.422,0.092,236.22,10.2,0,2,17
2.078,0.000,241.03,8.6,0,1,18
3.032,0.100,236.66,12.8,1,1,17
1.606,0.000,242.17,6.6,0,0,19
0.102,0.000,237.37,0.4,0,0,0
1.310,0.056,238.14,5.4,0,0,18
1.300,0.192,233.85,5.6,0,0,17
0.454,0.224,246.32,2.0,0,1,0
0.286,0.236,238.16,1.6,0,1,0
0.178,0.000,242.41,0.8,0,0,1
0.484,0.232,240.33,2.2,0,1,1
1.550,0.320,241.54,6.6,0,0,19
0.664,0.076,237.86,3.0,0,0,1
0.364,0.000,240.85,1.6,0,0,1
0.654,0.000,244.30,2.6,0,0,1
1.682,0.154,243.11,6.8,0,1,18
0.346,0.000,242.44,1.6,0,0,0
1.400,0.000,235.29,5.8,0,0,17
0.760,0.344,240.53,3.4,0,1,1
0.380,0.208,248.28,1.6,0,1,0
1.800,0.000,242.80,7.4,0,0,19
3.642,0.178,236.72,15.4,1,0,17
0.194,0.094,239.98,0.8,0,0,0
0.866,0.106,236.37,3.8,0,0,0
0.716,0.186,240.36,3.2,0,0,1
0.288,0.082,238.35,1.2,1,0,1
1.258,0.110,241.69,6.6,15,0,1
4.230,0.278,238.72,17.6,38,0,18
0.378,0.068,240.18,1.6,0,0,1
0.404,0.000,243.74,1.8,0,0,0
0.198,0.138,240.31,1.0,0,0,0
0.676,0.048,238.62,3.0,0,0,0
0.426,0.228,242.63,2.0,0,1,1
2.082,0.096,239.29,8.6,0,0,18
1.026,0.088,242.12,4.2,0,0,0
1.634,0.274,240.58,6.8,0,1,18
0.240,0.000,244.59,1.0,0,0,1
0.170,0.000,241.16,0.8,0,0,1
0.158,0.000,243.01,0.6,0,0,1
0.440,0.100,244.35,2.0,0,0,1
1.858,0.484,232.38,8.2,0,3,17
1.330,0.198,236.38,5.6,0,0,18
3.570,0.472,236.09,15.6,30,4,12
0.294,0.082,242.07,1.2,0,2,1
0.430,0.240,246.13,2.0,0,0,1
1.804,0.178,238.76,7.6,0,0,17
1.586,0.064,240.14,6.6,0,0,19
0.382,0.200,246.12,1.6,0,2,0
1.676,0.238,239.17,7.0,0,0,19
0.272,0.088,241.76,1.2,0,0,0
2.442,0.100,243.14,10.0,0,0,18
0.316,0.100,240.84,1.4,0,2,1
0.310,0.086,245.38,1.2,0,0,0
0.366,0.132,248.95,1.6,0,0,1
1.356,0.144,242.16,5.6,0,0,19
1.166,0.208,237.32,5.0,0,0,13
0.082,0.000,241.76,0.2,0,0,1
0.544,0.226,244.11,2.4,0,1,0
2.652,0.090,236.52,11.2,0,20,17
0.978,0.140,239.66,4.2,0,0,0
1.360,0.000,243.07,5.6,0,0,19
1.438,0.142,237.86,6.0,0,1,18
0.104,0.000,241.61,0.4,0,0,0
0.356,0.152,243.70,1.6,0,0,0
1.274,0.102,239.52,5.2,0,0,18
3.108,0.112,238.02,13.0,0,0,17
0.168,0.132,237.22,0.8,0,1,1
0.408,0.228,243.60,1.8,0,2,1
1.830,0.100,236.74,7.6,0,2,17
0.296,0.082,242.08,1.2,0,1,1
1.384,0.060,239.98,5.6,0,0,18
0.378,0.046,240.21,1.6,0,0,1
0.224,0.000,242.30,1.0,0,0,0
0.362,0.204,242.25,1.6,0,1,0
2.350,0.000,242.85,9.6,0,0,18
1.178,0.098,231.22,5.0,0,0,16
0.136,0.000,243.69,0.6,0,0,0
1.632,0.296,239.25,6.8,0,1,18
0.298,0.068,239.18,1.2,0,0,0
0.332,0.124,245.26,1.4,0,0,0
0.482,0.336,240.39,2.4,0,2,1
0.316,0.094,243.06,1.2,0,2,1
1.866,0.206,240.71,7.8,0,0,18
0.346,0.070,240.00,1.4,0,0,0
0.222,0.056,245.07,1.0,0,0,0
5.724,0.326,236.85,24.2,37,1,18
0.270,0.000,239.83,1.2,0,0,0
0.268,0.000,242.22,1.2,0,0,0
0.382,0.050,233.72,1.6,0,0,0
0.196,0.000,242.37,0.8,0,0,0
2.754,0.000,236.13,11.6,0,0,18
1.330,0.102,243.51,5.4,0,0,1
0.222,0.192,238.26,1.2,0,1,0
0.326,0.224,241.52,1.6,0,0,1
1.278,0.000,241.00,5.2,0,0,18
1.798,0.120,237.58,7.6,0,0,18
3.930,0.332,235.90,16.6,38,0,18
0.298,0.078,239.63,1.2,0,1,0
0.316,0.218,235.52,1.6,0,2,1
0.222,0.000,245.79,1.0,0,0,0
0.222,0.126,240.66,1.0,0,0,0
0.190,0.068,236.39,0.8,0,0,0
2.668,0.292,237.27,11.2,0,37,0
0.690,0.230,241.98,3.0,0,1,0
0.212,0.000,240.01,0.8,0,0,0
0.514,0.176,246.27,2.2,1,2,0
1.742,0.180,242.65,7.2,0,0,18
2.794,0.000,238.90,11.6,0,0,17
0.910,0.246,241.28,4.0,0,0,12
0.250,0.172,238.24,1.2,0,1,0
0.262,0.140,241.33,1.4,0,0,1
0.448,0.196,241.28,2.0,0,0,1
1.498,0.152,237.13,6.4,0,1,18
0.250,0.056,240.42,1.0,0,0,1
1.590,0.082,233.41,6.8,0,1,0
0.282,0.000,239.47,1.2,0,0,0
0.196,0.000,239.56,0.8,0,0,1
2.372,0.050,238.48,9.8,0,0,18
0.410,0.238,242.18,1.8,0,1,0
0.392,0.118,243.73,1.6,0,0,0
0.342,0.000,240.33,1.4,0,0,0
1.916,0.322,242.37,8.0,0,0,0
0.366,0.094,246.90,1.6,1,0,1
1.630,0.320,241.92,6.8,0,2,18
1.404,0.096,242.24,5.8,0,1,18
1.588,0.366,241.04,6.6,0,1,18
0.444,0.000,246.54,1.8,0,0,1
1.632,0.100,242.88,6.6,0,0,19
1.808,0.284,239.48,7.6,1,3,18
2.166,0.220,241.64,9.0,0,2,1
1.496,0.120,243.94,6.2,0,0,18
1.400,0.000,240.03,5.8,0,0,19
0.326,0.070,241.68,1.4,0,0,0
0.222,0.000,242.27,1.0,0,0,0
1.804,0.000,239.56,7.6,0,0,18
3.016,0.188,238.42,12.6,0,0,18
1.852,0.072,238.68,8.0,2,1,18
3.708,0.140,236.40,15.6,0,39,17
0.812,0.150,240.08,3.4,0,0,0
0.892,0.000,241.35,3.6,0,0,0
2.640,0.094,246.23,10.6,1,39,0
0.398,0.234,239.04,2.0,0,1,1
0.554,0.000,242.91,2.2,0,0,0
0.394,0.238,244.03,1.8,0,0,0
0.284,0.212,243.55,1.4,0,1,0
2.350,0.080,234.42,10.0,0,0,18
0.292,0.000,243.24,1.2,0,0,0
1.482,0.140,235.98,6.2,0,1,18
0.230,0.102,238.93,1.0,0,1,1
3.280,0.142,234.72,14.0,0,0,17
0.390,0.082,241.37,1.6,1,0,1
0.364,0.170,241.58,1.8,0,0,1
1.752,0.000,239.98,7.2,0,0,1
0.438,0.222,241.94,2.0,0,0,0
1.984,0.368,241.50,8.2,0,1,18
4.068,0.342,234.90,17.2,37,1,18
1.240,0.080,233.73,5.2,0,0,17
1.420,0.068,235.09,6.0,0,0,0
0.282,0.204,240.32,1.4,0,0,0
0.262,0.000,245.50,1.0,0,0,0
1.762,0.000,242.69,7.2,0,0,18
0.986,0.120,243.68,4.0,0,0,0
1.698,0.316,241.19,7.2,0,5,0
0.556,0.000,245.02,2.4,0,0,1
0.776,0.178,237.56,3.4,0,0,1
0.334,0.122,242.69,1.4,0,0,0
0.394,0.120,240.27,1.8,0,0,1
2.718,0.164,238.84,11.4,0,1,18
1.498,0.076,242.66,6.2,0,0,19
0.246,0.102,242.23,1.0,0,1,1
1.496,0.078,240.00,6.2,0,0,0
0.438,0.194,245.09,2.0,0,0,0
0.156,0.000,239.63,0.6,0,0,0
0.160,0.000,240.92,0.6,0,0,1
0.172,0.056,235.40,0.8,0,0,0
0.374,0.086,243.56,1.6,0,1,0
0.334,0.224,237.20,1.6,0,2,0
0.540,0.264,239.12,2.4,0,1,0
1.522,0.338,240.09,6.4,0,1,18
2.212,0.000,234.22,9.4,0,0,0
0.264,0.000,241.73,1.0,0,0,1
1.426,0.064,249.18,5.6,0,0,19
0.386,0.340,241.35,2.0,0,2,1
0.152,0.124,241.20,0.8,0,0,1
0.112,0.066,240.99,0.6,0,0,1
0.420,0.294,237.19,2.2,1,0,0
3.610,0.170,234.78,15.4,0,38,18
0.566,0.192,242.01,2.6,1,0,0
1.250,0.000,237.07,5.2,0,0,17
1.360,0.072,239.45,5.6,0,2,18
2.058,0.046,244.66,8.4,0,0,0
0.378,0.092,245.43,1.6,0,0,0
0.338,0.066,240.54,1.4,0,0,0
0.082,0.000,241.82,0.2,0,0,1
1.780,0.000,238.04,7.4,0,0,18
0.326,0.000,234.81,1.8,0,0,3
0.522,0.316,240.08,2.4,0,2,0
0.362,0.060,231.83,1.6,0,0,0
2.702,0.118,240.35,11.2,0,0,19
0.262,0.000,245.41,1.0,0,0,1
0.854,0.090,244.42,3.4,0,0,1
0.176,0.154,241.20,0.8,0,0,0
1.340,0.000,233.46,5.8,0,0,17
1.648,0.186,241.80,6.8,0,0,19
1.380,0.090,238.92,5.8,0,0,18
1.510,0.000,241.97,6.2,0,1,19
1.386,0.086,235.41,5.8,0,0,17
0.236,0.000,241.51,1.0,0,0,0
0.902,0.378,241.90,4.0,2,0,0
0.152,0.120,239.52,0.8,0,0,0
1.172,0.070,227.48,5.0,0,0,16
0.324,0.224,242.21,1.6,0,0,1
2.376,0.088,239.30,10.0,0,0,17
1.534,0.058,237.34,6.4,0,0,18
1.302,0.124,240.18,5.4,0,0,18
0.476,0.200,242.51,2.2,0,0,1
1.824,0.178,244.86,7.4,0,1,19
0.222,0.000,245.85,1.0,0,0,0
0.764,0.126,241.42,3.2,0,0,1
0.276,0.212,239.89,1.4,0,1,0
0.214,0.046,242.37,0.8,0,0,0
0.306,0.210,242.66,1.4,0,1,1
2.400,0.148,240.69,10.0,0,0,0
1.806,0.412,242.44,7.6,0,1,18
5.588,0.380,243.25,23.0,40,2,19
1.372,0.000,241.14,5.6,0,0,17
0.240,0.000,241.88,1.0,0,0,0
0.358,0.082,237.42,1.6,0,0,0
0.396,0.342,241.36,2.2,0,1,1
2.498,0.000,240.05,10.4,0,0,17
0.416,0.242,244.16,2.0,0,1,1
0.256,0.110,242.28,1.0,0,0,1
0.230,0.104,242.27,1.0,0,1,1
1.456,0.190,242.34,6.0,0,0,18
2.752,0.352,238.01,11.6,0,0,18
1.526,0.158,238.78,6.4,0,1,18
0.568,0.128,246.03,2.2,1,0,0
0.506,0.234,240.80,2.4,0,1,1
0.224,0.050,244.92,1.0,0,0,0
1.618,0.098,235.71,6.8,0,0,17
0.358,0.208,241.67,1.8,0,0,1
1.208,0.100,242.05,5.4,0,0,0
0.496,0.130,241.74,2.4,0,0,3
0.264,0.114,237.62,1.2,0,0,0
0.374,0.090,245.41,1.6,0,0,0
1.340,0.126,234.02,5.6,0,0,17
0.178,0.108,242.13,0.8,0,0,0
0.356,0.066,239.90,1.6,0,0,1
0.788,0.258,247.19,3.4,0,0,1
0.226,0.084,238.92,1.0,0,0,1
0.176,0.106,239.81,0.8,0,0,0
0.482,0.078,239.16,2.0,0,0,1
1.492,0.048,239.92,6.2,0,0,18
0.230,0.000,243.80,0.8,0,0,0
0.534,0.000,240.28,2.2,0,0,0
0.258,0.000,235.86,1.2,0,0,1
2.566,0.064,236.18,10.8,0,2,18
0.326,0.110,242.73,1.4,0,0,0
1.454,0.100,241.40,6.0,0,0,18
0.422,0.226,243.17,1.8,0,0,1
0.426,0.226,240.63,2.0,0,1,0
0.308,0.252,241.19,1.6,0,1,0
1.378,0.118,242.50,5.6,0,1,18
0.322,0.096,243.02,1.4,0,1,1
0.388,0.114,242.16,1.6,0,0,0
1.530,0.166,239.26,6.4,0,0,18
1.256,0.000,238.91,5.2,0,0,17
0.154,0.122,239.96,0.8,0,0,1
0.354,0.120,243.01,1.4,0,0,1
0.206,0.000,242.88,1.0,0,0,1
0.256,0.000,246.47,1.0,0,0,1
1.738,0.080,239.42,7.2,0,0,0
1.402,0.110,239.11,5.8,0,0,18
1.780,0.068,238.10,7.6,0,0,24
0.280,0.000,246.08,1.2,0,0,0
0.368,0.126,239.30,1.6,0,0,0
1.474,0.076,239.63,6.2,0,1,18
0.552,0.268,244.38,2.6,0,1,0
0.744,0.112,242.24,3.0,0,0,0
6.072,0.264,236.10,25.6,37,37,18
0.330,0.130,243.37,1.4,0,0,0
3.698,0.362,236.00,15.8,0,0,17
0.188,0.000,236.18,0.8,0,0,0
0.940,0.000,241.74,3.8,0,0,1
0.506,0.374,240.17,2.6,0,0,1
1.936,0.156,238.74,8.2,0,1,18
1.400,0.094,239.81,5.8,0,0,18
1.296,0.358,245.65,5.4,0,0,11
0.408,0.342,240.13,2.2,0,2,0
1.392,0.082,234.08,5.8,0,0,18
0.474,0.336,244.31,2.4,0,2,0
1.278,0.000,239.74,5.2,0,0,18
1.336,0.080,243.13,5.4,0,0,0
0.252,0.134,240.63,1.2,0,0,1
0.200,0.000,238.48,0.8,0,0,0
2.488,0.140,242.01,11.2,20,0,18
0.294,0.098,245.13,1.2,0,2,0
0.408,0.420,241.10,2.4,0,2,0
0.314,0.266,243.63,1.6,0,1,1
1.456,0.198,239.25,6.0,0,0,17
1.344,0.048,242.41,5.4,0,0,19
1.422,0.184,241.06,5.8,0,0,18
0.252,0.048,243.48,1.2,0,0,0
0.230,0.000,239.73,1.0,0,0,0
0.566,0.060,241.30,2.4,0,0,0
2.134,0.184,238.80,8.8,0,0,29
1.670,0.082,233.33,7.2,0,2,17
0.746,0.072,244.79,3.2,0,1,0
1.176,0.000,239.54,4.8,0,0,18
1.332,0.046,240.87,5.4,0,0,18
1.346,0.058,243.51,5.4,0,0,19
0.944,0.268,241.83,4.0,0,5,1
0.328,0.080,239.34,1.4,0,0,0
1.186,0.066,237.82,5.0,0,0,18
0.330,0.110,248.67,1.4,0,0,0
1.288,0.046,241.24,5.2,0,0,18
0.418,0.064,238.81,2.0,0,0,0
0.140,0.000,241.67,0.6,0,0,0
2.560,0.238,239.20,10.6,0,0,17
1.254,0.070,242.96,5.0,0,0,19
1.988,0.000,244.08,8.2,0,0,19
0.280,0.190,235.72,1.4,0,2,0
1.540,0.182,244.67,6.2,0,0,19
0.400,0.000,242.35,1.6,0,0,1
0.080,0.000,240.61,0.2,0,0,1
0.660,0.086,241.67,2.8,0,0,1
0.340,0.102,241.70,1.4,0,0,0
5.328,0.060,241.15,22.0,39,0,19
3.352,0.000,234.80,14.2,0,0,17
0.410,0.224,240.58,1.8,0,1,1
0.222,0.000,243.46,1.0,0,0,0
0.352,0.128,246.73,1.4,0,0,0
2.278,0.208,238.16,9.6,0,1,0
1.296,0.000,241.12,5.2,0,0,18
0.508,0.062,240.48,2.0,0,0,1
5.878,0.126,237.51,24.6,38,37,18
1.454,0.178,237.93,6.0,0,1,18
0.274,0.220,241.51,1.4,0,1,0
1.452,0.120,242.57,6.0,0,0,18
0.412,0.054,244.35,1.6,0,1,1
1.584,0.000,237.41,6.8,0,0,18
0.236,0.128,240.58,1.0,0,0,1
2.902,0.330,242.20,12.0,40,0,0
0.468,0.314,244.15,2.4,0,0,0
0.340,0.100,242.89,1.4,0,1,1
0.518,0.112,243.84,2.2,0,0,0
0.184,0.000,239.97,0.8,0,0,1
0.222,0.000,244.90,1.0,0,0,0
0.524,0.238,246.32,2.4,0,2,0
0.156,0.000,241.26,0.6,0,0,1
0.280,0.214,241.18,1.4,0,1,1
1.242,0.052,239.47,5.2,0,0,18
1.986,0.414,238.54,8.4,0,1,28
0.328,0.050,244.34,1.6,0,0,0
2.320,0.224,244.49,9.4,0,0,18
0.922,0.092,241.38,3.8,0,0,0
1.340,0.000,237.69,5.6,0,0,18
1.504,0.000,237.77,6.4,0,0,1
0.234,0.128,237.29,1.2,0,0,0
0.256,0.252,239.70,1.4,0,0,1
0.332,0.236,245.49,1.6,0,0,1
1.884,0.000,238.64,8.0,0,0,18
1.392,0.056,240.48,5.8,0,2,17
0.438,0.266,243.19,2.2,0,1,0
0.246,0.070,243.15,1.0,0,0,1
0.140,0.000,240.15,0.6,0,0,1
0.206,0.114,235.24,1.0,0,0,0
1.446,0.200,242.10,6.0,0,0,18
0.596,0.214,240.58,2.6,0,2,1
0.080,0.000,240.52,0.2,0,0,1
0.740,0.114,244.28,3.0,0,0,1
1.260,0.000,235.02,5.2,0,0,17
0.324,0.000,242.97,1.6,0,0,1
0.902,0.194,246.19,3.6,0,0,1
0.464,0.096,243.43,2.0,0,0,1
0.292,0.000,241.47,1.4,0,0,0
0.252,0.000,244.85,1.0,0,0,0
1.176,0.058,238.45,4.8,0,0,1
0.216,0.000,240.47,0.8,0,0,0
2.448,0.342,239.03,10.2,0,2,18
0.260,0.118,239.97,1.2,0,0,0
0.564,0.108,241.29,2.8,0,0,7
2.704,0.000,238.34,11.4,0,0,17
1.402,0.208,238.90,5.8,1,1,17
0.510,0.304,244.74,2.4,0,0,0
0.370,0.230,243.42,1.8,0,1,1
2.044,0.126,241.25,8.6,0,7,1
1.468,0.208,241.31,6.0,0,2,18
2.522,0.000,244.00,10.2,0,0,0
2.364,0.210,241.38,9.8,1,0,18
3.800,0.380,238.30,16.0,38,0,0
1.750,0.090,239.21,7.4,0,0,0
0.448,0.232,241.37,2.0,0,2,1
1.432,0.116,237.65,6.0,0,0,17
0.302,0.096,242.59,1.2,0,2,0
1.708,0.076,239.49,7.0,0,0,18
0.404,0.078,245.21,1.8,0,1,0
0.434,0.072,243.59,1.8,0,0,1
0.798,0.000,239.87,3.6,0,0,0
0.394,0.228,246.85,1.8,0,1,0
0.380,0.078,245.14,1.6,0,0,0
0.108,0.000,241.55,0.4,0,0,0
1.636,0.102,234.20,7.0,0,1,17
1.888,0.106,236.03,8.0,0,1,0
1.426,0.190,241.11,6.0,0,2,18
0.304,0.230,241.75,1.6,0,2,0
0.436,0.064,241.02,1.8,0,0,1
0.266,0.000,245.12,1.0,0,0,1
1.634,0.048,241.16,6.8,0,0,18
1.612,0.186,235.19,7.0,0,2,17
1.486,0.074,234.50,6.2,0,2,17
0.488,0.000,235.70,2.0,0,0,0
0.560,0.084,242.51,2.2,0,0,0
1.068,0.412,240.55,4.8,0,2,12
0.272,0.000,247.95,1.0,0,0,1
1.594,0.128,244.01,6.4,0,0,18
3.416,0.062,233.25,14.6,36,0,17
0.482,0.000,242.03,2.0,0,0,0
0.242,0.000,238.36,1.0,0,0,1
0.500,0.382,241.51,2.6,0,1,0
0.340,0.086,245.34,1.4,0,0,0
0.330,0.220,240.52,1.6,0,0,1
0.356,0.086,242.42,1.4,0,1,1
0.686,0.092,241.31,2.8,0,0,1
0.298,0.090,244.71,1.2,0,2,0
0.378,0.178,237.09,1.8,0,0,0
1.280,0.084,238.29,5.4,0,1,18
0.296,0.142,242.24,1.4,0,1,1
0.252,0.056,244.57,1.0,0,0,1
2.658,0.158,237.44,11.2,0,2,17
2.808,0.210,236.97,12.4,9,0,18
0.430,0.192,243.13,2.0,0,0,1
0.466,0.102,242.05,2.0,0,0,1
0.382,0.146,243.14,1.6,0,0,1
0.538,0.220,240.22,2.6,0,2,0
3.766,0.064,243.52,15.4,39,0,19
0.900,0.262,246.50,3.8,0,0,0
0.312,0.080,246.20,1.2,0,0,0
0.324,0.216,240.13,1.6,0,0,0
1.274,0.066,241.65,5.2,0,0,18
1.990,0.212,239.91,8.2,0,1,29
0.550,0.212,240.20,2.4,0,1,1
0.432,0.144,241.75,1.8,0,1,1
0.340,0.108,242.63,1.6,0,2,0
0.270,0.206,245.33,1.4,0,2,1
0.308,0.082,240.53,1.2,0,2,0
1.424,0.000,240.31,5.8,0,0,18
0.338,0.096,244.83,1.4,0,0,1
2.364,0.074,236.72,10.0,0,0,0
1.498,0.000,239.15,6.2,0,0,18
0.158,0.000,241.86,0.6,0,0,0
0.362,0.204,239.70,1.6,0,1,0
0.402,0.340,241.42,2.2,0,2,0
1.818,0.462,241.32,7.8,0,2,18
1.636,0.216,240.15,6.8,0,0,19
5.536,0.244,235.97,23.4,38,0,17
1.268,0.000,237.13,5.2,0,0,17
1.340,0.104,241.89,5.4,0,2,18
1.862,0.388,239.01,8.0,0,0,0
0.406,0.126,239.42,2.0,0,1,0
0.246,0.126,241.86,1.0,0,0,0
2.196,0.000,237.01,9.4,0,0,0
1.726,0.222,240.77,7.2,0,1,18
0.358,0.000,239.90,1.6,0,0,0
1.280,0.000,238.57,5.2,0,0,18
1.378,0.090,241.09,5.6,0,0,19
1.242,0.238,239.04,5.2,0,1,1
0.378,0.242,241.65,1.8,0,2,0
0.736,0.092,237.19,3.0,0,1,0
1.998,0.544,239.69,8.6,1,1,17
0.634,0.076,241.03,2.8,0,1,1
0.208,0.200,241.07,1.2,0,0,0
0.220,0.108,233.99,1.0,0,0,0
1.294,0.000,241.00,5.2,0,0,19
0.202,0.000,244.07,1.0,0,0,1
4.818,0.088,244.73,19.8,51,0,20
0.296,0.122,242.14,1.2,0,0,1
0.214,0.000,244.25,0.8,0,0,0
0.448,0.270,250.69,2.0,0,0,0
1.600,0.000,241.25,6.6,0,0,17
0.872,0.000,240.66,3.6,0,0,1
0.258,0.100,236.81,1.2,0,1,0
0.340,0.132,245.65,1.4,0,0,1
0.312,0.100,246.74,1.2,0,1,0
1.528,0.232,243.19,6.4,0,1,18
1.436,0.224,237.46,6.0,0,0,0
0.148,0.000,242.69,0.6,0,0,1
1.648,0.140,241.54,6.8,0,1,19
3.998,0.046,239.46,16.6,0,0,1
1.576,0.122,240.54,6.4,1,1,19
0.370,0.158,250.84,1.6,0,0,1
1.484,0.114,247.33,6.0,0,1,20
0.308,0.090,246.75,1.2,0,1,0
3.076,0.268,239.68,12.8,0,4,18
0.256,0.058,242.90,1.0,0,0,1
1.454,0.048,241.52,6.0,0,0,18
0.564,0.270,243.61,2.6,0,0,0
2.542,0.152,236.93,10.6,0,0,18
0.432,0.072,242.94,1.8,0,1,1
0.322,0.076,244.32,1.4,0,0,0
0.198,0.000,243.61,0.8,0,0,1
0.328,0.096,245.17,1.4,0,1,0
0.742,0.000,243.17,3.0,0,0,0
0.446,0.226,242.13,2.0,0,2,0
1.652,0.076,239.03,6.8,0,0,17
4.780,0.442,239.20,20.6,14,0,19
1.820,0.056,240.09,7.6,1,1,18
3.122,0.094,240.05,13.2,0,28,18
2.084,0.338,239.57,8.8,0,0,29
0.452,0.298,244.61,2.2,0,1,0
0.420,0.228,246.16,1.8,0,0,0
0.208,0.000,243.63,0.8,0,0,0
0.434,0.254,240.03,2.0,0,0,0
1.464,0.256,241.65,6.0,0,1,19
2.044,0.242,239.74,8.6,0,0,18
0.278,0.000,240.44,1.2,0,0,0
0.522,0.192,240.42,2.4,0,1,1
0.506,0.092,244.29,2.0,0,0,1
0.216,0.112,235.25,1.0,0,0,0
0.406,0.230,247.53,1.8,0,0,1
0.246,0.000,244.50,1.0,0,0,1
0.326,0.082,244.83,1.4,0,2,1
1.458,0.110,245.06,5.8,0,0,19
0.326,0.102,239.37,1.4,0,2,0
0.414,0.106,242.24,1.8,0,1,1
0.232,0.088,240.81,1.0,0,0,1
0.250,0.084,243.22,1.0,0,0,0
0.252,0.096,242.80,1.2,0,0,1
0.246,0.000,242.59,1.0,0,0,1
3.238,0.056,241.85,14.0,0,1,19
0.536,0.188,237.87,2.4,0,0,0
1.310,0.000,238.54,5.4,0,1,18
0.360,0.192,235.64,1.6,0,2,0
2.984,0.202,239.37,12.4,44,0,1
0.386,0.252,243.56,2.0,0,1,0
0.256,0.136,244.77,1.2,0,0,1
1.728,0.260,239.54,7.2,0,0,18
0.296,0.000,236.03,1.2,0,1,0
1.402,0.072,237.50,5.8,0,0,18
1.174,0.046,231.77,5.0,0,0,17
1.444,0.100,245.55,5.8,0,1,19
1.250,0.000,239.05,5.2,0,0,18
1.384,0.058,241.61,5.6,0,0,19
2.748,0.096,234.35,11.8,0,0,0
0.894,0.270,240.25,3.8,0,1,11
0.266,0.000,241.27,1.2,0,0,0
0.104,0.000,239.45,0.4,0,0,0
0.226,0.126,242.12,1.0,0,1,0
0.510,0.070,238.52,2.4,0,0,0
1.484,0.084,244.72,6.0,0,0,19
4.856,0.334,233.84,20.8,1,36,25
0.444,0.114,245.91,1.8,0,0,1
0.250,0.120,237.46,1.2,0,0,0
0.368,0.210,241.21,1.8,0,1,1
0.370,0.068,239.48,1.6,0,0,1
0.176,0.154,241.45,0.8,0,0,1
0.722,0.000,241.18,3.0,0,0,1
0.138,0.000,239.48,0.6,0,0,0
0.342,0.264,243.11,1.8,0,1,1
5.854,0.544,235.82,24.8,38,0,18
0.444,0.046,243.95,1.8,0,0,1
0.234,0.080,241.28,1.0,0,2,1
0.310,0.092,247.84,1.2,0,1,0
0.196,0.000,242.78,0.8,0,0,1
1.476,0.268,242.59,6.2,0,0,0
1.448,0.178,235.14,6.2,0,0,17
1.792,0.124,239.38,7.4,0,0,0
1.736,0.000,243.00,7.0,0,0,0
0.356,0.078,244.08,1.4,0,2,1
0.176,0.094,234.64,0.8,0,0,0
0.178,0.090,234.71,0.8,0,0,0
0.496,0.000,242.03,2.0,0,1,1
1.500,0.218,243.04,6.2,0,2,18
1.524,0.346,242.91,6.4,0,1,19
0.526,0.000,241.62,2.2,0,0,1
0.536,0.062,236.25,2.4,0,0,0
0.312,0.104,239.81,1.4,0,0,0
1.484,0.086,240.88,6.2,0,0,18
3.914,0.262,237.96,16.4,37,0,17
0.238,0.132,241.63,1.0,0,0,1
0.466,0.048,245.01,1.8,0,0,1
1.614,0.000,246.41,6.4,2,0,20
1.716,0.198,241.04,7.0,1,0,18
0.418,0.190,246.73,1.8,0,0,0
0.302,0.096,243.84,1.2,0,0,0
0.374,0.000,241.09,1.6,0,0,0
4.636,0.268,231.60,20.0,20,0,16
0.298,0.070,241.28,1.2,0,0,0
1.762,0.082,238.68,7.4,0,1,0
0.202,0.000,243.32,1.0,0,0,0
0.444,0.158,242.90,2.0,0,0,1
0.080,0.000,240.25,0.2,0,0,1
0.362,0.094,245.20,1.6,0,0,0
0.614,0.080,240.45,2.8,0,0,1
0.622,0.238,239.95,3.6,0,0,0
0.392,0.134,246.88,1.8,0,0,0
0.238,0.100,240.91,1.0,0,1,0
1.336,0.000,242.20,5.4,0,0,17
0.316,0.214,241.09,1.6,0,0,0
0.264,0.110,240.98,1.2,0,1,0
0.220,0.000,243.24,0.8,0,0,0
0.316,0.078,242.39,1.2,0,0,0
4.770,0.392,234.65,20.4,1,36,17
1.700,0.200,238.22,7.2,0,1,0
0.366,0.206,240.58,1.8,0,0,1
2.976,0.056,235.46,12.6,0,0,17
0.154,0.122,240.66,0.8,0,0,1
0.292,0.102,238.54,1.2,0,2,0
0.312,0.112,243.78,1.4,0,0,0
4.422,0.064,234.08,18.8,36,0,17
2.326,0.180,238.83,9.8,0,0,18
1.248,0.332,240.21,5.4,0,1,12
0.210,0.060,244.87,0.8,0,0,0
0.332,0.132,244.32,1.4,0,0,1
0.880,0.292,242.72,3.8,0,1,1
4.550,0.446,236.39,19.6,38,1,18
0.240,0.050,234.41,1.0,0,0,0
0.886,0.230,239.64,3.8,0,1,0
1.160,0.058,227.00,5.0,0,0,16
1.492,0.000,242.55,6.2,1,0,18
0.366,0.110,241.17,1.6,0,0,0
1.434,0.082,238.03,6.0,0,1,18
0.534,0.242,239.26,2.6,0,2,1
0.266,0.078,246.12,1.2,0,0,0
0.324,0.214,238.98,1.6,0,0,1
1.564,0.000,237.50,6.6,1,2,18
1.996,0.188,238.00,8.4,0,0,28
1.546,0.096,243.67,6.2,0,1,19
0.702,0.052,233.22,3.2,0,0,0
3.844,0.162,240.57,16.0,0,0,22
0.316,0.148,244.64,1.4,0,0,0
0.480,0.000,240.62,2.0,1,1,1
1.108,0.062,241.08,4.6,0,0,0
0.270,0.056,240.08,1.2,0,0,0
0.270,0.000,245.66,1.2,0,0,0
0.298,0.076,247.24,1.2,0,0,0
0.220,0.000,247.48,0.8,0,0,0
1.410,0.108,241.10,5.8,0,0,19
1.516,0.112,238.67,6.4,0,0,1
0.512,0.112,246.05,2.0,0,0,1
2.424,0.000,241.65,10.0,0,0,19
0.164,0.000,243.20,0.6,0,0,0
5.024,0.000,238.25,21.4,0,36,17
1.838,0.066,238.99,7.6,0,0,18
1.230,0.058,239.46,5.0,0,0,18
1.358,0.066,238.86,5.6,2,2,18
1.644,0.182,242.25,6.8,0,1,0
0.316,0.096,242.15,1.4,0,0,0
0.360,0.198,240.68,1.8,0,0,0
0.350,0.222,238.65,1.6,0,1,0
0.490,0.088,239.37,2.2,0,1,1
0.996,0.166,241.22,4.2,0,0,1
1.514,0.110,241.71,6.2,0,1,18
1.754,0.000,240.64,7.2,0,0,17
1.652,0.098,239.87,6.8,0,1,1
2.910,0.046,242.01,12.0,38,5,0
0.422,0.112,237.09,1.8,0,0,0
1.294,0.076,239.30,5.4,0,0,18
1.338,0.100,241.77,5.4,0,2,18
2.456,0.146,235.16,10.4,0,0,17
1.676,0.062,244.16,6.8,2,0,18
0.308,0.242,243.95,1.6,0,0,1
3.638,0.426,233.05,16.0,0,35,0
1.026,0.442,239.00,4.6,0,1,12
0.404,0.224,244.20,1.8,0,0,0
0.464,0.060,244.18,2.0,0,1,0
1.560,0.194,241.92,6.4,0,1,19
1.150,0.176,239.09,7.0,0,0,1
0.342,0.126,243.42,1.4,0,0,0
0.586,0.128,240.65,2.4,0,0,0
0.222,0.000,240.99,1.0,0,0,0
4.214,0.176,236.82,17.8,39,0,18
1.306,0.000,242.54,5.4,0,0,19
2.322,0.234,240.89,9.8,1,23,0
2.430,0.162,239.10,11.0,9,0,18
0.218,0.078,238.45,1.0,0,0,1
1.370,0.088,243.49,5.6,0,0,0
1.692,0.100,239.70,7.0,0,0,18
0.252,0.126,245.11,1.2,0,0,1
1.996,0.000,236.87,8.4,0,4,17
1.896,0.236,238.08,8.4,0,0,18
1.580,0.302,239.93,6.6,0,2,18
1.410,0.240,241.58,5.8,0,0,0
0.532,0.106,242.91,2.2,0,0,0
0.288,0.000,243.33,1.2,0,0,0
0.268,0.000,246.67,1.0,0,0,1
5.584,0.346,235.19,24.0,31,4,17
1.288,0.000,239.86,5.2,0,0,18
1.570,0.186,237.32,6.6,1,0,18
3.556,0.000,236.60,15.0,37,0,18
6.560,0.146,234.00,28.0,36,36,16
0.238,0.000,241.72,1.0,0,0,0
0.370,0.244,241.10,1.8,0,2,1
0.878,0.260,242.41,3.8,0,1,1
1.614,0.058,240.07,6.6,0,0,19
0.228,0.132,242.85,1.0,0,0,1
2.170,0.354,246.63,8.8,0,1,19
0.328,0.000,242.66,1.4,0,0,0
1.430,0.074,242.28,5.8,0,0,18
5.090,0.260,234.16,21.6,0,35,17
0.838,0.080,238.46,3.4,0,0,12
1.904,0.144,240.98,8.0,0,0,19
0.428,0.228,239.69,2.0,0,2,0
0.154,0.000,239.18,0.6,0,0,0
0.216,0.000,241.19,1.0,0,0,0
0.258,0.000,245.93,1.0,0,0,1
1.730,0.168,239.08,7.2,0,1,17
1.366,0.052,244.40,5.6,0,0,19
0.570,0.138,237.33,2.4,0,0,0
1.336,0.202,239.74,5.6,0,1,18
0.170,0.146,243.61,0.8,0,2,1
0.422,0.084,244.99,1.8,0,0,0
0.264,0.068,240.48,1.2,0,1,1
0.426,0.000,239.38,1.8,0,0,1
0.346,0.104,243.70,1.4,0,0,0
0.502,0.000,243.72,3.4,0,0,0
1.382,0.090,238.87,5.8,0,2,18
0.244,0.140,242.04,1.2,0,0,1
2.688,0.000,236.07,11.4,0,3,18
0.606,0.146,240.32,2.6,0,1,1
1.106,0.224,241.89,4.6,0,0,0
5.634,0.078,235.01,23.8,0,72,18
0.104,0.000,241.27,0.4,0,0,0
0.136,0.000,241.84,0.6,0,0,0
0.272,0.000,242.66,1.2,0,0,0
1.896,0.246,242.15,7.8,0,3,1
0.310,0.244,243.01,1.6,0,0,1
0.244,0.000,240.40,1.0,0,0,0
0.740,0.000,244.28,3.0,0,0,0
0.602,0.070,240.43,2.4,0,0,1
0.258,0.274,240.99,1.4,0,1,0
0.216,0.000,241.36,0.8,0,0,0
0.426,0.230,243.31,2.0,0,1,0
0.294,0.100,237.68,1.2,0,2,0
0.458,0.336,242.40,2.4,0,2,0
0.624,0.000,235.60,2.6,0,1,0
1.358,0.062,238.37,5.6,0,0,18
3.178,0.266,238.61,13.6,0,32,19
1.460,0.048,239.39,6.0,0,0,18
0.218,0.000,234.00,1.0,0,0,0
1.670,0.000,241.32,6.8,0,0,19
0.236,0.000,242.66,1.0,0,0,1
0.214,0.058,244.51,0.8,0,0,0
1.764,0.350,236.40,8.0,7,0,18
3.276,0.062,235.54,14.0,0,0,17
1.778,0.234,244.58,7.2,1,0,19
2.700,0.142,237.60,11.4,0,2,28
0.212,0.000,239.23,0.8,0,0,0
1.264,0.000,238.44,5.2,0,0,17
0.388,0.206,242.50,1.8,0,0,0
0.626,0.224,243.79,2.8,0,0,1
0.144,0.000,241.96,0.6,0,0,0
0.962,0.230,240.42,5.0,0,1,1
0.334,0.062,239.42,1.4,0,1,0
1.494,0.000,242.91,6.2,1,0,18
0.248,0.000,245.15,1.0,0,0,0
0.196,0.046,241.24,1.0,0,0,1
0.420,0.112,238.85,2.0,0,0,1
1.592,0.136,243.50,7.8,0,16,1
1.700,0.054,238.04,7.0,0,0,18
1.402,0.078,238.93,5.8,0,1,18
3.532,0.156,243.04,14.4,0,37,0
0.508,0.380,240.82,2.6,1,2,1
1.380,0.058,242.05,5.6,0,0,18
0.438,0.186,239.47,2.0,0,0,1
0.320,0.104,243.84,1.4,0,0,0
1.484,0.000,238.22,6.2,0,0,18
0.346,0.056,240.07,1.6,0,0,0
1.316,0.000,237.86,5.4,0,0,18
2.000,0.196,240.32,8.2,0,0,31
0.356,0.106,240.59,1.6,0,0,1
0.912,0.248,240.20,3.8,0,0,12
0.262,0.122,242.76,1.2,0,0,0
0.160,0.000,239.91,0.6,0,0,0
4.170,0.454,238.48,17.6,1,0,17
3.788,0.092,235.55,16.0,37,0,18
0.956,0.278,242.29,4.0,0,1,0
0.590,0.050,240.10,2.4,0,0,1
0.214,0.106,235.86,1.0,0,1,0
0.262,0.000,240.33,1.2,0,0,0
0.226,0.000,238.17,1.0,0,0,0
1.238,0.074,232.21,5.2,0,0,16
0.170,0.140,240.27,0.8,0,1,1
0.612,0.190,243.68,2.6,0,0,0
0.660,0.354,242.62,4.2,0,2,0
0.224,0.094,239.45,1.0,0,1,0
2.016,0.104,238.09,8.4,0,1,18
1.902,0.096,241.70,7.8,0,0,19
0.582,0.354,243.07,2.8,0,1,1
1.526,0.108,243.66,6.2,0,0,19
1.652,0.086,243.75,6.8,0,0,19
0.496,0.000,245.60,2.2,0,0,0
0.218,0.056,246.24,0.8,0,0,0
0.434,0.270,247.19,2.0,0,1,1
4.508,0.392,239.26,18.8,39,0,28
2.492,0.124,241.23,10.6,0,0,18
0.414,0.340,239.78,2.2,0,1,1
4.134,0.354,238.27,17.4,38,1,18
1.374,0.000,240.28,5.6,0,0,18
0.362,0.114,245.97,1.6,0,1,0
1.240,0.000,241.48,5.0,0,0,19
1.374,0.000,241.32,5.6,0,0,19
0.146,0.052,242.60,0.6,0,0,0
2.906,0.440,238.03,12.4,1,0,18
1.188,0.168,235.78,5.0,0,0,0
1.912,0.116,241.50,8.2,1,0,8
0.242,0.246,241.65,1.4,0,1,1
1.332,0.184,238.59,5.6,0,2,18
0.474,0.344,242.14,2.4,0,2,0
0.204,0.104,241.97,1.0,0,1,0
0.384,0.178,241.37,1.6,0,0,0
0.246,0.118,239.74,1.2,0,0,1
1.776,0.198,241.13,7.4,0,2,18
1.986,0.088,236.40,8.4,0,0,17
0.256,0.000,244.26,1.0,0,0,0
0.404,0.054,247.73,1.8,0,0,0
1.800,0.070,238.60,7.4,0,0,18
2.832,0.102,238.98,11.8,0,0,17
2.138,0.086,239.87,8.8,0,0,0
0.306,0.112,243.09,1.4,0,2,1
2.068,0.216,239.85,8.6,1,1,18
2.252,0.074,237.67,9.4,0,0,18
2.330,0.000,239.97,9.6,0,0,19
0.800,0.088,237.69,3.4,0,0,0
1.806,0.000,236.88,7.6,0,0,0
0.080,0.000,240.74,0.2,0,0,1
0.316,0.236,234.74,1.6,0,1,0
1.424,0.000,240.32,5.8,0,0,19
1.358,0.054,241.21,5.6,0,0,18
0.212,0.122,236.10,1.0,0,0,0
2.492,0.206,242.64,10.2,0,1,19
0.220,0.000,241.01,1.0,0,0,0
2.458,0.328,244.52,10.0,0,1,0
0.240,0.000,242.41,1.0,0,0,1
2.736,0.070,238.51,11.4,1,0,0
2.410,0.228,236.81,10.2,2,2,1
0.344,0.216,248.70,1.6,0,0,0
0.612,0.288,240.29,2.8,0,2,0
0.710,0.094,240.26,3.2,0,0,0
1.658,0.086,238.07,7.0,0,0,0
0.352,0.120,243.58,1.4,0,0,1
0.238,0.146,243.13,1.2,0,1,0
0.216,0.000,247.67,0.8,0,0,0
1.662,0.166,238.75,7.0,0,2,17
0.210,0.084,240.53,0.8,0,0,1
0.390,0.240,244.15,1.8,0,0,1
6.046,0.158,234.19,25.8,53,0,18
1.140,0.000,233.84,4.8,0,0,16
0.146,0.000,243.84,0.6,0,0,0
1.280,0.158,232.26,5.4,0,0,16
0.354,0.204,246.50,1.6,0,0,0
0.112,0.000,237.34,0.6,0,0,0
2.482,0.156,238.43,10.4,0,19,18
1.266,0.064,239.73,5.2,0,0,18
0.324,0.112,243.18,1.4,0,1,0
0.376,0.170,237.75,1.6,0,1,0
0.230,0.136,242.93,1.0,0,0,1
2.408,0.118,238.88,10.0,0,0,18
0.760,0.244,238.97,3.4,0,0,9
0.490,0.226,243.18,2.2,0,2,0
0.246,0.124,238.97,1.2,0,0,0
1.162,0.544,241.27,5.2,0,2,12
1.282,0.170,237.48,5.4,0,1,17
2.064,0.146,245.12,8.4,0,0,18
1.452,0.084,240.74,6.0,2,0,18
0.712,0.208,245.40,3.2,0,4,0
0.236,0.050,242.42,1.2,0,0,0
1.284,0.000,239.86,5.2,0,0,18
1.428,0.078,242.00,5.8,0,1,18
0.288,0.078,247.33,1.2,0,0,0
0.296,0.226,239.86,1.4,0,0,1
0.510,0.256,241.87,2.4,0,2,1
0.526,0.102,246.42,2.2,0,1,1
1.398,0.000,237.20,5.8,2,1,18
0.560,0.000,239.95,2.2,0,0,1
3.782,0.064,235.32,16.0,37,0,18
0.720,0.268,241.82,3.2,0,2,1
0.306,0.106,241.38,1.2,0,0,0
2.876,0.068,243.99,11.8,0,0,19
0.318,0.126,241.71,1.4,0,0,0
0.252,0.000,240.44,1.0,0,0,1
0.286,0.048,241.91,1.2,0,0,1
1.602,0.230,243.36,6.6,0,0,0
1.490,0.082,239.95,6.2,0,0,18
0.300,0.164,245.97,1.4,0,0,0
0.468,0.000,233.76,2.2,0,0,0
0.246,0.078,250.26,1.0,0,0,0
0.356,0.100,245.16,1.4,0,0,1
0.298,0.074,241.96,1.2,0,0,0
2.490,0.066,236.98,10.4,0,1,17
0.472,0.330,240.86,2.4,0,1,0
0.398,0.168,241.98,1.8,0,0,1
6.266,0.302,243.16,25.8,39,18,18
0.198,0.120,236.70,1.0,0,0,0
0.306,0.074,243.13,1.2,0,0,0
0.156,0.000,239.96,0.6,0,0,0
3.676,0.320,238.88,15.4,37,1,19
3.254,0.530,236.38,14.0,38,0,1
0.516,0.052,240.39,2.2,0,1,1
2.136,0.102,240.01,8.8,0,0,1
1.370,0.000,240.34,5.6,0,1,19
1.350,0.000,241.73,5.6,0,0,18
1.414,0.230,241.04,5.8,0,2,19
0.246,0.118,240.59,1.0,0,0,0
0.298,0.066,242.03,1.2,0,0,0
0.530,0.050,236.21,2.6,0,0,0
1.340,0.162,242.87,5.6,0,1,0
0.300,0.000,242.24,1.4,0,0,0
0.502,0.078,238.72,2.4,0,0,0
0.212,0.078,238.47,0.8,0,0,1
0.638,0.074,240.47,3.0,0,0,1
0.332,0.104,243.82,1.4,0,0,1
2.276,0.000,237.69,9.6,0,0,18
1.444,0.202,240.56,6.0,0,0,18
1.984,0.162,241.15,8.2,0,1,19
0.278,0.000,243.87,1.2,0,0,0
1.374,0.070,240.79,5.6,0,0,18
6.082,0.118,232.97,26.0,36,35,0
1.112,0.076,242.65,4.6,0,0,0
5.062,0.046,241.03,21.0,39,0,18
0.240,0.000,243.64,1.0,0,0,1
0.750,0.206,244.44,3.2,0,0,0
1.792,0.104,241.87,7.4,1,0,18
0.438,0.236,241.67,2.0,0,1,0
0.384,0.236,245.55,1.8,0,0,1
1.260,0.170,233.48,5.4,0,1,17
5.656,0.394,235.81,24.0,43,1,17
1.336,0.000,240.63,5.4,0,0,17
1.036,0.096,237.91,4.4,0,0,0
3.874,0.154,234.04,16.6,36,0,16
0.248,0.122,241.34,1.2,0,1,1
0.230,0.054,245.30,1.0,0,0,0
0.216,0.000,242.18,0.8,0,0,0
3.884,0.440,236.39,16.4,0,2,18
1.516,0.100,242.25,6.2,1,0,18
0.426,0.194,239.66,2.0,0,1,0
2.202,0.348,239.88,9.2,1,0,19
0.172,0.144,242.48,0.8,0,2,1
0.324,0.246,239.96,1.8,0,1,1
2.306,0.180,235.87,9.8,0,1,17
0.644,0.060,236.72,2.8,0,0,0
1.468,0.084,242.41,6.0,1,0,19
0.308,0.048,241.92,1.4,0,0,0
1.870,0.000,243.03,8.4,0,0,0
1.178,0.072,237.47,5.0,0,2,1
1.320,0.106,238.10,5.4,0,1,18
2.110,0.074,236.58,8.8,0,0,18
0.258,0.252,240.27,1.4,0,0,0
0.384,0.092,236.68,1.6,0,0,0
0.286,0.000,244.64,1.2,0,0,0
1.592,0.166,241.84,6.6,0,3,17
1.340,0.000,239.81,5.6,0,0,18
0.230,0.000,245.48,1.0,0,0,0
1.784,0.446,236.95,7.8,0,0,17
1.088,0.378,245.22,4.8,0,0,10
0.252,0.114,242.32,1.2,0,2,1
2.088,0.332,242.52,8.6,0,1,1
2.292,0.092,240.70,9.4,0,0,19
0.338,0.174,244.52,1.6,0,0,0
1.354,0.192,238.03,5.6,0,0,17
0.324,0.146,240.63,1.4,0,0,0
1.116,0.188,238.99,5.0,0,0,5
0.306,0.068,242.49,1.2,0,0,0
2.884,0.466,235.70,12.4,38,0,1
1.134,0.052,243.51,5.0,0,0,0
0.206,0.000,246.97,0.8,0,0,1
0.354,0.118,236.93,1.6,0,0,0
0.228,0.136,241.60,1.0,0,1,0
2.924,0.204,240.02,12.2,0,0,18
0.174,0.000,241.95,0.8,0,0,1
0.258,0.000,244.72,1.0,0,0,0
0.504,0.260,244.49,2.2,1,2,0
0.320,0.124,242.49,1.4,0,0,0
0.428,0.212,241.85,2.0,0,1,1
4.188,0.188,238.17,17.6,37,0,18
0.264,0.000,243.42,1.4,0,0,0
0.160,0.000,240.78,0.8,0,0,0
3.472,0.170,236.39,14.6,0,1,17
0.216,0.104,234.15,1.0,0,2,1
3.858,0.060,236.85,16.2,37,0,18
0.250,0.000,243.71,1.0,0,0,1
4.440,0.162,239.79,18.4,38,0,18
0.924,0.220,244.30,3.8,0,2,0
0.406,0.116,247.48,1.8,0,0,0
1.694,0.088,238.65,7.0,0,0,18
1.308,0.178,238.18,5.4,0,1,17
0.266,0.000,241.27,1.0,0,0,1
0.410,0.232,239.78,2.0,0,2,0
1.352,0.054,239.61,5.6,0,0,18
1.430,0.176,241.49,6.0,0,2,19
0.304,0.078,245.95,1.2,0,0,0
0.224,0.000,244.95,1.0,0,0,0
0.478,0.046,240.35,2.0,0,0,1
0.258,0.000,242.25,1.2,0,0,0
0.216,0.000,244.12,0.8,0,0,0
3.262,0.434,236.68,14.6,22,0,17
1.532,0.172,239.76,6.4,0,0,17
1.578,0.068,239.87,6.6,0,0,18
3.870,0.364,234.06,16.6,0,38,17
1.814,0.326,240.99,7.6,0,2,18
0.132,0.000,244.00,0.6,0,0,1
0.274,0.000,247.07,1.0,0,0,1
0.202,0.000,243.15,0.8,0,0,1
0.954,0.166,241.48,4.0,0,0,1
0.380,0.050,244.65,1.6,0,0,0
0.360,0.112,242.69,1.6,0,0,0
0.752,0.070,240.59,3.2,0,0,0
0.256,0.000,243.65,1.0,0,0,1
2.440,0.000,235.04,10.2,0,37,1
3.308,0.000,238.81,14.4,29,0,17
0.290,0.104,243.18,1.2,0,1,0
4.356,0.416,236.29,18.4,38,1,17
0.336,0.114,244.99,1.4,0,0,0
1.352,0.000,244.96,5.4,0,0,19
1.406,0.066,239.33,5.8,0,0,17
0.700,0.252,238.60,3.4,0,1,9
0.458,0.234,245.92,2.0,0,1,0
1.452,0.238,242.80,6.0,0,0,19
2.222,0.120,243.45,9.0,0,0,18
1.418,0.060,238.36,5.8,0,0,18
0.630,0.082,242.91,3.0,0,0,1
1.548,0.254,240.57,6.6,0,2,19
0.416,0.130,244.08,1.8,0,0,1
0.982,0.242,240.11,4.4,0,1,5
0.888,0.258,240.43,3.8,0,1,10
0.272,0.000,246.95,1.0,0,0,0
0.324,0.102,246.65,1.4,0,0,0
0.250,0.090,241.60,1.0,0,0,0
1.468,0.140,238.40,6.2,0,1,18
0.776,0.074,239.78,3.2,0,0,1
0.276,0.126,245.70,1.2,0,1,1
1.548,0.446,241.98,7.4,0,0,0
2.576,0.308,241.23,10.8,0,0,19
2.072,0.256,240.31,8.6,0,1,17
0.312,0.260,242.17,1.6,0,1,0
0.448,0.150,242.99,1.8,0,1,0
0.234,0.000,240.49,1.0,0,0,1
0.328,0.176,241.71,1.6,0,0,0
0.162,0.054,243.92,0.8,0,0,1
0.372,0.236,242.58,1.8,0,2,1
0.162,0.064,242.17,0.8,0,0,1
1.422,0.232,237.44,6.0,2,0,0
2.058,0.222,239.94,8.6,0,0,29
0.660,0.052,244.49,2.6,0,0,0
1.536,0.102,241.91,6.4,1,2,19
0.116,0.000,238.19,0.6,0,0,0
0.214,0.000,239.58,0.8,0,0,0
1.368,0.060,237.87,5.6,0,0,18
0.184,0.000,242.30,0.8,0,0,1
5.466,0.268,227.83,24.0,35,34,16
0.316,0.090,242.75,1.4,0,0,0
1.444,0.204,241.19,6.0,0,1,1
1.248,0.054,236.23,5.2,0,0,18
1.378,0.090,240.87,5.6,0,0,17
1.542,0.302,238.85,6.6,0,0,18
2.842,0.126,238.39,11.8,0,1,18
1.240,0.052,236.55,5.2,0,0,17
0.336,0.254,241.43,1.6,0,1,0
0.616,0.060,238.85,2.8,0,0,0
0.246,0.000,244.23,1.0,0,0,0
3.042,0.172,237.52,12.8,0,3,17
0.522,0.094,239.14,2.4,0,0,0
0.424,0.056,241.26,2.0,0,0,0
0.098,0.000,242.53,0.4,0,0,0
2.146,0.000,238.18,9.0,0,0,0
1.444,0.216,242.02,6.0,0,0,19
0.484,0.048,238.93,2.4,0,0,0
2.310,0.000,237.80,10.4,0,29,0
1.370,0.070,238.34,5.6,0,0,18
0.462,0.064,241.29,1.8,0,0,1
0.406,0.232,242.48,1.8,0,0,1
0.258,0.114,242.06,1.2,0,0,1
1.376,0.054,238.94,5.8,1,0,1
1.704,0.210,237.87,7.2,0,0,18
0.242,0.068,242.41,1.0,0,0,0
0.472,0.118,243.20,3.0,0,0,0
0.964,0.084,237.25,4.0,0,0,1
0.434,0.206,239.08,2.0,0,1,1
0.242,0.000,242.43,1.0,0,1,0
1.534,0.088,235.30,6.4,0,1,17
1.356,0.112,240.92,5.6,0,1,19
0.410,0.278,245.17,2.0,0,1,0
0.386,0.304,237.01,2.0,1,1,1
3.472,0.370,236.70,15.0,13,0,17
1.372,0.000,241.46,5.6,0,0,18
3.560,0.472,232.39,16.4,18,4,16
0.776,0.382,238.95,3.6,1,1,1
2.832,0.246,239.06,11.8,0,2,18
1.268,0.000,240.06,5.2,0,0,17
3.710,0.100,239.07,15.4,38,0,18
1.468,0.000,245.13,6.0,0,0,19
2.872,0.268,236.66,12.2,0,20,18
2.194,0.288,242.90,9.4,0,25,0
0.350,0.104,240.88,1.6,0,0,0
2.830,0.364,233.66,12.2,0,2,17
1.358,0.206,240.15,5.6,0,0,18
1.562,0.116,241.44,6.4,0,1,0
0.316,0.266,242.18,1.6,0,1,1
0.220,0.108,244.62,1.0,0,0,0
1.384,0.058,245.10,5.6,0,0,19
0.294,0.224,240.46,1.4,0,0,1
0.260,0.000,242.56,1.0,0,0,1
3.650,0.144,236.71,16.0,9,1,18
0.324,0.090,241.30,1.4,0,0,0
1.578,0.000,241.38,6.4,0,0,19
0.360,0.286,240.21,2.0,0,0,0
0.222,0.056,241.05,1.0,0,0,0
1.378,0.056,242.10,5.6,0,0,18
0.222,0.000,240.76,1.0,0,0,0
0.258,0.000,243.59,1.2,0,0,0
0.718,0.000,244.74,2.8,0,0,0
0.636,0.278,247.47,2.8,0,2,0
1.304,0.056,239.28,5.4,0,1,18
0.416,0.090,236.04,1.8,0,0,0
0.964,0.158,239.08,4.2,0,0,0
0.532,0.084,238.99,2.4,0,0,0
0.200,0.124,238.04,1.0,0,0,0
1.904,0.000,239.20,7.8,0,0,1
0.322,0.112,242.31,1.4,0,0,1
0.262,0.000,250.50,1.0,0,0,0
0.328,0.108,246.85,1.4,0,1,0
1.540,0.094,238.23,6.4,0,0,19
0.246,0.000,242.99,1.0,0,0,0
0.224,0.096,234.24,1.0,0,0,0
0.260,0.000,242.17,1.0,0,0,0
0.258,0.000,245.69,1.0,0,0,1
1.328,0.000,241.11,5.4,0,0,18
0.230,0.098,243.35,1.0,0,0,1
1.808,0.000,245.48,7.2,0,0,18
1.456,0.088,238.84,6.0,0,0,18
3.266,0.164,241.84,14.4,21,2,18
1.420,0.098,244.93,7.0,0,2,0
1.232,0.054,238.51,5.0,0,0,18
4.560,0.690,239.83,19.8,0,20,18
0.248,0.110,240.45,1.2,0,1,0
0.218,0.072,243.08,1.0,0,1,1
0.924,0.048,243.72,3.8,0,0,0
1.548,0.136,239.83,6.6,0,0,20
0.348,0.062,242.14,1.4,0,0,0
1.482,0.052,238.38,6.2,0,0,17
3.974,0.232,233.18,17.0,0,0,17
0.168,0.138,239.10,0.8,0,1,1
0.392,0.000,239.17,2.0,0,0,0
5.564,0.096,234.07,23.8,36,29,0
1.500,0.222,238.79,6.2,0,0,17
0.382,0.000,245.37,1.6,0,0,0
0.184,0.152,240.62,1.0,0,0,1
0.410,0.102,240.39,1.8,0,0,1
1.600,0.186,239.51,6.6,0,1,18
0.848,0.488,241.60,4.0,0,2,0
1.380,0.082,243.09,5.6,0,0,18
0.806,0.000,235.02,3.4,0,0,0
0.388,0.198,242.04,1.8,0,2,0
0.168,0.140,240.30,0.8,0,1,1
0.276,0.068,238.69,1.2,0,0,0
0.576,0.000,239.97,2.4,0,0,1
3.908,0.000,232.45,17.4,0,0,16
1.614,0.158,240.25,6.6,0,1,18
1.188,0.000,237.22,5.0,0,0,18
0.414,0.186,241.25,2.0,0,0,1
0.268,0.134,243.33,1.2,0,1,1
1.542,0.108,237.46,6.4,0,1,18
1.328,0.000,240.13,5.4,0,0,18
0.318,0.106,242.03,1.4,0,0,0
0.756,0.294,241.91,3.4,0,1,0
0.278,0.202,237.77,1.4,0,2,1
1.346,0.178,242.09,5.6,0,2,1
1.230,0.046,234.40,5.2,0,0,17
1.704,0.208,238.96,7.2,0,0,18
1.788,0.048,238.80,7.4,0,0,18
0.210,0.088,240.76,1.0,0,0,0
1.298,0.000,233.88,5.4,0,0,17
1.642,0.068,242.75,6.8,0,0,0
3.868,0.188,236.96,16.2,0,38,17
0.232,0.000,243.19,1.0,0,0,0
0.352,0.070,241.29,1.6,0,0,0
0.326,0.068,241.31,1.4,0,0,0
4.398,0.488,232.14,19.0,0,36,0
1.044,0.336,240.53,4.6,0,0,13
2.258,0.052,240.21,9.4,1,0,19
1.314,0.128,240.07,5.4,0,0,18
0.448,0.000,248.07,1.8,0,0,1
1.308,0.000,242.32,5.4,0,0,19
0.270,0.000,245.17,1.0,0,0,0
1.868,0.068,239.07,7.8,0,1,18
0.254,0.000,244.78,1.0,0,0,1
0.306,0.236,241.31,1.6,0,1,0
4.148,0.174,237.13,17.4,0,38,17
1.476,0.116,241.94,6.0,1,0,18
0.388,0.226,242.31,1.8,0,1,1
0.222,0.000,243.40,0.8,0,0,0
1.686,0.000,242.98,7.0,0,0,18
0.158,0.000,242.07,0.6,0,0,1
0.354,0.266,243.20,1.8,0,1,0
0.214,0.112,238.99,1.0,0,0,1
1.350,0.048,241.73,5.6,0,0,18
0.310,0.074,244.78,1.2,0,0,0
2.700,0.052,238.51,11.2,0,0,18
1.714,0.168,241.40,7.0,0,3,18
0.206,0.070,234.73,1.0,0,0,0
0.374,0.072,243.14,1.6,0,1,0
0.654,0.140,241.32,3.2,0,0,1
0.334,0.092,242.96,1.4,0,0,0
0.342,0.112,241.51,1.4,0,0,0
5.460,0.000,235.22,23.2,37,0,18
1.588,0.070,240.90,6.6,0,1,18
1.358,0.100,239.81,5.6,2,0,18
1.458,0.086,240.18,6.0,0,0,17
1.338,0.000,241.15,5.4,0,0,18
0.412,0.308,243.65,2.0,0,1,0
2.018,0.062,238.46,8.4,0,0,1
2.760,0.382,235.74,11.8,0,1,17
0.332,0.096,242.42,1.4,0,0,0
0.250,0.140,243.27,1.2,0,0,1
1.280,0.062,240.13,5.2,0,0,19
0.182,0.120,241.99,0.8,0,1,0
0.374,0.092,242.54,1.8,0,0,1
0.234,0.080,240.12,1.0,0,0,1
0.976,0.326,236.78,4.2,0,1,0
1.918,0.352,237.27,8.2,0,1,1
4.346,0.000,236.27,18.4,0,35,17
1.772,0.768,238.59,8.4,1,1,1
0.152,0.000,240.32,0.8,0,0,0
0.628,0.082,240.25,2.6,0,0,0
6.608,0.000,230.91,28.6,0,70,17
0.248,0.244,237.99,1.4,0,0,1
0.444,0.000,248.07,1.8,0,0,0
2.496,0.202,232.94,10.6,1,0,17
0.328,0.000,240.85,1.4,0,0,1
0.266,0.000,245.14,1.2,0,0,0
0.140,0.000,239.75,0.6,0,0,1
0.734,0.108,244.35,3.0,0,0,0
1.230,0.000,226.93,5.4,0,0,16
1.978,0.000,240.67,8.2,0,0,18
0.308,0.090,243.86,1.2,0,1,0
0.224,0.118,241.02,1.0,0,1,1
1.606,0.086,242.97,6.6,0,1,19
0.274,0.000,246.77,1.2,0,0,0
0.270,0.124,243.97,1.2,0,0,0
0.290,0.056,238.45,1.2,0,0,1
0.364,0.134,244.88,1.6,0,0,0
0.374,0.182,244.26,1.6,0,0,0
0.902,0.222,239.34,3.8,0,0,12
0.078,0.000,239.05,0.2,0,0,0
0.418,0.180,237.52,1.8,0,1,1
1.626,0.106,243.51,6.8,0,0,18
1.512,0.172,240.08,6.4,0,0,18
0.320,0.266,242.33,1.6,0,1,0
1.538,0.288,241.08,6.4,0,0,18
0.222,0.000,243.09,0.8,0,0,0
1.678,0.000,237.35,7.0,2,0,17
0.632,0.144,234.25,3.0,0,1,3
0.496,0.000,243.33,2.0,0,0,0
0.392,0.138,236.41,2.6,0,0,0
0.366,0.100,244.21,1.6,0,0,0
3.560,0.316,239.24,14.8,0,0,29
1.158,0.128,240.38,4.8,1,0,0
1.036,0.152,244.13,4.2,0,0,0
0.292,0.222,241.23,1.4,0,2,1
0.356,0.098,245.97,1.4,0,0,1
0.256,0.000,252.29,1.0,0,0,1
0.368,0.116,245.01,1.6,0,0,0
0.410,0.226,239.64,1.8,0,0,1
0.220,0.000,240.72,0.8,0,0,0
0.248,0.248,238.82,1.4,0,0,0
0.974,0.000,243.59,4.0,0,0,1
3.496,0.000,236.63,14.6,37,0,17
1.814,0.320,240.64,7.6,0,1,18
0.440,0.354,240.95,2.4,0,1,1
0.520,0.198,246.32,2.2,0,0,1
1.242,0.112,238.43,5.2,0,0,18
0.822,0.136,238.62,3.4,0,0,1
0.304,0.248,240.93,1.6,0,1,0
0.254,0.000,241.97,1.0,0,0,1
0.210,0.108,238.67,1.0,0,0,0
0.314,0.116,239.48,1.4,0,0,0
0.352,0.212,240.44,1.6,0,2,0
5.194,0.362,238.87,21.8,0,37,18
0.254,0.122,241.49,1.2,0,0,1
2.438,0.048,238.72,10.2,0,0,17
0.608,0.208,237.77,3.0,0,1,1
1.346,0.324,233.86,7.2,10,4,0
0.280,0.000,241.22,1.2,0,0,0
0.138,0.000,242.14,0.6,0,0,1
1.112,0.222,245.40,4.6,0,0,0
1.112,0.340,238.34,4.8,1,4,1
0.182,0.052,238.64,0.8,0,1,1
0.566,0.172,240.33,2.4,1,1,1
0.314,0.000,242.40,1.4,0,0,1
0.808,0.446,239.29,4.0,0,2,0
1.640,0.050,242.55,7.0,0,0,0
1.312,0.000,242.57,5.4,0,1,1
1.316,0.000,238.16,5.4,0,0,17
2.126,0.254,239.11,9.6,10,0,18
0.272,0.124,242.05,1.2,0,0,1
2.834,0.174,238.79,11.8,0,1,18
1.434,0.080,240.98,6.0,0,2,18
0.488,0.108,240.28,2.0,0,0,0
3.024,0.258,235.63,12.8,0,1,17
0.310,0.116,243.62,1.4,0,0,0
3.922,0.528,239.07,16.6,0,39,18
1.652,0.160,242.78,6.8,1,0,18
0.436,0.244,242.70,2.0,0,0,0
1.536,0.232,241.09,6.4,0,1,19
1.796,0.096,242.56,7.4,0,0,18
0.258,0.050,244.08,1.2,0,0,0
0.496,0.082,240.72,2.2,0,0,1
0.924,0.070,240.89,4.4,0,0,11
2.298,0.162,238.78,9.8,0,30,1
5.034,0.384,230.88,21.8,36,1,17
0.134,0.000,242.24,0.6,0,0,0
0.302,0.000,242.10,1.6,0,0,0
2.646,0.340,237.56,11.2,0,0,18
0.318,0.110,239.30,1.4,0,0,0
1.210,0.000,239.08,5.0,0,0,18
1.110,0.000,231.50,4.8,0,0,16
0.392,0.244,239.67,2.0,0,1,0
1.300,0.072,235.30,5.4,0,1,17
0.378,0.214,241.48,1.8,0,1,1
0.204,0.066,235.70,1.0,0,0,0
0.520,0.314,240.90,2.4,0,2,1
1.484,0.050,234.22,6.2,0,0,16
0.498,0.082,243.50,2.2,0,0,0
0.158,0.000,242.48,0.6,0,0,0
0.414,0.190,239.89,1.8,0,0,0
1.544,0.350,240.74,6.4,0,1,18
1.452,0.046,239.65,6.0,0,0,18
0.502,0.338,240.95,2.4,0,1,0
0.900,0.000,243.11,3.6,0,1,0
0.234,0.000,242.58,1.0,0,0,1
0.548,0.162,242.02,3.4,0,1,0
0.934,0.202,240.09,5.2,0,0,1
0.266,0.000,240.66,1.2,0,0,0
1.332,0.524,239.57,6.0,0,0,12
0.732,0.090,244.12,3.0,0,0,0
0.378,0.170,241.89,1.8,0,2,0
0.456,0.202,239.23,2.0,0,2,0
0.176,0.000,243.20,0.8,0,0,0
0.342,0.230,242.88,1.8,0,1,1
1.480,0.000,240.56,6.2,0,0,0
2.374,0.054,238.15,10.0,0,0,17
0.402,0.136,244.33,1.8,0,2,1
2.260,0.000,238.89,9.4,0,0,0
1.480,0.224,242.17,6.0,0,1,1
4.196,0.000,238.75,17.4,0,0,17
0.144,0.000,241.90,0.6,0,0,0
0.254,0.000,245.19,1.0,0,0,1
1.650,0.098,238.73,6.8,0,1,18
0.258,0.050,245.01,1.2,0,0,0
0.272,0.000,244.32,1.0,0,0,1
1.674,0.204,241.19,7.0,0,2,19
0.162,0.000,240.82,0.6,0,0,0
3.642,0.280,236.81,15.6,0,0,18
0.528,0.366,244.45,2.6,0,1,1
1.626,0.064,233.57,6.8,0,0,16
0.240,0.112,243.08,1.0,0,2,1
2.126,0.334,240.05,8.8,0,0,29
0.996,0.066,239.34,4.2,0,0,0
3.932,0.160,236.89,16.6,0,16,17
0.374,0.238,244.62,1.8,0,2,1
0.298,0.054,237.92,1.4,0,0,0
1.818,0.210,235.53,7.8,0,0,17
1.956,0.090,238.92,8.2,0,0,29
0.326,0.130,242.05,1.4,0,0,0
0.684,0.000,235.94,2.8,0,0,0
1.162,0.000,236.80,4.8,0,0,0
0.306,0.114,242.95,1.2,0,0,0
0.126,0.000,243.95,0.6,0,0,0
1.436,0.078,244.85,5.8,0,0,19
0.818,0.104,239.44,3.6,0,0,0
0.156,0.000,241.40,0.6,0,0,1
0.216,0.000,242.12,0.8,0,0,0
0.214,0.100,242.26,1.0,0,1,0
0.234,0.000,244.28,1.0,0,0,0
1.380,0.090,240.20,5.6,0,0,18
1.512,0.060,242.54,6.2,0,0,18
1.940,0.000,241.28,8.0,0,0,18
0.492,0.340,243.15,2.4,0,1,0
0.980,0.232,241.33,4.2,0,0,12
0.262,0.122,235.92,1.2,0,1,0
1.542,0.074,239.72,6.4,0,1,18
3.016,0.102,237.84,12.6,0,0,18
0.336,0.108,246.39,1.4,0,0,0
1.484,0.180,244.33,6.0,0,0,18
1.392,0.078,239.09,5.8,0,0,18
1.480,0.066,245.52,6.0,0,0,19
0.318,0.106,242.39,1.4,0,0,0
0.250,0.146,241.93,1.2,0,0,1
0.304,0.232,243.43,1.4,0,0,0
1.254,0.118,239.62,5.2,0,0,17
0.194,0.084,237.85,0.8,0,0,0
0.316,0.128,243.65,1.4,0,1,1
0.924,0.280,242.59,4.0,0,0,13
1.456,0.000,241.16,6.0,0,0,18
0.388,0.216,244.26,1.8,0,0,0
0.182,0.150,240.34,0.8,0,0,1
0.252,0.112,238.89,1.2,0,0,0
1.438,0.110,243.16,5.8,0,0,18
0.240,0.000,244.71,1.0,0,0,0
0.440,0.334,241.92,2.4,0,1,0
2.548,0.456,238.21,11.4,12,0,18
0.184,0.000,232.23,1.0,0,0,0
2.298,0.556,240.03,9.8,0,1,18
1.486,0.198,238.40,6.2,0,0,17
2.218,0.294,251.08,9.2,0,0,20
2.472,0.146,236.63,10.4,1,34,1
0.284,0.138,242.50,1.2,0,0,0
4.818,0.060,235.92,20.4,0,0,0
0.302,0.084,244.49,1.2,0,1,0
4.186,0.080,238.42,17.4,38,2,18
1.736,0.100,240.80,7.2,2,1,19
0.456,0.192,241.95,2.0,0,0,0
1.498,0.210,243.23,6.2,0,0,19
0.516,0.000,241.45,2.2,0,0,0
1.746,0.056,248.58,7.0,0,0,20
1.142,0.000,240.93,6.4,0,0,0
0.340,0.184,239.60,1.6,0,1,0
0.286,0.000,249.72,1.2,0,0,0
0.332,0.074,234.59,1.4,0,0,0
1.756,0.274,240.70,7.4,0,2,18
0.448,0.070,243.46,2.0,0,0,1
0.520,0.000,240.75,2.2,0,0,1
0.652,0.046,241.90,2.6,0,0,0
0.576,0.046,240.12,2.4,0,0,0
0.400,0.000,241.77,1.6,0,0,0
1.378,0.070,240.37,5.6,0,0,18
0.160,0.000,239.89,0.6,0,0,0
0.350,0.132,240.25,1.6,0,0,0
1.438,0.140,239.68,6.0,0,0,19
0.362,0.148,241.96,1.6,0,0,1
0.836,0.220,243.67,3.4,0,1,0
1.542,0.076,239.76,6.4,0,0,18
2.492,0.132,243.17,10.2,0,0,0
0.590,0.000,239.12,2.4,0,1,0
0.284,0.000,248.36,1.0,0,0,0
1.428,0.058,246.07,5.8,0,0,19
1.428,0.244,239.61,6.0,0,1,18
0.350,0.064,244.01,1.4,0,0,0
3.798,0.136,237.43,16.0,38,0,17
0.958,0.050,241.60,3.8,0,0,0
0.206,0.000,243.72,1.0,0,0,0
1.778,0.078,240.51,7.4,0,1,0
0.346,0.240,241.40,1.6,0,1,0
0.272,0.210,242.27,1.4,0,0,0
0.444,0.244,248.36,2.0,0,1,1
0.252,0.000,245.22,1.0,0,0,0
0.238,0.126,242.36,1.0,0,0,1
1.992,0.048,242.69,8.2,0,0,18
0.424,0.218,243.00,2.0,0,0,0
0.392,0.076,241.74,1.8,0,0,1
0.410,0.000,245.87,1.8,0,0,0
0.450,0.000,239.81,1.8,0,0,1
0.388,0.064,241.77,1.8,0,0,1
0.426,0.156,244.62,1.8,0,1,1
1.796,0.142,241.16,7.4,0,0,18
0.838,0.168,240.65,3.4,0,0,11
3.074,0.182,238.00,12.8,0,0,29
0.392,0.052,240.74,2.0,0,0,1
1.760,0.164,236.05,7.4,0,1,17
1.500,0.072,241.89,6.2,0,0,18
0.564,0.210,244.12,2.6,0,0,0
0.142,0.000,240.49,0.6,0,0,0
0.632,0.084,242.00,2.6,0,0,0
1.580,0.162,244.78,6.4,0,0,19
1.406,0.202,233.75,6.0,0,0,17
0.416,0.212,243.19,2.0,0,1,0
1.514,0.102,239.91,6.2,1,1,18
1.082,0.334,242.59,4.6,0,0,1
0.238,0.104,239.62,1.0,0,1,1
0.314,0.226,243.44,1.6,0,0,1
0.364,0.226,239.93,1.8,0,0,1
0.364,0.218,241.53,1.8,0,2,0
3.898,0.056,240.12,16.2,39,0,19
0.474,0.314,240.46,2.2,0,1,0
0.302,0.076,241.28,1.2,0,2,0
0.292,0.000,240.19,1.2,0,0,0
0.336,0.220,239.41,1.6,0,0,1
1.356,0.078,238.25,5.6,0,0,18
1.516,0.064,240.87,7.8,13,0,0
0.312,0.102,244.49,1.4,0,0,0
3.210,0.148,235.50,13.6,1,0,0
3.082,0.282,237.35,13.0,0,1,17
1.448,0.092,236.42,6.0,0,0,0
0.896,0.194,237.55,4.0,0,0,0
0.852,0.196,243.95,3.6,0,0,11
0.642,0.302,243.04,3.0,0,2,0
0.352,0.112,240.49,1.6,0,0,0
2.574,0.538,238.85,11.0,1,2,18
4.266,0.432,238.22,18.0,39,1,18
0.394,0.134,246.85,1.6,0,0,0
0.458,0.312,238.99,2.4,0,2,1
2.094,0.268,246.16,8.6,0,0,0
3.584,0.000,238.83,15.0,37,0,18
0.410,0.224,243.19,1.8,0,1,1
0.232,0.000,245.47,0.8,0,0,1
3.956,0.056,237.05,16.8,0,0,17
1.378,0.372,235.51,6.0,0,2,0
1.174,0.332,241.17,5.0,0,1,12
1.446,0.102,249.50,5.8,0,2,1
0.370,0.080,239.57,1.6,0,2,0
1.038,0.076,242.33,4.2,0,1,0
0.132,0.000,244.62,0.6,0,0,0
1.464,0.228,242.54,6.0,0,1,0
2.392,0.000,240.00,10.0,0,0,19
0.386,0.118,241.43,1.6,0,2,0
1.990,0.228,235.26,8.4,0,0,28
2.856,0.116,237.44,12.0,0,0,0
3.674,0.174,229.81,16.0,36,0,16
0.330,0.090,243.88,1.4,0,0,1
0.232,0.140,244.10,1.0,0,0,1
0.336,0.144,245.14,1.4,0,0,0
1.394,0.090,238.03,5.8,0,0,18
0.274,0.000,249.51,1.0,0,0,0
1.638,0.176,241.00,6.8,0,0,18
0.662,0.178,241.65,3.0,0,0,0
0.148,0.000,236.87,0.6,0,0,0
1.590,0.182,239.68,6.6,0,0,0
0.156,0.000,237.77,0.6,0,0,0
0.304,0.074,245.80,1.2,0,0,0
0.206,0.052,236.51,0.8,0,0,0
0.286,0.000,248.74,1.2,0,0,0
0.434,0.256,246.24,2.0,0,1,0
0.538,0.372,242.69,2.6,0,1,1
1.334,0.194,238.38,5.6,0,0,18
0.428,0.206,235.51,2.0,0,1,0
2.346,0.070,240.00,9.6,0,0,18
1.664,0.046,240.67,6.8,1,0,18
2.226,0.404,239.74,10.0,0,2,18
1.752,0.454,240.05,7.4,0,0,18
5.164,0.114,235.26,22.0,0,0,18
0.428,0.212,241.13,2.0,0,0,0
3.042,0.388,239.98,12.8,0,0,26
0.128,0.000,242.72,0.6,0,0,1
0.570,0.000,245.11,2.4,0,0,1
0.226,0.000,242.79,1.0,0,0,0
2.890,0.090,233.88,12.4,0,0,17
0.604,0.130,240.91,2.6,0,0,1
2.272,0.128,239.07,9.4,0,0,27
1.682,0.264,242.16,7.0,0,0,18
0.324,0.000,241.60,1.4,0,0,0
0.266,0.046,240.43,1.2,0,0,1
0.282,0.194,236.46,1.4,0,0,0
1.800,0.000,242.24,7.4,0,0,1
1.218,0.246,241.86,5.0,0,1,0
1.242,0.092,242.45,5.2,0,0,0
0.158,0.000,243.24,0.6,0,0,1
0.336,0.058,244.88,1.4,0,0,0
0.294,0.086,244.83,1.2,0,0,0
0.452,0.228,242.66,2.0,0,2,0
0.122,0.080,240.89,0.6,0,0,1
1.404,0.206,235.85,6.0,0,1,17
2.814,0.228,235.74,12.0,0,0,18
0.188,0.000,236.22,0.8,0,0,0
1.408,0.076,241.62,5.8,0,0,19
0.914,0.176,240.90,3.8,0,0,0
0.160,0.142,241.73,0.8,0,1,0
0.348,0.106,241.36,1.4,0,0,1
0.334,0.000,242.37,1.6,0,0,1
0.228,0.000,243.30,1.0,0,0,0
1.266,0.072,232.58,5.4,1,0,16
1.540,0.118,243.63,6.2,1,0,18
1.458,0.000,239.29,6.0,0,0,18
1.504,0.064,229.51,6.4,0,0,16
1.446,0.090,243.61,5.8,0,0,18
0.922,0.108,240.33,3.8,0,0,11
1.282,0.082,237.86,5.4,0,0,18
0.658,0.100,245.78,2.6,0,1,0
0.080,0.000,240.61,0.2,0,0,1
0.080,0.000,240.48,0.2,0,0,1
0.822,0.180,239.02,3.6,0,0,0
0.328,0.080,244.69,1.4,0,0,0
0.294,0.076,245.31,1.2,0,0,0
0.878,0.084,240.65,3.6,0,0,11
0.254,0.000,243.68,1.0,0,0,0
1.450,0.206,240.23,6.0,0,0,18
0.136,0.000,241.41,0.6,0,0,0
0.222,0.000,241.36,1.0,0,0,0
0.328,0.122,244.39,1.4,0,0,0
0.406,0.154,241.10,1.8,0,1,0
0.388,0.066,241.17,1.6,0,0,1
0.200,0.068,237.60,1.0,0,0,0
1.432,0.208,237.01,6.0,0,0,18
0.224,0.000,244.57,0.8,0,0,0
1.292,0.000,240.26,5.2,0,0,1
0.522,0.108,240.25,2.2,0,0,1
1.754,0.194,239.23,7.4,0,1,17
1.810,0.074,238.71,7.6,0,0,17
0.434,0.186,246.05,1.8,0,1,1
1.628,0.058,245.04,6.6,0,1,19
5.756,0.100,236.67,24.2,0,74,17
0.158,0.000,242.64,0.6,0,0,1
0.340,0.074,245.57,1.4,0,0,0
0.216,0.000,241.07,0.8,0,0,0
0.850,0.118,239.78,3.6,0,0,12
0.550,0.106,241.99,2.2,0,1,1
1.136,0.198,238.45,5.2,0,0,15
0.448,0.294,249.70,2.0,0,1,1
0.080,0.000,239.08,0.2,0,0,0
1.332,0.074,239.93,5.4,0,0,18
6.198,0.272,234.15,26.4,1,72,17
0.910,0.120,243.91,3.6,0,0,0
1.418,0.088,239.65,5.8,0,1,18
0.600,0.092,236.84,2.4,0,0,0
1.328,0.000,239.33,5.4,0,0,17
0.238,0.000,236.08,1.0,0,0,1
0.252,0.000,244.80,1.0,0,0,0
0.302,0.092,243.75,1.2,0,0,0
0.366,0.052,243.05,1.6,0,0,1
0.544,0.396,235.44,2.8,0,0,0
0.866,0.352,240.31,3.8,0,2,0
2.172,0.676,238.11,9.6,1,0,1
1.310,0.100,241.89,5.4,2,1,18
0.356,0.312,241.68,1.8,0,1,0
0.422,0.000,240.96,1.8,1,0,1
0.216,0.000,247.03,0.8,0,0,0
0.584,0.196,238.69,2.8,0,1,0
0.438,0.294,240.95,2.2,0,2,1
0.408,0.212,246.58,1.8,0,2,0
1.664,0.236,239.61,7.4,0,2,1
1.512,0.242,236.72,6.4,0,0,17
0.234,0.000,245.32,0.8,0,0,1
0.268,0.000,247.33,1.2,0,0,0
0.368,0.058,243.50,1.6,0,0,0
0.350,0.056,240.97,1.4,0,1,0
0.222,0.086,239.68,1.0,0,0,0
0.482,0.150,241.77,2.2,0,0,1
0.232,0.106,238.53,1.0,0,0,1
1.558,0.000,240.22,6.4,0,0,18
1.086,0.228,241.24,4.6,0,0,0
3.620,0.000,235.52,15.2,0,37,17
0.212,0.000,238.44,1.0,0,0,1
0.304,0.000,238.40,1.6,0,0,0
2.118,0.068,241.20,9.0,0,0,18
0.718,0.320,240.40,3.4,0,1,0
1.248,0.082,240.79,5.2,0,0,17
1.460,0.252,241.47,6.0,1,0,18
0.410,0.000,240.77,1.8,0,0,1
0.342,0.000,244.88,1.6,0,0,0
1.306,0.000,238.90,5.4,0,0,18
0.298,0.000,244.51,1.2,0,0,0
0.320,0.096,238.30,1.4,0,0,0
1.382,0.102,242.12,5.6,0,0,18
0.220,0.000,241.54,1.0,0,0,0
0.200,0.090,236.50,0.8,0,0,0
1.818,0.080,234.24,7.6,0,0,17
1.398,0.068,238.24,5.8,0,0,17
0.566,0.180,243.54,2.4,1,2,0
0.424,0.232,241.20,2.0,0,1,0
1.758,0.096,232.31,7.6,0,3,17
0.304,0.068,237.47,1.2,0,0,0
0.896,0.000,241.95,4.4,1,1,1
0.284,0.130,240.77,1.4,0,1,0
0.768,0.098,241.99,3.2,0,0,0
0.322,0.150,243.28,1.4,0,0,1
3.368,0.072,235.12,14.2,0,0,17
0.370,0.000,242.02,1.6,0,0,0
0.392,0.106,241.02,1.6,0,0,0
2.824,0.348,241.18,12.6,19,0,19
5.694,0.188,233.91,24.2,0,1,17
0.366,0.126,242.90,1.6,0,0,0
1.426,0.052,244.36,5.8,0,0,19
0.286,0.104,239.87,1.4,0,1,1
0.282,0.060,240.76,1.2,0,1,0
0.698,0.250,244.71,3.0,0,0,0
1.408,0.206,236.09,6.0,0,1,0
0.220,0.088,239.84,1.0,0,0,1
1.444,0.134,241.12,6.0,0,0,19
1.374,0.162,231.26,6.0,0,0,17
0.166,0.000,240.33,0.8,0,0,1
1.268,0.058,236.34,5.2,0,0,18
0.832,0.182,240.18,3.4,0,0,0
0.156,0.000,240.29,0.6,0,0,0
1.458,0.050,238.03,6.0,0,0,0
1.600,0.118,235.62,6.8,0,0,17
0.468,0.000,240.75,1.8,0,0,0
0.186,0.060,238.04,0.8,0,0,1
0.260,0.000,244.43,1.0,0,0,1
0.242,0.000,243.04,1.0,0,0,1
1.466,0.206,243.77,6.0,0,0,0
0.338,0.208,240.15,1.6,0,1,0
1.430,0.198,238.78,6.0,0,0,19
0.388,0.224,243.06,1.8,0,1,0
5.158,0.080,232.08,22.2,36,2,16
0.402,0.202,242.60,1.8,0,0,0
1.552,0.242,240.80,6.4,0,1,19
1.394,0.096,245.69,5.6,0,0,0
0.266,0.000,244.76,1.0,0,0,1
0.402,0.130,243.18,1.8,0,2,0
1.090,0.190,246.29,4.4,0,1,0
3.988,0.058,239.40,16.6,0,0,17
0.486,0.114,235.31,2.0,0,0,0
1.342,0.000,238.96,5.6,0,0,17
1.090,0.092,240.92,4.4,0,0,1
1.132,0.000,236.30,4.8,0,0,17
0.388,0.062,244.08,1.6,0,0,0
0.434,0.120,242.96,1.8,0,0,0
0.274,0.000,247.37,1.2,0,0,0
1.620,0.290,237.94,6.8,0,2,17
0.320,0.094,243.05,1.4,0,1,1
0.530,0.310,235.48,2.6,0,1,0
0.104,0.000,239.71,0.4,0,0,0
0.322,0.088,240.97,1.4,0,0,1
1.630,0.058,234.00,7.0,0,0,17
0.244,0.094,236.83,1.0,0,0,0
0.474,0.116,238.37,2.0,0,2,0
0.642,0.112,240.13,2.8,0,0,1
1.404,0.000,235.37,6.0,0,0,17
0.322,0.000,241.56,1.2,0,0,0
1.726,0.252,239.29,7.2,1,1,18
0.244,0.110,237.19,1.0,0,1,0
1.468,0.126,240.54,6.0,0,0,19
1.806,0.052,238.34,7.6,0,0,18
2.044,0.122,235.11,9.4,0,28,0
1.746,0.092,240.57,7.2,0,0,18
1.548,0.200,245.27,6.2,0,1,19
3.778,0.080,237.03,15.8,0,1,17
3.058,0.122,237.41,13.0,2,0,17
1.384,0.046,243.65,5.6,0,0,19
0.542,0.282,237.01,2.6,1,0,0
0.384,0.098,243.86,1.6,0,0,0
2.054,0.046,240.46,8.4,0,1,18
0.554,0.060,239.67,2.4,0,0,0
0.290,0.132,243.59,1.4,0,0,1
2.848,0.134,237.50,12.0,38,0,1
0.380,0.366,241.09,2.2,0,1,0
1.424,0.054,237.97,6.0,0,0,17
0.200,0.052,241.53,0.8,0,0,0
1.280,0.000,242.64,5.2,0,0,0
0.590,0.218,240.03,2.8,0,1,1
1.854,0.000,240.61,7.6,0,0,0
0.452,0.124,239.84,2.2,0,0,0
0.400,0.224,239.60,1.8,0,2,0
0.176,0.150,240.23,0.8,0,0,1
1.666,0.274,241.65,7.0,1,0,19
1.190,0.072,230.84,5.0,0,0,16
0.310,0.122,240.78,1.4,0,0,0
0.336,0.000,244.03,1.6,0,0,0
1.240,0.074,239.28,5.2,1,0,0
0.354,0.134,241.18,1.4,0,0,0
0.850,0.122,240.56,3.6,0,0,1
2.794,0.048,235.70,11.8,1,2,17
1.492,0.180,237.40,6.2,0,0,0
0.308,0.000,243.34,1.4,0,0,1
0.420,0.064,242.30,1.6,0,0,0
0.254,0.000,244.09,1.0,0,0,0
0.294,0.074,237.96,1.2,0,1,0
0.286,0.204,232.38,1.4,0,1,0
1.224,0.110,235.60,5.2,0,0,17
1.042,0.068,242.82,4.2,0,0,1
0.406,0.226,241.62,1.8,0,0,0
1.464,0.000,241.39,6.0,0,0,1
0.354,0.218,239.28,1.8,0,0,1
0.216,0.000,240.13,0.8,0,0,0
0.346,0.118,244.07,1.6,0,1,0
1.310,0.000,244.46,5.2,0,0,0
1.406,0.086,243.58,5.8,0,1,19
0.434,0.168,240.91,2.2,0,0,0
2.702,0.112,241.57,11.2,0,0,0
1.384,0.084,242.73,5.6,0,0,18
0.590,0.318,241.34,2.8,0,1,0
2.464,0.478,237.17,10.6,0,1,17
0.360,0.188,243.65,1.6,0,0,1
1.914,0.000,242.22,7.8,2,0,18
0.304,0.112,242.19,1.4,0,1,0
1.424,0.062,241.26,6.2,0,22,0
2.140,0.190,239.41,9.0,0,1,17
0.974,0.102,241.60,4.0,0,0,1
2.752,0.092,243.30,11.2,0,0,19
1.494,0.090,242.43,6.2,0,0,19
1.922,0.082,241.08,8.0,1,0,18
0.362,0.108,242.31,1.6,0,0,0
2.506,0.080,246.48,10.0,0,0,20
0.238,0.000,240.91,1.0,0,0,1
0.320,0.000,241.05,1.4,0,0,0
1.344,0.000,243.90,5.4,0,0,19
0.404,0.068,241.09,1.6,0,0,0
1.408,0.058,240.70,5.8,0,0,18
0.218,0.074,242.63,1.0,0,0,1
0.334,0.118,242.30,1.4,0,0,1
2.166,0.124,241.73,9.0,1,0,18
0.236,0.000,243.03,1.0,0,0,0
0.972,0.138,241.45,4.0,0,0,0
2.434,0.000,237.57,10.2,1,0,20
1.648,0.050,242.98,6.8,0,0,18
1.424,0.104,240.70,5.8,0,1,19
2.914,0.166,235.22,12.4,0,2,18
0.302,0.056,240.67,1.4,0,2,0
0.368,0.308,239.94,2.0,0,1,0
2.368,0.250,241.10,10.8,33,0,0
0.430,0.186,229.59,2.0,0,2,1
0.414,0.200,242.72,1.8,0,0,1
0.254,0.072,235.89,1.0,0,1,0
0.320,0.102,243.67,1.4,0,0,0
0.446,0.260,245.10,2.0,0,1,1
0.372,0.092,239.87,1.6,0,0,0
1.608,0.298,245.05,6.6,0,1,0
1.408,0.092,240.12,5.8,0,0,19
0.412,0.000,242.07,1.8,0,0,1
0.192,0.100,238.41,0.8,0,0,0
0.286,0.058,241.19,1.2,0,2,0
0.368,0.338,241.25,2.0,0,2,0
0.386,0.388,243.07,2.2,0,1,0
0.324,0.066,244.45,1.4,0,0,0
0.354,0.134,240.64,1.6,0,0,1
1.428,0.070,247.66,5.6,0,1,19
3.040,0.000,235.34,12.8,0,0,17
1.638,0.182,231.58,7.0,0,1,1
1.692,0.098,236.63,7.0,1,0,17
1.458,0.062,245.65,5.8,0,1,19
0.136,0.000,240.23,0.6,0,0,1
0.294,0.086,241.22,1.2,0,0,0
0.308,0.054,240.98,1.2,0,0,1
1.742,0.226,237.71,7.4,0,0,17
0.402,0.114,245.79,1.8,0,0,0
0.266,0.000,242.18,1.0,0,0,1
0.870,0.200,241.38,3.6,0,0,0
1.576,0.000,240.51,6.6,0,0,0
2.316,0.000,236.82,9.8,0,0,18
0.470,0.112,231.18,2.2,0,0,1
0.174,0.000,243.74,0.8,0,0,0
0.254,0.000,244.35,1.0,0,0,0
2.118,0.048,246.58,9.4,32,0,0
0.272,0.116,243.42,1.2,0,0,0
1.710,0.206,241.34,7.2,0,1,18
0.320,0.232,239.14,1.6,0,0,1
0.298,0.068,240.58,1.2,0,0,0
0.114,0.000,242.73,0.6,0,0,0
1.440,0.108,247.19,5.8,0,0,1
0.186,0.056,235.64,0.8,0,0,0
1.288,0.000,240.78,5.4,0,0,18
3.316,0.172,238.26,13.8,0,0,18
0.266,0.000,245.12,1.0,0,0,1
1.416,0.088,242.26,5.8,0,1,18
0.140,0.000,240.94,0.6,0,0,1
1.808,0.100,242.01,7.4,0,0,19
0.240,0.000,242.95,1.0,0,0,1
3.712,0.284,234.41,15.8,36,1,18
0.284,0.100,241.28,1.2,0,0,1
1.112,0.000,233.57,4.6,0,0,17
0.314,0.086,240.35,1.4,0,1,0
2.654,0.472,242.40,11.0,0,0,29
2.918,0.268,242.11,12.0,0,39,0
0.726,0.222,238.48,3.2,0,2,0
0.364,0.304,236.15,2.0,0,1,0
1.378,0.000,240.55,5.6,0,0,0
0.192,0.076,236.36,0.8,0,0,0
0.152,0.000,241.22,0.6,0,0,1
2.796,0.000,241.63,11.8,0,0,13
1.224,0.000,242.76,5.0,0,0,19
0.234,0.000,239.00,1.0,0,0,1
0.860,0.060,239.30,3.6,0,0,1
0.210,0.000,252.42,0.8,0,0,0
0.402,0.174,241.94,2.0,0,0,0
0.364,0.166,240.93,1.6,0,2,0
0.288,0.230,241.29,1.4,0,1,0
2.176,0.130,238.81,9.2,0,1,18
3.476,0.126,235.41,14.6,0,0,18
0.264,0.066,233.64,1.2,0,0,0
0.400,0.116,240.64,1.6,0,0,0
3.264,0.134,238.77,14.4,28,0,19
0.364,0.000,239.72,1.6,0,0,0
0.168,0.134,238.31,0.8,0,2,1
0.174,0.150,240.37,0.8,0,0,1
0.318,0.204,239.69,1.6,0,1,1
3.822,0.422,236.92,16.2,38,0,11
1.366,0.000,243.76,5.6,0,0,18
1.982,0.362,240.14,8.4,0,0,18
0.148,0.000,240.38,0.6,0,0,1
0.230,0.096,242.45,1.0,0,0,1
0.218,0.080,236.39,1.2,0,0,0
2.568,0.060,238.34,10.6,0,0,18
0.716,0.000,241.71,3.0,0,0,0
0.250,0.134,243.90,1.2,0,0,1
2.956,0.102,237.49,13.0,0,27,18
1.882,0.000,234.89,8.0,0,0,0
1.678,0.194,238.62,7.0,0,0,18
0.336,0.112,244.95,1.4,0,1,1
0.354,0.076,245.29,1.4,0,2,0
0.184,0.000,243.44,0.8,0,0,1
2.358,0.000,246.15,9.8,0,33,1
0.532,0.000,244.43,2.0,0,0,0
0.392,0.234,241.50,1.8,0,1,0
1.250,0.074,241.63,5.2,0,0,19
0.428,0.122,241.16,2.0,0,0,1
0.208,0.050,242.69,0.8,0,0,0
1.298,0.000,237.70,5.4,0,0,18
1.750,0.054,240.31,7.2,0,1,18
0.518,0.060,247.23,2.2,0,4,0
0.218,0.000,241.62,0.8,0,0,0
1.840,0.162,241.23,7.6,1,1,18
1.500,0.080,241.13,6.2,0,0,19
1.452,0.060,237.80,6.0,2,0,18
0.372,0.094,245.83,1.6,0,0,0
0.204,0.000,241.19,0.8,0,0,0
0.260,0.128,239.52,1.2,0,0,0
0.440,0.000,243.38,1.8,0,2,0
0.768,0.218,247.10,3.2,0,2,0
1.914,0.070,237.96,8.0,0,0,17
1.342,0.050,242.69,5.4,0,0,19
2.116,0.460,239.82,9.0,1,0,18
0.352,0.064,238.07,1.4,0,0,1
0.320,0.094,239.68,1.4,0,1,0
1.424,0.140,240.39,5.8,0,1,18
0.312,0.208,240.48,1.4,0,0,1
2.108,0.126,235.49,9.0,0,0,0
1.336,0.102,240.58,5.6,0,0,19
0.326,0.090,242.74,1.4,0,2,0
0.158,0.122,240.68,0.8,0,0,1
0.218,0.000,242.15,0.8,0,0,0
5.734,0.182,236.94,24.2,37,0,17
1.282,0.098,241.65,5.2,0,0,18
0.248,0.000,243.48,1.0,0,0,1
0.272,0.082,243.13,1.2,0,0,0
0.232,0.118,235.88,1.0,0,0,0
0.168,0.000,244.74,0.8,0,0,1
1.234,0.046,239.87,5.0,0,0,18
0.236,0.114,241.31,1.0,0,0,0
2.156,0.500,241.73,9.4,0,0,18
0.222,0.084,238.23,1.0,0,0,1
3.316,0.000,229.45,14.8,0,23,16
1.510,0.000,243.07,6.2,0,0,19
0.284,0.056,245.70,1.2,0,0,0
0.240,0.084,243.32,1.0,0,0,0
0.336,0.218,242.97,1.6,0,0,1
0.884,0.000,238.92,4.0,0,0,0
5.822,0.148,235.58,24.6,37,38,17
1.356,0.000,240.71,5.6,0,0,18
0.226,0.112,240.22,1.0,0,0,0
1.068,0.260,237.78,4.6,0,0,13
0.404,0.128,244.38,1.8,0,0,0
0.232,0.000,244.54,1.0,0,0,1
2.728,0.540,237.47,12.2,7,1,18
1.250,0.070,230.96,5.4,1,0,17
2.036,0.324,239.77,8.6,0,0,29
0.904,0.280,240.89,4.0,0,0,12
0.282,0.078,236.76,1.2,0,0,0
0.810,0.180,239.62,3.6,0,2,0
1.540,0.046,239.39,6.4,0,0,18
0.196,0.122,235.63,1.0,0,1,0
0.836,0.078,240.23,3.6,0,0,0
1.580,0.204,238.52,6.6,0,0,18
0.326,0.098,242.49,1.4,0,0,0
1.474,0.000,238.90,6.2,0,0,18
0.170,0.000,238.58,0.8,0,0,1
1.670,0.060,242.03,6.8,0,0,18
0.492,0.198,241.03,2.4,0,0,1
0.270,0.088,243.17,1.2,0,0,1
0.284,0.204,232.33,1.4,0,1,0
0.330,0.244,242.03,1.6,0,1,0
6.448,0.098,237.61,27.2,0,73,17
0.466,0.162,243.42,2.0,0,2,1
2.010,0.202,238.29,8.4,0,1,18
0.292,0.084,244.41,1.2,0,2,0
2.104,0.148,241.40,9.0,0,28,0
0.452,0.300,234.84,2.2,0,1,0
1.314,0.000,242.94,5.4,0,0,19
0.080,0.000,241.11,0.2,0,0,0
1.482,0.116,238.18,6.2,0,0,0
1.454,0.074,241.71,6.0,0,0,18
0.890,0.504,242.67,4.2,0,1,1
0.440,0.212,245.80,2.0,0,0,0
1.574,0.000,243.52,6.4,0,0,19
0.784,0.126,245.15,3.2,0,0,1
1.386,0.094,240.38,5.8,0,0,18
4.404,0.048,239.70,18.4,0,0,1
0.410,0.094,239.94,2.0,0,2,0
0.210,0.086,239.28,1.0,0,0,1
0.426,0.192,242.96,2.0,0,0,1
0.380,0.082,243.46,1.6,0,0,0
0.580,0.000,245.76,2.4,0,0,1
1.354,0.000,241.85,5.6,0,0,18
0.258,0.136,242.82,1.2,0,0,1
0.198,0.048,243.15,0.8,0,0,0
0.310,0.118,242.62,1.4,0,0,1
6.842,0.234,228.95,30.2,4,0,17
1.414,0.000,238.19,5.8,1,0,18
0.386,0.000,242.12,1.8,0,0,0
2.034,0.330,242.93,8.4,2,0,0
0.206,0.078,240.81,0.8,0,0,1
0.352,0.206,241.02,1.6,0,1,0
0.278,0.152,242.14,1.4,0,2,0
0.320,0.104,245.71,1.4,0,0,0
0.138,0.000,241.62,0.6,0,0,0
0.186,0.148,240.01,1.0,0,0,0
1.544,0.230,243.31,6.4,0,2,18
1.986,0.120,233.04,8.4,0,0,16
2.020,0.074,239.29,9.6,20,1,0
1.256,0.000,241.98,5.2,0,0,19
0.300,0.000,244.10,1.2,0,0,0
0.412,0.188,239.51,2.0,0,0,1
2.240,0.062,240.33,9.2,0,0,18
1.310,0.090,241.03,5.4,0,0,18
0.266,0.132,244.47,1.2,0,2,1
1.664,0.080,234.20,7.2,0,0,17
1.374,0.000,245.05,5.6,0,0,20
3.494,0.138,233.81,14.8,37,0,17
0.354,0.104,244.12,1.4,0,1,1
0.370,0.078,237.44,1.6,0,0,0
0.442,0.254,242.64,2.0,0,0,1
1.204,0.202,244.28,5.0,0,0,0
0.204,0.054,241.15,0.8,0,0,0
2.290,0.052,241.53,9.4,0,0,0
0.314,0.000,240.42,1.4,0,0,0
0.322,0.132,245.76,1.4,0,0,0
0.276,0.262,243.29,1.6,0,1,0
6.564,0.250,237.02,27.6,39,36,18
0.188,0.094,242.10,0.8,0,2,0
0.254,0.000,239.95,1.0,0,0,0
2.332,0.108,245.59,9.4,1,0,19
0.812,0.000,241.82,3.4,0,0,1
0.288,0.164,238.98,1.4,0,1,1
1.644,0.154,246.39,6.6,0,0,0
0.398,0.100,243.38,1.8,0,0,1
0.444,0.192,241.49,2.0,0,1,0
0.964,0.492,238.99,5.0,0,0,1
1.056,0.248,237.34,4.4,0,0,1
1.356,0.052,242.64,5.6,0,0,18
1.032,0.388,241.54,4.6,0,1,12
0.392,0.000,235.41,1.6,0,0,0
0.332,0.000,242.36,1.6,0,0,0
2.422,0.056,239.09,10.0,0,0,17
0.254,0.126,241.32,1.2,0,0,1
0.634,0.200,242.18,2.8,0,0,0
0.742,0.104,243.09,4.0,1,0,0
0.224,0.110,235.33,1.0,0,1,0
0.666,0.104,240.32,2.8,0,0,1
0.424,0.000,237.60,2.0,0,0,1
1.412,0.094,236.43,6.0,0,1,18
0.428,0.216,239.63,2.0,0,0,1
0.244,0.000,242.93,1.0,2,0,1
0.254,0.000,246.98,1.0,0,0,0
2.138,0.348,238.18,9.0,0,0,30
1.534,0.084,242.61,6.4,0,0,18
1.436,0.116,242.17,5.8,0,0,19
1.348,0.096,239.01,5.6,1,0,18
3.296,0.000,242.58,13.6,0,0,18
0.322,0.092,245.91,1.4,0,0,0
3.368,0.232,240.40,14.6,0,30,19
5.020,0.000,240.04,20.8,39,1,18
0.858,0.090,248.67,3.4,0,0,1
0.198,0.052,240.15,0.8,0,0,0
0.564,0.444,245.42,3.0,0,1,0
2.190,0.144,243.10,9.0,0,1,19
0.446,0.252,242.86,2.0,0,0,1
0.304,0.074,242.62,1.2,0,0,1
0.300,0.104,244.59,1.2,0,2,0
1.266,0.000,241.72,5.2,0,0,18
1.402,0.000,239.90,5.8,0,0,19
3.416,0.446,230.87,14.8,49,0,0
0.386,0.350,240.70,2.0,0,2,1
0.412,0.084,245.47,1.8,0,2,0
0.456,0.054,244.06,2.0,0,0,1
0.676,0.310,241.21,3.2,0,2,0
2.460,0.234,241.57,10.4,0,31,1
0.216,0.000,239.67,1.0,0,0,0
0.490,0.188,241.43,2.2,0,0,1
0.336,0.064,243.73,1.4,0,0,1
0.124,0.000,233.83,0.6,0,0,0
0.104,0.000,240.95,0.4,0,0,0
0.388,0.218,242.16,1.8,0,2,1
0.330,0.152,242.77,1.4,0,0,0
0.386,0.172,243.60,1.6,0,0,0
0.474,0.138,241.14,2.0,0,0,0
2.260,0.080,237.34,9.4,0,0,0
0.230,0.000,243.06,1.0,0,0,0
1.650,0.000,241.48,6.8,0,0,18
1.330,0.086,237.56,5.6,0,1,18
0.258,0.000,241.73,1.2,0,0,0
1.424,0.336,238.90,6.0,0,2,18
0.602,0.068,241.69,2.4,0,0,1
2.700,0.222,240.16,11.2,0,1,17
0.524,0.310,237.58,2.4,0,2,0
0.372,0.064,246.38,1.4,0,0,0
1.234,0.098,239.24,5.0,0,1,18
1.072,0.000,242.12,4.4,0,0,0
0.218,0.096,239.14,1.0,0,0,1
2.844,0.088,243.51,11.6,0,0,19
1.428,0.000,241.68,5.8,0,1,19
0.874,0.170,240.99,3.6,0,1,1
1.484,0.076,240.53,6.2,0,0,18
1.588,0.000,241.68,6.6,0,1,0
0.482,0.000,243.33,2.0,0,1,0
0.298,0.212,236.10,1.4,0,0,0
1.300,0.276,241.61,6.6,14,0,1
3.556,0.104,236.61,15.2,0,39,18
0.332,0.298,240.18,1.8,0,0,0
1.392,0.098,243.66,5.6,0,0,0
0.394,0.210,241.08,1.8,0,0,0
0.286,0.078,240.34,1.2,0,0,0
0.224,0.116,243.26,1.0,0,0,1
0.598,0.236,245.29,2.6,0,2,1
0.314,0.052,241.44,1.4,0,0,1
1.426,0.140,243.62,5.8,0,0,19
0.440,0.118,245.05,1.8,0,0,0
0.344,0.130,243.86,1.4,0,2,0
0.654,0.126,242.03,2.8,0,1,0
0.846,0.102,240.94,3.4,0,0,12
5.066,0.000,237.01,21.2,0,36,17
1.650,0.112,238.35,6.8,2,0,18
1.502,0.058,242.31,6.2,0,0,1
0.182,0.158,243.20,1.0,0,0,0
1.398,0.110,231.84,6.2,0,16,0
0.260,0.220,235.99,1.4,0,0,0
1.740,0.000,239.42,7.2,0,0,18
1.490,0.194,239.04,6.2,0,0,18
0.296,0.082,245.61,1.2,0,1,0
1.476,0.184,240.92,6.0,0,1,18
0.424,0.216,241.19,2.0,0,2,0
1.540,0.116,241.26,6.4,0,0,17
3.518,0.236,243.33,14.8,0,24,19
2.326,0.386,239.87,9.8,0,2,0
0.260,0.102,240.02,1.2,0,0,0
0.366,0.000,244.36,1.6,0,0,0
1.304,0.068,240.46,5.4,0,0,19
0.126,0.000,239.57,0.6,0,0,0
0.634,0.088,240.93,2.6,0,0,1
1.294,0.000,237.61,5.4,0,0,18
1.980,0.066,241.55,8.2,0,0,18
0.272,0.000,243.61,1.2,0,0,0
1.648,0.000,243.91,6.8,0,0,0
0.210,0.000,241.96,1.0,0,0,1
0.236,0.126,238.96,1.0,0,0,1
0.252,0.124,241.93,1.2,0,0,1
0.390,0.054,248.52,1.8,0,0,0
0.288,0.088,239.55,1.2,0,0,0
1.440,0.048,235.87,6.2,0,0,18
0.236,0.096,235.57,1.0,0,1,1
3.498,0.060,236.77,14.6,37,0,17
0.262,0.104,243.81,1.2,0,0,0
0.204,0.000,241.52,0.8,0,0,0
0.146,0.000,239.84,0.6,0,0,1
0.330,0.230,242.40,1.6,0,0,0
1.632,0.102,243.43,6.6,0,0,19
0.524,0.366,240.19,2.6,1,1,0
0.334,0.224,240.14,1.6,0,1,1
1.642,0.066,238.43,6.8,0,0,17
2.240,0.076,235.42,9.4,0,1,18
1.418,0.210,238.71,6.0,0,0,18
2.854,0.156,233.79,12.4,0,0,16
2.450,0.120,240.03,10.2,0,0,0
4.002,0.056,238.24,16.8,38,0,18
0.490,0.086,244.21,2.0,0,0,0
0.834,0.158,242.80,3.4,0,1,0
0.696,0.242,240.69,3.0,0,1,1
0.308,0.000,247.57,1.2,0,0,0
0.220,0.230,241.96,1.2,0,1,0
1.292,0.058,239.57,5.4,1,0,19
2.532,0.470,243.37,10.6,0,0,18
1.410,0.226,239.40,5.8,0,2,18
0.168,0.136,238.42,0.8,0,1,0
0.434,0.050,239.24,1.8,0,0,1
0.230,0.000,237.64,1.2,0,0,0
1.306,0.000,238.27,5.6,0,0,0
0.334,0.238,241.33,1.6,0,2,0
2.028,0.000,239.29,8.6,1,0,0
1.556,0.310,231.94,6.8,1,1,16
3.846,0.076,242.59,15.8,1,39,18
0.248,0.000,242.07,1.0,0,0,0
0.212,0.000,240.37,0.8,0,0,0
1.568,0.076,243.52,6.4,0,0,18
0.326,0.104,239.10,1.4,0,0,0
0.802,0.204,245.22,3.4,0,0,0
0.220,0.000,241.14,1.0,0,0,0
0.418,0.174,240.91,1.8,0,1,1
0.436,0.062,240.91,2.0,0,1,0
2.510,0.128,239.90,10.4,0,38,0
2.050,0.056,237.67,8.6,0,2,18
4.918,0.000,231.87,21.2,36,0,16
3.080,0.726,238.58,13.2,0,0,18
1.514,0.054,242.23,6.2,1,0,0
3.204,0.000,231.40,13.8,0,0,17
0.410,0.092,242.27,1.8,0,0,0
0.292,0.118,244.51,1.4,0,0,1
0.206,0.052,242.18,0.8,0,0,0
0.144,0.000,241.03,0.6,0,0,0
0.320,0.064,240.41,1.4,0,0,0
1.312,0.076,234.55,5.6,0,1,17
1.150,0.000,238.68,4.8,0,0,1
1.720,0.376,242.48,7.2,0,0,19
1.308,0.104,238.59,5.4,0,0,0
3.316,0.000,236.15,14.0,0,34,0
0.618,0.096,240.86,2.6,0,2,0
1.368,0.098,241.99,5.6,0,1,18
0.220,0.096,240.86,1.0,0,0,0
1.700,0.246,239.21,7.2,0,0,19
0.810,0.356,240.88,4.0,0,1,8
0.236,0.108,241.01,1.0,0,1,1
0.310,0.130,242.07,1.4,0,0,1
1.694,0.268,241.65,7.2,0,0,0
1.338,0.046,240.36,5.6,0,0,18
0.370,0.214,240.53,1.8,0,1,0
0.856,0.202,241.94,3.8,0,1,0
0.748,0.098,242.54,3.0,0,1,1
0.282,0.168,238.24,1.4,0,0,1
0.306,0.228,238.35,1.6,0,0,1
0.148,0.000,239.37,0.8,0,0,1
1.448,0.118,241.88,6.0,0,0,19
3.410,0.310,239.38,14.6,34,0,18
0.400,0.134,246.31,1.8,0,0,0
1.838,0.456,242.18,7.8,2,0,18
0.330,0.102,241.17,1.4,0,0,0
1.906,0.070,242.57,7.8,0,0,19
1.346,0.000,242.64,5.4,0,0,19
0.336,0.250,243.27,1.6,0,0,1
0.774,0.114,246.32,3.2,0,0,0
1.596,0.210,238.95,6.6,0,0,18
1.336,0.090,240.98,5.4,0,0,19
0.328,0.106,243.50,1.4,0,1,1
7.624,0.130,229.59,33.2,36,68,16
0.150,0.120,239.73,0.8,0,0,1
2.416,0.052,238.82,10.0,0,0,18
0.424,0.062,247.42,1.8,1,1,0
3.980,0.048,237.98,16.6,38,0,18
1.424,0.052,239.42,5.8,0,0,18
0.478,0.314,240.13,2.4,0,1,0
0.342,0.090,240.73,1.4,0,0,0
0.238,0.000,243.47,1.0,0,0,0
0.260,0.090,241.78,1.2,0,1,1
1.730,0.116,240.58,7.2,0,0,0
0.228,0.050,246.69,1.0,0,0,0
2.700,0.150,242.73,11.0,0,39,0
1.796,0.138,241.24,7.4,0,0,19
0.586,0.000,240.69,2.4,0,0,1
1.786,0.122,242.67,7.2,0,1,18
0.314,0.080,240.07,1.2,0,0,0
0.232,0.000,242.89,1.0,0,0,1
1.216,0.000,241.67,5.0,0,0,18
0.482,0.186,240.66,2.2,0,0,1
4.118,0.114,237.56,17.4,0,0,0
0.240,0.116,235.44,1.0,0,0,0
0.302,0.146,240.44,1.6,0,0,1
2.742,0.344,239.66,11.6,0,9,1
0.652,0.000,238.72,2.8,0,0,1
0.230,0.000,246.55,1.0,0,0,0
0.296,0.084,241.07,1.2,0,0,0
1.916,0.372,240.68,8.0,0,0,18
1.370,0.000,243.19,5.6,0,0,18
4.336,0.108,241.47,17.8,0,40,18
1.288,0.116,240.38,5.4,0,1,18
0.350,0.118,242.78,1.4,0,0,1
0.370,0.206,240.13,1.8,0,1,0
0.512,0.054,243.99,2.0,0,0,1
1.190,0.000,238.89,5.0,0,0,18
4.508,0.222,232.18,19.6,1,33,17
2.554,0.000,243.95,10.4,0,0,18
1.600,0.308,237.50,6.8,0,0,17
0.320,0.108,244.08,1.4,0,2,0
1.416,0.104,239.98,5.8,0,1,18
2.032,0.166,243.68,8.2,0,0,0
1.404,0.296,245.48,5.8,0,2,0
0.994,0.468,243.43,4.6,0,1,13
0.254,0.000,246.76,1.0,0,0,0
1.388,0.122,239.22,5.8,0,0,18
0.224,0.000,241.30,1.0,0,0,0
0.438,0.200,242.33,2.0,0,0,1
2.096,0.076,242.03,8.6,0,0,18
1.266,0.066,240.21,5.2,0,0,18
0.468,0.000,241.91,2.2,0,0,0
0.194,0.082,236.82,0.8,0,1,0
1.394,0.100,238.62,5.8,0,0,18
1.442,0.050,240.18,6.0,0,0,18
1.074,0.180,239.99,4.6,0,1,1
1.274,0.174,239.20,5.6,0,0,12
0.532,0.000,239.26,2.2,0,0,1
1.344,0.156,240.25,5.6,1,0,18
0.214,0.000,240.13,0.8,0,0,0
1.642,0.374,240.66,7.0,0,0,18
0.774,0.058,243.46,3.2,0,0,1
0.466,0.230,243.98,2.2,0,2,1
0.154,0.000,240.08,0.6,0,0,0
0.314,0.090,237.73,1.4,0,1,1
0.450,0.140,247.19,1.8,0,1,1
1.616,0.404,237.68,7.0,1,0,18
0.228,0.000,252.19,1.0,0,0,0
0.250,0.000,239.83,1.2,0,0,0
0.306,0.232,240.22,1.6,0,0,0
0.384,0.088,238.49,1.6,0,0,1
0.392,0.122,240.00,1.6,0,0,1
0.236,0.248,242.12,1.4,0,2,0
1.358,0.094,239.76,5.6,0,1,17
0.256,0.064,241.73,1.2,0,0,0
0.266,0.000,244.55,1.2,0,1,0
0.250,0.000,244.42,1.0,0,0,1
0.200,0.060,234.82,1.0,0,0,0
0.298,0.216,241.17,1.4,0,2,1
0.230,0.000,245.35,0.8,0,0,1
0.360,0.202,242.33,1.8,0,1,0
1.282,0.060,240.55,5.2,0,0,18
1.252,0.048,234.92,5.2,0,0,17
0.182,0.156,242.36,1.0,0,0,0
0.914,0.164,241.94,3.8,0,0,12
2.590,0.082,236.50,10.8,0,0,0
2.522,0.000,240.59,10.4,0,0,19
0.372,0.050,236.99,1.6,0,0,0
0.336,0.128,239.04,1.4,0,0,1
0.192,0.000,244.86,1.0,0,0,1
0.238,0.000,242.01,1.2,0,0,0
2.884,0.234,238.20,12.0,0,1,17
2.758,0.046,237.40,11.6,0,1,18
1.400,0.224,239.01,5.8,0,2,18
0.312,0.064,235.82,1.4,0,0,0
0.428,0.260,244.09,2.0,0,0,0
0.228,0.000,242.84,1.0,0,0,1
1.676,0.110,233.51,7.2,0,0,17
0.498,0.124,241.46,2.4,0,0,0
0.480,0.184,240.51,2.2,0,1,1
0.958,0.458,237.18,4.4,0,1,11
1.354,0.000,239.63,5.6,0,0,18
0.374,0.262,243.52,1.8,0,1,0
1.432,0.452,239.64,6.2,0,1,13
0.292,0.000,242.69,1.2,0,0,1
0.380,0.060,238.48,1.6,0,0,0
2.480,0.226,237.18,10.4,0,18,18
1.178,0.316,233.59,5.2,0,1,0
0.410,0.208,240.79,1.8,0,1,0
2.200,0.000,239.02,9.2,0,0,18
2.432,0.276,238.22,10.2,1,2,18
0.346,0.108,244.97,1.4,0,0,0
0.498,0.200,236.59,2.4,0,2,0
2.080,0.000,239.12,8.6,0,0,18
1.264,0.084,236.20,5.2,0,2,18
1.738,0.304,238.20,7.4,0,0,17
0.182,0.000,239.42,0.8,0,0,0
0.336,0.048,245.31,1.6,0,0,0
0.172,0.090,233.38,0.8,0,0,0
1.290,0.000,238.84,5.4,0,0,17
1.442,0.060,239.20,6.0,0,0,17
2.210,0.058,240.35,9.2,0,0,18
1.800,0.092,246.29,7.2,0,0,18
0.378,0.132,245.79,1.6,0,0,0
2.162,0.190,245.20,8.8,0,1,19
1.374,0.000,238.21,5.8,0,0,18
0.550,0.000,244.67,2.2,0,0,1
1.472,0.074,241.22,6.0,0,0,18
2.054,0.000,240.10,8.4,0,0,19
0.318,0.216,240.90,1.6,0,0,0
0.322,0.208,238.57,1.6,0,0,1
1.786,0.188,240.54,7.4,0,1,18
0.326,0.000,245.76,1.4,0,0,0
3.482,0.076,237.13,14.6,0,38,18
0.280,0.264,241.95,1.6,0,2,0
1.278,0.118,241.59,5.2,0,1,19
1.280,0.090,240.09,5.2,0,0,19
1.588,0.100,242.62,6.6,0,2,18
1.846,0.328,241.14,7.6,1,1,18
0.490,0.324,240.98,2.4,0,1,0
0.534,0.058,239.90,2.4,0,0,0
1.422,0.100,241.10,5.8,0,0,19
1.458,0.114,242.37,6.0,0,0,0
2.550,0.440,238.23,10.8,0,1,29
0.350,0.094,241.50,1.4,0,0,0
2.726,0.000,238.15,11.4,0,0,18
0.924,0.212,237.89,4.0,0,0,12
1.536,0.214,238.99,6.4,0,2,0
0.260,0.048,244.97,1.2,0,0,0
0.366,0.194,241.36,1.6,0,0,1
0.238,0.082,240.31,1.0,0,0,1
0.312,0.102,243.48,1.4,0,0,0
0.158,0.000,243.03,0.6,0,0,0
0.468,0.068,245.22,2.0,0,0,1
1.456,0.068,240.21,6.0,0,0,18
2.144,0.186,243.37,8.8,1,0,18
0.172,0.056,236.67,0.8,0,0,0
0.368,0.194,243.61,1.6,0,0,1
4.110,0.068,237.80,17.2,0,37,18
0.754,0.106,241.84,3.2,0,0,0
1.432,0.102,241.74,5.8,0,0,19
0.418,0.086,244.78,1.8,0,0,0
1.520,0.206,244.23,6.2,0,2,19
0.270,0.062,245.08,1.2,0,0,0
2.332,0.050,238.90,9.6,0,0,0
2.144,0.088,237.29,9.4,0,14,17
0.986,0.358,243.25,4.2,0,2,12
0.722,0.134,249.36,2.8,0,0,1
0.184,0.000,242.04,0.8,0,0,1
0.814,0.092,244.83,4.0,0,0,4
0.220,0.000,244.06,1.0,0,0,0
1.384,0.000,243.97,5.6,0,0,19
1.598,0.194,239.50,6.8,0,2,21
1.414,0.112,238.79,5.8,0,0,18
0.344,0.234,241.11,1.6,0,1,1
1.272,0.050,233.45,5.4,0,0,0
0.898,0.512,240.82,4.2,2,1,0
0.218,0.000,246.46,0.8,0,0,0
0.234,0.090,241.26,1.0,0,0,0
0.176,0.060,243.09,0.8,0,0,0
1.264,0.232,242.36,5.4,0,0,0
1.958,0.000,241.79,8.0,0,1,18
2.002,0.000,243.44,8.2,2,0,18
1.518,0.206,233.57,6.6,0,0,16
1.388,0.000,244.21,5.6,0,1,19
1.224,0.108,241.42,5.2,0,1,0
0.230,0.052,246.85,1.0,0,0,0
1.920,0.074,241.08,7.8,0,0,29
0.132,0.000,240.68,0.6,0,0,0
0.230,0.120,239.30,1.0,0,0,0
1.300,0.000,237.66,5.4,0,0,0
0.424,0.318,246.73,2.2,0,0,0
2.094,0.062,244.37,8.6,0,0,18
3.398,0.252,240.40,14.0,0,0,19
0.546,0.212,245.10,2.4,0,1,0
0.108,0.000,243.55,0.4,0,0,0
0.376,0.106,242.36,1.6,0,1,1
1.922,0.236,239.67,8.8,0,0,19
0.430,0.158,238.16,2.0,0,0,0
0.498,0.212,245.49,2.2,0,1,0
0.226,0.000,244.01,1.0,0,0,0
1.128,0.460,239.85,5.0,0,1,13
0.254,0.088,243.02,1.2,0,0,1
1.394,0.000,243.77,5.6,0,1,18
1.524,0.228,240.49,6.4,0,1,1
0.988,0.084,247.38,4.2,0,0,0
4.342,0.310,239.52,18.0,0,37,18
0.328,0.000,248.20,1.4,0,0,1
0.248,0.262,237.73,1.4,0,1,1
0.660,0.098,245.08,2.6,0,0,0
0.920,0.122,242.17,3.8,1,0,0
0.242,0.108,239.99,1.0,0,0,1
3.080,0.150,233.55,13.2,0,0,17
1.928,0.082,234.82,8.2,0,1,17
2.512,0.070,243.63,10.2,0,0,18
5.412,0.156,236.49,22.8,37,0,17
1.132,0.088,241.51,4.6,1,0,1
1.652,0.080,239.12,6.8,0,0,18
0.398,0.000,237.10,2.0,0,0,1
1.464,0.080,238.55,6.0,0,1,18
1.372,0.064,244.26,5.6,0,0,19
2.206,0.066,239.73,9.2,0,2,18
1.614,0.234,242.92,6.6,0,1,1
0.772,0.210,240.73,3.4,0,2,1
0.390,0.072,241.61,1.6,0,0,1
0.378,0.090,243.02,1.6,0,0,1
1.524,0.066,245.55,6.2,0,0,18
0.258,0.138,240.38,1.2,0,1,0
2.448,0.190,234.75,10.4,2,0,17
0.380,0.078,241.56,1.6,0,0,1
1.832,0.256,242.66,7.6,1,2,18
0.324,0.108,242.12,1.4,0,0,0
2.886,0.154,237.67,12.0,0,39,1
0.308,0.112,239.73,1.4,0,0,0
0.268,0.228,238.20,1.4,0,0,0
0.230,0.000,245.30,1.0,0,0,0
1.104,0.246,241.23,5.0,0,1,13
0.456,0.300,238.85,2.2,0,1,0
0.182,0.000,244.77,0.8,0,0,1
1.134,0.000,232.65,4.8,0,0,17
0.394,0.134,246.49,1.6,0,0,0
2.974,0.186,238.06,12.4,0,1,18
1.352,0.056,239.84,5.6,0,0,19
0.322,0.144,245.43,1.4,0,0,0
0.468,0.090,240.30,2.0,0,2,0
0.314,0.210,234.90,1.6,0,0,1
0.192,0.078,240.37,0.8,0,1,0
0.148,0.000,240.59,0.6,0,0,0
0.296,0.100,243.88,1.2,0,0,1
3.598,0.080,236.30,15.2,38,0,17
0.954,0.406,241.87,4.2,0,2,0
0.082,0.000,243.14,0.2,0,0,1
0.244,0.112,242.60,1.0,0,0,0
0.234,0.000,244.68,1.0,0,0,0
0.224,0.000,242.45,0.8,0,0,1
1.440,0.116,245.16,5.8,0,0,19
0.130,0.000,239.39,0.6,0,0,0
2.006,0.290,239.20,8.4,0,3,18
1.666,0.284,241.28,7.0,0,0,19
0.426,0.000,234.34,2.0,0,0,1
0.422,0.098,241.62,1.8,0,0,1
0.290,0.092,240.36,1.2,0,0,0
1.492,0.220,241.67,6.2,0,2,19
0.268,0.118,242.72,1.2,0,0,1
1.390,0.000,240.34,5.8,0,0,17
0.342,0.134,248.82,1.4,0,1,0
0.264,0.138,244.28,1.2,0,0,1
0.230,0.092,237.60,1.0,0,0,1
0.150,0.000,241.08,0.8,0,1,0
1.250,0.076,238.21,5.2,0,0,18
0.686,0.144,245.13,2.8,0,1,1
1.192,0.226,242.34,5.0,0,0,0
1.472,0.104,243.69,6.0,0,0,19
1.376,0.116,242.63,5.6,0,0,18
0.232,0.000,241.78,1.0,0,0,1
0.104,0.000,236.67,0.4,0,0,0
0.476,0.362,244.71,2.4,0,1,1
1.252,0.000,239.39,5.2,0,0,18
1.472,0.320,238.84,6.2,0,1,18
0.328,0.120,241.57,1.4,0,0,0
1.886,0.098,246.62,7.6,0,2,19
1.360,0.278,240.16,5.8,0,2,12
0.412,0.082,242.41,1.6,0,0,1
0.228,0.000,243.47,1.0,0,0,0
1.332,0.000,242.28,5.4,0,0,18
1.260,0.000,242.02,5.2,0,0,1
0.470,0.064,241.19,1.8,0,0,0
1.416,0.000,243.59,5.8,0,0,19
1.294,0.000,234.07,5.4,0,0,16
0.184,0.000,242.44,1.0,0,0,1
2.698,0.190,237.74,11.2,0,1,0
1.398,0.052,242.72,5.6,0,0,18
1.450,0.192,239.72,6.0,0,0,18
1.246,0.106,234.18,5.2,0,0,17
0.158,0.000,244.58,0.6,0,0,1
0.332,0.126,244.48,1.4,0,1,1
1.262,0.230,234.92,5.4,0,5,0
1.336,0.000,231.78,5.8,0,1,16
0.304,0.070,244.93,1.2,0,2,0
1.412,0.222,236.74,6.0,0,2,18
1.334,0.116,238.80,5.6,0,0,17
0.192,0.058,243.95,0.8,0,0,1
3.440,0.146,230.40,15.2,0,0,27
1.114,0.062,240.12,4.6,0,0,1
0.304,0.082,238.87,1.4,0,0,1
0.308,0.000,235.59,1.4,0,0,0
1.310,0.046,243.09,5.4,0,0,19
1.762,0.238,240.00,7.4,0,20,1
2.328,0.288,239.25,9.8,0,0,17
2.170,0.362,237.66,9.2,0,1,1
0.918,0.000,232.61,4.2,0,1,1
0.232,0.126,239.01,1.0,0,0,1
3.708,0.058,236.92,15.6,0,0,18
1.652,0.000,240.68,6.8,0,0,18
1.320,0.000,240.47,5.4,0,17,1
1.394,0.158,236.28,5.8,0,1,18
2.778,0.132,240.53,11.6,0,0,17
0.322,0.114,246.96,1.4,0,0,0
0.124,0.000,235.03,0.6,0,0,0
0.552,0.318,241.81,2.6,0,1,1
0.430,0.310,245.01,2.0,0,1,1
1.464,0.066,244.11,6.0,0,0,18
0.280,0.000,246.82,1.2,0,0,0
0.292,0.090,235.19,1.2,0,0,0
1.760,0.082,239.66,7.8,0,0,18
1.816,0.076,243.91,7.4,0,1,18
0.364,0.124,242.22,1.6,0,0,1
1.378,0.094,241.17,5.6,0,1,18
4.634,0.140,242.54,19.0,0,0,19
3.538,0.060,234.33,15.4,30,0,0
1.786,0.282,244.12,7.4,0,2,18
0.860,0.280,245.91,3.8,0,0,8
0.872,0.226,240.06,3.8,0,2,11
0.284,0.220,239.25,1.4,0,0,0
0.328,0.232,240.70,1.6,0,1,1
2.114,0.182,238.78,8.8,0,1,18
2.658,0.000,243.42,10.8,0,0,19
0.222,0.000,243.35,1.0,0,0,0
1.960,0.000,237.31,8.2,0,0,18
0.296,0.000,241.99,1.4,0,0,0
1.462,0.342,239.99,6.2,0,0,12
1.726,0.268,241.60,7.2,0,6,18
0.418,0.236,241.32,2.0,0,2,0
0.460,0.210,244.32,2.0,0,1,1
0.598,0.052,242.89,2.4,0,0,0
2.752,0.290,241.39,11.4,0,19,18
0.378,0.186,239.48,1.8,0,1,0
1.292,0.210,235.92,5.4,0,0,17
1.348,0.252,240.67,5.8,1,1,1
0.456,0.288,248.84,2.2,0,1,1
0.872,0.240,240.63,3.6,0,2,11
0.336,0.108,247.89,1.4,0,1,1
1.216,0.000,241.05,5.2,1,0,0
0.324,0.088,242.87,1.4,0,0,0
1.232,0.048,235.86,5.2,0,0,17
1.232,0.112,242.74,5.0,0,0,0
1.784,0.168,237.21,7.4,0,0,18
1.412,0.140,242.97,5.8,0,0,18
1.352,0.000,245.57,5.4,0,0,19
1.410,0.000,242.02,5.8,0,0,18
1.676,0.066,239.55,7.2,1,0,18
0.726,0.268,243.71,3.2,0,0,0
1.490,0.064,243.35,6.0,0,2,19
0.292,0.090,241.33,1.2,0,0,0
1.492,0.242,242.49,6.2,0,0,18
0.418,0.108,241.70,1.8,0,0,0
1.834,0.156,237.02,7.6,0,0,17
0.462,0.334,239.20,2.4,0,2,0
0.432,0.206,240.19,2.2,0,0,1
1.494,0.210,238.00,6.2,0,0,18
1.692,0.200,241.73,7.0,0,0,17
0.888,0.404,239.99,4.2,0,0,1
1.474,0.000,243.87,6.0,0,0,1
1.550,0.000,243.07,6.4,0,1,0
0.280,0.058,238.19,1.2,0,0,0
2.008,0.148,239.16,8.4,0,0,0
2.480,0.052,241.12,10.2,0,0,19
1.342,0.062,241.41,5.4,0,0,0
1.326,0.066,243.99,5.4,0,0,18
0.340,0.074,242.23,1.4,0,0,1
1.704,0.158,241.32,7.0,0,0,19
0.402,0.190,240.40,1.8,0,0,1
0.080,0.000,240.25,0.2,0,0,1
0.336,0.086,237.29,1.4,0,0,0
0.512,0.106,239.84,2.2,0,0,0
3.124,0.188,243.45,12.8,40,0,0
0.390,0.108,241.77,1.6,0,0,0
0.268,0.278,241.77,1.6,0,1,1
0.610,0.078,242.86,2.4,0,0,0
0.212,0.126,241.83,1.0,0,1,1
1.158,0.000,238.21,4.8,0,0,18
3.090,0.184,234.29,13.2,0,0,17
1.482,0.116,242.72,6.0,0,1,19
0.362,0.082,240.49,1.6,0,0,0
1.526,0.000,237.65,6.4,1,0,18
0.554,0.074,241.17,2.2,0,0,1
0.280,0.056,236.97,1.2,0,0,0
0.598,0.270,242.99,2.6,0,1,1
0.406,0.156,244.16,1.8,0,0,1
0.246,0.000,243.71,1.0,0,0,0
2.396,0.080,232.06,10.4,0,0,16
0.800,0.260,242.11,3.4,0,2,1
1.324,0.130,241.33,5.4,0,0,19
0.626,0.204,240.35,3.0,0,2,0
0.358,0.088,240.25,1.4,0,0,1
1.440,0.000,244.82,5.8,0,0,0
0.490,0.196,242.43,2.2,0,1,0
0.266,0.000,245.38,1.2,0,0,0
1.394,0.226,241.38,5.8,0,0,18
1.544,0.214,241.60,6.4,0,0,19
2.470,0.190,234.72,10.4,0,2,17
2.592,0.236,238.27,11.0,0,0,18
1.706,0.230,239.23,7.2,0,0,18
0.490,0.000,244.23,2.2,0,0,0
0.276,0.000,242.72,1.2,0,0,0
1.526,0.060,232.08,6.6,0,0,0
0.480,0.200,243.33,2.2,0,2,0
0.616,0.258,239.82,3.0,0,2,0
0.654,0.000,245.39,2.6,0,0,0
0.244,0.000,246.35,1.0,0,0,0
1.330,0.000,241.79,5.4,0,0,19
1.276,0.106,238.65,5.2,0,0,17
0.232,0.000,242.75,1.0,0,0,1
1.642,0.220,244.51,6.8,0,0,19
0.370,0.148,245.40,1.6,0,1,1
0.332,0.112,240.96,1.4,0,0,1
0.238,0.000,239.54,1.0,0,0,1
0.814,0.076,242.95,3.4,0,0,0
1.406,0.000,239.45,5.8,0,0,18
1.390,0.070,245.89,5.6,0,0,0
0.260,0.000,244.53,1.0,0,0,1
1.160,0.080,239.41,4.8,0,0,0
0.414,0.000,242.03,1.8,0,0,0
2.354,0.056,238.76,9.8,0,1,18
3.458,0.000,231.17,14.8,36,0,16
0.750,0.000,244.38,3.0,0,0,0
0.756,0.094,240.84,3.0,0,0,0
0.124,0.000,241.17,0.6,0,0,0
0.416,0.182,241.74,1.8,0,1,0
0.608,0.160,242.17,2.6,0,0,1
4.928,0.000,239.57,20.4,2,37,18
0.328,0.244,241.64,1.6,0,2,0
1.064,0.000,242.09,4.6,0,0,4
0.448,0.212,247.68,2.0,0,1,0
1.304,0.118,241.19,5.4,0,0,17
2.040,0.252,239.97,8.6,0,0,30
1.006,0.524,240.95,4.6,1,1,0
0.242,0.090,241.83,1.0,0,0,0
2.714,0.000,240.56,11.2,0,0,18
0.468,0.170,244.39,2.0,0,0,1
0.306,0.094,248.27,1.2,0,0,0
0.786,0.144,241.10,3.4,0,1,1
2.132,0.168,237.87,9.0,0,4,17
1.274,0.000,238.96,5.2,0,0,17
3.522,0.064,240.69,14.6,38,0,0
0.922,0.088,240.67,3.8,0,0,0
2.604,0.508,235.66,11.2,1,1,17
0.132,0.000,242.46,0.6,0,0,0
0.320,0.220,241.55,1.6,0,2,0
0.346,0.212,238.95,1.6,0,0,1
1.350,0.000,240.19,5.6,0,1,18
0.366,0.088,245.06,1.6,0,0,0
0.358,0.122,241.89,1.6,0,0,1
2.110,0.356,246.85,8.6,0,2,19
2.264,0.198,236.61,10.0,0,28,0
0.316,0.088,245.75,1.2,0,0,0
1.716,0.000,234.38,7.2,0,0,17
1.576,0.340,239.86,6.6,0,1,0
0.240,0.092,240.94,1.0,0,0,1
0.324,0.090,241.41,1.4,0,0,1
0.216,0.092,236.78,1.0,0,0,0
1.266,0.098,238.84,5.2,0,0,1
2.712,0.394,242.45,11.2,0,1,1
1.524,0.280,246.84,6.2,0,0,18
1.820,0.090,242.14,7.4,2,0,19
0.110,0.000,239.24,0.4,0,0,0
1.406,0.058,236.48,5.8,0,0,18
2.256,0.166,239.32,9.4,0,1,18
1.986,0.090,239.17,8.2,0,0,18
0.304,0.122,240.47,1.4,0,0,0
4.316,0.122,238.21,18.2,0,0,1
0.426,0.000,244.58,1.6,0,0,1
0.202,0.122,235.95,1.0,0,0,0
1.378,0.138,232.96,5.8,0,0,17
1.094,0.462,242.36,4.8,2,0,0
6.044,0.350,236.06,25.6,37,37,18
1.482,0.104,243.80,6.0,0,0,19
1.160,0.112,243.35,4.8,0,0,0
0.324,0.206,242.21,1.6,0,1,1
0.392,0.198,240.80,1.8,0,1,0
0.352,0.234,242.60,1.8,0,2,1
1.442,0.114,238.23,6.0,2,0,18
0.302,0.050,242.12,1.2,0,0,1
0.384,0.090,243.67,1.8,0,1,0
0.188,0.000,242.35,1.0,0,0,1
2.352,0.000,237.17,9.8,0,2,18
0.208,0.112,243.95,1.0,0,1,0
0.410,0.120,240.35,1.8,0,0,0
1.340,0.000,239.13,5.6,0,0,18
1.826,0.484,239.48,9.0,0,18,12
0.212,0.080,238.96,0.8,0,0,1
0.238,0.000,247.49,1.0,0,0,0
0.946,0.110,246.71,3.8,0,0,0
1.282,0.106,237.94,5.4,0,0,18
1.232,0.000,237.82,5.2,0,0,18
2.888,0.072,239.20,12.0,2,0,18
0.320,0.224,240.17,1.6,0,0,0
0.712,0.116,235.28,3.0,0,0,0
0.632,0.102,241.38,2.6,0,0,0
1.382,0.086,239.72,5.6,0,1,18
0.376,0.072,242.47,1.6,0,0,1
1.926,0.174,241.83,8.0,0,0,27
0.596,0.092,241.05,2.4,0,0,0
1.112,0.000,234.06,4.6,0,0,17
1.400,0.068,241.61,5.8,0,0,19
0.418,0.234,242.31,2.2,0,0,1
0.738,0.232,241.43,3.2,0,0,0
0.434,0.000,243.84,1.8,0,0,1
0.378,0.124,240.90,1.6,0,1,1
0.152,0.090,238.84,0.8,0,0,1
0.880,0.244,240.00,3.8,0,0,12
0.344,0.118,246.22,1.4,0,0,1
0.434,0.146,242.80,2.0,0,0,1
1.350,0.078,240.36,5.6,0,1,18
0.896,0.222,240.44,3.8,0,1,11
1.366,0.096,235.15,5.8,0,1,1
0.948,0.232,240.90,4.0,0,0,12
0.454,0.106,247.32,2.0,0,0,0
0.082,0.000,241.77,0.2,0,0,1
2.578,0.206,240.15,10.6,0,0,1
0.244,0.106,240.36,1.0,0,2,1
0.778,0.360,243.77,3.4,0,2,0
0.318,0.100,243.57,1.4,0,0,0
1.262,0.000,238.42,5.2,1,0,18
0.232,0.138,234.79,1.2,0,0,0
0.166,0.000,243.50,0.8,0,0,1
0.256,0.108,241.02,1.2,0,1,1
0.234,0.000,243.24,1.0,0,0,1
0.236,0.138,243.94,1.2,0,0,0
1.580,0.158,236.67,6.6,0,0,0
0.210,0.078,242.60,0.8,0,0,0
1.516,0.152,238.96,6.4,1,1,1
0.276,0.000,237.90,1.2,0,0,0
1.264,0.058,238.51,5.2,0,0,18
0.220,0.000,246.54,0.8,0,0,0
0.416,0.206,243.85,1.8,0,0,1
0.624,0.114,244.13,2.6,0,0,0
1.104,0.222,239.76,4.6,0,0,1
4.246,0.264,239.45,17.6,38,0,19
0.996,0.000,240.48,4.0,0,0,0
1.616,0.000,238.37,6.8,0,0,18
0.780,0.000,240.34,3.2,0,0,1
0.460,0.066,240.33,1.8,0,0,0
0.252,0.058,240.03,1.0,0,0,1
0.554,0.330,239.82,4.0,0,0,1
0.224,0.114,238.58,1.0,0,0,0
0.214,0.000,240.18,0.8,0,0,0
0.338,0.092,241.84,1.4,0,0,1
2.484,0.378,242.99,10.4,1,0,18
0.308,0.232,239.41,1.6,0,0,1
2.112,0.284,236.86,9.0,0,0,29
0.206,0.000,245.05,0.8,0,0,0
0.324,0.188,238.61,1.6,0,1,0
0.174,0.098,237.44,0.8,0,0,0
2.272,0.046,241.76,9.6,0,0,18
0.230,0.000,244.69,1.0,0,0,0
2.328,0.000,240.14,9.6,0,0,17
1.878,0.092,243.01,7.6,0,0,19
1.752,0.102,241.18,7.2,0,0,19
0.352,0.124,244.39,1.4,0,0,1
1.568,0.312,242.66,6.6,0,1,18
2.608,0.188,241.86,10.8,0,4,0
3.314,0.346,236.89,14.0,0,0,18
1.304,0.052,235.02,5.4,0,1,17
0.756,0.208,240.36,3.4,0,0,0
0.244,0.000,245.11,1.0,0,1,0
0.600,0.102,236.93,2.6,0,0,0
0.226,0.000,242.94,1.0,0,0,0
1.414,0.000,241.59,5.8,1,0,18
0.370,0.094,246.55,1.6,0,0,0
0.262,0.000,243.49,1.0,0,0,0
1.946,0.238,242.75,8.0,0,0,18
1.728,0.368,240.70,7.2,0,2,18
0.372,0.074,243.27,1.6,0,0,0
1.394,0.088,239.76,5.8,1,0,18
0.346,0.080,241.53,1.6,0,0,1
0.306,0.222,237.76,1.6,0,0,1
0.294,0.236,243.64,1.4,0,2,0
1.470,0.000,242.62,6.6,0,0,0
0.280,0.060,240.26,1.2,0,0,0
0.262,0.000,244.53,1.2,0,0,0
3.032,0.000,240.10,12.8,0,32,0
1.374,0.000,240.97,5.6,0,0,1
0.506,0.060,240.34,2.0,0,0,0
0.348,0.158,242.63,1.6,0,0,0
1.306,0.000,238.37,5.4,0,0,17
4.034,0.064,237.07,17.0,37,1,18
0.336,0.074,241.61,1.4,0,2,0
1.586,0.064,242.24,6.4,0,0,18
1.144,0.062,240.90,4.8,1,0,0
0.426,0.256,245.89,2.0,0,0,1
0.400,0.210,243.74,1.8,0,0,0
0.210,0.132,240.87,1.0,0,0,0
0.268,0.118,242.37,1.2,0,0,0
0.226,0.136,240.42,1.0,0,0,0
1.502,0.094,240.87,6.2,0,0,19
0.140,0.000,241.27,0.6,0,0,0
0.216,0.046,241.10,1.0,0,0,1
0.596,0.000,246.63,2.6,0,0,0
0.284,0.000,241.81,1.2,0,0,0
0.306,0.060,242.49,1.4,0,0,1
0.256,0.000,249.54,1.0,0,0,1
1.624,0.066,235.01,7.0,1,0,0
2.792,0.126,235.72,11.8,0,1,0
0.306,0.096,242.59,1.2,0,1,0
1.544,0.132,243.49,7.6,0,0,0
1.804,0.218,240.57,7.6,0,1,18
2.690,0.188,240.34,11.2,38,0,1
0.220,0.134,242.96,1.0,0,2,0
0.366,0.196,241.87,1.6,0,0,0
0.366,0.056,238.39,1.6,0,0,1
0.336,0.092,244.99,1.4,0,0,0
2.022,0.460,238.90,8.6,0,1,18
0.432,0.150,241.84,1.8,0,0,1
0.244,0.000,242.72,1.0,0,0,0
0.582,0.000,242.40,2.4,0,0,1
3.774,0.096,239.69,15.6,0,0,17
1.424,0.102,241.47,5.8,0,0,18
2.766,0.210,241.77,11.4,39,2,0
0.414,0.076,239.42,1.8,0,1,1
1.356,0.082,239.34,5.6,0,2,0
1.336,0.054,239.97,5.6,0,0,17
4.692,0.596,234.24,20.2,0,0,0
0.156,0.000,242.07,0.6,0,0,1
2.162,0.174,235.96,9.4,0,0,0
0.174,0.098,240.24,0.8,0,0,0
1.056,0.244,241.45,6.2,6,0,0
2.632,0.430,235.74,11.2,0,4,17
0.262,0.052,247.43,1.0,0,0,0
0.220,0.116,236.36,1.0,0,0,0
0.238,0.136,244.47,1.0,0,2,1
0.234,0.088,240.37,1.0,0,0,1
1.432,0.176,235.67,6.0,0,2,17
2.218,0.476,241.47,9.4,0,1,29
1.248,0.000,242.76,5.2,0,0,1
0.358,0.216,242.23,1.6,0,0,1
0.318,0.104,242.78,1.4,0,0,0
0.198,0.102,242.46,0.8,0,2,0
1.696,0.142,240.10,7.0,0,6,17
1.568,0.000,242.66,6.4,0,0,1
0.210,0.106,241.81,1.0,0,0,0
1.474,0.060,242.64,6.0,0,0,19
1.308,0.000,240.48,5.4,2,0,18
0.106,0.000,236.44,0.4,0,0,0
0.424,0.234,241.91,2.0,0,2,1
0.494,0.220,243.71,2.2,0,1,0
3.528,0.272,235.63,15.0,0,0,17
0.328,0.092,248.18,1.4,0,1,1
0.164,0.142,241.42,0.8,0,1,0
0.180,0.000,243.92,0.8,0,0,1
0.720,0.072,239.67,3.0,0,0,1
0.156,0.000,241.74,0.6,0,0,1
2.130,0.182,234.52,9.2,4,0,17
1.558,0.300,245.29,6.4,0,1,18
0.332,0.258,241.74,1.6,0,0,1
0.328,0.122,246.64,1.4,0,1,0
0.158,0.000,241.39,0.6,0,0,1
2.808,0.216,240.48,11.8,0,36,1
0.330,0.000,241.02,1.4,0,0,0
1.590,0.000,242.08,6.4,0,0,18
0.622,0.100,238.78,3.0,0,0,0
1.308,0.046,242.10,5.4,0,0,18
0.242,0.000,245.42,1.0,0,0,1
0.422,0.228,242.00,2.0,0,1,1
0.400,0.198,242.34,1.8,0,1,1
0.150,0.000,241.92,0.6,0,0,0
2.138,0.098,237.36,9.0,0,0,17
0.248,0.108,238.95,1.0,0,0,1
0.284,0.208,236.76,1.4,0,2,0
0.430,0.166,239.74,2.0,0,0,0
0.154,0.000,243.17,0.6,0,0,1
0.176,0.104,241.21,0.8,0,0,0
0.178,0.098,236.39,0.8,0,0,0
0.808,0.192,239.02,4.0,0,0,8
1.908,0.184,235.24,8.0,0,0,17
0.336,0.136,245.50,1.4,0,1,0
5.266,0.482,236.50,22.4,53,1,18
4.536,0.462,232.75,19.8,37,1,0
0.400,0.000,246.27,1.8,0,0,0
0.466,0.088,235.65,2.0,0,0,0
1.862,0.368,243.26,7.8,0,0,18
1.822,0.168,237.33,7.6,1,2,17
0.226,0.000,245.19,0.8,0,0,1
0.482,0.062,246.94,2.2,0,0,0
0.870,0.186,243.51,3.6,0,0,13
0.278,0.070,233.34,1.2,0,0,0
0.278,0.000,240.15,1.2,0,0,0
0.490,0.000,244.90,2.2,0,1,1
0.312,0.208,239.35,1.6,0,0,1
1.486,0.208,240.17,6.2,0,0,19
0.082,0.000,242.17,0.2,0,0,0
0.342,0.076,244.23,1.4,0,0,1
0.228,0.090,240.41,1.0,0,0,0
0.252,0.000,240.84,1.0,0,0,1
0.244,0.000,242.07,1.0,0,0,1
1.658,0.212,238.83,7.0,0,0,18
2.172,0.260,240.25,9.0,0,2,19
0.224,0.052,247.31,1.0,0,0,0
0.928,0.108,242.16,4.0,0,0,1
0.154,0.126,242.41,0.8,0,0,0
2.092,0.000,233.52,8.8,1,0,16
0.220,0.000,236.70,1.0,0,0,0
1.402,0.214,239.99,5.8,0,1,18
0.208,0.120,235.83,1.0,0,0,0
0.334,0.116,243.53,1.4,0,1,0
2.718,0.122,245.49,11.0,0,1,18
1.390,0.082,235.05,5.8,0,0,17
2.280,0.750,236.70,10.4,0,0,18
0.348,0.000,242.68,2.0,0,0,3
0.158,0.124,241.38,0.8,0,0,0
0.292,0.094,245.03,1.2,0,1,0
0.282,0.000,240.97,1.2,0,0,0
0.238,0.126,239.49,1.0,0,0,0
1.832,0.000,243.15,7.4,0,0,0
0.224,0.000,240.54,1.0,0,0,0
1.528,0.182,237.13,6.4,0,1,17
5.952,0.238,233.05,25.6,44,0,17
0.414,0.000,244.19,2.0,0,0,0
1.362,0.068,240.61,5.6,0,1,18
4.034,0.406,236.56,17.8,20,19,17
1.538,0.128,238.38,6.4,1,0,18
0.302,0.072,243.50,1.2,0,0,1
1.302,0.118,239.73,5.4,1,0,0
0.292,0.066,242.13,1.2,0,0,1
3.884,0.310,240.99,16.8,0,0,18
1.196,0.252,240.91,5.0,0,0,0
1.962,0.192,242.49,8.0,0,0,18
0.214,0.112,238.30,1.0,0,1,1
1.368,0.214,238.21,5.8,0,1,18
1.380,0.000,237.14,5.8,0,0,18
1.762,0.148,235.57,7.6,0,0,17
0.252,0.000,242.08,1.2,0,0,0
0.504,0.330,246.85,2.4,0,2,0
1.184,0.072,230.53,5.0,0,0,17
0.304,0.094,237.95,1.2,0,0,0
0.458,0.242,244.76,2.0,0,2,1
0.484,0.090,242.12,2.0,1,0,1
1.352,0.000,242.70,5.6,0,0,18
1.844,0.000,245.41,8.4,0,24,1
0.228,0.000,239.25,1.0,0,0,0
1.382,0.114,240.97,5.6,0,0,18
0.108,0.000,240.67,0.4,0,0,0
3.578,0.252,231.90,15.4,1,0,18
0.354,0.234,242.92,1.8,0,0,1
1.414,0.198,237.89,6.0,2,0,18
1.690,0.094,236.91,7.0,0,2,17
2.430,0.138,238.10,10.4,0,0,18
0.736,0.200,244.62,3.0,0,2,0
0.224,0.000,247.77,0.8,0,0,0
0.724,0.096,236.14,3.0,0,0,0
0.298,0.098,240.81,1.2,0,1,0
1.276,0.104,239.62,5.2,0,1,18
0.376,0.260,242.86,1.8,0,1,0
0.456,0.288,239.38,2.4,0,1,0
1.980,0.254,240.07,9.0,23,0,0
0.310,0.204,240.50,1.4,0,0,0
0.326,0.116,242.23,1.4,0,0,0
0.748,0.260,239.61,3.2,0,1,1
0.460,0.000,241.83,2.0,0,0,1
1.644,0.054,234.60,7.0,1,0,18
2.736,0.090,238.90,11.4,0,37,0
0.318,0.096,242.01,1.4,0,0,0
1.824,0.338,243.58,7.6,0,3,18
2.474,0.104,244.21,10.2,1,1,19
1.590,0.122,236.79,6.6,0,0,0
0.878,0.048,234.34,3.6,0,0,12
0.122,0.000,234.49,0.6,0,0,0
0.362,0.090,246.80,1.4,0,0,0
1.358,0.090,238.16,5.6,0,0,18
1.850,0.230,244.23,7.6,0,0,0
0.666,0.050,242.81,2.8,0,1,0
0.624,0.130,241.59,2.6,0,0,1
0.312,0.114,243.54,1.6,0,0,1
0.350,0.220,241.55,1.6,0,1,0
1.444,0.102,246.74,5.8,0,1,20
1.610,0.348,241.83,6.8,0,0,19
6.672,0.330,233.95,28.8,1,71,17
3.114,0.256,240.51,13.0,2,18,18
1.456,0.062,239.64,6.0,0,0,18
1.652,0.368,242.40,7.0,0,0,0
1.898,0.490,238.97,8.2,1,2,17
0.234,0.046,244.25,1.0,0,0,0
0.206,0.000,236.33,0.8,0,0,0
0.386,0.212,245.32,1.8,0,0,0
0.470,0.308,242.84,2.2,0,2,1
0.566,0.118,240.89,2.6,0,0,1
0.316,0.176,246.90,1.4,0,2,0
0.652,0.110,236.41,3.0,0,0,0
0.470,0.218,242.43,2.0,0,2,1
3.726,0.290,234.77,16.0,38,0,21
1.394,0.106,242.52,5.6,0,0,19
0.516,0.174,235.60,2.4,0,2,0
0.336,0.102,244.71,1.4,0,0,0
0.310,0.000,236.04,1.2,0,0,0
1.618,0.304,236.70,6.8,0,1,18
1.718,0.000,238.22,7.2,0,0,0
0.292,0.096,242.21,1.2,0,0,0
7.412,0.222,238.34,31.4,23,76,18
1.298,0.000,240.28,5.4,0,0,18
0.806,0.106,233.27,3.4,0,0,0
1.408,0.080,239.77,5.8,0,0,19
0.314,0.126,244.05,1.4,0,0,0
0.414,0.306,243.25,2.0,0,1,0
0.352,0.086,243.91,1.6,0,2,0
1.770,0.220,238.63,7.4,0,1,17
3.606,0.058,238.21,15.4,0,0,18
0.380,0.356,240.71,2.0,0,1,1
0.622,0.000,241.30,2.6,0,0,0
0.362,0.120,243.73,1.6,0,0,0
1.346,0.088,237.92,5.6,0,2,17
1.422,0.254,248.29,5.8,0,0,0
2.414,0.070,241.16,10.0,1,0,18
0.334,0.112,244.22,1.4,0,0,0
1.520,0.080,242.11,6.2,0,1,17
1.734,0.180,239.79,7.2,0,0,18
0.304,0.196,237.29,1.4,0,1,0
0.236,0.000,242.21,1.0,0,0,1
5.556,0.384,233.03,23.8,36,1,28
2.094,0.126,242.71,8.6,0,1,18
0.742,0.196,238.01,3.2,0,0,0
1.626,0.176,240.24,6.8,0,0,11
1.290,0.000,240.69,5.2,0,0,17
0.152,0.000,241.20,0.6,0,0,1
1.334,0.000,240.92,5.4,0,0,18
1.330,0.048,241.29,5.4,0,0,1
1.372,0.096,241.78,5.6,0,1,19
0.346,0.198,237.74,1.6,0,1,1
1.726,0.172,242.57,7.0,0,0,18
0.422,0.056,241.96,2.0,0,0,1
0.404,0.220,244.44,1.8,0,0,0
0.264,0.000,241.80,1.0,0,0,0
0.228,0.096,239.91,1.0,0,1,1
1.568,0.050,240.14,6.4,0,0,18
0.280,0.000,238.87,1.4,0,0,0
1.216,0.000,239.16,5.0,0,0,18
0.556,0.208,243.22,2.4,0,1,0
1.328,0.000,243.65,5.4,0,0,18
0.278,0.062,236.41,1.4,0,0,0
0.220,0.000,233.53,1.0,0,0,0
1.792,0.272,237.41,7.6,0,0,17
0.490,0.000,235.40,2.6,0,0,0
2.478,0.130,242.30,10.2,0,0,18
0.370,0.178,241.15,1.6,0,1,1
3.078,0.068,236.00,13.6,0,29,17
0.746,0.000,239.40,3.0,0,0,1
1.544,0.236,243.32,6.4,0,1,19
1.448,0.088,239.04,6.0,1,0,19
0.166,0.138,240.09,0.8,0,1,1
0.328,0.000,243.52,1.4,0,0,1
0.194,0.000,244.17,0.8,0,0,0
1.336,0.070,238.67,5.6,0,2,17
0.316,0.082,240.63,1.4,0,0,1
0.336,0.116,245.16,1.4,0,0,0
0.226,0.136,240.27,1.0,0,0,0
1.864,0.084,242.90,7.6,0,1,19
0.370,0.176,242.30,1.6,0,1,0
0.374,0.000,243.42,1.6,0,0,0
2.596,0.482,238.95,11.0,0,0,18
2.792,0.210,241.97,11.6,1,1,18
0.576,0.494,242.32,3.0,0,1,0
0.222,0.000,241.26,1.0,0,0,0
2.244,0.050,242.99,9.2,0,0,18
0.278,0.150,241.86,1.2,0,0,1
0.526,0.078,237.26,2.6,0,0,0
2.974,0.052,237.26,12.4,1,0,18
2.010,0.318,237.94,9.2,0,1,18
2.154,0.000,240.31,8.8,0,0,18
3.278,0.184,237.80,13.8,0,0,17
3.660,0.058,237.04,15.4,38,0,17
0.244,0.108,239.87,1.0,0,0,0
3.888,0.246,238.20,17.0,0,35,17
0.250,0.160,237.06,1.2,0,0,0
0.670,0.364,241.19,3.2,0,1,1
0.220,0.000,239.49,1.0,0,0,0
0.160,0.124,241.80,0.8,0,0,0
0.422,0.236,243.45,2.0,0,2,1
0.172,0.000,235.19,1.0,0,0,0
2.408,0.250,243.02,11.0,0,2,1
0.896,0.190,240.46,3.8,0,0,12
0.518,0.000,243.04,2.0,0,0,0
1.756,0.048,238.72,7.2,0,0,0
0.362,0.106,245.96,1.4,0,0,0
0.612,0.000,241.75,2.6,0,0,1
1.506,0.098,239.78,6.2,0,0,19
0.310,0.260,243.44,1.6,0,1,0
1.402,0.048,239.08,5.8,0,0,18
1.284,0.074,237.74,5.4,0,0,18
2.182,0.272,242.76,9.4,1,0,18
0.228,0.144,240.75,1.2,0,0,0
1.858,0.370,238.70,7.8,0,0,18
1.446,0.092,240.48,6.0,0,0,18
0.250,0.000,241.91,1.0,0,0,0
0.308,0.158,243.80,1.4,0,0,0
0.816,0.102,238.97,3.4,0,0,0
2.058,0.000,241.43,8.4,1,0,18
0.278,0.202,238.27,1.4,0,1,1
0.336,0.202,241.31,1.6,0,2,0
0.252,0.190,241.22,1.2,0,0,0
1.186,0.000,240.70,4.8,0,0,18
0.462,0.164,240.09,2.0,2,0,0
0.178,0.000,242.07,0.8,0,0,1
0.368,0.114,243.54,1.6,0,0,0
1.306,0.098,245.05,5.2,0,0,0
0.386,0.094,240.66,1.8,0,2,0
1.738,0.078,237.03,7.2,0,0,18
0.524,0.246,245.60,2.4,0,1,0
2.628,0.074,242.95,10.8,0,0,19
0.976,0.328,241.17,4.2,0,1,12
0.412,0.104,245.66,1.8,0,0,0
1.278,0.102,232.81,5.4,0,0,17
0.136,0.000,240.89,0.6,0,0,0
0.242,0.062,241.71,1.0,0,0,0
1.776,0.074,242.62,7.2,0,0,18
0.252,0.046,245.72,1.0,0,0,0
0.294,0.088,242.21,1.2,0,0,0
1.308,0.088,241.84,5.4,0,0,18
0.298,0.230,240.16,1.4,0,2,0
0.564,0.370,246.06,2.6,0,1,1
0.360,0.202,239.82,1.6,0,0,1
4.464,0.076,238.53,19.2,12,0,19
1.398,0.058,240.60,5.8,0,0,18
1.752,0.000,242.87,7.2,0,0,18
0.220,0.000,244.14,1.0,0,0,0
1.462,0.260,240.71,6.0,0,1,18
0.390,0.214,241.82,1.8,0,0,0
5.574,0.188,245.44,22.6,0,44,19
0.454,0.066,242.37,1.8,0,0,0
2.578,0.262,240.64,10.8,0,1,0
0.482,0.096,238.44,2.0,0,0,1
0.256,0.160,243.95,1.2,0,0,1
1.754,0.064,239.89,7.2,0,2,17
0.392,0.192,241.64,1.8,0,1,0
1.256,0.000,238.26,5.2,0,0,17
0.512,0.078,243.74,2.0,0,0,1
0.270,0.000,243.63,1.2,0,0,0
2.292,0.070,239.95,10.4,0,0,18
3.836,0.102,242.17,15.8,0,37,19
0.258,0.094,244.12,1.4,0,0,0
0.350,0.120,241.88,1.4,0,0,1
0.384,0.086,241.35,1.8,1,0,0
0.082,0.000,241.91,0.2,0,0,0
0.386,0.212,237.67,1.8,0,2,0
3.848,0.338,235.94,16.2,38,0,0
0.588,0.084,240.42,2.4,0,0,0
0.314,0.088,243.13,1.4,0,1,0
1.340,0.000,241.24,5.6,0,1,18
0.548,0.324,240.65,2.6,0,1,0
0.232,0.102,240.93,1.2,0,0,1
0.974,0.056,238.95,4.0,1,0,1
1.524,0.310,241.15,6.4,0,1,18
0.264,0.126,242.06,1.2,0,2,0
1.440,0.090,241.27,5.8,0,0,18
3.142,0.000,241.08,13.0,1,0,18
0.962,0.116,241.03,4.0,1,0,0
1.832,0.000,239.25,7.6,0,0,18
0.380,0.050,245.78,1.6,0,0,0
0.202,0.000,245.62,0.8,0,0,0
0.220,0.000,248.11,0.8,0,0,0
0.364,0.192,238.68,1.6,0,2,0
1.474,0.226,241.63,6.0,0,1,19
0.388,0.084,242.99,1.6,0,1,1
1.508,0.154,238.37,6.4,0,0,18
0.128,0.000,240.77,0.6,0,0,0
0.394,0.222,241.16,1.8,0,0,0
0.228,0.144,243.62,1.0,0,0,1
0.310,0.124,243.80,1.4,0,2,0
0.226,0.084,238.58,1.0,0,0,1
0.396,0.000,239.56,2.2,0,0,6
3.462,0.096,236.95,15.0,10,0,17
1.024,0.166,240.76,4.8,0,1,13
0.228,0.078,239.92,1.0,0,0,1
0.668,0.148,235.74,2.8,1,0,1
1.878,0.238,241.44,7.8,0,2,19
1.568,0.104,241.67,6.4,1,1,19
0.254,0.128,238.89,1.2,0,0,0
0.202,0.100,241.80,0.8,0,1,1
0.272,0.100,237.42,1.2,0,0,0
1.498,0.076,239.72,6.2,0,1,18
0.818,0.316,238.61,3.6,0,2,1
0.100,0.000,234.63,0.4,0,0,0
1.364,0.072,238.45,5.6,1,0,18
5.076,0.070,235.93,21.8,0,64,17
4.768,0.118,235.64,20.2,1,36,18
1.454,0.086,241.14,6.0,0,0,19
1.364,0.094,240.38,5.6,0,0,18
0.350,0.104,245.97,1.4,0,0,0
0.238,0.070,241.02,1.0,0,0,1
0.530,0.092,236.60,2.2,0,1,0
0.214,0.054,239.17,1.0,0,0,0
1.184,0.066,237.93,5.0,0,0,18
0.558,0.154,236.22,2.6,0,1,0
0.262,0.050,246.87,1.0,0,0,1
1.206,0.106,234.20,5.0,0,0,17
0.324,0.116,246.21,1.4,0,0,1
1.936,0.722,243.33,8.8,0,1,1
0.400,0.186,243.30,1.8,0,0,0
0.220,0.000,242.93,0.8,0,0,0
0.154,0.000,240.05,0.6,0,0,1
0.352,0.124,241.89,1.6,0,0,0
0.472,0.090,239.74,2.0,0,2,1
0.222,0.000,242.79,1.0,0,0,0
1.916,0.000,236.48,8.0,0,0,0
0.386,0.210,240.32,1.8,0,0,0
0.348,0.208,236.37,1.8,0,2,0
1.548,0.088,239.66,6.4,0,0,17
0.448,0.226,245.31,2.0,0,1,0
0.110,0.000,238.30,0.4,0,0,0
0.332,0.090,245.03,1.4,0,1,0
0.396,0.000,245.67,1.6,0,0,0
0.478,0.224,241.88,2.2,0,2,0
4.378,0.070,235.06,18.6,37,2,0
0.360,0.078,241.18,1.6,0,0,1
0.974,0.156,238.87,4.4,0,0,0
1.494,0.126,239.92,6.2,0,0,0
3.760,0.000,236.95,15.8,37,0,0
2.154,0.062,241.14,9.0,0,0,26
0.242,0.092,238.09,1.2,0,0,0
0.310,0.222,241.75,1.6,0,0,1
0.366,0.204,244.53,1.6,0,1,0
2.604,0.104,240.34,10.8,0,0,18
2.618,0.000,236.80,11.0,0,2,0
0.346,0.194,247.37,1.6,0,1,0
1.778,0.362,241.77,7.8,0,0,0
0.378,0.074,247.81,1.6,0,1,0
4.862,0.414,241.41,20.2,39,0,0
0.114,0.000,241.88,0.4,0,0,0
0.176,0.154,241.64,0.8,0,0,1
2.302,0.000,240.52,9.4,0,0,0
0.400,0.076,241.14,1.6,0,1,0
1.262,0.000,237.63,5.2,0,0,17
0.252,0.272,240.56,1.4,0,1,1
0.174,0.000,241.00,0.8,0,0,1
0.252,0.124,241.16,1.2,0,2,0
0.294,0.114,242.80,1.2,0,1,0
0.174,0.144,237.77,0.8,0,0,1
0.514,0.252,247.63,2.2,0,1,1
1.330,0.000,240.60,5.4,0,0,18
0.386,0.290,241.03,2.0,0,0,1
0.346,0.084,246.03,1.4,0,0,0
1.260,0.120,240.45,5.2,0,0,17
0.214,0.094,240.64,1.0,0,0,0
2.084,0.088,239.53,8.6,0,0,0
0.452,0.264,241.03,2.2,0,1,1
0.504,0.422,247.93,2.6,0,2,1
0.238,0.070,240.02,1.0,0,0,1
2.170,0.342,238.36,9.4,0,5,0
0.414,0.206,244.08,1.8,0,0,0
3.610,0.058,243.32,14.8,1,18,19
0.240,0.088,238.90,1.0,0,0,0
1.560,0.144,238.58,7.0,0,18,1
0.176,0.000,242.05,0.8,0,1,1
0.286,0.084,242.25,1.2,0,1,0
0.178,0.154,241.43,0.8,0,0,1
0.426,0.322,241.72,2.2,0,2,1
0.152,0.000,243.17,0.6,0,0,1
1.362,0.180,236.22,5.8,0,1,0
3.860,0.134,237.66,16.2,0,37,18
0.378,0.224,243.02,1.8,0,1,0
0.424,0.138,241.30,1.8,0,0,0
0.352,0.058,241.22,1.6,0,0,1
0.340,0.242,241.06,1.6,0,1,1
3.240,0.326,242.72,13.4,0,39,1
0.162,0.000,243.84,0.6,0,0,0
0.256,0.000,241.22,1.0,0,0,1
2.400,0.116,240.05,10.0,0,0,18
1.362,0.054,241.52,5.6,0,0,18
0.306,0.110,242.04,1.2,0,0,0
2.904,0.328,239.68,12.2,0,0,29
0.322,0.000,239.52,1.6,0,0,1
2.770,0.056,236.47,11.8,0,0,18
0.362,0.320,242.99,2.0,0,2,1
2.110,0.000,239.62,8.8,0,0,18
2.610,0.242,239.05,10.8,0,37,0
1.752,0.150,235.14,7.4,0,0,17
2.290,0.350,234.17,10.8,14,2,18
1.432,0.152,240.65,6.0,0,1,18
0.318,0.100,241.78,1.4,0,0,0
0.276,0.078,240.78,1.4,0,0,1
0.306,0.232,239.79,1.6,0,0,0
0.324,0.154,241.84,1.6,0,0,0
1.430,0.000,242.95,5.8,0,0,18
0.306,0.068,245.72,1.2,0,0,0
0.486,0.320,241.14,2.4,0,1,0
0.636,0.234,240.06,2.8,0,1,0
0.376,0.234,241.74,1.8,0,0,1
1.344,0.052,237.86,5.6,0,0,18
0.384,0.074,244.06,1.6,0,2,0
1.664,0.152,242.74,6.8,0,1,18
0.382,0.346,240.16,2.0,0,1,0
1.538,0.100,242.69,6.2,0,0,18
6.692,0.110,235.73,28.4,0,73,18
0.412,0.000,242.60,1.6,0,0,0
0.238,0.104,239.15,1.0,0,2,1
0.428,0.204,244.12,2.0,0,0,0
2.310,0.000,238.34,9.6,0,0,18
1.936,0.066,234.30,8.2,0,0,18
2.984,0.434,237.97,12.6,0,2,17
0.572,0.116,240.61,2.6,0,0,0
0.216,0.000,238.76,1.0,0,0,0
2.474,0.000,236.74,10.4,0,0,17
2.312,0.058,240.28,9.6,0,0,18
0.364,0.176,234.94,1.8,0,0,0
2.604,0.160,235.49,11.4,36,0,0
0.322,0.106,245.65,1.4,0,0,1
0.334,0.100,243.98,1.4,0,0,1
2.548,0.184,237.04,10.8,0,0,24
0.380,0.352,242.48,2.0,0,1,0
0.592,0.384,241.38,2.8,0,1,1
1.000,0.000,240.83,4.2,0,3,0
1.098,0.088,241.28,4.6,0,0,1
0.412,0.204,243.91,1.8,0,1,1
1.008,0.074,244.23,4.2,0,2,0
0.590,0.228,237.47,2.6,0,1,0
1.436,0.164,233.28,6.2,0,1,16
0.376,0.104,243.38,1.6,0,0,0
0.254,0.134,242.04,1.2,0,0,0
0.652,0.190,240.49,3.2,1,0,4
1.868,0.000,234.08,8.0,0,0,29
1.428,0.208,240.17,6.0,0,0,18
1.510,0.212,240.93,6.2,0,1,18
1.874,0.068,240.74,7.8,0,0,18
0.234,0.084,241.54,1.0,0,0,1
0.406,0.242,241.29,1.8,0,1,0
0.832,0.086,235.51,3.4,0,0,0
0.862,0.156,240.55,3.6,0,0,11
0.240,0.122,243.27,1.0,0,1,1
1.182,0.000,239.41,4.8,0,0,18
2.338,0.182,239.22,9.8,0,1,0
0.242,0.000,236.07,1.0,0,0,0
2.906,0.298,240.44,12.6,19,0,19
1.724,0.188,239.36,7.2,0,0,0
1.260,0.090,238.61,5.2,0,0,18
0.386,0.198,243.81,1.8,0,1,1
0.362,0.320,242.21,2.0,0,0,1
0.136,0.000,240.21,0.6,0,0,1
0.278,0.054,242.28,1.2,0,1,0
1.426,0.140,244.31,5.8,0,1,1
0.370,0.112,247.09,1.6,0,0,0
1.226,0.224,240.56,5.2,0,1,0
1.224,0.000,240.77,5.0,0,0,18
1.338,0.000,239.07,5.6,0,0,19
0.368,0.082,240.17,1.6,0,1,0
1.744,0.052,240.41,7.2,2,2,19
0.516,0.216,240.90,2.4,0,0,1
2.600,0.000,234.61,11.0,0,0,17
0.182,0.090,237.21,0.8,0,1,0
0.518,0.238,237.36,2.6,0,2,1
1.846,0.090,235.08,7.8,0,0,17
0.244,0.000,245.01,1.0,0,0,0
0.304,0.076,238.84,1.2,0,0,0
1.522,0.000,242.25,7.0,0,23,0
1.304,0.080,239.03,5.4,0,1,0
1.534,0.198,245.19,6.2,0,2,18
0.206,0.052,243.58,0.8,0,0,0
0.250,0.000,240.93,1.2,0,0,1
4.302,0.378,243.53,17.6,1,44,18
0.284,0.182,239.11,1.4,0,1,0
1.636,0.192,240.14,6.8,0,1,18
0.520,0.000,242.48,3.0,0,0,5
1.310,0.070,232.85,5.6,0,0,17
0.122,0.000,239.69,0.6,0,0,0
0.314,0.102,238.01,1.4,0,0,0
0.346,0.086,241.82,1.4,0,0,1
5.170,0.388,236.38,21.8,43,0,18
4.522,0.000,236.68,19.0,37,0,18
3.910,0.078,241.39,17.2,0,0,17
1.716,0.350,241.61,7.2,0,2,18
0.390,0.366,242.58,2.2,0,1,1
1.292,0.098,240.02,5.4,0,0,18
0.182,0.114,240.59,0.8,0,1,0
0.228,0.120,242.17,1.0,0,0,0
1.546,0.192,241.09,6.4,1,2,18
0.212,0.048,244.29,0.8,0,0,0
0.138,0.000,241.82,0.6,0,0,0
0.212,0.108,232.09,1.2,0,0,0
0.148,0.000,243.65,0.6,0,0,0
1.602,0.000,244.22,6.6,0,0,19
0.254,0.000,242.01,1.2,0,0,0
1.352,0.212,239.02,5.6,0,0,18
0.272,0.074,239.64,1.2,0,1,0
1.016,0.264,240.86,4.4,0,1,11
1.678,0.196,237.78,7.0,0,1,18
1.798,0.054,241.61,7.4,0,0,18
0.430,0.360,238.22,2.4,0,2,1
0.356,0.216,241.37,1.8,0,0,0
0.324,0.116,244.97,1.4,0,0,0
0.218,0.000,241.40,0.8,0,0,0
0.106,0.000,237.47,0.4,0,0,0
0.314,0.208,240.69,1.6,0,2,1
0.304,0.066,242.17,1.2,0,0,1
1.468,0.112,244.58,6.0,0,0,19
0.562,0.234,240.05,2.8,0,2,1
5.474,0.490,236.74,23.4,32,0,17
2.554,0.074,240.18,10.8,0,0,0
0.192,0.000,244.87,0.8,0,0,1
0.432,0.238,246.14,2.0,0,0,0
0.528,0.218,243.39,2.2,0,0,0
0.350,0.190,244.16,1.6,0,0,1
0.362,0.120,241.74,1.6,0,0,0
2.860,0.000,239.79,11.8,0,6,17
1.442,0.068,240.03,6.0,0,0,18
1.496,0.182,230.36,6.6,0,0,16
1.656,0.158,228.19,7.2,0,1,0
1.792,0.168,240.68,7.4,0,0,0
2.762,0.130,240.26,11.4,0,39,0
0.934,0.254,240.41,4.0,0,0,12
1.424,0.000,244.13,5.8,0,0,19
0.394,0.216,247.46,1.8,0,0,0
2.908,0.212,236.44,12.2,0,0,18
1.448,0.000,239.05,6.0,0,0,18
0.378,0.142,242.33,1.8,0,0,0
1.370,0.076,241.05,5.6,0,1,18
0.144,0.000,234.39,0.6,0,0,0
4.336,0.066,238.81,18.2,38,1,18
1.456,0.172,237.68,6.0,0,1,17
1.446,0.082,235.53,6.2,0,0,17
0.410,0.260,234.87,2.0,0,0,0
2.560,0.054,239.90,10.6,38,0,0
0.164,0.000,243.39,0.8,0,0,0
2.116,0.126,240.29,8.8,0,1,18
0.468,0.132,241.64,2.0,1,0,1
0.206,0.096,233.96,1.0,0,1,0
0.550,0.110,243.96,2.2,0,0,1
2.402,0.000,240.97,9.8,0,0,0
0.140,0.000,244.17,0.6,0,0,0
0.734,0.102,244.53,3.0,1,0,0
1.606,0.102,233.48,6.8,2,0,16
1.490,0.214,239.75,6.2,1,1,18
3.996,0.162,240.96,16.6,38,0,17
4.700,0.394,236.22,19.8,38,0,0
0.370,0.048,239.31,1.6,1,0,1
3.076,0.166,235.41,13.0,0,0,17
2.758,0.156,236.82,11.8,0,25,18
1.682,0.000,238.27,7.0,0,0,19
2.052,0.134,241.61,9.2,0,29,0
1.894,0.172,239.31,7.8,0,2,18
0.162,0.000,244.02,0.6,0,0,1
1.802,0.202,240.15,7.4,0,2,18
0.306,0.102,242.17,1.4,0,1,0
0.412,0.174,239.80,1.8,0,1,1
2.872,0.434,238.79,12.0,38,0,1
1.356,0.000,241.13,5.6,0,0,18
0.282,0.236,244.29,1.4,0,1,1
0.254,0.112,237.83,1.2,0,0,0
1.442,0.064,238.68,6.0,0,1,17
1.148,0.000,233.31,4.8,0,0,16
3.688,0.110,244.57,16.4,19,1,19
0.680,0.000,240.35,2.8,0,0,0
0.278,0.000,236.77,1.2,0,0,0
0.350,0.148,246.46,1.4,0,0,1
0.284,0.000,242.98,1.2,0,0,1
0.244,0.110,241.59,1.0,0,1,1
2.130,0.046,238.54,8.8,0,0,17
1.504,0.000,239.80,6.4,0,0,0
2.652,0.114,238.76,11.0,0,0,18
0.340,0.240,240.55,1.6,0,2,0
2.084,0.104,240.20,8.6,2,0,18
1.382,0.174,234.38,6.0,0,1,13
0.308,0.000,243.37,1.2,0,0,1
1.300,0.100,244.25,5.2,0,0,0
1.380,0.000,239.58,5.6,0,0,17
3.544,0.062,238.52,14.8,37,0,18
0.336,0.056,243.38,1.4,0,0,0
0.256,0.000,243.72,1.0,0,0,0
0.620,0.258,242.17,2.8,0,1,1
1.950,0.248,241.32,8.0,0,0,18
0.452,0.216,241.38,2.0,0,2,1
1.504,0.094,238.76,6.2,0,3,18
0.654,0.196,240.28,2.8,0,1,0
0.294,0.000,242.89,1.2,0,0,1
0.714,0.222,240.67,3.2,0,1,0
0.154,0.000,241.98,0.6,0,0,0
0.394,0.094,241.57,1.8,0,0,0
0.100,0.000,234.63,0.4,0,0,0
0.176,0.142,236.67,0.8,0,0,1
0.442,0.102,245.30,1.8,0,0,0
0.082,0.000,242.44,0.2,0,0,1
0.276,0.252,240.45,1.6,0,0,1
0.554,0.000,243.44,2.4,0,0,0
0.230,0.098,238.98,1.0,0,0,0
1.334,0.046,240.12,5.6,0,0,0
0.240,0.112,238.21,1.0,0,2,0
0.328,0.106,241.06,1.4,0,1,0
1.420,0.106,243.59,5.8,0,0,18
0.564,0.090,243.13,2.2,0,0,0
2.790,0.000,236.11,11.8,0,0,0
1.732,0.090,238.59,7.2,0,0,18
0.336,0.072,238.64,1.4,0,0,1
0.248,0.248,238.61,1.4,0,0,0
0.116,0.000,240.69,0.6,0,0,0
1.518,0.142,234.32,6.4,0,0,0
1.820,0.210,241.65,7.6,0,1,18
1.456,0.070,242.18,6.0,0,1,18
0.826,0.218,238.08,3.6,0,0,12
1.402,0.100,242.33,5.8,0,0,18
3.226,0.082,244.60,13.8,0,29,19
0.106,0.000,237.33,0.4,0,0,0
1.470,0.122,246.45,6.0,0,0,20
0.302,0.080,237.44,1.2,0,0,0
2.710,0.000,243.82,11.0,0,38,0
0.300,0.086,241.21,1.2,0,0,1
1.420,0.212,241.92,5.8,0,0,19
0.336,0.214,241.66,1.6,0,1,0
0.320,0.084,240.32,1.4,0,0,0
1.380,0.000,243.39,5.6,0,0,19
0.218,0.000,241.74,0.8,0,0,0
0.176,0.150,240.01,0.8,0,0,1
0.332,0.232,239.22,1.6,0,1,1
1.494,0.224,240.03,6.2,0,1,19
0.220,0.108,240.78,1.0,0,1,1
0.334,0.140,243.51,1.4,0,0,0
0.284,0.106,234.79,1.2,1,0,0
0.346,0.142,241.99,1.6,0,0,0
0.512,0.308,243.83,2.4,0,1,1
0.354,0.274,226.79,2.0,0,1,0
0.398,0.056,239.16,1.6,0,0,0
1.824,0.532,243.29,7.8,0,1,18
1.602,0.046,242.73,6.6,0,0,18
0.246,0.000,232.12,1.2,0,0,0
0.320,0.074,241.13,1.4,0,0,1
0.980,0.284,241.67,4.4,0,5,3
2.154,0.164,239.31,9.0,0,1,1
0.252,0.268,239.32,1.4,0,1,1
1.442,0.282,238.53,6.0,0,18,1
2.226,0.138,238.45,9.4,0,0,18
0.486,0.170,237.38,2.2,0,2,0
0.318,0.126,250.46,1.4,0,0,0
0.276,0.000,245.33,1.0,0,0,1
0.436,0.242,239.46,2.0,0,0,0
0.926,0.110,240.76,3.8,0,0,0
1.482,0.000,240.68,6.2,0,0,17
0.252,0.000,247.60,1.0,0,0,1
0.408,0.162,241.20,2.0,0,0,1
0.358,0.116,243.44,1.4,0,0,1
0.204,0.086,243.74,0.8,0,0,0
3.278,0.070,242.28,13.8,0,27,18
0.200,0.092,235.08,1.0,0,0,0
0.328,0.076,240.23,1.4,0,0,1
0.296,0.100,239.06,1.2,0,0,0
1.226,0.050,241.69,5.0,0,0,18
0.394,0.080,240.02,1.8,0,3,0
0.240,0.050,244.89,1.0,0,0,0
2.368,0.124,234.92,10.2,0,34,0
0.716,0.000,244.66,3.0,0,0,0
0.232,0.136,239.78,1.0,0,1,1
2.596,0.128,239.16,10.8,0,0,18
0.280,0.000,242.08,1.4,0,0,0
0.284,0.120,239.40,1.4,0,0,0
0.780,0.064,244.82,3.2,0,1,0
0.220,0.000,240.47,1.0,0,0,0
0.126,0.000,236.39,0.6,0,0,0
0.308,0.100,239.77,1.4,0,0,0
1.420,0.104,241.83,5.8,0,0,19
1.432,0.186,239.23,6.0,0,1,18
1.380,0.094,240.84,5.6,0,1,1
1.660,0.082,238.55,7.0,0,0,18
0.322,0.108,247.05,1.4,0,0,0
0.294,0.082,242.95,1.2,0,0,0
3.984,0.254,239.21,16.6,0,38,17
1.604,0.000,242.79,6.6,1,0,1
0.172,0.146,238.42,0.8,0,0,1
2.140,0.224,238.05,9.0,0,2,18
0.220,0.126,239.41,1.0,0,0,0
1.384,0.058,237.21,5.8,1,0,18
1.392,0.048,244.09,5.6,0,0,19
3.564,0.182,233.15,15.2,0,34,18
0.568,0.218,247.50,2.4,0,2,0
1.316,0.000,241.43,5.4,0,0,18
1.492,0.076,245.38,6.0,0,0,18
0.162,0.000,242.51,0.8,0,0,0
0.490,0.322,240.69,2.4,0,2,1
3.240,0.254,243.85,13.4,0,23,19
0.520,0.320,243.28,2.4,0,1,1
0.318,0.112,245.59,1.4,0,1,0
1.796,0.258,240.55,7.4,0,0,11
3.614,0.086,238.15,15.0,0,38,17
0.224,0.000,241.49,1.0,0,0,0
0.372,0.152,245.90,1.8,0,0,0
0.580,0.162,243.06,2.4,0,0,1
0.304,0.232,240.46,1.6,0,1,1
0.266,0.072,240.73,1.2,0,0,1
2.230,0.074,238.73,9.4,1,0,18
0.314,0.126,243.11,1.4,0,1,0
0.284,0.102,239.67,1.2,0,1,0
1.304,0.048,245.75,5.2,0,0,0
0.428,0.064,242.55,1.8,0,0,1
1.358,0.000,242.21,5.6,0,0,19
3.766,0.000,234.37,16.0,37,0,18
0.346,0.062,236.49,1.6,0,2,0
1.596,0.222,243.48,6.6,1,1,19
1.366,0.090,238.59,5.6,0,2,18
0.216,0.102,234.11,1.0,0,0,0
0.342,0.252,241.18,1.8,0,0,0
0.354,0.090,245.81,1.4,0,1,1
0.380,0.100,243.93,1.6,0,0,0
0.564,0.280,239.28,2.6,0,1,0
2.848,0.148,239.84,11.8,0,0,29
2.206,0.000,236.32,9.2,0,0,0
1.216,0.000,241.34,7.4,0,0,0
1.850,0.296,237.58,7.8,0,1,17
0.108,0.000,242.38,0.4,0,0,0
0.160,0.138,240.44,0.8,0,1,1
0.506,0.068,241.90,2.6,0,0,6
0.330,0.058,245.15,1.4,0,0,0
0.302,0.110,242.96,1.2,0,0,0
2.300,0.386,242.32,9.6,0,2,28
0.228,0.136,243.12,1.0,0,2,0
0.280,0.136,239.69,1.6,0,0,0
1.804,0.000,241.48,7.4,2,0,18
0.162,0.000,242.59,0.8,0,0,1
1.158,0.000,234.65,4.8,0,0,16
0.308,0.054,242.32,1.2,0,1,0
0.364,0.340,241.27,2.0,0,1,0
1.494,0.078,243.17,6.2,0,0,1
1.406,0.182,240.25,5.8,0,0,18
0.396,0.054,245.36,1.8,0,0,0
0.286,0.220,240.50,1.4,0,2,1
0.314,0.126,245.34,1.4,0,1,0
0.976,0.260,240.95,4.2,0,0,11
1.092,0.000,241.84,4.4,0,0,0
0.236,0.122,241.96,1.0,0,1,1
0.390,0.116,249.47,1.6,0,0,0
0.402,0.074,245.46,1.8,0,0,0
2.128,0.146,236.86,9.0,0,1,18
0.250,0.076,241.99,1.0,0,1,0
1.548,0.054,238.82,6.8,1,0,17
1.272,0.000,232.79,5.4,0,1,17
0.248,0.000,244.27,1.0,0,0,0
2.392,0.048,241.04,9.8,0,0,1
1.378,0.056,238.58,5.8,2,0,18
1.380,0.100,233.50,5.8,0,0,18
0.296,0.000,245.31,1.4,0,0,0
0.502,0.192,241.67,2.2,0,0,0
0.480,0.082,241.22,2.0,0,1,0
1.850,0.176,243.25,7.6,0,2,18
0.584,0.218,245.49,2.4,0,0,1
4.596,0.302,238.62,19.2,1,37,0
1.894,0.066,240.66,7.8,0,0,18
0.832,0.146,242.70,3.4,0,0,13
6.260,0.422,237.37,26.6,0,27,18
2.994,0.190,238.67,12.4,0,42,1
0.482,0.062,245.18,2.0,0,0,0
0.178,0.090,233.84,0.8,0,0,0
0.320,0.084,249.96,1.2,0,0,1
1.394,0.078,238.55,5.8,0,0,18
0.278,0.000,241.95,1.2,0,1,0
0.978,0.166,237.89,4.2,0,0,0
0.238,0.000,235.75,1.0,0,0,1
0.192,0.100,241.97,0.8,0,1,0
1.382,0.124,238.66,5.8,0,1,17
0.398,0.184,243.74,1.8,0,0,0
2.536,0.122,239.27,10.6,0,0,17
2.870,0.000,243.53,11.8,0,0,19
0.250,0.000,242.31,1.0,0,0,0
0.166,0.000,235.26,1.0,0,0,0
1.222,0.050,234.79,5.2,0,0,17
2.110,0.000,237.02,9.0,0,1,18
0.254,0.116,240.12,1.2,0,0,1
0.158,0.000,242.29,0.6,0,0,1
0.226,0.104,235.38,1.0,0,0,0
3.970,0.204,237.50,16.8,0,0,0
0.222,0.000,241.37,1.0,0,0,0
0.306,0.066,245.43,1.2,0,0,0
0.356,0.080,245.29,1.4,0,2,0
0.398,0.250,244.49,1.8,0,2,0
0.402,0.244,241.61,1.8,0,1,0
1.324,0.072,237.59,5.6,0,0,17
2.030,0.078,236.78,8.6,0,0,17
0.232,0.120,236.34,1.2,0,0,0
0.216,0.068,240.55,1.0,0,0,0
1.382,0.220,239.20,5.8,0,1,17
0.360,0.142,246.13,1.6,0,0,0
1.454,0.064,243.60,5.8,0,0,19
0.232,0.142,243.32,1.0,0,0,0
0.236,0.092,242.28,1.0,0,0,1
0.178,0.084,239.63,1.0,0,1,0
1.392,0.096,241.97,5.6,0,0,17
0.588,0.074,240.22,2.4,0,0,0
0.424,0.182,234.71,2.0,0,1,1
0.210,0.000,245.62,0.8,0,0,0
1.218,0.048,233.21,5.2,0,0,17
0.560,0.248,238.23,2.6,1,4,0
2.366,0.128,239.74,9.8,0,0,28
0.644,0.090,239.41,2.6,0,0,0
0.208,0.000,241.69,1.0,0,0,1
0.836,0.056,236.88,3.4,0,0,1
0.206,0.108,243.01,1.0,0,1,0
1.482,0.182,239.56,6.2,0,0,18
0.226,0.122,242.87,1.0,0,0,1
0.102,0.000,234.46,0.4,0,0,0
0.228,0.054,244.96,1.0,0,0,0
0.368,0.338,238.76,2.0,0,1,0
1.470,0.112,244.29,6.0,0,1,19
0.336,0.230,238.94,1.6,0,1,1
0.418,0.228,243.33,1.8,0,1,0
2.278,0.146,241.66,9.4,0,0,29
1.232,0.000,239.45,5.0,0,0,18
0.972,0.116,239.39,4.0,0,0,12
0.682,0.082,240.08,2.8,0,1,0
0.316,0.122,242.30,1.4,0,0,0
1.970,0.172,240.96,8.2,0,0,1
1.828,0.212,243.19,7.4,0,0,18
0.246,0.000,241.11,1.0,1,0,1
0.316,0.092,248.78,1.2,0,0,1
1.554,0.000,237.08,6.4,0,0,17
0.308,0.084,240.21,1.4,0,0,1
0.346,0.058,244.43,1.4,0,0,0
1.290,0.224,239.08,5.4,0,0,1
0.392,0.162,242.70,1.6,0,1,1
2.868,0.308,237.53,12.2,0,25,18
4.668,0.212,235.33,20.0,36,2,18
0.434,0.324,242.66,2.2,0,1,1
1.412,0.088,241.55,5.8,0,0,18
0.156,0.000,240.73,0.6,0,0,0
0.416,0.288,240.89,2.0,0,0,0
0.316,0.060,239.51,1.2,0,1,1
2.006,0.000,240.41,8.4,0,0,0
5.682,0.000,241.92,23.4,39,0,18
1.466,0.106,240.43,6.2,0,0,17
1.856,0.150,244.56,7.6,0,0,23
4.940,0.438,242.33,20.8,30,0,18
0.338,0.072,241.81,1.4,0,0,0
1.248,0.058,243.23,5.2,0,2,1
1.298,0.000,241.35,5.2,0,0,19
1.416,0.072,245.37,5.6,0,0,19
1.350,0.000,240.92,5.6,0,0,17
1.370,0.064,242.73,5.6,0,0,18
0.290,0.052,235.46,1.2,0,0,0
2.458,0.000,234.52,10.4,0,0,17
0.418,0.120,243.83,1.8,0,0,0
2.092,0.274,239.12,9.0,0,1,7
0.354,0.058,246.16,1.4,0,0,0
0.250,0.138,240.86,1.2,0,0,1
0.246,0.136,241.77,1.2,0,0,1
4.660,0.000,235.42,20.2,25,0,17
1.294,0.046,238.96,5.4,0,0,18
2.344,0.084,238.42,9.8,0,0,17
0.372,0.244,242.08,1.8,1,1,0
0.268,0.078,241.02,1.2,0,0,0
0.406,0.220,241.32,1.8,0,2,0
0.270,0.050,244.43,1.2,0,0,0
3.638,0.626,241.77,15.4,1,0,19
4.854,0.384,232.05,21.4,17,36,0
1.506,0.170,239.53,6.2,0,0,18
1.370,0.182,247.32,7.0,0,0,0
0.390,0.202,242.64,1.8,0,0,0
0.986,0.390,249.57,4.2,0,2,10
2.012,0.110,242.09,8.2,0,0,18
2.558,0.146,232.21,11.0,0,1,17
0.284,0.074,243.10,1.2,0,0,1
3.480,0.292,234.65,14.8,0,36,12
1.382,0.000,243.15,5.6,0,0,19
1.824,0.068,241.00,7.6,0,1,18
0.276,0.000,243.88,1.2,0,0,0
1.300,0.098,237.14,5.4,0,0,18
0.324,0.204,241.21,1.6,0,1,0
2.482,0.362,236.56,10.6,0,5,17
0.416,0.246,246.29,1.8,0,2,0
1.624,0.000,238.98,6.8,0,0,19
0.586,0.310,240.71,2.8,0,1,1
1.472,0.104,237.99,6.2,1,0,18
0.936,0.090,240.57,4.0,0,0,0
0.330,0.266,242.59,1.6,0,1,1
1.454,0.102,239.02,6.0,0,0,18
0.332,0.000,245.12,1.4,0,0,0
0.268,0.000,240.18,1.0,0,0,1
0.212,0.000,240.41,0.8,0,0,0
1.660,0.056,239.73,6.8,0,0,1
3.626,0.000,236.17,15.2,38,1,17
1.246,0.098,237.12,5.2,0,2,17
0.132,0.000,241.30,0.6,0,0,0
0.886,0.068,239.44,3.6,0,0,12
0.246,0.066,238.18,1.0,0,0,1
3.332,0.364,236.90,14.2,0,18,29
1.556,0.100,239.59,6.4,0,0,17
0.186,0.060,240.33,0.8,0,0,0
0.224,0.000,248.16,0.8,0,0,0
2.054,0.202,242.57,8.6,0,0,18
0.216,0.000,240.58,0.8,0,0,0
1.626,0.170,239.03,6.8,0,0,17
1.774,0.126,237.49,7.4,0,2,17
1.646,0.050,246.29,6.6,0,0,19
0.234,0.126,240.49,1.0,0,0,0
0.900,0.268,240.18,3.8,0,0,11
0.534,0.256,240.48,2.4,0,0,1
0.378,0.214,241.59,1.8,0,0,0
1.554,0.316,240.18,6.6,0,1,18
1.584,0.314,241.03,6.6,0,1,18
0.496,0.322,241.51,2.4,0,1,1
2.018,0.276,240.40,8.4,0,0,29
0.358,0.088,242.36,1.4,0,0,0
0.350,0.106,241.35,1.4,0,1,1
2.818,0.106,233.98,12.0,0,35,0
0.844,0.218,241.68,3.6,0,2,1
1.630,0.000,241.81,6.6,0,0,19
0.220,0.052,245.87,1.0,0,0,0
0.080,0.000,239.42,0.2,0,0,0
1.420,0.000,244.92,5.8,0,0,18
0.254,0.000,240.75,1.0,0,0,0
0.274,0.000,245.23,1.2,0,0,0
2.106,0.296,239.28,8.8,1,2,18
0.288,0.076,242.88,1.2,0,0,1
1.800,0.066,240.27,7.4,0,0,18
0.206,0.052,242.30,0.8,0,0,0
0.508,0.088,239.96,2.6,0,0,8
0.320,0.116,246.86,1.4,0,0,0
1.164,0.000,236.19,4.8,0,0,18
0.322,0.048,243.20,1.4,0,0,0
0.324,0.266,242.20,1.6,0,1,1
0.672,0.134,238.31,3.0,0,0,1
1.452,0.098,239.01,6.0,0,0,18
1.724,0.000,242.82,7.0,0,0,18
0.318,0.208,239.61,1.6,0,0,1
1.394,0.048,239.00,5.8,2,0,17
1.934,0.368,234.48,8.4,0,0,17
0.926,0.098,240.44,4.0,0,0,0
4.508,0.110,235.01,19.2,1,0,0
0.230,0.000,243.20,1.0,0,0,0
2.948,0.304,238.64,12.4,0,1,17
2.274,0.370,237.66,9.6,0,0,29
0.284,0.236,240.55,1.4,0,0,0
0.498,0.120,242.14,2.2,0,0,0
0.364,0.110,242.88,1.6,0,0,0
1.304,0.000,242.58,5.4,0,0,18
0.314,0.000,240.06,1.4,0,0,0
0.198,0.000,241.68,0.8,0,0,1
1.764,0.300,235.21,7.6,1,0,17
1.444,0.090,241.42,6.0,0,0,17
1.378,0.110,239.75,5.8,0,0,18
1.458,0.100,244.37,6.0,0,0,19
1.656,0.000,240.72,6.8,1,0,18
1.352,0.000,233.85,5.8,0,0,18
0.328,0.220,239.97,1.6,0,0,0
1.528,0.046,242.40,6.4,0,0,18
0.292,0.078,237.60,1.2,0,0,0
0.948,0.356,238.77,4.2,0,1,12
0.344,0.092,241.24,1.4,0,0,1
0.396,0.128,242.00,1.8,0,2,1
0.410,0.368,242.44,2.2,0,2,1
1.032,0.000,241.20,4.2,0,0,0
1.342,0.098,241.57,5.6,0,1,18
0.692,0.000,242.11,2.8,0,0,0
0.298,0.062,240.46,1.2,0,0,1
0.326,0.126,243.62,1.4,0,1,0
1.474,0.180,237.85,6.2,0,1,0
2.036,0.094,234.87,8.6,0,0,0
1.658,0.100,236.85,7.0,1,0,0
4.574,0.446,241.08,19.0,0,1,18
0.750,0.060,240.75,3.0,0,0,1
0.386,0.114,243.28,1.6,0,0,0
0.416,0.216,246.00,1.8,0,1,1
0.316,0.100,246.81,1.4,0,0,0
0.210,0.158,241.72,1.0,0,0,0
2.268,0.152,240.79,9.4,0,0,0
1.700,0.266,238.38,7.2,0,2,18
0.196,0.084,232.39,0.8,0,1,0
0.164,0.000,244.56,0.8,0,0,1
0.532,0.234,241.73,2.4,0,0,1
1.690,0.000,244.89,6.8,0,0,19
2.328,0.090,242.62,9.6,0,0,18
1.510,0.416,238.60,6.6,0,0,12
1.352,0.000,238.53,5.6,0,0,0
0.482,0.200,238.10,2.2,0,1,1
0.080,0.000,239.37,0.2,0,0,1
0.244,0.110,241.19,1.0,0,2,1
0.250,0.128,240.32,1.2,0,0,1
0.268,0.106,243.15,1.2,0,0,0
1.492,0.064,240.66,6.2,0,0,1
1.150,0.000,236.10,4.8,0,0,17
0.828,0.190,236.20,3.6,0,1,0
0.814,0.000,239.20,3.4,0,0,0
0.162,0.104,240.83,0.8,0,1,0
0.104,0.000,238.56,0.4,0,0,0
0.414,0.240,242.79,1.8,0,1,1
0.294,0.102,239.97,1.2,0,1,0
4.786,0.188,235.27,20.8,0,33,17
0.282,0.116,240.87,1.2,0,0,0
0.594,0.298,243.54,2.8,0,0,1
0.234,0.136,241.66,1.0,0,0,1
1.590,0.264,243.09,6.6,0,1,18
2.502,0.000,240.74,10.4,0,0,19
0.408,0.200,241.14,1.8,0,0,0
0.658,0.056,238.53,2.8,1,0,0
2.346,0.146,236.60,9.8,0,0,0
0.898,0.330,240.35,4.0,0,0,12
4.982,0.000,236.12,21.0,38,0,17
1.078,0.118,238.12,4.6,0,0,0
1.700,0.076,241.96,7.0,0,0,19
0.236,0.140,241.88,1.2,0,0,0
2.248,0.260,239.97,9.4,0,0,17
1.098,0.084,239.28,6.2,13,2,1
0.222,0.000,244.95,1.0,0,0,0
0.270,0.090,239.06,1.2,0,0,0
0.314,0.000,242.40,1.2,0,0,0
0.358,0.358,241.23,2.0,0,2,0
0.176,0.148,239.84,0.8,0,0,1
0.156,0.000,241.74,0.6,0,0,1
0.146,0.056,240.42,0.6,0,0,1
1.392,0.228,242.14,5.8,0,1,19
0.558,0.350,231.74,2.8,1,0,0
0.360,0.078,241.18,1.6,0,0,1
0.224,0.000,244.42,1.0,0,0,0
0.262,0.160,245.67,1.2,0,0,0
0.286,0.060,247.22,1.2,0,0,0
0.350,0.102,246.48,1.4,0,0,0
0.226,0.118,243.49,1.0,0,0,1
0.286,0.078,245.50,1.2,0,0,0
0.498,0.156,243.45,2.0,0,0,0
0.824,0.344,244.19,3.6,0,0,0
0.194,0.000,242.44,1.0,0,0,1
0.330,0.170,245.84,1.4,0,0,0
0.240,0.000,245.02,1.0,0,0,0
0.328,0.046,242.12,1.4,0,0,1
0.424,0.364,243.53,2.2,0,1,1
0.300,0.114,244.33,1.4,0,0,1
0.328,0.116,243.96,1.4,0,1,0
0.904,0.212,241.96,3.8,0,0,0
2.138,0.202,239.67,9.0,0,0,1
2.262,0.084,239.42,9.4,0,0,17
1.414,0.224,240.31,5.8,0,2,18
0.380,0.338,240.56,2.0,0,1,1
0.380,0.000,245.13,1.6,0,0,0
0.406,0.132,245.52,1.8,0,0,0
1.450,0.074,237.65,6.2,0,0,17
1.250,0.090,236.22,5.2,0,0,17
1.390,0.224,242.82,5.8,0,0,18
0.222,0.000,238.26,1.0,0,0,0
0.176,0.000,241.58,0.8,0,0,1
0.704,0.098,242.19,2.8,0,0,0
0.160,0.000,240.45,0.6,0,0,0
1.058,0.066,242.54,4.4,0,0,0
0.424,0.218,240.20,2.0,0,1,0
1.594,0.000,239.87,6.6,0,0,18
0.474,0.062,242.84,2.2,0,0,0
0.406,0.212,241.21,1.8,0,2,1
0.310,0.202,240.73,1.6,0,2,0
0.296,0.080,244.15,1.2,0,2,0
1.914,0.000,240.29,8.0,0,0,18
0.448,0.000,244.81,2.2,0,0,0
1.360,0.088,239.39,5.6,0,0,0
0.198,0.082,242.35,0.8,0,0,1
0.198,0.000,238.00,0.8,0,0,0
0.342,0.184,232.66,1.6,0,0,0
2.748,0.424,240.67,11.6,1,1,29
2.910,0.484,239.15,12.4,0,0,19
0.318,0.082,242.06,1.4,0,0,0
1.306,0.000,241.98,5.4,0,0,18
1.278,0.076,233.70,5.4,0,0,16
0.336,0.088,249.21,1.4,0,0,0
1.470,0.070,240.64,6.0,0,0,17
0.370,0.000,245.38,1.8,0,0,0
1.306,0.058,242.07,5.4,0,0,18
0.280,0.000,249.77,1.2,0,0,0
1.362,0.072,243.77,5.6,0,0,19
1.476,0.084,244.20,6.0,0,0,19
0.248,0.000,245.73,1.0,0,0,1
0.404,0.206,243.21,2.0,0,0,0
0.322,0.106,243.18,1.4,0,1,1
0.210,0.000,245.13,0.8,0,0,0
0.278,0.000,242.10,1.2,0,1,0
1.924,0.430,235.59,8.4,0,2,18
1.426,0.222,236.62,6.0,0,18,1
4.026,0.102,243.09,16.6,0,33,18
3.168,0.246,245.10,13.0,0,25,18
2.120,0.000,240.95,8.8,0,0,17
0.306,0.090,244.55,1.2,0,1,0
3.210,0.304,235.21,13.8,0,0,17
1.396,0.070,241.46,5.8,0,0,17
0.740,0.000,243.15,3.2,0,0,0
1.290,0.000,243.26,5.2,0,0,0
0.264,0.000,242.19,1.0,0,0,0
1.382,0.092,236.02,5.8,0,0,18
0.236,0.136,241.67,1.0,0,0,1
1.356,0.112,239.76,5.6,0,2,19
0.216,0.000,244.47,1.0,0,0,0
1.460,0.000,242.33,7.6,0,0,0
0.426,0.372,240.14,2.4,0,1,1
0.354,0.074,242.13,1.4,0,2,1
0.222,0.000,242.85,1.0,0,0,0
0.314,0.102,245.96,1.2,0,1,1
1.824,0.088,237.86,7.6,0,1,17
2.448,0.134,233.46,10.4,0,0,17
0.324,0.102,241.41,1.4,0,1,0
1.360,0.104,235.42,5.8,0,0,0
1.304,0.056,243.12,5.2,0,0,18
1.458,0.130,245.94,5.8,0,2,18
4.124,0.288,235.84,17.4,0,0,17
0.228,0.000,244.58,1.0,0,0,0
1.208,0.000,239.25,5.0,0,0,19
1.742,0.160,245.68,7.0,0,0,19
1.432,0.092,239.40,6.0,0,0,18
1.666,0.338,234.83,7.2,0,4,17
0.434,0.106,246.30,1.8,0,0,0
2.062,0.374,238.15,8.8,0,1,30
0.292,0.100,243.15,1.2,0,2,0
1.870,0.546,240.55,8.0,0,0,1
0.082,0.000,242.15,0.2,0,0,1
0.288,0.000,240.70,1.2,0,0,1
1.510,0.062,235.07,6.4,0,2,18
0.372,0.328,238.42,2.0,0,2,0
0.340,0.118,244.98,1.4,0,0,1
4.670,0.344,236.17,19.8,36,1,18
1.568,0.210,239.31,6.6,0,1,19
0.108,0.000,241.48,0.4,0,0,0
1.312,0.118,240.68,5.4,0,0,19
0.448,0.212,243.50,2.0,0,0,0
0.242,0.000,246.00,1.0,0,0,1
1.488,0.088,248.90,6.0,0,1,20
0.368,0.274,242.66,1.8,0,2,1
4.240,0.328,235.06,18.0,0,2,17
1.330,0.000,235.03,5.6,0,0,17
0.184,0.112,239.39,0.8,0,2,0
1.788,0.276,234.67,8.6,0,13,0
0.674,0.152,241.46,2.8,0,0,1
0.578,0.100,240.53,2.6,0,0,1
2.716,0.000,235.67,11.4,0,0,18
0.376,0.212,242.75,1.8,0,2,0
2.982,0.312,238.00,12.6,1,1,17
1.662,0.094,241.07,6.8,0,0,19
0.438,0.072,235.84,2.0,0,0,1
1.360,0.084,237.57,5.6,0,0,18
0.332,0.000,242.12,1.6,0,0,0
1.692,0.228,241.76,7.0,0,2,18
1.490,0.204,242.73,6.2,0,0,18
0.986,0.054,245.17,4.0,0,2,0
0.324,0.122,247.58,1.4,0,2,1
1.410,0.104,242.91,5.8,0,0,18
0.504,0.222,240.29,2.2,0,0,0
1.304,0.000,240.38,5.4,0,0,19
1.270,0.076,237.32,5.4,0,0,17
0.350,0.144,245.76,1.6,0,1,1
0.834,0.046,236.88,3.4,0,0,0
1.644,0.096,240.14,6.8,0,0,18
1.602,0.214,243.12,6.6,0,0,19
0.224,0.000,243.53,1.0,0,0,0
1.562,0.184,239.51,6.6,0,2,18
1.560,0.294,240.65,7.2,0,0,1
1.340,0.126,236.06,5.6,1,0,17
0.212,0.000,240.07,0.8,0,0,0
1.522,0.092,242.96,6.2,0,1,19
0.954,0.138,239.37,4.0,0,0,0
0.290,0.048,242.99,1.4,0,0,1
0.330,0.112,232.84,1.4,0,0,0
1.806,0.138,241.60,7.4,0,0,18
0.338,0.114,243.69,1.6,0,0,0
0.178,0.000,244.79,0.8,0,0,0
0.424,0.240,243.55,2.0,0,1,1
1.224,0.054,239.65,5.0,0,0,0
1.886,0.138,238.65,7.8,0,0,18
2.394,0.096,237.30,10.0,0,0,18
1.566,0.056,241.70,6.4,0,2,18
1.370,0.052,240.84,5.6,0,0,18
0.202,0.100,240.62,0.8,0,0,0
2.548,0.000,235.64,10.8,0,0,18
1.664,0.194,236.97,7.0,1,1,17
0.298,0.072,245.90,1.2,0,0,0
0.582,0.220,244.97,2.4,0,2,0
0.296,0.062,241.30,1.2,0,0,0
0.196,0.000,242.94,0.8,0,0,1
0.156,0.124,241.20,0.8,0,0,1
0.390,0.226,238.37,1.8,0,1,0
1.440,0.124,235.58,6.2,0,0,0
2.606,0.408,234.87,11.2,1,5,17
0.688,0.108,240.96,2.8,0,0,0
0.178,0.100,237.30,0.8,0,0,0
1.788,0.000,233.29,8.2,7,1,17
0.454,0.126,240.85,2.2,0,0,1
0.414,0.208,242.63,1.8,0,0,0
0.308,0.086,243.35,1.2,0,0,0
0.436,0.264,244.40,2.0,0,1,1
0.528,0.340,244.82,2.6,0,1,0
2.194,0.308,239.92,9.2,0,1,18
0.372,0.178,241.21,1.6,0,1,1
0.244,0.000,241.55,1.0,0,0,0
3.026,0.062,237.74,12.6,1,37,0
2.490,0.194,241.14,10.2,0,17,18
0.452,0.248,242.91,2.0,0,2,1
0.564,0.328,243.97,2.6,0,1,0
1.706,0.322,238.99,7.4,0,1,18
1.872,0.090,239.73,7.8,0,1,0
0.208,0.108,242.42,1.0,0,0,1
0.360,0.120,242.66,1.6,0,0,0
0.520,0.058,239.59,2.2,0,0,0
2.930,0.260,235.31,12.6,0,0,1
1.916,0.000,242.45,7.8,0,0,19
0.230,0.168,245.14,1.2,0,0,0
3.842,0.106,243.21,15.8,39,0,19
1.346,0.098,240.17,5.6,0,0,18
0.330,0.110,237.46,1.4,0,0,1
0.218,0.000,235.34,1.0,0,0,0
1.288,0.000,240.65,5.2,0,0,18
1.408,0.078,243.31,5.8,0,0,18
0.564,0.000,242.04,2.4,0,0,0
0.222,0.110,242.17,1.0,0,0,0
0.448,0.000,244.07,1.8,0,0,1
0.390,0.188,241.62,1.8,0,2,1
0.454,0.142,241.95,2.2,0,0,1
1.934,0.208,237.52,8.2,0,0,29
0.346,0.098,241.24,1.4,0,0,0
0.226,0.000,244.03,1.0,0,0,0
1.980,0.110,241.14,8.2,0,2,0
2.148,0.222,241.77,8.8,0,1,19
1.506,0.086,243.23,6.2,0,0,19
0.894,0.258,241.21,4.0,0,1,0
0.356,0.194,243.95,1.6,0,1,0
1.348,0.072,239.87,5.6,0,0,18
0.206,0.000,242.30,0.8,0,0,0
1.970,0.000,236.41,8.2,0,0,17
3.600,0.186,240.29,15.0,38,1,1
1.202,0.000,239.90,5.0,0,0,18
1.282,0.048,238.94,5.2,0,0,18
0.348,0.134,239.86,1.6,0,2,1
1.396,0.126,240.42,5.8,0,0,18
0.408,0.090,246.50,1.6,0,2,0
0.408,0.206,242.42,1.8,0,0,0
0.132,0.000,243.06,0.6,0,0,0
1.474,0.150,241.07,6.0,0,0,1
0.400,0.156,236.59,1.8,0,0,1
1.220,0.106,235.45,5.2,0,0,17
0.280,0.000,241.53,1.2,0,0,1
0.300,0.206,242.48,1.4,0,1,1
0.508,0.086,244.36,2.2,1,0,0
1.424,0.000,241.87,5.8,1,0,18
0.254,0.000,248.93,1.0,0,0,0
0.376,0.202,240.21,1.8,0,2,0
0.262,0.102,243.24,1.2,0,2,1
0.304,0.064,241.92,1.2,0,0,0
0.198,0.090,238.14,0.8,0,1,0
0.280,0.122,240.77,1.2,0,1,1
1.376,0.000,237.62,5.8,0,0,18
0.286,0.066,242.38,1.2,0,0,1
0.238,0.096,238.32,1.0,0,2,1
1.346,0.080,239.59,5.6,0,0,18
0.396,0.108,232.43,1.8,0,0,0
0.438,0.198,241.49,2.0,0,2,1
0.334,0.240,242.16,1.6,0,1,0
0.194,0.000,242.56,0.8,0,0,0
0.336,0.088,241.74,1.4,0,0,1
0.398,0.194,246.69,1.8,0,0,0
1.504,0.344,242.29,6.4,1,2,1
0.496,0.224,244.14,2.2,0,1,0
1.532,0.194,241.41,6.4,1,0,17
0.316,0.118,241.38,1.4,0,1,0
0.222,0.000,242.98,1.0,0,0,0
0.282,0.206,241.44,1.4,0,0,0
0.354,0.060,246.76,1.4,0,0,0
0.570,0.156,242.89,2.6,0,0,5
0.206,0.102,240.93,1.0,0,0,1
0.248,0.000,242.11,1.0,0,0,1
2.360,0.300,239.42,10.0,1,16,18
0.418,0.322,245.10,2.2,0,1,0
0.380,0.058,246.18,1.6,0,0,0
1.472,0.068,239.37,6.0,0,0,18
0.400,0.182,242.93,1.8,0,1,1
0.200,0.000,238.84,0.8,0,0,0
0.222,0.136,242.97,1.0,0,2,1
0.224,0.000,240.80,0.8,0,0,1
0.498,0.256,233.53,2.4,0,2,0
1.174,0.132,241.66,5.0,0,0,0
3.186,0.058,238.00,13.4,0,1,18
1.500,0.162,241.11,6.2,0,1,18
1.958,0.078,238.91,8.2,0,0,0
0.464,0.000,242.48,2.2,0,0,0
1.414,0.000,233.15,6.0,0,0,17
0.834,0.070,239.02,3.6,0,0,1
0.270,0.000,239.56,1.2,0,0,0
0.302,0.106,241.85,1.2,0,0,0
1.358,0.000,242.62,5.6,0,0,19
1.202,0.000,239.09,5.0,0,0,18
3.718,0.310,241.75,15.4,0,0,0
2.386,0.252,239.81,10.2,0,0,18
0.260,0.148,241.74,1.2,0,0,0
1.330,0.052,238.10,5.6,0,0,18
0.308,0.092,242.78,1.2,0,0,0
0.322,0.100,239.63,1.4,0,0,0
3.334,0.000,236.25,14.0,37,0,18
1.470,0.196,239.97,6.0,0,2,18
1.138,0.502,241.53,5.2,0,1,12
0.204,0.000,249.56,0.8,0,0,0
1.862,0.306,236.60,8.0,0,2,17
0.248,0.118,242.78,1.0,0,0,1
1.224,0.000,238.20,5.2,0,0,17
0.326,0.000,243.10,1.4,0,0,0
0.850,0.000,241.50,3.6,0,2,0
0.326,0.086,242.78,1.4,0,1,1
3.290,0.246,237.09,13.8,2,0,17
0.346,0.102,241.04,1.6,0,0,1
1.352,0.000,243.87,5.4,0,0,19
0.230,0.000,244.40,0.8,0,0,1
1.422,0.218,239.20,6.0,0,0,18
0.302,0.078,244.23,1.2,0,0,0
1.762,0.082,243.08,7.2,0,0,19
1.672,0.052,241.89,6.8,0,2,1
0.432,0.178,240.28,1.8,0,1,0
2.190,0.000,237.91,9.2,0,2,17
0.230,0.104,240.15,1.0,0,1,0
0.430,0.268,241.01,2.0,0,1,0
1.284,0.082,241.25,5.2,0,0,18
1.886,0.342,243.84,7.8,1,1,18
0.230,0.000,241.10,1.0,0,0,0
0.552,0.000,246.17,2.4,0,0,0
3.154,0.108,239.39,13.2,0,0,0
0.344,0.218,243.90,1.6,0,0,0
3.692,0.208,237.74,15.4,0,2,0
0.406,0.180,241.70,1.8,0,1,1
0.204,0.104,242.37,0.8,0,0,1
0.258,0.122,241.31,1.2,0,0,1
0.326,0.120,245.96,1.4,0,0,0
0.192,0.000,243.38,0.8,0,0,1
3.638,0.000,238.78,15.6,0,19,0
0.216,0.000,246.95,0.8,0,0,0
0.366,0.106,248.20,1.4,0,0,1
1.340,0.000,232.87,5.6,0,0,17
3.486,0.416,239.67,14.6,1,0,17
0.458,0.258,245.45,2.0,0,2,0
0.406,0.182,242.42,1.8,0,0,1
0.232,0.000,244.12,1.0,0,0,0
1.678,0.122,240.13,7.0,0,0,17
4.544,0.536,233.39,19.6,38,1,17
0.328,0.114,242.89,1.4,0,0,0
1.284,0.000,241.12,5.2,0,0,18
0.170,0.000,242.73,0.8,0,0,0
0.928,0.322,240.59,4.2,0,0,8
2.644,0.234,234.25,11.2,37,0,0
0.204,0.000,242.54,0.8,0,0,0
1.498,0.182,241.33,6.2,0,0,18
0.360,0.240,241.24,1.8,0,1,1
2.424,0.470,236.06,10.4,2,1,18
0.184,0.000,244.18,0.8,0,0,1
1.332,0.404,241.00,5.8,0,0,1
1.368,0.000,238.85,5.6,0,0,19
1.392,0.000,239.05,5.8,0,0,18
1.518,0.196,237.65,6.4,0,1,17
3.024,0.060,237.81,12.8,0,1,18
0.296,0.056,241.44,1.2,0,0,0
0.448,0.090,248.41,2.0,0,0,0
3.980,0.158,240.62,16.4,0,37,0
1.786,0.102,242.59,7.2,0,0,19
0.978,0.216,238.92,4.4,0,2,0
2.504,0.100,235.40,10.6,0,0,18
1.466,0.120,245.15,6.0,0,0,19
0.350,0.082,241.49,1.4,0,0,0
2.688,0.390,236.96,11.4,0,21,18
0.232,0.000,240.90,1.0,0,0,0
4.516,0.000,239.88,18.8,0,0,18
0.376,0.000,249.42,1.8,0,0,0
0.432,0.104,240.23,2.0,0,0,1
0.196,0.000,243.73,0.8,0,0,1
0.444,0.256,245.38,2.0,0,1,1
0.220,0.000,242.31,1.0,0,0,0
1.374,0.078,238.49,5.8,0,0,17
0.344,0.114,241.64,1.4,0,0,1
0.238,0.090,238.91,1.0,0,0,1
0.174,0.088,233.49,0.8,0,0,0
0.262,0.046,247.40,1.0,0,0,1
0.250,0.114,239.62,1.2,0,0,1
1.570,0.176,241.65,6.4,0,0,1
5.892,0.360,232.37,25.4,37,0,17
1.364,0.046,237.01,5.8,0,0,18
1.314,0.000,243.90,5.4,0,0,19
0.216,0.000,243.07,0.8,0,0,0
1.410,0.000,243.30,5.8,1,0,19
0.256,0.000,244.51,1.0,0,0,0
0.216,0.000,242.36,0.8,0,0,0
1.730,0.328,241.69,7.2,0,1,19
0.694,0.320,243.89,3.2,0,1,0
0.208,0.110,242.83,1.0,0,0,1
0.214,0.094,235.69,1.0,0,0,0
0.304,0.120,239.60,1.4,1,0,1
1.810,0.052,243.48,7.4,0,0,18
0.104,0.000,235.89,0.4,0,0,0
0.428,0.000,246.14,1.8,0,0,0
1.436,0.106,245.08,5.8,0,1,19
1.384,0.000,244.23,5.6,0,0,19
1.404,0.082,239.91,5.8,0,1,19
1.192,0.066,238.59,5.0,0,0,18
1.564,0.048,231.72,6.8,1,0,16
0.378,0.116,243.87,1.6,0,0,1
1.460,0.108,241.54,6.0,0,0,18
2.348,0.184,238.69,9.8,0,0,18
1.618,0.074,239.34,6.8,0,0,18
0.270,0.098,240.69,1.2,0,0,1
1.180,0.078,233.60,5.0,0,0,17
2.858,0.000,238.71,12.8,20,0,18
0.326,0.114,244.45,1.4,0,0,0
0.510,0.120,241.01,2.2,0,0,1
1.400,0.048,241.25,5.8,0,0,18
0.580,0.094,241.90,2.4,0,2,0
1.280,0.052,240.19,5.2,0,0,18
1.386,0.000,238.61,5.8,0,0,18
1.826,0.070,242.07,7.4,0,0,19
0.342,0.196,241.32,1.6,0,0,0
0.266,0.096,243.47,1.2,0,0,0
0.896,0.110,239.71,3.8,0,0,0
0.370,0.206,239.26,1.8,0,2,0
0.316,0.104,240.96,1.4,0,0,0
0.324,0.100,246.64,1.4,0,0,1
1.296,0.064,239.56,5.4,0,0,17
2.452,0.000,238.91,10.2,37,0,1
0.428,0.308,238.84,2.2,0,1,0
2.148,0.000,236.71,9.0,0,0,18
1.966,0.054,242.27,8.0,0,0,19
0.702,0.100,241.70,2.8,0,0,0
0.334,0.112,246.08,1.4,0,0,0
2.666,0.192,237.10,11.2,1,1,17
1.266,0.058,239.63,5.2,0,0,18
0.246,0.140,241.69,1.2,0,0,0
0.320,0.080,245.20,1.4,0,0,0
1.094,0.000,231.51,4.6,0,0,16
0.236,0.144,243.63,1.0,0,0,1
3.748,0.064,234.69,15.8,36,0,18
1.358,0.000,234.63,5.8,0,0,17
0.354,0.146,247.22,1.6,0,1,0
1.492,0.110,242.29,6.2,0,0,19
1.386,0.060,246.11,5.6,0,0,19
2.222,0.060,239.45,9.2,1,0,19
0.232,0.000,245.10,1.0,0,0,0
0.228,0.094,241.22,1.0,0,0,1
0.256,0.120,241.87,1.2,0,0,0
0.508,0.182,237.81,2.2,0,2,0
1.346,0.238,241.22,5.6,0,0,12
0.342,0.124,236.50,1.6,0,0,0
0.208,0.000,244.13,0.8,0,0,0
1.394,0.108,242.68,5.6,0,0,18
1.770,0.168,234.86,7.4,0,2,17
0.294,0.214,239.37,1.4,0,2,1
0.230,0.102,236.87,1.0,0,0,0
2.194,0.092,239.62,9.2,0,0,18
1.358,0.070,240.97,5.6,2,0,18
3.780,0.230,236.75,16.6,0,0,1
0.336,0.204,239.63,1.6,0,1,0
0.704,0.402,240.39,3.4,0,1,0
0.292,0.000,248.93,1.2,0,0,0
0.344,0.000,240.47,1.4,0,0,0
3.462,0.000,238.12,14.4,38,0,0
0.710,0.384,243.67,3.2,0,2,0
1.414,0.000,240.76,5.8,0,0,0
0.466,0.226,243.29,2.2,0,0,0
0.232,0.094,242.31,1.0,0,0,1
0.218,0.000,241.67,1.0,0,0,0
0.612,0.000,242.24,2.6,0,0,1
1.516,0.110,235.61,6.4,0,0,1
0.168,0.140,240.14,0.8,0,2,1
0.228,0.086,241.35,1.0,0,0,1
1.436,0.178,234.54,6.2,0,2,17
0.276,0.000,245.18,1.0,0,0,0
3.200,0.230,237.28,13.4,0,2,18
0.652,0.000,247.50,2.6,0,0,0
0.788,0.214,237.93,3.4,0,1,0
0.362,0.216,241.06,1.6,0,1,0
1.406,0.000,240.32,5.8,0,0,18
0.130,0.000,239.85,0.6,0,0,0
0.520,0.094,244.77,2.0,0,2,1
4.182,0.268,241.40,17.2,0,4,18
3.532,0.138,230.24,15.2,36,1,16
0.426,0.232,242.28,2.0,0,2,1
0.306,0.264,242.91,1.6,0,2,1
4.486,0.050,235.27,19.0,37,0,17
0.986,0.092,238.17,4.2,0,1,0
0.348,0.134,242.70,1.4,0,0,0
1.994,0.216,239.20,8.8,0,0,18
0.236,0.000,244.24,1.0,0,0,1
3.782,0.232,237.64,16.2,0,29,11
0.266,0.000,243.97,1.0,0,0,0
0.268,0.000,245.01,1.0,0,0,1
1.370,0.226,240.18,5.6,0,2,17
0.244,0.140,242.06,1.2,0,0,0
1.516,0.180,242.86,6.2,0,0,19
0.280,0.068,240.14,1.2,0,0,1
0.302,0.240,240.12,1.6,0,0,1
0.290,0.104,243.36,1.2,0,1,0
2.038,0.236,240.95,8.4,0,0,18
0.338,0.070,242.03,1.4,0,0,1
1.492,0.258,238.97,6.2,0,2,18
1.342,0.064,239.02,5.6,0,0,17
1.890,0.000,241.34,7.8,0,0,18
0.484,0.310,244.70,2.2,0,0,1
0.282,0.000,246.80,1.2,0,0,0
1.430,0.202,233.63,6.2,0,1,17
0.268,0.000,244.44,1.2,0,0,0
1.486,0.246,239.78,6.2,1,2,18
3.670,0.666,241.13,16.0,0,1,19
0.348,0.286,241.84,1.8,0,1,1
1.280,0.000,239.59,5.2,0,1,18
1.546,0.064,236.77,6.6,0,0,17
2.454,0.058,235.35,10.4,0,0,17
1.464,0.118,245.58,5.8,0,0,19
0.162,0.000,238.72,0.8,0,0,1
0.326,0.242,241.06,1.6,0,1,1
1.686,0.364,240.44,7.2,0,0,18
1.554,0.292,241.14,6.6,0,22,0
0.294,0.000,243.11,1.2,0,0,0
2.042,0.270,234.72,8.8,0,1,16
1.142,0.082,241.02,4.6,0,0,1
0.390,0.362,243.35,2.2,0,1,0
0.310,0.130,243.87,1.4,0,1,0
0.242,0.106,239.73,1.0,0,2,1
0.216,0.000,244.54,1.0,0,0,0
3.020,0.300,241.05,12.6,1,23,18
0.822,0.136,240.49,3.4,0,0,12
0.306,0.232,242.01,1.6,0,0,0
0.480,0.118,247.77,2.2,0,0,0
0.316,0.096,239.72,1.4,0,1,1
0.378,0.190,240.66,1.6,0,0,0
0.144,0.000,245.93,0.6,0,0,1
0.274,0.130,243.55,1.2,0,1,0
3.658,0.204,240.64,15.2,0,0,17
1.432,0.104,245.45,5.8,0,0,18
0.312,0.084,242.84,1.2,0,0,1
2.876,0.104,238.79,12.0,0,0,18
0.206,0.052,241.89,0.8,0,0,0
0.236,0.000,244.10,1.0,0,0,0
0.220,0.000,245.12,0.8,0,0,0
0.248,0.000,245.99,1.0,0,0,0
0.250,0.052,241.28,1.0,0,0,1
0.252,0.124,239.13,1.2,0,0,1
0.326,0.256,236.77,1.6,0,2,0
3.624,0.228,243.93,14.8,0,2,18
0.176,0.000,243.83,0.8,0,0,1
1.802,0.352,242.38,7.6,0,24,1
0.400,0.192,245.45,1.8,0,0,0
0.290,0.078,246.12,1.2,0,0,0
1.930,0.264,242.92,8.0,1,1,0
2.754,0.106,234.45,12.4,0,0,0
0.286,0.206,243.15,1.4,0,1,0
0.244,0.000,243.43,1.2,0,0,0
1.756,0.000,241.96,7.2,0,0,18
0.590,0.048,243.49,2.4,0,0,0
0.194,0.150,239.07,1.2,0,1,1
0.512,0.274,243.96,2.4,0,1,0
0.432,0.000,245.38,2.0,0,0,0
1.272,0.000,238.36,5.2,1,0,18
1.788,0.108,241.68,7.4,0,2,18
0.494,0.206,242.36,2.2,0,1,1
0.276,0.102,241.67,1.2,0,0,0
3.020,0.116,239.32,12.6,0,0,18
0.808,0.202,240.48,3.4,0,0,12
0.252,0.000,247.08,1.0,0,0,1
0.358,0.124,241.74,1.6,0,0,1
0.588,0.226,240.10,3.2,0,2,3
1.380,0.070,238.85,5.8,0,0,17
1.450,0.160,242.52,6.0,0,0,0
1.048,0.282,236.93,4.6,0,1,0
0.522,0.224,241.98,2.4,0,1,0
0.558,0.202,239.81,2.4,0,1,1
0.280,0.204,236.91,1.4,0,0,0
2.160,0.396,231.58,9.4,1,1,16
0.156,0.000,241.47,0.6,0,0,0
0.370,0.122,243.17,1.6,0,0,0
1.414,0.102,240.33,5.8,0,0,18
0.548,0.244,242.19,2.4,0,0,1
1.276,0.132,242.40,5.2,0,0,1
1.454,0.000,241.13,6.0,0,0,18
0.716,0.208,240.55,3.0,0,0,1
0.730,0.200,241.44,3.2,0,1,1
0.126,0.000,237.63,0.6,0,0,0
1.392,0.000,245.27,5.6,0,0,19
1.322,0.116,240.80,5.4,0,0,18
1.532,0.264,241.87,6.4,0,0,18
0.356,0.096,241.66,1.6,0,2,0
1.368,0.192,238.67,5.8,0,0,18
0.146,0.000,239.06,0.6,0,0,1
1.558,0.000,236.15,6.6,0,0,0
0.310,0.204,238.31,1.4,0,2,0
0.266,0.000,246.43,1.0,0,0,1
0.188,0.148,239.39,1.0,0,0,0
0.416,0.186,242.14,1.8,0,0,1
1.650,0.190,241.64,6.8,0,1,19
0.342,0.114,241.85,1.4,0,0,1
2.848,0.120,238.71,12.0,0,0,18
0.346,0.252,242.77,1.8,0,2,1
0.244,0.238,239.23,1.4,0,1,0
1.874,0.094,240.88,7.8,0,0,0
0.942,0.516,242.67,4.8,0,0,0
0.170,0.144,242.87,0.8,0,1,1
0.600,0.274,242.20,2.6,0,2,0
0.306,0.124,240.22,1.4,0,0,0
0.302,0.178,244.92,1.6,0,2,0
0.256,0.116,243.70,1.2,0,0,1
3.006,0.072,239.19,12.6,2,0,18
0.126,0.000,237.26,0.6,0,0,0
0.242,0.000,236.21,1.0,1,0,0
1.094,0.000,232.30,4.6,0,0,17
1.298,0.180,234.23,5.6,0,0,17
0.186,0.066,240.21,0.8,0,0,0
0.388,0.098,241.26,1.6,0,0,1
0.316,0.184,240.97,1.4,0,0,1
0.194,0.000,241.82,1.0,0,0,0
3.164,0.058,243.71,13.0,39,0,1
1.264,0.050,238.25,5.2,0,0,17
1.668,0.000,238.83,7.0,0,2,18
0.304,0.090,243.44,1.2,0,1,0
1.140,0.000,231.58,4.8,0,0,16
2.556,0.338,237.96,10.8,1,0,18
1.790,0.108,239.61,7.4,0,1,18
1.336,0.062,236.94,5.6,0,1,17
0.290,0.216,244.75,1.4,0,1,1
1.916,0.138,237.75,8.0,0,0,17
1.890,0.000,239.51,7.8,1,0,17
2.900,0.052,230.49,12.6,0,26,16
0.282,0.076,244.79,1.2,0,0,0
0.778,0.000,237.85,3.4,1,0,0
0.668,0.460,236.37,3.4,0,1,1
1.420,0.000,238.53,6.0,0,0,17
0.330,0.218,241.18,1.6,0,0,1
1.648,0.182,245.42,6.6,0,0,19
0.394,0.220,243.07,1.8,0,1,1
2.098,0.422,239.08,9.0,1,1,22
0.210,0.102,238.44,1.0,0,0,0
3.428,0.080,240.49,14.2,0,1,18
0.272,0.000,240.14,1.4,0,0,0
0.486,0.000,241.56,2.0,0,0,1
1.380,0.220,240.60,5.8,0,1,19
0.196,0.088,236.03,0.8,0,1,0
2.232,0.228,239.17,9.4,0,0,29
0.464,0.128,244.58,2.0,0,2,0
1.640,0.198,233.24,7.0,0,1,17
0.326,0.062,244.03,1.4,0,0,1
0.330,0.166,242.49,1.6,0,1,0
0.302,0.000,240.06,1.4,0,0,0
1.180,0.220,237.80,5.0,0,0,1
1.708,0.000,243.73,8.0,0,0,0
4.012,0.494,236.32,17.0,38,1,17
0.304,0.046,245.70,1.4,0,0,0
1.968,0.476,237.32,8.4,1,2,18
0.226,0.128,240.34,1.0,0,0,0
1.912,0.192,238.21,8.0,0,1,0
0.290,0.088,237.58,1.2,0,1,0
1.396,0.052,240.07,5.8,0,0,18
0.758,0.118,241.73,3.6,0,0,0
0.306,0.112,243.14,1.2,0,0,0
0.346,0.098,240.67,1.4,0,0,1
1.600,0.216,239.67,6.6,0,0,18
0.222,0.140,243.86,1.0,0,0,0
0.342,0.082,238.92,1.4,0,0,0
1.626,0.136,241.67,6.8,0,1,19
0.352,0.116,245.18,1.4,0,1,1
0.310,0.110,240.83,1.4,0,0,0
1.944,0.128,235.64,8.2,0,0,0
0.438,0.152,240.12,1.8,0,1,1
0.220,0.190,243.19,1.2,0,1,0
0.326,0.120,241.33,1.4,0,0,1
2.360,0.000,240.10,9.8,0,0,18
3.548,0.112,239.05,14.8,37,0,1
0.174,0.000,241.20,0.8,0,0,0
1.818,0.370,243.48,7.6,2,0,18
0.324,0.072,241.03,1.4,0,2,1
0.336,0.110,246.87,1.4,0,1,1
0.576,0.000,242.92,2.4,0,0,0
0.312,0.058,244.97,1.2,0,0,0
1.390,0.064,242.05,5.6,0,0,18
1.316,0.000,241.73,5.4,0,0,19
0.386,0.150,235.49,1.8,0,0,0
0.574,0.108,243.87,2.4,0,0,0
1.758,0.000,243.70,7.2,0,0,18
2.332,0.000,239.11,9.6,0,0,18
0.624,0.000,242.47,2.6,0,0,0
2.108,0.246,241.30,8.8,0,0,29
2.140,0.486,239.33,9.0,0,1,29
0.410,0.228,238.86,1.8,0,0,1
1.010,0.000,245.31,4.0,0,0,1
1.262,0.052,237.59,5.2,0,0,0
1.524,0.168,239.50,6.4,0,0,18
2.810,0.176,240.57,11.6,0,1,19
2.490,0.510,239.61,10.6,0,2,18
0.342,0.088,244.82,1.4,0,0,0
0.240,0.134,238.10,1.2,0,2,0
0.292,0.198,234.38,1.4,0,1,0
1.064,0.282,239.01,4.6,0,1,1
0.402,0.196,242.12,1.8,0,2,0
0.260,0.000,248.17,1.0,0,0,0
0.386,0.046,248.18,1.6,0,0,0
3.402,0.000,238.95,14.4,0,26,18
0.460,0.314,243.30,2.2,0,1,0
1.366,0.232,239.41,5.6,0,1,18
2.990,0.166,236.66,12.6,1,1,18
0.600,0.270,246.99,2.6,0,0,0
1.846,0.218,239.34,7.6,0,2,18
2.856,0.252,238.71,12.0,38,6,0
0.258,0.078,241.55,1.2,0,0,1
0.440,0.000,244.77,2.2,0,0,0
0.888,0.210,240.36,3.8,0,0,12
0.312,0.060,242.57,1.4,0,0,0
0.272,0.000,246.82,1.2,0,0,0
0.198,0.112,234.37,1.0,0,0,0
0.104,0.000,236.26,0.4,0,0,0
1.410,0.000,241.12,5.8,0,0,19
0.432,0.166,242.12,2.4,0,0,3
1.696,0.140,239.56,7.0,0,0,19
0.402,0.120,244.79,1.8,0,0,0
0.322,0.228,238.48,1.6,0,2,1
1.498,0.170,240.84,6.2,0,2,18
1.374,0.070,233.44,5.8,0,0,16
0.220,0.120,242.00,1.0,0,0,1
0.350,0.226,240.80,1.8,0,1,1
1.504,0.052,239.86,6.2,0,0,18
1.632,0.000,240.58,6.8,0,1,17
0.224,0.000,236.60,1.0,0,0,0
1.472,0.056,231.22,6.2,0,0,17
0.310,0.102,240.60,1.4,0,0,0
1.182,0.100,231.99,5.0,0,0,17
0.264,0.190,239.99,1.4,0,2,0
1.300,0.050,239.86,5.4,1,0,0
3.722,0.830,236.98,16.2,0,1,18
0.958,0.208,239.00,4.0,0,1,0
2.408,0.072,242.41,9.8,0,0,19
1.710,0.088,238.58,7.0,0,0,18
0.236,0.098,241.71,1.0,0,1,0
1.782,0.072,239.87,7.4,0,2,18
0.472,0.084,241.93,2.2,0,1,0
0.636,0.416,242.45,3.0,1,0,0
0.330,0.182,234.63,1.6,0,1,0
0.200,0.096,237.34,1.0,0,0,0
0.342,0.114,243.12,1.4,0,0,1
1.336,0.112,242.19,5.4,0,0,19
0.204,0.122,242.78,1.0,0,1,1
0.714,0.000,242.39,2.8,0,0,0
1.310,0.000,241.34,5.4,0,0,19
0.366,0.174,238.41,1.8,0,2,0
0.744,0.304,240.34,3.2,0,1,0
3.290,0.000,236.85,13.8,0,0,17
0.578,0.076,237.63,2.4,0,0,0
2.962,0.134,240.87,12.4,1,22,17
0.316,0.000,244.08,1.2,0,0,1
1.716,0.126,240.01,7.2,0,0,17
0.138,0.000,241.79,0.6,0,0,1
1.332,0.000,241.24,5.4,0,0,18
0.528,0.056,242.27,2.2,0,0,0
0.148,0.048,243.19,0.6,0,0,0
0.242,0.084,241.82,1.2,0,0,1
0.408,0.246,245.44,1.8,0,2,0
0.250,0.232,241.40,1.4,0,0,1
0.290,0.000,248.87,1.2,0,0,1
1.974,0.102,238.76,8.4,1,0,0
0.280,0.212,244.30,1.4,0,2,1
0.408,0.096,240.40,1.8,0,0,1
0.538,0.082,244.83,2.2,0,0,0
1.408,0.076,237.14,6.0,0,0,18
1.722,0.082,239.11,7.2,0,0,1
3.376,0.066,235.88,14.2,0,0,18
3.748,0.314,236.48,16.0,0,28,17
0.522,0.162,241.63,2.4,0,0,0
1.204,0.000,240.72,5.0,0,0,18
0.312,0.000,241.43,1.4,0,0,0
0.468,0.190,243.49,2.0,0,2,0
0.370,0.236,241.31,1.8,0,1,1
0.306,0.000,245.42,1.4,0,0,0
1.064,0.088,243.95,4.4,0,0,0
0.148,0.000,241.47,0.6,0,0,0
0.256,0.056,237.59,1.2,0,0,0
0.304,0.052,241.86,1.2,0,0,1
0.290,0.060,240.42,1.2,0,0,0
2.004,0.332,238.40,8.4,0,1,30
0.282,0.116,241.34,1.2,0,0,1
2.660,0.048,239.54,11.0,0,39,0
0.286,0.088,240.90,1.2,0,0,0
2.596,0.174,238.08,10.8,37,1,1
0.468,0.358,243.06,2.4,0,1,1
0.292,0.232,240.57,1.4,0,0,0
1.430,0.210,238.95,6.0,0,1,18
1.674,0.000,237.14,7.0,1,0,17
2.812,0.318,239.57,11.8,0,0,19
1.044,0.080,237.63,4.4,0,0,1
1.504,0.232,242.74,6.2,0,1,19
1.762,0.000,236.69,7.4,1,0,0
0.384,0.232,238.52,1.8,0,1,0
0.626,0.150,240.68,2.8,0,1,0
0.794,0.308,240.08,4.0,0,1,5
0.288,0.130,240.01,1.4,0,0,1
0.472,0.000,240.90,2.0,0,0,1
0.402,0.212,242.70,1.8,0,0,0
0.374,0.000,246.12,1.4,0,0,1
0.362,0.138,244.52,1.6,0,0,1
1.782,0.190,239.49,7.4,0,1,18
0.422,0.194,243.71,1.8,0,1,1
1.702,0.258,241.49,7.0,0,2,12
0.342,0.110,246.16,1.4,0,0,0
1.376,0.180,240.61,5.6,0,2,19
0.360,0.100,239.40,1.6,0,0,0
0.150,0.000,242.75,0.6,0,0,1
1.910,0.224,240.35,8.0,0,1,18
0.120,0.000,235.28,0.6,0,0,0
2.682,0.092,238.59,11.2,0,0,18
0.256,0.254,240.80,1.4,0,0,1
0.112,0.000,240.30,0.4,0,0,0
0.684,0.056,243.96,2.8,0,0,0
2.700,0.294,238.04,11.4,0,0,17
0.288,0.000,234.04,1.4,0,0,0
1.118,0.000,240.96,6.0,0,0,0
0.280,0.000,242.81,1.2,0,0,0
1.870,0.064,241.90,7.6,0,0,18
4.378,0.068,233.62,18.6,0,0,17
1.574,0.266,247.59,6.4,0,1,19
1.790,0.086,240.97,7.4,0,0,19
1.444,0.224,240.10,6.0,0,1,17
1.428,0.098,237.37,6.0,2,0,17
0.238,0.106,245.69,1.0,0,0,1
0.314,0.218,237.94,1.6,0,0,0
1.700,0.000,236.50,7.2,0,0,17
2.702,0.054,237.91,11.2,0,1,18
0.516,0.074,241.85,2.4,0,0,0
1.338,0.000,243.09,5.4,0,0,19
1.792,0.110,241.47,7.4,1,1,0
1.268,0.074,242.13,5.2,0,0,0
0.434,0.114,238.38,2.0,0,2,1
2.634,0.000,236.30,11.4,0,0,18
1.338,0.094,240.41,5.6,0,0,18
2.262,0.138,238.83,9.4,0,0,0
0.542,0.110,244.38,2.2,0,0,1
0.310,0.096,241.50,1.2,0,0,0
1.936,0.066,241.32,8.0,0,0,18
2.010,0.106,242.79,8.2,0,0,18
1.398,0.096,242.33,5.6,0,0,19
0.430,0.096,242.19,1.8,0,0,0
1.708,0.202,237.45,7.2,0,4,17
0.524,0.092,236.21,2.6,0,0,6
1.914,0.208,243.08,7.8,0,2,18
0.180,0.000,244.48,0.8,0,0,1
1.308,0.074,233.37,5.6,0,0,17
0.220,0.000,242.47,0.8,0,0,0
0.364,0.068,240.90,1.6,0,0,1
0.314,0.056,246.07,1.2,0,0,0
0.300,0.054,242.98,1.4,0,0,1
0.250,0.106,241.25,1.0,0,1,0
0.148,0.000,245.44,0.6,0,0,0
0.718,0.296,244.14,3.2,0,0,0
1.616,0.000,238.37,6.8,0,0,18
0.298,0.206,239.71,1.4,0,2,1
2.504,0.000,234.77,10.6,0,0,0
1.006,0.096,240.05,4.2,0,0,12
0.448,0.108,242.54,1.8,0,0,1
0.566,0.112,241.11,2.6,0,0,0
0.120,0.000,236.00,0.6,0,0,0
0.974,0.276,244.28,4.8,0,2,0
0.326,0.178,241.42,1.8,0,1,1
0.392,0.068,243.80,1.6,0,0,1
1.296,0.050,241.35,5.4,0,0,18
0.162,0.000,243.24,0.6,0,0,1
0.264,0.186,238.27,1.4,0,1,0
1.214,0.050,232.60,5.2,0,0,17
0.266,0.106,237.52,1.2,0,0,0
0.402,0.234,243.02,1.8,0,2,0
1.340,0.086,238.82,5.6,0,1,17
0.128,0.000,239.84,0.6,0,0,0
0.106,0.000,243.10,0.4,0,0,0
1.280,0.000,238.72,5.2,0,0,18
0.480,0.070,247.86,2.0,0,2,1
0.104,0.000,235.78,0.4,0,0,0
1.310,0.048,238.14,5.4,0,0,17
1.386,0.112,239.48,5.8,1,0,18
0.328,0.224,241.08,1.6,0,0,1
1.004,0.144,237.26,4.4,0,0,1
1.292,0.000,240.97,5.2,0,0,18
0.526,0.232,241.07,2.4,0,0,0
2.654,0.198,235.76,11.2,1,0,18
0.196,0.094,236.36,0.8,0,1,0
1.392,0.072,241.10,5.6,0,0,19
0.390,0.094,244.00,1.6,0,0,0
1.294,0.312,238.92,5.6,0,0,12
0.342,0.056,243.43,1.4,0,0,0
0.228,0.116,240.42,1.0,0,0,0
3.360,0.314,239.89,15.2,0,0,0
0.222,0.000,243.95,1.0,0,0,0
0.232,0.000,243.10,1.0,0,0,0
1.984,0.052,233.35,8.4,0,2,16
0.384,0.104,241.44,1.6,0,0,0
1.694,0.202,238.78,7.2,0,1,18
5.576,0.246,242.06,23.4,1,31,18
3.306,0.164,238.98,13.8,0,23,18
0.336,0.000,241.46,1.4,0,0,0
0.214,0.000,238.85,0.8,0,0,0
0.338,0.230,242.74,1.6,0,0,1
0.220,0.000,245.67,0.8,0,0,0
0.822,0.178,241.40,3.4,0,0,0
0.910,0.000,247.05,3.8,0,0,0
0.392,0.300,244.33,2.0,0,1,0
2.772,0.000,239.74,11.4,38,0,0
1.384,0.200,236.31,5.8,0,1,18
0.218,0.140,243.17,1.0,0,0,0
2.332,0.074,240.97,9.6,2,0,18
0.368,0.152,248.33,1.6,0,0,0
0.318,0.252,242.10,1.6,0,2,0
0.184,0.084,242.88,0.8,0,0,0
2.218,0.172,237.06,9.2,0,1,17
0.396,0.230,245.05,1.8,0,1,0
1.226,0.108,236.71,5.2,0,0,18
0.426,0.098,243.12,1.8,0,0,0
1.074,0.066,239.83,4.8,0,0,15
0.266,0.000,242.39,1.2,0,1,0
0.504,0.220,238.45,2.4,0,0,1
4.468,0.336,234.25,19.6,27,2,0
1.040,0.000,240.61,4.2,1,0,0
2.896,0.156,239.04,12.6,32,0,11
1.686,0.062,237.89,7.0,1,0,18
0.220,0.000,243.39,0.8,0,0,0
1.490,0.140,242.88,7.6,19,0,0
0.242,0.120,237.04,1.0,0,0,0
0.260,0.086,241.75,1.2,0,0,0
0.292,0.184,232.64,1.4,0,1,0
1.392,0.100,243.72,5.6,0,0,0
0.474,0.292,242.18,2.2,0,1,0
1.828,0.000,240.03,7.6,0,0,18
1.658,0.000,242.27,7.0,0,0,19
0.232,0.000,241.86,1.0,0,0,0
1.632,0.252,234.14,7.0,0,0,17
0.290,0.220,238.12,1.4,0,0,0
0.102,0.000,235.51,0.4,0,0,0
0.438,0.266,242.17,2.0,0,1,0
0.148,0.000,241.86,0.6,0,0,0
1.624,0.240,236.87,6.8,0,1,18
2.724,0.000,230.17,11.8,0,0,16
2.428,0.000,238.94,10.0,38,0,1
0.194,0.084,232.45,0.8,0,1,0
0.344,0.048,240.30,1.4,0,0,0
2.328,0.000,237.51,9.8,0,0,0
0.190,0.000,245.04,0.8,0,0,0
1.934,0.146,238.50,8.0,0,0,28
0.662,0.074,234.36,2.8,0,0,0
0.344,0.048,248.76,1.4,0,0,0
1.554,0.190,239.78,6.4,0,0,18
0.444,0.082,244.01,1.8,0,0,0
1.364,0.080,241.07,5.6,0,0,18
1.828,0.048,241.10,7.6,0,1,18
0.256,0.100,238.83,1.2,0,0,1
0.312,0.240,243.21,1.6,0,0,0
0.446,0.000,248.31,1.8,0,0,0
0.580,0.206,245.95,2.4,0,2,1
0.300,0.336,242.16,1.8,0,0,1
0.180,0.116,240.70,0.8,0,1,0
6.598,0.078,235.79,28.0,0,0,17
0.224,0.146,242.60,1.0,0,1,1
1.384,0.192,240.68,5.8,0,1,18
0.366,0.110,240.97,1.6,0,0,1
1.694,0.082,240.42,7.0,0,0,17
0.294,0.112,242.98,1.2,0,2,0
0.234,0.122,237.80,1.0,0,0,1
0.822,0.084,239.42,3.4,0,0,0
1.282,0.058,239.56,5.4,0,0,18
1.596,0.132,239.64,6.6,0,0,18
0.680,0.638,243.55,3.8,0,0,1
0.390,0.208,241.58,1.8,0,1,0
1.682,0.000,243.98,6.8,0,0,19
0.396,0.342,241.56,2.2,0,1,0
0.440,0.210,241.84,2.0,0,0,1
2.762,0.140,239.44,11.4,0,0,18
0.690,0.090,239.42,2.8,0,3,0
0.304,0.074,246.82,1.2,0,0,0
0.390,0.222,241.22,1.8,0,0,0
1.928,0.294,237.56,8.2,0,0,17
1.726,0.168,237.33,7.2,0,0,18
2.232,0.160,238.69,9.4,0,2,0
0.294,0.070,238.36,1.2,0,0,0
1.222,0.000,239.70,5.0,0,0,18
0.708,0.388,241.67,3.6,0,2,5
1.814,0.070,240.54,7.6,0,0,18
0.222,0.138,241.10,1.0,0,1,0
0.564,0.112,241.16,2.8,0,0,1
0.172,0.000,242.17,0.8,0,0,1
2.562,0.176,230.01,11.2,0,0,17
0.292,0.000,242.17,1.2,0,0,0
2.438,0.070,241.80,10.0,0,2,0
0.370,0.184,245.32,1.6,0,1,0
0.506,0.242,250.82,2.4,0,0,0
1.276,0.000,238.17,5.2,0,0,18
1.560,0.052,238.80,6.4,0,0,1
2.726,0.382,237.04,11.6,0,36,1
0.316,0.000,241.65,1.4,0,0,1
1.396,0.000,242.16,6.2,0,0,10
3.012,0.128,242.90,12.4,0,0,18
1.116,0.452,239.76,5.4,6,3,0
1.384,0.000,240.48,5.6,0,0,18
1.370,0.000,240.53,5.6,0,0,17
0.380,0.116,242.99,1.6,0,0,1
1.322,0.068,239.70,5.4,0,0,19
1.590,0.172,239.69,6.6,0,1,18
2.288,0.210,237.20,9.6,0,1,0
0.218,0.096,240.74,1.0,0,0,0
1.316,0.000,239.91,5.4,0,0,18
0.450,0.046,240.17,2.0,0,2,1
1.724,0.092,240.92,7.0,1,2,18
0.224,0.104,232.65,1.0,0,0,0
1.742,0.064,241.73,7.2,0,0,18
2.424,0.072,238.73,10.0,0,0,0
3.662,0.046,239.12,15.2,39,0,17
0.380,0.000,244.82,1.6,0,0,0
2.806,0.228,239.07,11.8,0,36,0
0.352,0.088,245.11,1.4,0,0,0
1.290,0.000,240.49,5.2,0,0,19
0.120,0.000,235.25,0.6,0,0,0
1.652,0.164,243.50,6.8,0,3,19
1.598,0.086,238.44,6.8,0,0,18
0.300,0.244,243.43,1.6,0,0,1
1.908,0.094,237.64,8.0,0,0,0
0.486,0.000,235.67,2.0,0,0,0
1.572,0.082,241.73,6.4,0,0,19
2.420,0.116,240.75,10.0,1,0,18
0.794,0.108,237.56,3.4,0,0,13
3.566,0.052,238.36,15.2,0,0,18
1.110,0.252,242.42,4.6,0,0,0
0.282,0.118,243.95,1.2,0,0,0
0.232,0.000,244.88,1.0,0,0,0
0.104,0.000,240.86,0.4,0,0,0
0.258,0.000,240.55,1.0,0,0,0
1.428,0.052,239.39,6.0,0,0,18
0.146,0.000,243.19,0.6,0,0,0
0.254,0.210,238.55,1.4,0,1,0
0.616,0.108,239.73,2.6,0,0,0
0.590,0.310,241.55,2.8,0,1,0
0.216,0.094,238.62,1.0,0,0,0
1.284,0.000,241.56,5.2,0,1,18
0.402,0.084,241.81,1.8,0,0,1
2.062,0.062,237.21,10.4,0,2,1
3.418,0.176,235.17,14.4,0,1,17
1.234,0.000,246.37,5.2,0,0,0
1.834,0.320,235.41,7.8,0,0,17
0.608,0.074,244.28,2.6,0,0,0
1.314,0.434,238.09,5.8,1,1,0
0.600,0.194,241.08,2.6,0,0,0
0.230,0.000,238.22,1.0,0,0,0
0.396,0.114,242.33,1.8,0,2,0
1.206,0.268,244.81,5.0,0,2,1
1.370,0.200,237.83,5.8,0,1,18
0.328,0.208,239.66,1.6,0,0,1
0.744,0.178,242.11,3.6,0,2,8
1.402,0.090,238.53,5.8,0,0,18
1.470,0.156,242.08,6.0,0,1,19
0.108,0.000,242.23,0.4,0,0,0
1.428,0.050,242.03,5.8,0,0,19
1.958,0.104,239.79,8.2,0,0,18
0.734,0.256,245.05,3.2,0,0,1
0.294,0.122,241.02,1.4,0,0,1
1.462,0.000,239.35,6.0,0,0,18
0.440,0.122,242.05,1.8,0,1,0
1.698,0.196,239.19,7.0,0,1,18
1.606,0.164,233.38,6.8,1,0,17
4.116,0.000,238.17,17.2,0,0,18
2.026,0.206,239.03,8.4,0,0,29
1.746,0.230,239.02,7.2,0,2,18
0.224,0.000,246.18,0.8,0,0,0
0.204,0.000,241.39,0.8,0,0,0
2.718,0.258,237.61,11.4,0,0,18
4.506,0.402,236.17,19.0,38,0,17
0.220,0.000,242.67,0.8,0,0,0
1.452,0.556,236.73,7.0,0,1,1
0.670,0.098,238.74,3.0,1,0,0
0.272,0.000,244.45,1.0,0,0,0
1.274,0.054,239.62,5.2,0,0,0
1.558,0.054,237.29,6.6,0,0,17
1.416,0.110,243.79,5.8,0,0,0
0.170,0.140,236.62,0.8,0,0,1
1.658,0.072,237.30,7.0,0,0,17
0.502,0.240,242.14,2.4,0,1,1
0.286,0.052,234.80,1.2,0,1,0
1.692,0.052,238.77,7.0,0,0,18
0.248,0.108,242.47,1.0,0,2,1
0.302,0.046,252.52,1.2,0,0,0
2.414,0.312,237.53,10.2,0,0,0
0.240,0.000,244.50,1.0,0,0,0
0.646,0.244,238.48,2.8,0,1,0
4.068,0.074,238.68,17.0,0,38,18
1.496,0.148,236.78,6.4,0,0,17
0.670,0.340,238.96,3.0,0,0,1
0.272,0.198,235.49,1.4,0,1,0
0.210,0.000,241.46,1.0,0,0,1
2.240,0.170,238.25,9.4,1,2,1
0.446,0.280,234.18,2.2,0,1,0
1.314,0.098,240.15,5.6,0,0,0
0.406,0.100,242.04,1.8,0,1,1
1.022,0.000,241.14,4.2,0,0,0
1.332,0.000,238.96,5.6,0,0,18
1.750,0.184,239.72,7.2,0,0,18
0.472,0.000,241.76,2.0,0,0,1
2.890,0.202,235.02,12.2,0,1,17
1.538,0.000,240.39,6.4,0,0,17
1.422,0.200,238.86,6.0,0,1,18
0.654,0.000,246.20,2.6,0,0,1
0.222,0.000,240.84,1.0,0,0,0
1.338,0.054,237.56,5.6,0,1,0
1.380,0.096,240.12,5.6,0,0,17
0.670,0.282,243.47,3.0,0,0,0
1.388,0.184,232.81,6.0,0,1,16
0.624,0.000,240.40,2.6,0,0,0
0.652,0.332,245.81,3.0,2,2,0
0.204,0.000,241.41,0.8,0,0,0
1.408,0.062,230.56,6.0,0,0,17
2.884,0.056,238.55,12.0,0,0,18
0.366,0.110,242.04,1.6,0,1,0
0.340,0.210,240.49,1.6,0,2,0
1.294,0.000,241.89,5.2,0,0,18
3.596,0.406,238.98,15.2,0,0,19
1.572,0.196,237.52,6.6,0,0,18
0.848,0.264,236.75,3.6,0,0,0
1.748,0.130,236.28,7.4,0,3,17
0.282,0.116,239.83,1.2,0,1,1
4.866,0.348,236.74,20.6,0,29,17
0.308,0.058,233.64,1.2,0,0,0
1.650,0.446,237.34,7.2,0,0,11
0.290,0.202,236.31,1.4,0,0,0
3.562,0.102,238.05,14.8,0,1,17
0.268,0.088,240.13,1.2,0,0,1
1.778,0.000,239.18,7.6,0,0,1
0.332,0.126,243.18,1.4,0,0,0
2.084,0.260,245.08,8.4,0,1,19
0.262,0.102,238.04,1.2,0,0,0
1.550,0.000,241.26,6.4,0,0,19
1.192,0.000,239.23,5.0,0,0,18
0.312,0.138,241.10,1.4,0,0,1
1.930,0.356,242.74,8.0,0,2,18
0.284,0.182,235.97,1.4,0,0,0
0.472,0.000,238.07,2.0,0,2,0
1.160,0.000,239.89,4.8,0,0,19
0.660,0.064,241.22,2.8,0,0,0
0.244,0.000,242.47,1.0,0,0,0
0.342,0.102,240.15,1.4,0,0,1
3.010,0.188,237.49,12.6,0,1,18
0.224,0.000,246.07,0.8,0,0,0
3.244,0.114,239.90,13.4,0,0,18
1.390,0.058,243.21,5.6,0,0,0
0.290,0.194,236.38,1.4,0,0,0
0.306,0.074,241.92,1.2,0,0,0
0.188,0.000,246.98,0.8,0,0,1
1.922,0.252,239.17,8.0,0,5,18
0.280,0.122,240.41,1.2,0,0,1
0.202,0.120,234.52,1.0,0,0,0
0.336,0.074,240.64,1.6,0,0,0
1.350,0.064,239.94,5.6,0,1,18
1.492,0.068,241.56,6.2,0,0,19
0.486,0.208,243.10,2.2,0,0,1
2.302,0.224,240.94,9.6,0,1,19
0.344,0.108,249.56,1.4,0,0,0
1.598,0.000,236.46,6.8,0,1,1
0.582,0.254,243.54,2.8,0,2,4
0.390,0.180,240.07,1.8,0,1,0
2.246,0.192,238.81,9.4,0,0,18
1.582,0.070,239.54,6.6,0,0,1
1.596,0.226,247.23,6.4,1,0,19
0.344,0.282,243.89,1.8,0,1,1
0.288,0.084,239.69,1.2,0,0,0
0.276,0.000,241.67,1.2,0,0,1
2.902,0.168,234.90,12.4,0,0,0
0.150,0.000,239.88,0.6,0,0,1
0.232,0.000,246.61,1.0,0,0,0
0.186,0.060,236.34,0.8,0,0,0
0.510,0.162,240.40,2.2,0,1,0
0.606,0.266,243.85,2.6,0,2,0
0.956,0.216,241.68,4.0,0,2,0
1.730,0.072,240.22,7.2,1,0,17
1.794,0.152,236.94,7.6,0,0,18
0.406,0.000,242.08,1.8,0,0,0
1.358,0.194,238.83,5.8,0,0,12
0.194,0.094,241.43,0.8,0,1,0
0.212,0.048,243.15,0.8,0,0,0
0.294,0.088,245.39,1.2,0,0,0
0.336,0.110,244.28,1.4,0,0,0
2.434,0.360,235.86,10.4,0,0,18
0.762,0.248,240.08,3.2,0,5,0
0.132,0.000,242.93,0.6,0,0,1
2.186,0.000,240.43,9.0,1,0,18
4.458,0.202,233.04,19.0,37,0,16
0.480,0.054,242.98,2.2,0,0,0
0.816,0.068,243.84,3.6,0,0,0
1.296,0.056,237.36,5.4,0,0,17
0.994,0.116,242.11,4.2,0,0,11
0.288,0.000,241.87,1.2,0,0,1
0.328,0.118,240.07,1.4,0,2,1
0.484,0.120,246.49,2.0,0,0,0
0.170,0.138,239.52,0.8,0,1,0
0.156,0.000,241.82,0.6,0,0,0
0.404,0.156,241.13,1.8,0,0,0
1.302,0.000,238.75,5.4,0,0,18
0.474,0.168,240.22,2.2,1,0,0
1.774,0.122,235.71,8.0,0,0,18
2.384,0.000,237.24,11.0,24,0,1
0.312,0.112,242.44,1.4,0,0,0
1.382,0.060,239.06,5.8,0,0,19
0.296,0.102,239.52,1.2,0,0,0
1.604,0.164,239.64,8.2,18,1,0
0.794,0.294,242.91,3.8,0,0,5
0.328,0.198,243.00,1.6,0,2,1
1.460,0.352,242.13,6.2,0,1,19
0.454,0.196,243.34,2.0,0,0,0
0.406,0.104,241.85,2.0,0,0,1
1.326,0.000,242.59,5.4,0,0,19
0.828,0.188,239.27,3.4,0,0,1
1.768,0.316,240.88,7.6,0,2,0
0.400,0.230,241.45,1.8,0,0,0
3.776,0.190,239.35,15.8,0,1,0
0.362,0.000,241.51,1.6,0,0,0
0.268,0.000,239.07,1.2,0,0,0
0.430,0.172,239.99,2.0,0,2,0
0.270,0.098,241.11,1.2,0,1,0
1.134,0.262,244.12,4.8,0,1,1
0.160,0.144,242.47,0.8,0,1,1
0.500,0.000,245.20,2.2,0,0,0
0.402,0.140,245.39,1.8,0,0,1
3.694,0.250,242.90,15.4,0,36,18
0.358,0.060,239.90,1.6,0,0,0
0.868,0.514,241.21,5.0,0,2,1
0.466,0.046,242.99,2.0,0,1,1
0.348,0.000,242.87,1.4,0,1,0
0.218,0.000,240.72,1.0,0,0,0
0.216,0.000,238.67,1.0,0,0,0
1.334,0.078,240.88,5.4,0,2,18
0.818,0.100,238.33,4.2,0,0,7
1.660,0.190,235.82,7.0,0,0,18
1.098,0.092,245.65,4.4,0,0,0
0.478,0.116,241.41,2.0,0,0,1
0.226,0.108,242.70,1.0,0,0,1
1.070,0.342,242.49,4.6,0,2,11
0.402,0.368,241.70,2.2,0,1,0
0.410,0.334,239.88,2.2,0,1,0
0.380,0.154,240.92,1.8,0,1,1
2.266,0.050,239.39,9.4,0,0,0
0.268,0.120,242.77,1.2,0,1,1
0.386,0.216,236.37,2.0,0,0,0
3.120,0.000,241.79,12.8,1,0,18
1.480,0.000,237.34,6.2,0,0,17
3.746,0.086,238.52,15.6,0,0,17
0.352,0.102,244.00,1.4,0,1,1
0.274,0.056,243.33,1.2,0,0,0
1.590,0.068,242.78,6.4,0,0,18
0.354,0.062,242.15,1.6,0,0,0
0.306,0.110,243.27,1.2,0,1,0
0.532,0.092,241.96,2.2,0,1,0
1.788,0.260,239.63,7.4,0,2,18
1.288,0.000,237.73,5.4,0,0,1
0.798,0.000,239.92,3.2,0,2,0
0.276,0.000,245.80,1.2,0,0,0
1.244,0.102,235.99,5.2,0,0,17
1.302,0.052,239.73,5.4,0,0,18
1.510,0.126,246.65,6.0,0,0,19
1.348,0.142,245.34,5.4,0,0,1
1.370,0.072,244.55,5.6,0,0,18
1.736,0.096,244.32,7.2,0,0,1
1.978,0.222,244.17,8.0,0,1,19
1.508,0.054,240.88,6.2,0,0,0
0.904,0.258,242.01,4.0,0,0,11
0.300,0.052,246.25,1.4,0,0,0
1.956,0.156,240.04,8.6,1,2,1
1.938,0.058,241.92,8.2,0,0,18
0.306,0.224,238.74,1.6,0,1,1
0.398,0.076,241.16,1.6,0,0,0
1.808,0.110,242.22,7.4,0,0,17
1.402,0.100,239.94,5.8,0,0,18
0.274,0.000,240.18,1.2,0,0,1
0.198,0.000,245.81,0.8,0,0,0
2.816,0.386,237.73,12.6,23,0,0
2.764,0.000,237.92,11.6,1,0,18
0.230,0.084,237.66,1.0,0,0,0
2.660,0.344,240.73,11.0,0,19,18
3.008,0.094,233.22,12.8,1,0,17
0.356,0.244,241.70,1.8,0,1,1
3.596,0.538,239.64,15.2,0,1,0
0.536,0.106,247.16,2.4,0,0,0
0.168,0.048,242.59,0.8,0,0,0
1.448,0.202,240.98,6.0,0,1,19
0.382,0.058,245.36,1.8,0,0,0
2.792,0.076,239.04,11.6,38,1,0
0.208,0.000,247.25,0.8,0,0,0
0.118,0.000,243.19,0.6,0,0,0
1.450,0.060,239.35,6.0,0,0,1
2.320,0.000,239.54,9.6,0,0,18
1.304,0.062,240.49,5.4,0,0,18
2.188,0.390,239.65,9.6,0,30,1
1.734,0.048,240.59,7.2,0,0,19
0.350,0.214,239.85,1.6,0,1,0
0.240,0.098,239.09,1.0,0,1,1
0.382,0.134,242.67,1.6,0,0,1
0.194,0.118,235.72,1.0,0,0,0
0.352,0.168,238.19,1.6,0,1,0
1.422,0.138,239.82,5.8,0,0,10
3.942,0.170,240.95,16.4,38,0,18
1.360,0.062,237.68,5.6,0,0,17
0.300,0.064,244.22,1.2,0,0,0
1.966,0.112,239.82,9.0,0,23,0
0.938,0.360,240.11,4.2,0,1,9
0.208,0.136,245.57,1.0,0,2,0
0.272,0.000,243.01,1.2,0,0,1
0.292,0.074,241.63,1.2,0,0,0
0.240,0.064,235.19,1.0,0,0,0
1.276,0.160,237.05,5.4,0,1,0
1.336,0.198,238.58,5.6,0,1,17
5.034,0.138,234.43,21.4,36,0,17
0.408,0.090,234.03,2.0,0,0,0
0.172,0.000,241.39,0.8,0,1,0
0.284,0.000,246.82,1.2,0,0,1
2.758,0.124,237.87,11.8,0,25,18
0.260,0.150,241.43,1.2,0,0,1
2.720,0.000,240.93,11.2,0,0,17
0.734,0.162,243.37,3.0,0,0,0
0.432,0.246,237.92,2.2,0,1,0
2.128,0.174,239.33,8.8,0,1,18
1.126,0.090,241.37,4.6,0,2,1
1.934,0.276,240.76,8.0,1,0,11
1.044,0.412,240.39,4.6,0,0,1
1.360,0.070,240.12,5.6,0,0,18
0.290,0.252,241.34,1.6,0,1,0
0.400,0.126,247.55,1.8,0,0,1
0.392,0.236,240.13,1.8,0,1,0
1.524,0.064,241.43,6.2,0,0,19
0.750,0.000,242.41,3.6,0,0,5
0.242,0.106,240.24,1.0,0,1,1
0.186,0.130,242.78,1.0,0,1,0
0.332,0.216,241.59,1.6,0,2,1
0.166,0.000,241.11,0.8,0,0,1
0.288,0.108,241.39,1.2,0,1,0
0.278,0.000,249.13,1.2,0,0,1
0.178,0.156,242.45,0.8,0,0,0
5.018,0.000,241.12,20.8,38,0,18
0.450,0.354,243.66,2.4,0,1,1
1.286,0.108,238.33,5.4,0,0,18
3.078,0.082,233.36,13.2,0,0,17
0.320,0.114,249.99,1.4,0,0,0
1.512,0.204,238.83,6.4,0,0,18
0.210,0.106,243.10,1.0,0,0,1
0.188,0.000,242.78,0.8,0,0,1
1.372,0.186,236.41,5.8,0,0,18
0.234,0.114,242.59,1.0,0,2,0
1.444,0.220,239.64,6.0,1,2,19
0.336,0.276,242.34,1.8,0,2,1
3.030,0.096,238.90,12.6,0,0,18
1.550,0.240,239.91,6.4,0,2,18
0.336,0.104,244.21,1.4,0,0,1
0.286,0.258,242.41,1.6,0,1,0
1.522,0.298,239.37,6.4,0,1,18
0.420,0.202,239.59,2.0,0,1,0
0.206,0.084,239.16,1.0,0,0,0
0.382,0.122,244.94,1.6,0,0,1
0.314,0.130,242.08,1.4,0,0,1
0.864,0.262,243.22,3.8,0,1,0
4.274,0.238,239.90,17.8,39,2,18
0.592,0.048,239.09,2.4,0,0,0
2.536,0.426,237.52,10.8,1,2,18
0.120,0.000,238.78,0.6,0,0,0
1.420,0.188,238.30,6.0,0,0,18
2.314,0.000,231.97,10.0,0,0,0
1.354,0.210,235.24,5.8,1,0,17
0.220,0.000,243.67,1.0,0,0,0
0.208,0.078,242.67,1.0,0,0,0
2.244,0.188,241.43,9.2,0,0,19
0.138,0.000,243.38,0.6,0,0,1
1.172,0.466,241.96,5.2,0,1,12
0.384,0.172,242.18,1.8,0,1,0
0.294,0.046,241.41,1.2,0,0,1
0.198,0.108,241.15,1.0,0,1,0
3.196,0.094,241.06,13.2,0,0,29
0.642,0.178,232.07,3.0,0,1,0
1.294,0.074,236.80,5.4,0,1,18
1.342,0.000,242.94,5.4,0,0,18
0.922,0.136,242.63,3.8,0,1,1
3.304,0.228,241.86,13.6,1,0,18
0.406,0.200,239.58,1.8,0,1,0
0.300,0.082,243.67,1.2,0,0,0
0.226,0.132,240.45,1.0,0,0,0
0.222,0.000,237.53,1.0,0,0,0
1.478,0.192,241.18,6.0,0,0,19
1.108,0.196,244.43,5.0,0,0,13
0.148,0.086,241.32,0.8,0,0,1
1.242,0.000,239.26,5.2,0,0,18
1.446,0.082,244.17,5.8,0,0,0
0.684,0.062,242.00,2.8,0,0,0
0.222,0.000,243.44,1.0,0,0,0
0.220,0.000,247.58,0.8,0,0,0
0.376,0.000,241.47,1.6,0,0,0
2.068,0.234,240.55,9.6,12,0,1
0.304,0.102,237.11,1.4,0,0,0
0.684,0.260,241.83,3.0,0,2,1
0.648,0.320,238.03,3.0,0,0,0
0.426,0.204,241.21,2.0,0,0,0
1.886,0.276,239.57,8.0,0,0,19
5.588,0.072,236.62,23.6,38,0,17
0.228,0.000,245.14,1.0,0,0,0
1.400,0.090,244.96,5.6,0,0,0
0.920,0.282,241.32,4.2,0,1,0
1.316,0.106,241.70,5.8,0,0,0
1.292,0.000,239.88,5.4,0,0,18
1.100,0.000,244.60,4.4,0,1,1
0.344,0.126,243.37,1.4,0,0,0
1.352,0.076,240.52,5.6,0,0,18
0.744,0.000,244.43,3.0,0,1,1
0.656,0.308,245.83,2.8,0,1,0
1.352,0.052,239.66,5.6,0,0,18
1.384,0.074,239.39,5.8,0,0,17
1.430,0.148,241.28,5.8,0,0,18
1.458,0.348,241.38,6.2,0,1,18
0.248,0.104,241.71,1.0,0,1,1
1.522,0.252,244.34,6.2,0,0,0
1.450,0.072,244.78,5.8,0,0,18
3.526,0.000,236.01,14.8,37,0,0
0.250,0.000,243.29,1.0,0,0,0
0.274,0.000,243.98,1.2,0,0,0
0.518,0.000,242.74,2.0,0,0,0
0.396,0.212,239.42,1.8,0,1,1
0.986,0.286,243.28,4.2,0,0,12
0.270,0.216,240.20,1.4,0,2,0
0.414,0.162,242.55,1.8,0,0,0
2.054,0.238,240.24,8.6,0,0,30
0.592,0.054,242.29,2.4,0,0,0
0.180,0.000,243.04,0.8,0,0,1
0.344,0.222,243.22,1.6,0,2,1
0.248,0.046,242.83,1.0,0,0,1
1.862,0.234,242.69,7.8,0,2,0
1.384,0.086,241.70,5.6,1,2,19
0.340,0.096,244.81,1.6,0,2,0
0.506,0.208,240.47,2.2,0,0,0
2.252,0.050,241.54,9.2,0,0,18
1.812,0.276,235.64,7.8,0,0,1
2.652,0.166,239.60,11.0,0,40,1
0.604,0.102,242.45,2.6,0,0,1
1.876,0.106,242.97,7.8,0,0,0
0.244,0.072,241.73,1.0,0,1,1
1.218,0.000,235.27,5.2,0,0,17
0.950,0.394,244.77,4.2,0,0,11
2.310,0.100,238.46,9.6,0,1,18
0.502,0.210,243.27,2.2,0,0,0
1.342,0.088,240.41,5.6,0,0,19
0.182,0.098,239.94,0.8,0,0,0
1.516,0.070,240.06,6.2,0,0,18
0.330,0.252,236.68,1.6,0,1,1
0.918,0.256,240.38,4.0,0,0,12
0.166,0.000,240.78,0.6,0,0,1
1.646,0.000,240.60,6.8,0,0,0
0.234,0.000,244.59,1.0,0,0,0
1.466,0.000,240.32,6.2,0,0,19
0.322,0.120,245.73,1.4,0,0,0
2.126,0.072,238.26,8.8,0,1,18
0.274,0.112,241.70,1.2,0,0,0
1.328,0.000,239.11,5.4,1,0,17
0.346,0.072,240.75,1.4,0,0,1
1.708,0.000,241.09,7.0,0,0,18
0.664,0.156,240.51,2.8,0,1,1
1.542,0.236,232.72,6.6,1,0,16
4.186,0.504,238.08,17.6,39,0,18
1.068,0.080,242.07,4.4,0,0,0
0.300,0.000,241.79,1.2,0,0,0
0.312,0.066,244.95,1.4,0,0,0
1.402,0.172,239.94,6.0,0,0,11
3.446,0.666,235.57,14.8,1,4,18
0.238,0.084,239.84,1.0,0,2,0
1.214,0.000,240.36,5.0,0,0,18
4.084,0.238,236.82,17.2,0,1,17
2.540,0.190,236.10,10.6,37,0,0
0.268,0.098,240.19,1.2,0,0,0
0.364,0.000,240.40,1.4,0,0,0
1.234,0.106,238.91,5.4,0,0,0
1.018,0.050,240.58,4.2,0,1,0
1.418,0.214,237.93,6.0,0,1,18
1.496,0.200,243.28,6.2,0,0,19
0.864,0.154,242.80,3.6,0,0,12
1.010,0.056,244.31,4.0,0,0,0
0.298,0.110,240.45,1.2,0,1,0
1.698,0.000,242.10,7.0,0,0,18
3.464,0.170,236.03,14.6,0,1,17
2.762,0.194,239.04,11.4,0,1,18
0.606,0.198,242.90,2.8,0,2,0
0.314,0.246,242.61,1.6,0,1,1
1.628,0.000,241.05,6.8,0,3,18
1.578,0.216,243.49,6.4,0,0,18
0.232,0.000,246.16,0.8,0,0,1
2.380,0.094,241.30,9.8,0,2,19
2.096,0.198,237.96,8.8,0,1,18
0.234,0.000,242.97,1.0,0,0,0
1.310,0.000,243.99,5.4,0,0,0
2.392,0.152,238.51,10.4,0,1,17
0.518,0.116,242.47,3.2,0,0,1
0.554,0.052,243.33,2.2,0,0,0
1.212,0.104,234.81,5.2,0,0,17
0.426,0.180,242.74,1.8,0,1,0
0.312,0.098,241.87,1.4,0,0,0
1.226,0.000,238.13,5.0,0,0,18
1.590,0.288,237.71,6.8,0,2,18
1.204,0.480,240.67,5.4,0,3,1
2.560,0.160,231.28,11.0,0,0,17
0.308,0.094,239.94,1.4,0,1,0
0.258,0.162,227.40,1.2,0,1,0
1.664,0.372,242.58,7.0,0,2,18
0.258,0.076,240.50,1.2,0,0,1
0.346,0.172,240.19,1.6,0,1,1
0.294,0.048,241.92,1.2,0,0,1
2.466,0.442,239.94,11.6,16,0,12
1.396,0.208,239.94,5.8,0,1,18
0.604,0.202,241.08,2.8,0,0,0
0.312,0.090,243.09,1.2,0,1,1
0.324,0.106,240.38,1.4,0,0,1
1.370,0.080,240.36,5.6,0,0,18
0.220,0.048,241.69,1.0,0,0,0
1.412,0.172,239.93,5.8,0,2,19
0.358,0.242,242.83,1.8,0,1,1
0.316,0.122,242.52,1.4,0,0,0
0.144,0.000,241.32,0.6,0,0,1
0.250,0.138,240.40,1.2,0,0,0
1.502,0.202,237.98,6.2,0,0,18
0.428,0.056,242.51,2.0,0,0,0
0.940,0.298,236.85,4.2,0,1,11
0.162,0.056,236.33,0.8,0,0,0
1.256,0.076,239.68,5.2,0,1,1
1.296,0.072,238.32,5.4,0,0,17
3.178,0.334,234.24,13.6,0,1,0
0.216,0.000,241.48,0.8,0,0,0
0.426,0.228,243.21,2.0,0,0,1
0.320,0.084,240.59,1.4,0,1,1
2.084,0.076,239.29,9.0,0,4,18
1.474,0.204,241.54,6.0,0,1,19
1.172,0.134,239.95,4.8,0,0,1
0.466,0.080,240.90,2.0,0,0,0
1.724,0.126,239.91,7.2,1,2,18
0.292,0.104,242.80,1.2,0,0,1
0.574,0.076,239.87,2.4,0,0,0
0.314,0.000,245.37,1.2,0,0,0
0.228,0.000,242.31,1.0,0,0,0
3.104,0.054,237.64,13.0,37,0,1
1.284,0.092,241.08,5.2,0,0,19
0.252,0.112,238.83,1.2,0,0,0
0.242,0.136,241.59,1.2,0,0,1
0.452,0.228,244.51,2.2,0,1,0
0.442,0.092,240.08,1.8,0,1,1
0.286,0.128,240.35,1.4,0,0,0
1.664,0.000,239.68,7.0,0,0,0
1.656,0.062,241.10,6.8,2,0,0
0.486,0.208,236.32,2.2,0,1,0
0.314,0.146,241.61,1.4,0,0,1
0.326,0.080,235.52,1.4,0,0,0
1.278,0.000,239.84,5.2,0,0,18
0.484,0.340,241.89,2.4,0,1,0
0.684,0.080,242.48,2.8,0,2,0
2.816,0.046,241.12,11.6,0,0,18
1.050,0.268,232.22,4.6,0,1,12
2.128,0.088,244.57,8.6,0,0,18
0.292,0.000,242.88,1.4,0,0,0
0.200,0.126,236.89,1.0,0,0,0
2.692,0.200,236.26,11.4,1,0,18
0.404,0.218,244.50,1.8,0,0,0
2.702,0.198,235.13,11.4,0,0,17
1.390,0.224,238.43,5.8,0,2,18
0.250,0.000,243.37,1.0,0,0,1
1.414,0.072,237.92,5.8,2,0,18
0.196,0.096,241.61,0.8,0,2,0
0.260,0.000,246.46,1.0,0,0,0
0.208,0.000,237.39,0.8,0,0,0
0.430,0.236,244.46,2.0,0,1,1
1.000,0.000,243.11,4.0,0,0,0
0.526,0.210,235.37,2.6,0,0,0
2.594,0.078,238.65,11.0,0,0,17
0.306,0.212,240.07,1.4,0,0,1
0.886,0.000,239.60,3.6,0,0,1
1.556,0.126,240.99,6.4,0,1,18
0.082,0.000,242.93,0.2,0,0,1
2.098,0.370,240.55,8.8,0,2,30
0.194,0.120,235.23,1.0,0,0,0
1.880,0.000,238.52,7.8,0,0,18
0.254,0.000,241.95,1.0,0,0,1
2.522,0.256,232.00,10.8,0,6,17
0.626,0.082,243.42,2.6,0,0,1
0.420,0.232,241.17,2.0,1,0,1
0.532,0.134,241.41,2.2,0,0,1
0.388,0.200,241.44,1.8,0,0,0
1.400,0.066,239.05,5.8,0,2,0
0.210,0.000,241.47,0.8,0,0,0
1.358,0.200,238.33,5.6,0,0,18
5.542,0.352,233.11,23.8,1,36,27
4.440,0.082,238.25,18.6,38,0,17
0.222,0.114,235.47,1.0,0,0,0
1.882,0.098,238.67,7.8,0,0,18
0.156,0.000,242.40,0.6,0,0,1
1.408,0.088,243.77,5.8,0,0,18
1.282,0.384,243.20,5.6,0,0,1
0.210,0.114,244.14,1.0,0,0,1
1.828,0.056,238.32,7.6,0,0,18
0.122,0.000,242.26,0.6,0,0,0
0.160,0.000,240.16,0.8,0,0,1
0.308,0.068,234.33,1.4,0,0,0
3.228,0.198,237.42,13.6,1,0,17
0.124,0.000,234.84,0.6,0,0,0
0.250,0.046,247.11,1.0,0,0,0
0.334,0.252,243.92,1.6,0,2,1
1.322,0.050,241.75,5.4,0,0,18
1.336,0.048,247.49,5.4,0,0,0
1.522,0.070,238.19,6.4,0,0,1
0.082,0.000,242.95,0.2,0,0,1
0.492,0.204,241.05,2.2,0,0,0
2.090,0.090,239.59,8.6,0,0,18
1.414,0.170,240.04,5.8,0,1,17
0.326,0.098,241.22,1.4,0,1,0
0.178,0.152,241.13,0.8,0,0,1
0.354,0.062,235.17,1.4,0,0,0
1.430,0.256,242.79,6.0,0,1,1
3.760,0.248,245.03,15.2,0,0,1
0.502,0.210,237.25,2.6,0,1,0
4.488,0.284,234.47,19.2,0,1,17
1.328,0.000,239.60,5.6,0,0,18
0.450,0.156,237.60,2.0,0,0,0
1.412,0.080,244.02,5.8,0,0,19
0.404,0.300,239.94,2.0,0,1,0
0.254,0.280,242.68,1.4,0,1,1
0.706,0.176,241.33,3.4,0,1,8
1.382,0.094,240.92,5.6,0,2,1
1.520,0.196,238.48,6.4,1,1,17
1.240,0.190,245.77,5.0,0,0,11
1.514,0.146,242.41,6.2,0,0,19
1.492,0.088,243.26,6.0,1,0,19
2.168,0.000,241.33,9.0,0,0,17
0.266,0.084,240.85,1.2,0,0,0
1.592,0.000,244.20,6.6,0,0,19
0.208,0.000,237.28,0.8,0,0,0
0.204,0.106,243.19,0.8,0,0,1
1.310,0.000,240.93,5.4,0,0,19
0.248,0.000,238.52,1.0,0,0,1
0.332,0.000,242.68,1.4,0,0,0
3.472,0.096,239.71,14.4,0,0,17
1.104,0.140,244.10,4.8,1,0,0
0.328,0.084,243.36,1.4,0,1,1
1.568,0.324,244.18,6.4,0,2,18
0.240,0.000,240.78,1.0,0,0,1
0.372,0.222,242.11,1.8,0,2,0
0.160,0.000,244.12,0.6,0,0,1
1.460,0.000,238.71,6.0,0,0,18
0.386,0.298,240.14,2.0,0,1,1
0.080,0.000,240.97,0.2,0,0,0
2.988,0.488,240.82,12.4,0,0,18
0.346,0.102,241.03,1.4,0,0,1
0.516,0.258,245.71,2.4,0,1,0
6.550,0.270,234.60,27.8,37,35,0
1.898,0.266,240.53,7.8,0,1,17
0.312,0.248,242.20,1.6,0,0,1
5.836,0.102,234.33,24.8,43,0,17
1.472,0.086,247.74,5.8,0,0,19
0.194,0.000,235.31,0.8,0,0,0
3.948,0.116,239.53,16.4,1,38,17
0.436,0.274,247.21,2.0,0,1,1
0.274,0.082,238.51,1.2,0,1,0
1.386,0.000,248.60,5.6,0,0,18
0.244,0.122,238.65,1.0,0,0,1
0.546,0.000,242.77,2.6,0,0,0
2.164,0.128,236.89,9.2,1,3,18
0.362,0.142,245.09,1.6,0,0,1
3.696,0.244,240.24,15.6,0,0,18
0.568,0.092,245.39,2.2,0,0,0
1.054,0.046,238.82,4.4,0,0,1
0.290,0.096,242.20,1.2,0,1,0
3.018,0.296,240.09,12.8,0,1,18
0.290,0.102,238.49,1.2,0,0,0
2.338,0.000,229.62,10.2,1,0,16
0.334,0.244,242.65,1.6,0,0,0
0.246,0.144,243.76,1.2,0,0,0
2.040,0.152,235.52,8.6,1,0,29
2.736,0.276,238.08,11.4,38,1,0
0.246,0.248,242.42,1.4,0,2,0
2.770,0.052,237.91,11.6,0,0,17
1.934,0.000,232.69,8.2,0,0,17
0.378,0.094,244.41,1.6,0,0,1
1.384,0.000,239.24,5.8,0,0,0
3.894,0.088,239.05,16.2,1,39,17
3.546,0.216,240.06,15.0,0,0,18
0.866,0.346,243.39,3.8,0,1,0
0.312,0.204,239.72,1.6,0,1,1
0.154,0.000,242.90,0.6,0,0,1
1.712,0.252,237.52,7.2,1,5,18
0.324,0.078,240.64,1.4,0,0,0
0.386,0.280,240.64,2.0,0,3,0
1.814,0.076,244.93,7.4,0,0,18
0.328,0.088,242.00,1.4,0,0,1
2.258,0.140,237.10,9.6,2,0,17
0.122,0.000,235.67,0.6,0,0,0
1.326,0.092,239.43,5.4,0,0,18
3.702,0.294,241.27,15.4,39,1,18
1.340,0.058,239.65,5.6,0,0,17
0.340,0.216,241.90,1.6,0,1,1
0.248,0.118,238.90,1.2,0,0,1
4.152,0.096,236.26,17.6,0,37,17
0.788,0.230,243.83,3.4,0,0,1
1.358,0.070,238.02,5.6,0,2,18
0.228,0.092,240.49,1.0,0,0,1
4.714,0.062,239.43,19.6,0,0,18
0.324,0.226,238.61,1.6,0,1,0
0.214,0.076,238.56,1.0,0,0,1
1.698,0.000,239.82,7.0,1,0,1
1.540,0.206,244.84,6.2,0,0,18
1.768,0.094,238.64,7.4,0,0,18
1.388,0.066,240.09,5.8,0,0,18
0.178,0.000,235.46,0.8,0,0,0
1.330,0.076,237.50,5.6,0,0,18
1.392,0.000,238.22,5.8,0,0,18
4.208,0.328,237.95,17.6,39,0,17
0.296,0.134,242.33,1.2,0,0,0
4.154,0.216,235.19,17.8,0,23,17
1.274,0.190,242.42,5.2,0,0,1
1.480,0.274,240.31,6.2,1,2,1
1.738,0.278,241.25,7.2,0,1,18
0.894,0.058,241.38,3.6,0,1,1
0.208,0.114,234.49,1.0,0,0,0
0.370,0.000,247.15,1.6,0,0,1
0.348,0.216,242.20,1.6,0,0,1
0.224,0.000,237.28,1.0,0,0,0
0.170,0.080,231.52,0.8,0,0,0
0.316,0.102,242.01,1.4,0,0,0
0.268,0.092,237.92,1.2,0,0,1
0.202,0.114,242.21,1.0,0,0,0
0.320,0.102,241.56,1.4,0,0,0
1.246,0.046,236.85,5.2,0,0,17
0.302,0.230,241.02,1.6,0,0,0
1.380,0.060,246.32,5.6,0,0,0
0.200,0.112,241.22,1.0,0,1,0
0.296,0.066,240.89,1.2,0,0,1
1.580,0.000,242.11,6.6,0,0,18
0.206,0.090,234.82,1.0,0,0,0
0.300,0.116,240.04,1.4,0,2,1
1.162,0.000,240.94,4.8,0,0,18
0.450,0.222,241.77,2.2,0,1,0
0.390,0.100,241.09,1.8,0,0,1
0.142,0.000,244.10,0.6,0,0,0
1.254,0.266,241.46,6.4,0,0,13
0.306,0.082,246.51,1.2,0,0,0
1.112,0.334,237.73,4.8,0,0,0
1.232,0.000,239.21,5.2,0,0,0
1.432,0.104,245.74,5.8,0,1,19
0.314,0.098,244.54,1.4,0,0,0
1.700,0.084,234.41,7.2,0,0,17
0.232,0.110,236.90,1.0,0,0,1
0.608,0.070,242.88,2.4,0,0,0
2.438,0.298,239.92,10.2,0,0,18
1.362,0.132,238.60,5.6,0,0,18
0.324,0.106,241.65,1.4,0,0,0
0.226,0.000,243.03,1.0,0,0,0
0.386,0.092,239.19,1.6,0,0,0
0.388,0.136,239.37,1.6,0,1,1
1.328,0.000,240.12,5.4,0,0,19
0.362,0.134,245.38,1.6,0,0,0
1.396,0.180,245.87,5.6,0,0,1
1.594,0.050,240.67,6.6,0,0,18
0.222,0.118,240.69,1.0,0,1,1
1.328,0.046,243.71,5.4,0,0,19
0.886,0.118,241.18,3.6,0,0,12
1.272,0.000,239.16,5.2,0,0,18
0.274,0.144,244.97,1.2,0,0,0
0.268,0.066,242.91,1.2,0,0,0
0.212,0.000,244.71,0.8,0,0,0
0.266,0.000,245.78,1.0,0,0,1
0.150,0.000,244.57,0.6,0,0,0
0.332,0.104,243.84,1.4,0,1,0
1.372,0.076,239.35,5.6,0,0,18
1.522,0.220,242.37,6.2,0,1,18
3.708,0.126,226.57,16.2,0,37,17
0.256,0.000,242.35,1.2,0,0,0
0.082,0.000,241.65,0.2,0,0,1
1.298,0.124,241.62,5.4,0,1,19
0.792,0.332,239.04,4.2,0,2,6
2.214,0.386,237.39,9.4,0,1,18
1.720,0.106,235.66,7.4,0,0,1
0.468,0.182,238.07,2.0,0,0,0
2.890,0.246,241.68,12.8,0,22,18
1.296,0.000,234.17,5.4,0,0,17
4.008,0.172,237.12,16.8,37,0,18
0.238,0.066,237.41,1.0,0,0,1
0.962,0.376,243.41,4.2,0,0,11
1.390,0.200,234.34,6.0,0,1,18
0.382,0.000,242.17,1.8,0,0,0
2.272,0.098,235.07,9.6,0,0,17
0.206,0.132,240.40,1.0,0,0,0
1.568,0.066,240.71,6.4,0,0,18
1.856,0.048,239.77,7.6,0,0,0
0.252,0.132,244.65,1.2,0,0,1
0.272,0.048,245.90,1.2,0,0,1
0.386,0.202,242.20,1.8,0,0,0
1.374,0.104,239.58,5.6,0,0,17
2.416,0.114,235.11,10.2,0,34,0
1.254,0.000,240.45,5.2,0,0,0
0.924,0.000,239.68,4.4,0,0,14
3.120,0.380,238.48,13.2,1,21,1
0.178,0.000,241.61,0.8,0,1,0
0.194,0.094,243.51,0.8,0,0,1
2.844,0.180,236.05,12.0,0,0,18
2.262,0.000,236.85,9.4,0,0,18
2.630,0.000,232.95,11.2,36,2,0
1.444,0.000,239.85,6.0,0,0,19
0.656,0.000,241.36,2.6,0,0,0
0.228,0.000,243.69,1.0,0,0,0
0.400,0.054,249.68,1.8,0,0,0
0.776,0.000,244.10,3.2,0,0,0
1.700,0.194,238.87,7.2,0,0,0
0.348,0.120,242.82,1.4,0,0,1
3.098,0.730,238.14,13.2,0,0,18
2.384,0.094,241.54,9.8,0,0,0
0.344,0.046,244.85,1.4,0,0,1
3.480,0.248,243.71,14.8,0,8,19
0.368,0.232,243.15,1.8,0,1,1
0.474,0.234,241.76,2.2,0,0,0
0.584,0.072,242.85,2.4,0,0,0
1.722,0.114,240.53,7.0,0,0,19
0.222,0.092,238.16,1.0,0,1,1
0.430,0.244,243.90,2.0,0,0,0
1.610,0.320,241.73,6.8,0,1,18
1.496,0.320,241.39,6.4,0,0,0
0.440,0.240,243.91,2.0,0,0,1
0.398,0.200,239.07,2.0,0,0,1
3.298,0.334,237.15,14.0,0,31,18
1.396,0.156,245.04,5.6,0,0,0
0.458,0.238,249.30,2.0,0,2,0
0.976,0.236,241.36,4.2,0,0,0
0.278,0.000,243.16,1.2,0,0,0
2.868,0.164,240.16,11.8,0,0,19
0.326,0.094,243.17,1.4,0,0,0
0.968,0.186,243.28,4.0,0,0,12
1.346,0.098,238.19,5.6,0,0,18
2.268,0.124,238.88,9.4,0,0,0
2.396,0.186,239.90,10.0,0,0,29
0.966,0.368,240.41,4.4,0,1,11
0.320,0.206,239.28,1.6,0,0,1
0.846,0.332,241.42,3.8,0,0,11
1.678,0.212,239.27,7.0,1,1,0
0.354,0.130,245.53,1.4,0,0,1
0.348,0.124,247.28,1.4,0,1,1
0.204,0.100,239.10,1.0,0,0,0
4.128,0.000,239.13,17.4,0,0,17
3.106,0.000,238.06,13.0,22,0,18
0.914,0.000,240.42,3.8,0,0,1
0.952,0.290,241.49,4.2,0,0,13
1.676,0.000,241.89,6.8,0,1,17
0.114,0.000,241.98,0.4,0,0,0
0.594,0.102,240.19,2.4,0,0,0
3.288,0.160,238.31,13.8,38,2,0
0.556,0.294,239.86,2.6,0,2,0
1.532,0.220,239.87,6.4,1,0,18
2.174,0.070,231.85,9.4,0,0,17
0.482,0.000,242.83,2.0,0,0,1
0.242,0.000,242.22,1.0,0,0,0
1.332,0.000,243.10,5.4,0,0,18
0.156,0.000,240.41,0.6,0,0,1
1.340,0.000,238.17,5.6,0,0,0
0.398,0.176,241.02,1.8,0,2,1
0.144,0.000,243.97,0.6,0,0,1
4.486,0.290,236.36,19.0,0,0,28
0.166,0.102,240.98,0.8,0,0,0
1.728,0.244,242.11,7.2,0,0,0
1.350,0.226,240.38,5.6,0,0,18
1.498,0.194,242.18,6.2,0,1,19
2.344,0.084,240.03,9.8,0,0,18
0.256,0.126,242.82,1.2,0,0,1
0.210,0.052,236.45,0.8,0,0,0
1.512,0.180,242.45,6.2,0,0,19
2.590,0.046,238.59,10.8,0,0,18
0.200,0.050,237.63,1.0,0,0,0
2.680,0.000,244.48,11.0,0,37,0
0.322,0.106,242.95,1.4,0,0,1
0.216,0.000,241.33,0.8,0,0,0
1.596,0.168,239.86,6.6,0,2,17
0.454,0.136,243.29,2.2,0,0,0
0.310,0.080,238.62,1.2,0,1,0
0.244,0.000,243.49,1.0,0,0,1
0.292,0.000,244.94,1.2,0,0,1
1.354,0.000,238.09,5.6,0,0,18
0.322,0.232,242.87,1.6,0,1,0
1.536,0.354,240.46,6.4,0,1,18
1.446,0.000,241.87,6.0,0,0,18
0.222,0.000,246.81,0.8,0,0,0
3.540,0.444,234.95,15.4,0,22,17
0.588,0.122,239.97,2.8,0,0,0
0.322,0.238,241.73,1.6,0,1,1
0.080,0.000,240.60,0.2,0,0,1
0.288,0.220,239.49,1.4,0,1,0
1.510,0.196,242.64,6.2,0,2,18
0.224,0.000,243.56,1.0,0,0,0
1.774,0.182,233.19,7.6,0,0,16
2.560,0.194,239.72,10.6,0,1,22
1.844,0.256,235.71,7.8,0,0,1
1.406,0.072,242.31,5.8,0,0,19
0.162,0.000,235.40,0.8,0,0,0
0.310,0.062,241.94,1.2,0,1,0
0.234,0.132,243.71,1.0,0,1,1
1.442,0.192,240.68,6.0,0,1,18
2.334,0.052,239.16,10.6,0,0,18
0.406,0.222,245.86,1.8,0,0,0
0.474,0.072,241.01,2.2,0,0,0
0.184,0.072,241.51,0.8,0,0,1
1.470,0.000,234.43,9.0,0,0,0
0.828,0.066,246.48,3.6,0,0,0
0.368,0.354,242.57,2.0,0,1,1
0.470,0.000,242.65,2.2,0,0,1
2.078,0.154,241.45,8.6,0,0,30
0.602,0.000,244.05,2.4,0,0,0
0.390,0.210,243.07,1.8,0,1,1
0.218,0.000,245.76,1.0,0,0,0
2.956,0.418,235.45,12.6,38,1,1
0.142,0.000,242.77,0.6,0,0,1
0.386,0.200,236.68,1.8,0,0,0
0.206,0.058,240.33,0.8,0,0,0
1.598,0.132,232.58,6.8,0,0,0
0.430,0.046,244.02,2.0,0,0,0
0.260,0.000,244.79,1.0,0,0,1
1.892,0.454,240.91,8.4,2,0,18
2.208,0.046,239.94,9.2,0,0,18
0.206,0.000,240.85,1.0,0,0,0
2.016,0.080,239.96,8.4,1,0,17
3.756,0.000,237.53,16.2,0,28,18
0.384,0.188,240.29,1.8,0,0,0
1.732,0.186,240.85,8.4,10,1,0
0.450,0.054,241.66,2.0,1,0,0
3.654,0.256,239.82,15.4,0,18,18
1.316,0.082,238.48,5.4,0,0,18
1.348,0.000,238.37,5.6,0,0,17
0.260,0.220,236.00,1.4,0,0,0
1.414,0.206,234.76,6.0,0,0,17
0.252,0.122,241.11,1.2,0,0,0
0.264,0.000,241.66,1.2,0,0,0
2.022,0.056,234.11,8.6,0,0,0
3.504,0.000,237.21,14.6,38,0,18
0.148,0.000,239.69,0.8,0,1,0
1.274,0.102,238.93,5.2,0,1,18
0.266,0.000,244.33,1.0,0,0,1
0.450,0.220,242.57,2.0,0,0,0
0.300,0.000,246.64,1.2,0,0,1
2.500,0.000,242.86,10.2,0,0,0
1.746,0.270,239.71,7.4,0,2,18
0.658,0.076,237.15,2.8,0,0,0
2.934,0.196,240.59,12.2,0,1,18
0.212,0.000,246.63,0.8,0,0,0
1.284,0.000,240.02,5.2,0,0,18
1.446,0.104,245.14,5.8,0,0,19
0.238,0.000,245.53,1.0,0,0,1
0.386,0.206,243.44,1.8,0,1,0
1.880,0.000,237.85,7.8,0,0,18
0.802,0.250,243.54,3.4,0,0,0
0.294,0.058,248.07,1.2,0,0,0
0.886,0.050,242.12,3.6,0,1,1
2.092,0.052,240.87,8.6,1,0,18
6.076,0.408,230.36,26.4,36,2,16
3.044,0.000,239.60,12.6,0,0,17
2.450,0.118,239.30,10.2,0,0,0
1.016,0.248,243.87,4.2,0,1,0
4.646,0.366,238.95,19.4,0,1,17
0.308,0.064,242.73,1.4,0,0,1
0.220,0.000,243.04,1.0,0,0,0
2.566,0.000,236.30,11.0,0,0,18
0.236,0.116,242.40,1.0,0,1,0
0.216,0.000,240.82,0.8,0,0,0
0.234,0.000,246.22,1.0,0,0,0
2.682,0.220,238.34,11.2,37,0,0
0.252,0.000,240.78,1.0,0,0,1
0.300,0.150,243.22,1.4,0,1,0
0.322,0.070,240.98,1.4,0,2,1
0.334,0.082,241.11,1.4,0,2,0
0.368,0.144,240.90,1.8,0,0,0
1.794,0.050,239.85,7.4,0,0,18
0.352,0.074,248.20,1.4,0,1,0
3.174,0.228,237.62,13.4,38,0,0
0.176,0.150,239.94,0.8,0,0,1
0.800,0.118,240.65,3.4,1,0,1
5.834,0.098,234.50,25.0,37,0,17
1.340,0.176,232.42,5.8,0,0,17
0.292,0.076,242.29,1.2,0,0,0
2.072,0.438,239.66,8.8,0,1,29
1.310,0.138,237.53,5.6,0,0,1
0.518,0.348,243.84,2.4,0,1,1
0.386,0.338,240.33,2.0,0,1,0
0.256,0.104,242.33,1.2,0,0,0
0.342,0.074,244.20,1.4,0,0,0
0.560,0.096,242.61,2.2,0,0,1
0.126,0.060,241.78,0.8,0,0,1
0.410,0.170,236.91,1.8,0,0,0
0.228,0.000,243.43,1.0,0,0,0
1.612,0.116,244.40,6.6,1,0,19
1.902,0.000,243.42,7.8,0,0,18
1.382,0.216,236.68,6.0,0,1,1
0.242,0.000,237.06,1.0,0,0,0
0.286,0.000,244.23,1.2,0,0,1
1.392,0.000,240.54,5.8,0,0,18
0.312,0.114,244.99,1.2,0,1,1
1.492,0.128,234.93,6.4,0,0,17
0.286,0.194,240.54,1.4,0,1,0
1.670,0.000,240.36,6.8,0,0,19
0.412,0.348,241.42,2.2,0,2,0
1.726,0.096,237.08,7.2,0,0,18
0.520,0.100,237.98,2.2,0,0,0
2.024,0.156,235.50,8.6,0,0,28
0.248,0.104,240.32,1.0,0,0,1
0.316,0.084,242.47,1.4,0,0,0
0.460,0.152,241.22,2.0,0,0,0
0.232,0.000,246.38,1.0,0,0,0
3.750,0.190,239.39,15.6,1,0,18
0.238,0.000,248.03,1.0,0,0,0
1.370,0.084,239.53,5.6,0,1,18
0.622,0.000,244.14,2.6,0,0,0
0.368,0.072,244.06,1.6,0,0,0
3.508,0.056,238.14,14.6,37,0,17
2.298,0.092,237.27,9.6,0,0,1
1.684,0.000,245.79,6.8,0,0,19
2.404,0.414,237.26,10.2,0,0,1
1.724,0.170,241.10,7.2,0,0,18
0.188,0.072,234.62,0.8,0,0,0
1.526,0.060,240.65,6.2,0,0,18
0.648,0.146,242.43,2.8,0,0,1
0.650,0.000,242.34,3.0,0,0,0
0.104,0.000,237.69,0.4,0,0,0
0.496,0.116,240.01,2.4,1,0,1
0.160,0.000,238.93,0.6,0,0,1
0.388,0.212,241.39,1.8,0,0,0
0.432,0.340,242.70,2.2,0,2,1
0.226,0.000,243.22,1.0,0,0,0
3.614,0.378,244.02,15.0,0,33,19
0.456,0.092,241.53,1.8,0,1,0
0.502,0.198,240.18,2.2,0,0,0
0.284,0.110,240.65,1.4,0,0,1
1.466,0.076,237.64,6.2,0,0,17
0.274,0.120,242.96,1.2,0,1,1
1.690,0.048,239.39,7.0,0,0,18
0.412,0.080,241.32,1.8,0,0,1
2.430,0.404,234.37,11.0,33,1,0
1.366,0.224,239.03,5.8,0,1,18
0.428,0.130,245.18,2.0,0,0,0
1.538,0.192,238.91,6.4,0,0,18
2.878,0.410,238.52,12.2,0,2,17
0.222,0.000,243.98,0.8,0,0,1
0.298,0.062,241.29,1.2,0,0,0
0.418,0.182,241.10,2.0,0,2,1
2.324,0.336,236.42,10.0,0,1,21
0.216,0.096,243.28,1.0,0,0,1
1.702,0.468,240.68,7.2,2,0,18
0.214,0.000,247.23,0.8,0,0,0
0.324,0.122,241.40,1.4,0,0,0
0.264,0.190,238.05,1.4,0,1,0
0.194,0.096,238.64,0.8,0,0,0
1.214,0.332,240.18,5.2,0,0,11
0.224,0.096,238.72,1.0,0,2,0
0.354,0.098,241.92,1.6,0,0,0
0.238,0.144,244.33,1.0,0,0,0
5.598,0.388,241.21,23.2,39,27,18
0.358,0.128,244.70,1.4,0,0,1
1.584,0.252,240.92,6.6,0,0,19
0.192,0.000,240.82,0.8,0,0,1
0.224,0.000,244.87,1.0,0,0,0
4.822,0.082,238.15,20.2,0,73,0
1.594,0.100,245.22,6.4,0,0,19
1.334,0.052,238.31,5.6,0,0,18
0.794,0.148,237.67,3.4,0,3,0
0.154,0.000,242.01,0.6,0,0,0
2.138,0.128,239.70,9.0,0,2,18
0.352,0.208,241.77,1.6,0,1,0
1.574,0.308,241.31,6.6,0,2,17
1.252,0.058,239.45,5.2,0,0,18
0.244,0.000,243.54,1.0,0,0,1
1.368,0.112,241.50,5.6,0,0,18
2.158,0.086,237.51,9.0,0,0,17
0.262,0.000,237.88,1.0,0,0,1
2.412,0.054,238.25,10.0,0,0,18
1.652,0.166,241.51,6.8,0,0,18
0.216,0.000,240.78,0.8,0,0,0
1.168,0.362,242.04,5.0,0,0,12
0.278,0.000,245.56,1.2,0,0,1
0.236,0.132,240.56,1.0,0,0,1
0.326,0.000,244.87,1.4,0,0,0
0.238,0.000,240.99,1.0,0,0,0
0.290,0.092,241.85,1.2,0,0,0
0.564,0.000,237.41,2.4,0,0,0
0.244,0.152,243.55,1.2,0,0,1
2.786,0.114,237.70,11.6,1,1,18
0.444,0.252,246.85,2.0,0,2,1
1.760,0.428,239.26,7.4,1,0,18
0.104,0.000,241.68,0.4,0,0,0
1.158,0.000,237.34,5.0,0,0,0
0.356,0.114,243.56,1.4,0,0,1
0.494,0.050,243.77,2.0,0,1,0
0.418,0.238,242.23,2.0,0,0,0
0.382,0.068,241.97,1.8,0,0,0
0.500,0.200,233.07,2.4,0,2,0
0.168,0.052,238.40,0.8,0,0,0
1.094,0.060,244.16,5.2,0,0,10
0.340,0.000,243.11,1.4,1,0,0
1.778,0.188,244.06,7.2,0,2,19
3.500,0.416,240.97,14.6,0,1,19
0.080,0.000,240.64,0.2,0,0,1
2.746,0.094,239.14,11.4,0,1,18
5.646,0.280,243.11,23.8,53,0,19
0.490,0.128,242.25,2.0,2,0,0
1.526,0.048,235.39,6.4,0,0,17
0.270,0.000,241.54,1.2,0,0,0
0.204,0.000,240.71,1.0,0,0,1
1.826,0.054,238.45,7.6,1,0,18
0.736,0.310,241.83,3.4,0,1,1
1.366,0.130,238.73,5.6,0,1,17
0.314,0.200,241.30,1.4,0,1,1
2.538,0.000,239.75,10.6,0,0,18
1.676,0.072,240.75,7.0,0,0,19
0.276,0.000,240.40,1.2,0,0,0
0.098,0.000,237.78,0.4,0,0,0
1.264,0.132,239.70,5.2,0,1,0
1.710,0.234,238.14,7.4,0,1,0
0.266,0.052,236.48,1.2,0,0,0
2.184,0.192,239.21,9.0,0,1,18
1.100,0.090,237.58,4.6,0,0,0
1.388,0.082,239.73,5.8,0,0,18
1.548,0.088,236.46,6.6,0,0,0
0.352,0.256,243.13,1.8,0,0,1
0.388,0.158,247.78,1.8,0,1,0
1.414,0.234,242.08,5.8,0,1,18
5.780,0.346,235.23,24.6,38,0,0
1.528,0.232,239.78,6.4,0,0,0
0.408,0.000,243.86,1.8,0,0,0
1.744,0.332,241.85,7.2,0,0,18
1.294,0.050,239.58,5.4,0,0,18
0.428,0.094,241.76,1.8,0,0,0
2.884,0.396,238.03,12.2,0,0,0
3.938,0.082,240.23,16.6,0,1,17
2.354,0.000,239.25,9.8,0,0,0
0.324,0.182,246.63,1.6,0,2,0
0.364,0.212,245.14,1.6,0,0,1
0.344,0.106,239.19,1.4,0,0,1
2.564,0.286,238.93,11.0,1,0,0
0.322,0.000,242.61,1.4,0,0,1
0.780,0.248,240.16,3.4,0,0,11
1.704,0.000,237.31,7.2,0,0,0
0.386,0.238,244.51,1.8,0,0,0
0.682,0.334,244.14,3.0,0,1,1
0.424,0.268,240.13,2.2,0,1,0
1.656,0.000,238.05,6.8,0,0,18
0.238,0.108,243.08,1.0,0,1,0
0.412,0.090,244.22,1.8,0,0,0
1.302,0.452,238.00,5.8,0,0,1
0.530,0.000,242.34,2.2,0,0,0
1.494,0.136,240.26,6.2,0,1,19
2.770,0.080,239.51,11.6,0,1,18
0.292,0.092,240.92,1.2,0,0,0
1.434,0.176,237.58,6.0,0,0,18
0.596,0.050,239.60,2.4,0,0,0
0.370,0.054,243.12,1.6,0,0,0
0.362,0.160,246.19,1.6,0,0,1
0.296,0.104,239.55,1.2,0,0,0
0.392,0.062,240.75,1.6,0,0,0
0.304,0.090,234.38,1.2,0,0,0
0.428,0.060,240.20,1.8,0,0,0
2.778,0.436,238.45,11.8,0,0,27
2.282,0.000,237.52,9.6,0,0,0
0.306,0.204,241.01,1.4,0,0,1
2.124,0.098,244.54,8.6,0,0,1
0.458,0.060,239.22,2.2,0,0,0
1.702,0.218,236.23,7.2,0,0,12
0.294,0.000,243.45,1.2,0,0,1
3.710,0.436,238.07,15.6,0,0,27
0.350,0.156,234.82,1.6,0,1,0
0.430,0.124,245.17,1.8,0,0,0
2.578,0.262,240.90,11.6,21,0,18
0.360,0.106,246.52,1.6,0,1,0
0.082,0.000,243.46,0.2,0,0,1
0.320,0.000,238.34,1.4,2,0,0
2.636,0.096,240.99,10.8,0,1,18
0.604,0.226,238.74,2.6,1,2,0
1.604,0.252,242.63,6.6,0,1,0
1.310,0.120,240.96,5.4,1,1,0
0.346,0.078,243.46,1.6,0,0,1
0.172,0.142,241.44,0.8,0,1,0
0.368,0.112,246.11,1.6,0,0,0
1.996,0.084,239.83,8.4,0,0,18
0.730,0.264,240.76,3.2,0,1,0
1.472,0.230,238.05,6.2,0,2,0
0.170,0.142,241.88,0.8,0,2,1
1.276,0.000,238.15,5.2,0,1,18
1.354,0.196,238.95,5.6,0,0,18
1.396,0.210,238.42,5.8,0,1,18
2.024,0.092,239.65,8.4,0,0,18
0.336,0.100,248.15,1.4,0,0,0
0.336,0.000,239.78,1.4,0,0,1
1.688,0.202,239.14,7.2,0,0,0
0.374,0.176,237.42,1.6,0,0,0
1.322,0.000,242.25,5.4,0,0,18
0.270,0.070,241.58,1.2,0,0,0
0.170,0.000,240.98,0.8,0,0,1
1.396,0.188,234.77,6.0,0,0,17
0.714,0.104,239.78,3.0,0,0,0
0.404,0.092,240.70,2.0,0,0,0
0.242,0.114,241.78,1.0,0,0,0
0.372,0.000,241.69,1.6,0,0,0
1.484,0.070,243.89,6.0,0,1,0
1.776,0.000,237.57,7.6,0,1,0
1.576,0.086,238.81,6.6,0,0,18
0.424,0.350,239.11,2.2,0,1,0
0.256,0.120,240.93,1.2,0,0,1
1.960,0.164,240.58,8.4,0,27,1
0.276,0.078,240.31,1.2,0,0,1
0.196,0.000,242.53,1.0,0,0,1
1.558,0.242,238.72,6.6,1,0,18
0.386,0.112,242.68,1.6,0,0,1
1.378,0.000,242.03,5.6,1,0,18
3.066,0.134,240.61,12.6,0,0,19
0.400,0.168,242.89,1.8,0,0,1
0.316,0.084,241.65,1.2,0,1,0
0.422,0.214,241.28,1.8,0,1,1
2.112,0.090,241.40,8.6,0,0,0
0.308,0.074,244.90,1.2,0,0,1
0.600,0.104,243.30,2.4,0,0,1
0.250,0.000,247.97,1.0,0,0,1
0.274,0.102,242.36,1.2,0,0,1
1.390,0.180,239.45,5.8,0,0,19
0.212,0.082,228.30,1.0,0,0,0
0.258,0.100,243.90,1.2,0,1,1
1.728,0.326,238.02,7.4,0,1,17
0.284,0.192,239.31,1.4,0,2,1
0.658,0.058,238.92,2.8,0,0,0
0.338,0.206,240.30,1.6,0,2,0
3.638,0.084,243.00,14.8,0,2,0
0.348,0.234,242.85,1.6,0,0,1
1.636,0.134,242.41,6.6,1,0,18
0.438,0.186,239.17,2.0,0,1,1
0.270,0.210,239.69,1.4,0,1,0
0.330,0.146,241.97,1.4,0,0,0
0.166,0.144,242.78,0.8,0,1,1
1.320,0.000,242.64,5.4,0,0,19
0.360,0.122,241.37,1.6,0,0,0
0.430,0.234,244.40,2.0,0,1,0
0.148,0.000,240.22,0.6,0,0,0
1.436,0.138,242.72,5.8,0,0,18
0.282,0.214,241.93,1.4,0,0,0
1.328,0.082,240.46,5.4,0,0,17
1.362,0.000,238.41,5.6,1,0,18
0.346,0.098,243.19,1.4,0,0,1
0.570,0.116,238.64,2.4,1,0,1
3.732,0.284,233.41,16.0,37,0,16
3.638,0.298,238.23,15.4,1,18,18
1.394,0.062,240.92,5.8,0,0,18
3.192,0.080,234.77,13.6,0,0,16
0.894,0.370,240.42,4.0,0,0,1
0.136,0.000,241.41,0.6,0,0,1
0.234,0.134,242.77,1.0,0,2,1
1.298,0.066,238.96,5.4,0,1,19
1.348,0.088,237.66,5.6,0,0,17
3.526,0.224,236.23,14.8,0,36,18
0.356,0.088,241.60,1.6,0,0,1
0.318,0.116,245.70,1.4,0,1,1
0.688,0.000,248.87,2.6,2,0,0
2.952,0.176,240.35,12.2,0,1,19
2.644,0.306,237.05,11.2,0,1,18
0.264,0.104,241.31,1.2,0,1,0
0.370,0.000,240.97,1.6,0,0,1
0.352,0.090,243.25,1.6,0,0,0
0.324,0.112,243.45,1.4,0,0,0
1.038,0.274,239.99,4.4,0,2,1
0.414,0.204,242.27,1.8,0,0,0
1.244,0.064,237.92,5.2,0,0,18
0.380,0.108,243.26,1.6,0,0,0
1.018,0.078,240.89,4.2,0,0,0
2.332,0.148,230.48,10.0,36,0,0
0.434,0.206,235.75,2.2,0,1,0
0.206,0.098,238.08,1.0,0,0,0
1.508,0.080,240.12,6.2,0,0,19
0.888,0.198,238.64,3.8,0,1,0
3.578,0.000,237.26,15.0,38,0,17
3.626,0.128,244.83,14.8,0,44,1
1.542,0.286,241.70,6.4,1,1,19
0.234,0.000,243.88,1.2,0,0,1
0.322,0.112,244.40,1.4,0,2,0
0.940,0.000,238.03,4.0,0,0,0
0.266,0.068,239.95,1.2,0,0,0
0.326,0.090,243.93,1.4,0,0,0
0.326,0.138,242.66,1.4,0,1,0
1.486,0.224,240.86,6.2,0,1,19
0.334,0.222,240.06,1.6,0,0,1
1.454,0.184,240.63,6.0,0,1,19
0.258,0.000,240.25,1.0,0,0,0
3.180,0.120,238.62,13.4,1,0,17
1.494,0.200,235.46,7.8,17,0,0
1.366,0.070,240.38,5.6,0,0,17
1.348,0.084,237.25,5.6,0,0,18
0.378,0.110,243.55,1.6,0,0,1
0.222,0.110,240.20,1.0,0,0,1
0.224,0.000,243.15,1.0,0,0,0
2.328,0.000,239.89,9.6,0,0,18
0.328,0.220,240.33,1.6,0,0,1
0.404,0.346,240.43,2.2,0,2,1
2.260,0.054,241.25,9.4,0,0,0
1.006,0.216,242.47,4.2,0,1,11
0.080,0.000,239.83,0.2,0,0,0
2.910,0.238,240.66,12.2,0,0,19
0.400,0.336,241.91,2.0,0,2,0
0.728,0.072,245.27,3.0,0,1,0
0.700,0.246,235.09,3.4,0,0,8
1.382,0.076,240.71,5.6,0,0,18
0.218,0.066,237.56,1.0,0,0,0
0.622,0.000,245.86,2.6,0,0,0
0.346,0.000,240.37,1.6,0,1,0
1.188,0.000,240.41,4.8,0,0,17
0.236,0.000,242.65,1.0,0,0,0
0.232,0.000,244.13,1.0,0,0,0
0.906,0.000,243.48,3.6,0,0,0
1.244,0.084,237.56,5.2,0,0,18
0.276,0.066,246.64,1.2,0,0,1
0.292,0.080,240.76,1.2,0,0,0
0.332,0.108,246.33,1.4,0,0,0
2.098,0.060,232.13,9.0,0,0,16
2.380,0.178,238.00,10.4,1,0,18
1.370,0.048,245.85,5.4,0,0,19
1.634,0.264,241.34,6.8,0,1,18
0.450,0.180,244.06,2.0,0,0,0
4.172,0.286,234.58,17.8,0,0,17
0.884,0.136,244.71,3.8,0,0,4
0.402,0.060,238.29,2.0,0,0,0
0.286,0.000,242.94,1.2,0,0,0
1.654,0.304,241.22,7.0,0,1,18
0.206,0.052,236.45,0.8,0,0,0
2.732,0.334,240.79,11.4,0,40,1
0.216,0.000,240.97,0.8,0,0,0
0.198,0.158,242.64,1.2,0,0,1
1.512,0.282,242.50,6.2,0,1,18
1.620,0.230,235.62,7.0,0,0,23
1.264,0.000,231.25,5.4,0,0,17
0.468,0.294,241.24,2.2,0,2,0
0.236,0.122,240.89,1.0,0,2,0
0.412,0.182,240.28,1.8,0,2,0
2.060,0.192,241.29,8.6,0,0,18
0.160,0.000,240.75,0.6,0,0,0
0.424,0.064,246.22,1.8,0,0,0
0.970,0.060,237.90,4.0,0,0,0
0.260,0.000,241.57,1.0,0,0,0
2.592,0.052,240.73,10.6,38,0,0
0.220,0.000,244.64,0.8,0,0,0
0.306,0.086,240.33,1.4,0,0,1
0.316,0.100,242.64,1.4,0,2,0
4.824,0.182,234.09,20.6,0,71,0
0.266,0.000,244.85,1.2,0,0,0
1.422,0.066,239.37,5.8,0,0,0
2.928,0.250,236.50,12.6,1,25,17
0.430,0.218,238.62,2.0,0,0,0
0.328,0.090,246.32,1.4,0,0,0
1.476,0.152,246.06,6.0,0,0,18
1.392,0.082,241.13,5.8,0,0,18
1.426,0.052,239.55,6.0,0,0,0
0.344,0.254,243.30,1.8,0,1,1
1.208,0.000,242.40,5.0,0,0,18
0.254,0.114,241.73,1.2,0,0,1
1.694,0.362,238.89,7.2,0,0,18
1.726,0.254,235.56,7.4,0,5,17
3.754,0.196,239.05,15.6,38,0,7
0.748,0.064,238.00,3.2,0,0,0
0.262,0.000,243.65,1.2,0,0,0
1.600,0.054,236.32,6.8,0,0,18
0.208,0.106,242.45,1.0,0,0,0
0.278,0.240,238.73,1.4,0,1,0
0.156,0.000,242.37,0.6,0,0,1
1.330,0.140,242.30,5.4,0,0,19
0.372,0.098,242.80,1.6,0,0,1
0.310,0.118,239.93,1.4,0,0,0
1.172,0.110,247.26,4.8,0,0,0
0.278,0.000,240.93,1.2,0,0,0
1.154,0.542,241.19,5.2,0,1,13
1.590,0.000,239.54,6.6,0,1,0
0.352,0.368,243.60,2.0,0,1,0
0.138,0.000,242.93,0.6,0,0,1
0.780,0.072,242.07,3.2,0,0,0
0.252,0.000,241.72,1.0,0,0,1
2.120,0.076,239.31,8.8,2,0,18
1.796,0.202,238.50,7.6,0,0,18
0.316,0.230,241.11,1.6,0,0,0
1.346,0.000,241.64,5.6,0,0,18
1.546,0.194,233.20,6.6,0,0,17
0.274,0.070,244.70,1.2,0,0,0
0.270,0.278,241.79,1.6,0,2,0
0.414,0.232,240.58,1.8,0,1,0
1.480,0.000,232.82,6.2,0,1,18
0.266,0.000,244.88,1.0,0,0,1
1.532,0.068,234.58,6.4,0,0,17
0.236,0.142,243.64,1.0,0,0,0
0.312,0.110,244.30,1.4,0,0,0
0.438,0.144,244.31,2.0,0,1,0
1.280,0.370,242.88,5.4,0,1,0
0.364,0.130,243.51,1.6,0,0,1
2.102,0.170,232.53,9.0,0,1,17
0.226,0.060,248.79,1.0,0,0,0
1.480,0.208,237.40,6.4,0,0,20
1.366,0.072,240.11,5.6,0,0,18
0.268,0.000,244.57,1.0,0,0,1
1.416,0.000,245.28,5.8,0,0,18
0.182,0.156,242.35,1.0,0,0,0
1.590,0.186,239.00,6.6,0,0,17
0.156,0.000,242.74,0.6,0,0,0
0.304,0.088,233.43,1.4,0,0,0
4.280,0.184,233.45,18.2,0,0,16
1.510,0.000,247.77,6.0,0,0,19
0.376,0.082,244.78,1.6,0,0,0
2.818,0.066,238.00,11.8,0,1,17
0.362,0.100,243.68,1.6,0,0,1
0.156,0.000,241.47,0.6,0,0,1
2.712,0.302,240.89,11.6,0,1,18
1.330,0.078,238.31,5.6,0,0,0
3.672,0.092,233.44,15.8,0,1,16
0.246,0.124,242.17,1.2,0,2,1
2.094,0.282,240.40,9.2,1,17,0
2.342,0.092,238.45,9.8,0,0,18
0.610,0.100,236.86,2.6,0,0,0
1.516,0.000,241.93,6.2,0,0,18
0.300,0.226,240.89,1.6,0,0,0
0.534,0.066,239.13,2.4,0,0,0
1.478,0.198,241.11,6.2,0,0,17
0.330,0.080,240.92,1.4,0,0,0
0.288,0.000,242.30,1.2,0,0,0
1.416,0.048,237.37,5.8,0,0,17
0.434,0.252,241.29,2.0,0,0,1
1.332,0.098,241.36,5.4,0,1,18
0.656,0.078,239.18,2.6,0,0,0
0.340,0.000,245.46,1.4,0,0,1
3.382,0.264,237.29,14.4,0,20,18
4.236,0.274,237.20,17.8,1,3,1
0.882,0.048,241.81,3.6,0,0,1
0.218,0.000,241.99,0.8,0,0,0
1.540,0.168,242.63,6.4,0,0,1
1.646,0.126,239.76,7.0,1,1,21
0.318,0.114,244.05,1.4,0,0,0
0.250,0.000,246.79,1.0,0,0,0
1.668,0.208,231.69,7.2,0,0,17
2.708,0.196,241.72,11.2,39,1,1
0.228,0.000,244.42,1.0,0,0,0
1.772,0.000,236.30,7.4,0,1,0
0.326,0.108,242.79,1.4,0,0,0
0.234,0.244,241.23,1.4,0,2,1
1.258,0.106,239.26,5.2,0,2,18
0.472,0.066,240.84,2.4,0,0,0
0.574,0.210,239.10,2.6,0,2,1
0.224,0.000,241.20,1.0,0,0,0
0.486,0.222,245.76,2.2,0,0,1
0.570,0.122,244.55,2.4,0,0,1
1.306,0.102,239.83,5.6,0,0,0
7.250,0.624,232.60,31.6,55,1,27
1.508,0.192,238.94,6.2,0,0,18
0.544,0.230,240.65,2.4,0,0,0
0.344,0.060,246.70,1.4,0,0,1
1.326,0.126,239.63,5.4,0,0,18
0.156,0.116,237.45,0.8,0,0,1
0.766,0.118,242.08,3.2,0,0,0
1.974,0.000,239.32,8.2,0,0,18
1.136,0.252,238.99,5.0,0,0,7
0.462,0.338,239.73,2.4,0,2,0
1.432,0.000,240.04,6.0,0,0,0
0.080,0.000,239.46,0.2,0,0,1
0.336,0.114,233.24,2.0,0,0,0
0.556,0.000,243.38,2.4,0,0,1
0.338,0.236,240.85,1.6,0,2,0
0.396,0.190,243.19,1.8,0,1,1
0.276,0.000,242.93,1.2,0,0,0
0.474,0.142,240.23,2.0,0,0,0
0.190,0.000,246.07,0.8,0,0,1
1.470,0.138,240.32,6.2,0,1,19
1.304,0.000,241.00,5.4,0,0,19
1.362,0.062,240.74,5.6,0,0,18
0.372,0.246,240.96,1.8,0,2,1
0.314,0.098,244.29,1.4,0,0,0
0.358,0.144,246.22,1.6,0,0,0
1.236,0.000,242.35,5.0,0,0,18
0.262,0.066,238.24,1.2,0,1,0
2.196,0.078,239.19,9.2,0,0,18
1.342,0.000,244.86,5.4,0,0,19
0.300,0.128,245.38,1.4,0,2,0
0.768,0.098,239.61,3.4,0,0,1
0.496,0.364,240.42,2.6,0,1,1
1.488,0.072,244.76,6.0,0,0,19
2.298,0.412,240.99,9.6,0,1,28
0.364,0.088,244.34,1.6,0,0,0
0.144,0.000,240.36,0.6,0,0,1
4.034,0.256,231.78,17.4,37,0,17
0.904,0.524,240.83,4.2,0,2,1
1.700,0.068,240.20,7.0,0,0,19
4.154,0.052,237.47,17.6,0,26,17
2.864,0.070,238.91,12.0,1,1,17
0.248,0.158,240.80,1.2,0,0,1
0.276,0.136,240.64,1.2,0,1,0
0.216,0.096,241.17,1.0,0,1,1
0.358,0.226,242.62,1.8,0,1,1
0.280,0.068,244.92,1.2,0,0,0
0.316,0.218,240.73,1.6,0,0,1
0.326,0.086,243.63,1.4,0,0,1
2.066,0.000,239.88,8.6,0,0,18
0.338,0.120,246.86,1.4,0,0,0
2.144,0.438,241.39,9.0,0,1,1
1.452,0.000,236.19,6.2,0,0,17
0.282,0.000,241.32,1.4,0,0,1
0.284,0.058,241.44,1.2,0,0,0
1.732,0.050,237.17,7.2,0,0,17
0.344,0.278,241.89,1.8,0,1,1
0.314,0.254,244.78,1.6,0,2,0
3.104,0.296,236.84,14.0,21,0,17
1.324,0.072,240.08,5.4,0,0,18
1.342,0.082,236.81,5.6,0,0,17
3.626,0.558,244.35,15.4,10,5,19
0.290,0.094,242.18,1.2,0,0,1
0.600,0.082,239.61,2.4,0,0,1
2.762,0.356,238.20,12.4,1,11,19
1.178,0.232,242.92,4.8,1,0,12
1.826,0.202,238.45,7.8,0,1,18
0.328,0.208,241.77,1.6,0,2,0
0.246,0.000,243.19,1.2,0,0,0
2.888,0.268,240.91,12.2,0,26,18
0.756,0.414,240.52,3.6,0,1,1
1.266,0.064,238.09,5.2,0,0,18
0.330,0.106,242.93,1.4,0,0,0
0.676,0.302,242.59,3.4,0,0,6
2.436,0.168,241.56,10.4,0,28,0
1.790,0.058,247.31,7.2,0,0,20
1.240,0.000,240.06,5.0,0,0,18
0.268,0.118,239.13,1.2,0,0,1
1.380,0.516,244.38,6.0,0,1,12
0.418,0.080,245.72,1.8,0,0,0
1.962,0.152,238.23,8.2,0,18,1
0.474,0.148,244.81,2.2,1,0,0
0.820,0.220,244.81,3.4,0,2,0
0.256,0.000,235.04,1.0,0,0,0
1.924,0.084,239.24,8.0,0,0,0
1.186,0.068,238.45,5.2,0,0,0
4.622,0.066,240.31,19.6,0,29,17
0.386,0.058,244.80,1.6,0,0,0
1.248,0.000,239.92,5.2,0,0,18
3.808,0.368,231.24,16.4,36,1,17
0.136,0.000,239.33,0.6,0,0,1
1.448,0.182,241.55,6.0,0,0,1
1.264,0.104,236.88,5.2,0,2,18
1.226,0.000,238.96,5.0,0,0,18
1.558,0.046,238.76,7.0,0,1,15
1.642,0.086,238.33,6.8,1,0,1
0.150,0.000,242.27,0.6,0,0,0
0.216,0.000,243.87,1.0,0,0,0
0.212,0.000,248.20,0.8,0,0,0
1.664,0.128,242.32,6.8,0,4,18
0.104,0.000,238.51,0.4,0,0,0
0.310,0.066,244.88,1.4,0,0,0
0.842,0.342,242.71,3.8,0,0,0
0.514,0.338,242.71,2.4,0,2,1
1.392,0.182,241.61,5.8,0,0,19
0.966,0.222,244.95,4.0,1,0,0
0.192,0.088,234.70,0.8,0,1,0
1.404,0.070,245.62,5.6,0,2,19
0.396,0.210,236.50,1.8,0,1,0
0.328,0.112,243.50,1.4,0,0,0
0.488,0.096,243.76,2.0,0,1,1
0.212,0.000,241.99,0.8,0,0,0
0.328,0.088,241.76,1.4,0,2,1
0.082,0.000,242.54,0.2,0,0,1
0.278,0.050,236.36,1.2,0,0,0
2.182,0.158,236.09,9.2,0,0,17
2.676,0.050,238.68,11.2,0,0,18
0.596,0.184,243.16,2.6,0,1,1
0.236,0.000,241.81,1.0,0,0,0
1.020,0.000,243.79,4.2,0,0,0
1.462,0.344,238.96,6.2,1,1,17
1.452,0.176,240.41,6.0,0,0,18
0.208,0.052,243.06,0.8,0,0,0
0.464,0.238,241.06,2.2,0,1,1
0.384,0.194,242.23,1.8,0,0,0
3.232,0.062,239.76,13.4,0,0,19
1.408,0.000,240.26,5.8,0,0,19
2.658,0.342,238.45,11.2,0,0,18
1.274,0.090,236.87,5.4,0,0,18
2.186,0.224,238.90,9.2,0,0,30
1.680,0.198,240.35,7.0,1,0,1
0.356,0.056,244.08,1.6,0,1,0
0.264,0.000,243.27,1.0,0,0,1
1.446,0.192,236.26,6.0,1,1,17
0.352,0.332,241.09,2.0,0,1,0
1.568,0.000,240.12,6.4,0,0,18
1.550,0.066,244.94,6.2,0,0,19
1.524,0.242,243.54,6.2,0,2,19
0.310,0.084,238.30,1.4,0,0,0
1.174,0.052,239.72,4.8,2,0,1
0.414,0.168,243.04,1.8,0,0,1
1.294,0.140,234.56,5.4,0,0,18
0.404,0.128,243.66,1.8,0,0,1
0.354,0.094,243.45,1.4,0,0,1
0.776,0.000,240.04,3.2,0,0,1
0.388,0.096,243.87,1.6,0,0,0
3.686,0.066,236.14,15.6,0,0,17
1.886,0.216,239.08,7.8,0,0,18
0.078,0.000,237.62,0.2,0,0,0
0.310,0.124,246.00,1.4,0,2,0
1.510,0.202,241.78,6.2,0,0,18
1.346,0.052,243.67,5.4,0,0,18
0.142,0.000,241.73,0.6,0,1,0
4.258,0.338,244.55,17.8,0,0,19
0.524,0.354,248.23,2.6,0,1,0
0.562,0.000,246.81,2.4,0,0,0
0.404,0.124,241.65,1.6,0,1,0
0.478,0.074,242.71,2.0,0,0,0
0.422,0.126,238.28,2.0,0,0,1
1.710,0.266,239.36,7.2,0,1,0
2.122,0.000,243.79,8.6,0,1,18
0.288,0.100,240.79,1.4,0,0,1
0.900,0.184,240.12,3.8,0,0,12
0.346,0.128,240.60,1.6,0,0,1
1.540,0.000,238.88,6.4,0,0,0
0.236,0.112,242.45,1.0,0,0,0
0.998,0.298,244.85,4.2,0,0,12
1.882,0.252,238.70,7.8,0,0,1
1.530,0.072,238.87,6.4,0,0,18
0.350,0.128,243.30,1.6,0,0,0
1.198,0.000,234.21,5.0,0,0,17
0.278,0.220,240.52,1.4,0,2,0
0.458,0.216,241.58,2.2,0,1,1
0.326,0.242,241.79,1.6,0,1,0
0.264,0.272,240.40,1.4,0,2,0
0.218,0.000,243.73,1.0,0,0,0
1.462,0.232,240.93,6.0,0,2,18
0.194,0.082,237.31,0.8,0,0,0
0.274,0.058,232.19,1.2,0,0,0
3.758,0.294,235.24,16.0,37,1,18
1.382,0.088,240.61,5.6,0,0,18
1.292,0.000,241.77,5.2,0,0,0
1.652,0.318,240.08,7.0,0,2,18
0.430,0.194,240.63,1.8,0,0,1
0.490,0.180,241.98,2.2,0,1,0
0.396,0.080,242.25,1.6,0,1,1
0.906,0.290,245.39,3.8,0,1,0
0.146,0.000,242.48,0.6,0,0,1
1.698,0.000,241.06,7.0,0,0,19
0.388,0.200,241.40,1.8,0,0,0
1.230,0.048,240.48,5.0,0,0,18
0.252,0.090,241.87,1.2,0,1,1
1.674,0.062,239.75,7.0,0,2,19
0.222,0.000,242.35,0.8,0,0,0
0.256,0.000,238.35,1.0,0,0,0
2.396,0.000,241.70,9.8,0,0,0
3.024,0.412,231.38,13.4,0,6,17
0.206,0.100,240.34,0.8,0,1,1
0.486,0.212,240.76,2.2,0,0,1
0.244,0.100,241.05,1.0,0,2,1
0.336,0.104,240.04,1.6,0,0,0
0.796,0.354,242.37,3.6,0,2,1
0.292,0.074,245.63,1.2,0,0,0
1.378,0.128,241.00,5.8,0,0,0
1.664,0.150,242.57,6.8,0,0,18
0.450,0.178,240.80,2.0,0,0,0
1.356,0.000,244.75,5.4,0,0,18
0.320,0.000,244.00,1.4,0,0,1
0.242,0.000,246.06,1.0,0,0,0
2.370,0.046,237.46,10.0,1,0,18
1.448,0.000,236.36,6.0,1,0,0
0.196,0.124,237.41,1.0,0,0,0
2.440,0.396,242.44,10.2,0,1,19
1.342,0.000,245.19,5.4,0,0,19
0.302,0.000,247.50,1.2,0,0,0
1.862,0.060,240.35,7.8,0,0,18
0.710,0.234,243.08,3.0,0,0,0
0.376,0.220,241.70,2.0,0,1,1
0.398,0.244,243.60,1.8,0,1,0
0.294,0.120,240.52,1.4,0,0,0
0.592,0.288,238.86,2.8,0,0,1
1.712,0.122,239.82,7.0,0,0,17
0.364,0.194,240.75,1.6,0,2,1
0.272,0.000,242.73,1.2,0,0,0
0.390,0.194,243.05,1.8,0,0,0
0.256,0.000,245.07,1.0,0,0,0
1.240,0.000,238.03,5.2,0,0,0
2.366,0.114,237.25,10.2,0,0,17
0.264,0.000,238.11,1.2,0,0,0
1.594,0.238,240.47,6.6,0,0,18
0.784,0.292,245.61,3.4,0,1,1
1.888,0.000,241.51,7.8,0,0,18
2.138,0.266,236.42,9.0,0,0,0
0.328,0.058,242.40,1.4,0,0,0
1.470,0.124,240.38,6.0,0,0,18
0.932,0.216,238.98,4.0,0,0,0
2.138,0.450,237.29,9.2,0,1,28
0.852,0.124,241.92,3.8,0,0,8
1.014,0.232,240.30,4.2,0,2,1
1.820,0.180,240.84,7.6,0,1,18
0.190,0.068,238.33,0.8,0,0,0
0.374,0.078,249.74,1.6,0,2,0
1.424,0.126,240.63,5.8,0,0,19
1.644,0.320,241.48,6.8,0,1,18
2.070,0.124,239.09,8.6,0,0,18
0.304,0.232,242.74,1.6,0,1,0
1.364,0.242,238.62,5.8,0,0,3
1.226,0.000,240.81,5.0,0,0,18
0.316,0.000,246.56,1.2,0,0,0
0.348,0.066,244.31,1.4,0,1,0
0.314,0.128,246.40,1.4,0,0,0
0.288,0.122,244.33,1.2,0,0,0
0.542,0.204,244.23,2.4,0,2,0
1.774,0.070,239.42,7.4,0,0,18
1.272,0.100,240.08,5.2,0,1,17
1.442,0.000,243.31,5.8,0,0,18
1.514,0.068,237.88,6.4,0,2,18
0.734,0.212,237.07,3.2,1,1,1
0.968,0.224,240.76,4.0,1,0,0
0.280,0.126,241.17,1.2,0,0,1
0.652,0.198,238.97,2.8,0,1,0
0.176,0.156,242.06,0.8,0,0,1
0.156,0.000,243.10,0.6,0,0,0
2.192,0.046,244.31,8.8,0,0,18
0.208,0.108,242.51,1.0,0,0,1
0.456,0.258,241.73,2.4,0,1,0
0.092,0.000,241.98,0.6,0,0,1
0.288,0.204,239.00,1.4,0,2,0
0.080,0.000,240.23,0.2,0,0,1
1.390,0.000,239.60,5.8,0,0,19
0.398,0.234,238.83,2.0,0,2,1
0.312,0.222,240.13,1.6,0,0,1
0.230,0.058,243.48,1.0,0,0,0
0.408,0.378,243.14,2.2,0,1,1
0.550,0.254,242.06,2.4,0,0,1
1.708,0.058,236.53,7.2,0,0,18
1.544,0.056,237.73,6.4,2,0,18
0.226,0.114,237.71,1.0,0,0,0
3.754,0.362,233.66,16.2,0,37,0
0.308,0.110,238.94,1.4,0,0,0
1.830,0.000,243.14,7.4,0,0,18
1.766,0.162,241.70,7.2,0,0,18
0.222,0.108,240.39,1.0,0,1,1
0.304,0.094,245.01,1.2,0,1,0
3.818,0.270,237.28,16.0,38,1,17
0.148,0.000,238.73,0.6,0,0,0
0.692,0.208,243.27,3.0,0,1,0
0.330,0.124,244.12,1.4,0,0,0
0.316,0.260,241.06,1.6,1,0,1
0.340,0.000,243.07,1.6,0,0,0
0.240,0.074,243.68,1.0,0,0,0
0.542,0.082,242.54,2.4,0,0,0
1.580,0.000,236.25,6.6,0,0,0
2.068,0.050,233.85,8.8,0,1,16
0.526,0.172,243.16,2.2,0,4,1
2.498,0.120,238.03,10.4,0,0,18
1.372,0.092,242.26,5.6,0,0,0
0.368,0.232,243.24,1.8,0,0,1
0.166,0.000,241.23,0.8,0,0,0
0.228,0.052,247.83,1.0,0,0,0
1.282,0.106,234.97,5.4,0,0,17
0.338,0.214,243.88,1.6,0,1,1
0.286,0.206,239.99,1.4,0,0,1
1.554,0.046,241.67,6.4,0,0,18
1.388,0.106,241.09,5.6,0,0,18
2.988,0.482,237.77,12.6,0,2,18
1.156,0.000,238.22,4.8,0,0,17
1.458,0.208,242.69,6.0,0,2,19
0.464,0.000,240.96,2.2,1,1,1
3.932,0.270,239.78,16.4,39,2,19
0.354,0.078,242.27,1.4,0,0,0
1.300,0.000,237.61,5.4,0,0,17
0.392,0.244,236.86,1.8,0,0,0
0.676,0.112,240.46,2.8,0,0,1
0.136,0.000,235.56,0.6,0,1,0
1.306,0.000,242.41,5.4,0,0,18
0.398,0.246,242.70,1.8,0,1,0
3.072,0.000,241.50,12.8,0,1,17
1.616,0.132,240.24,6.8,0,2,19
0.618,0.138,236.67,2.8,0,1,1
0.322,0.048,243.04,1.2,0,0,0
2.976,0.162,238.94,12.6,0,0,9
0.250,0.050,245.69,1.0,0,0,1
0.156,0.000,238.85,0.6,0,0,0
1.364,0.088,238.97,5.6,0,0,18
0.354,0.120,245.18,1.4,0,2,1
0.172,0.000,244.35,0.6,0,0,0
1.540,0.256,240.17,6.4,0,2,0
2.284,0.048,241.61,9.4,1,0,18
1.850,0.000,238.77,7.6,2,0,18
1.434,0.000,242.29,5.8,0,0,18
0.258,0.060,239.32,1.2,0,0,1
2.520,0.252,241.43,10.4,0,0,18
0.434,0.222,241.70,2.0,0,0,1
0.206,0.000,242.64,0.8,0,0,0
0.304,0.208,238.82,1.4,0,0,0
0.110,0.000,239.30,0.4,0,0,0
1.480,0.070,242.79,6.0,0,0,18
5.208,0.348,229.95,22.6,36,0,16
2.336,0.084,238.54,9.8,0,0,17
1.374,0.190,238.33,5.8,0,0,12
1.326,0.260,231.41,5.8,0,1,16
1.334,0.000,242.01,5.4,0,0,18
0.308,0.060,242.90,1.2,0,0,0
0.416,0.218,247.39,1.8,0,1,1
0.500,0.000,242.82,2.0,0,0,0
2.344,0.206,233.07,10.0,1,0,18
0.222,0.000,241.33,1.0,0,0,1
0.770,0.122,241.30,3.2,0,0,1
1.494,0.062,247.26,6.0,0,0,19
0.342,0.098,249.05,1.4,0,0,1
0.404,0.180,240.27,1.8,0,1,1
0.610,0.000,241.35,2.4,0,0,1
0.464,0.274,241.98,2.2,0,1,0
0.574,0.046,242.47,2.4,0,0,0
0.424,0.100,241.88,1.8,0,0,1
3.732,0.080,235.07,16.2,2,0,17
1.326,0.328,244.21,5.6,0,0,0
0.432,0.000,241.20,1.8,0,0,0
0.508,0.088,244.34,2.2,0,0,0
3.328,0.000,239.42,13.8,0,0,17
0.162,0.000,240.15,0.8,0,0,1
1.262,0.000,239.51,5.2,0,0,19
0.246,0.060,243.79,1.0,0,0,0
0.468,0.346,241.34,2.4,0,1,0
1.386,0.210,234.95,5.8,1,0,17
0.956,0.268,242.07,4.0,0,0,12
2.150,0.302,238.22,9.0,0,0,28
0.414,0.114,240.16,1.8,0,0,0
1.934,0.286,237.37,8.2,1,1,18
0.170,0.058,238.09,0.8,0,0,0
4.212,0.000,238.15,17.6,0,0,17
0.406,0.128,248.02,1.8,0,1,0
0.250,0.000,245.24,1.2,0,0,0
0.400,0.236,243.47,1.8,0,1,0
0.322,0.218,241.63,1.6,0,0,0
0.224,0.114,244.94,1.0,0,0,1
1.014,0.282,246.15,4.2,0,0,1
1.368,0.234,241.63,5.6,0,1,18
1.524,0.222,237.05,6.4,0,2,0
0.784,0.058,238.03,3.2,0,0,0
0.204,0.000,246.37,0.8,0,0,0
1.312,0.054,243.30,5.4,0,0,0
0.238,0.000,246.38,1.0,0,0,0
0.248,0.138,241.26,1.2,0,1,1
0.508,0.206,238.42,2.2,1,0,0
0.228,0.000,246.35,1.0,0,0,0
3.374,0.086,229.44,15.2,28,0,16
0.742,0.074,241.27,3.0,0,0,1
0.206,0.132,239.66,1.0,0,0,0
1.320,0.000,241.58,5.4,0,0,18
0.202,0.000,241.47,1.0,0,1,1
0.402,0.168,241.14,1.8,0,0,1
1.302,0.000,236.68,5.4,0,0,17
1.450,0.092,247.97,5.8,0,0,19
0.606,0.254,242.22,2.8,0,0,1
0.152,0.000,235.51,0.6,0,0,0
0.426,0.192,240.27,2.0,0,0,1
0.230,0.000,245.02,1.0,0,0,0
2.600,0.398,237.86,11.0,0,1,17
0.410,0.382,241.87,2.2,0,1,1
0.590,0.046,237.60,2.4,0,0,1
0.338,0.130,243.74,1.4,0,0,1
0.808,0.000,237.04,3.4,0,0,0
0.342,0.204,241.04,1.6,0,0,0
1.436,0.088,232.56,6.2,0,0,17
0.340,0.104,241.28,1.4,0,0,1
0.232,0.088,240.44,1.0,0,0,1
0.392,0.108,247.22,1.6,0,0,1
3.430,0.000,231.06,14.8,37,0,17
0.242,0.000,240.31,1.0,0,0,0
0.242,0.128,240.28,1.2,0,1,1
3.168,0.280,235.39,13.6,5,1,18
1.340,0.000,240.48,5.6,0,0,18
0.308,0.232,242.52,1.6,0,0,0
0.268,0.000,242.05,1.2,0,1,0
1.472,0.046,237.08,6.2,0,0,17
1.268,0.000,236.86,5.2,0,0,17
1.598,0.000,237.02,6.6,0,0,17
1.866,0.000,240.29,7.6,0,0,18
0.328,0.188,242.13,1.6,0,1,1
0.362,0.204,243.70,1.8,0,1,0
0.626,0.048,247.67,2.6,0,0,0
0.340,0.224,242.17,1.6,0,2,1
1.542,0.102,243.12,6.2,0,0,19
0.540,0.000,243.55,2.2,0,0,0
1.504,0.058,240.49,6.2,0,0,18
0.532,0.262,240.76,2.4,0,2,1
2.500,0.000,237.29,10.6,0,0,17
2.104,0.174,241.73,8.6,2,0,19
3.602,0.394,237.59,15.2,2,0,18
1.468,0.188,243.72,6.0,0,1,1
0.224,0.000,246.98,1.0,0,0,0
0.250,0.118,240.21,1.2,0,0,0
1.326,0.060,241.71,5.4,0,1,0
1.518,0.064,240.00,6.2,0,0,17
1.274,0.190,245.09,5.2,0,0,1
0.280,0.000,240.25,1.2,0,0,0
1.604,0.110,240.57,6.6,1,0,18
0.296,0.000,244.60,1.4,0,0,0
0.294,0.060,247.77,1.2,0,0,0
1.740,0.074,243.93,7.2,0,0,19
0.756,0.388,239.97,3.8,0,0,6
0.204,0.000,234.90,0.8,0,0,0
0.302,0.116,242.60,1.4,0,0,1
1.676,0.000,238.62,7.0,0,0,18
1.434,0.178,239.15,6.0,0,1,18
0.396,0.060,239.71,1.6,0,0,0
0.654,0.346,240.38,3.0,0,1,1
1.212,0.000,241.64,5.0,0,0,18
1.448,0.072,241.04,6.0,0,1,18
0.222,0.000,244.17,1.0,0,0,0
0.262,0.000,246.62,1.0,0,0,0
0.576,0.218,238.62,2.6,0,0,1
0.366,0.272,242.37,2.0,0,1,0
0.256,0.052,247.85,1.0,0,0,1
0.312,0.108,243.30,1.4,0,0,1
1.450,0.212,240.92,6.0,0,1,18
4.176,0.368,236.68,17.8,37,28,1
0.896,0.088,239.00,3.8,0,0,0
0.754,0.096,243.22,3.4,0,0,0
0.172,0.056,234.63,0.8,0,0,0
1.152,0.206,240.57,4.8,0,0,1
1.676,0.240,240.92,7.0,0,1,18
1.376,0.074,241.72,5.6,0,0,18
1.972,0.190,238.38,8.6,27,0,1
0.316,0.152,247.43,1.4,0,0,0
0.374,0.120,246.72,1.8,0,2,1
0.244,0.064,238.08,1.0,0,0,0
0.398,0.098,236.08,1.8,0,1,0
1.374,0.100,241.64,5.6,0,0,18
1.436,0.298,242.84,6.0,0,1,19
3.736,0.000,234.70,15.8,38,0,0
2.082,0.000,240.05,8.6,0,0,18
1.472,0.198,241.46,6.0,0,0,18
0.256,0.050,242.74,1.0,0,0,0
2.906,0.148,238.05,12.2,0,0,18
0.134,0.000,241.44,0.6,0,0,0
0.684,0.058,247.28,2.8,0,0,0
3.268,0.182,242.79,13.4,23,0,0
1.334,0.000,236.33,5.6,0,0,18
1.448,0.090,240.58,6.0,0,0,18
1.330,0.000,242.17,5.4,0,0,18
0.208,0.092,243.80,0.8,0,0,1
0.302,0.128,245.39,1.2,0,1,0
1.318,0.000,243.33,5.4,0,0,18
0.220,0.000,244.90,0.8,0,0,0
1.308,0.100,239.10,5.4,0,1,18
0.230,0.150,242.10,1.0,0,1,0
0.152,0.000,242.08,0.6,0,0,1
0.244,0.110,242.17,1.0,0,0,1
0.206,0.126,244.22,1.0,0,1,1
0.280,0.146,245.76,1.2,0,0,0
0.212,0.126,242.80,1.0,0,1,1
1.432,0.108,242.88,5.8,0,0,19
0.490,0.184,238.90,2.2,0,1,0
1.382,0.104,236.96,5.8,2,1,17
0.286,0.132,242.30,1.4,0,0,1
0.436,0.276,245.21,2.0,0,1,0
0.574,0.054,238.45,2.4,0,0,1
0.118,0.000,235.59,0.6,0,0,0
0.080,0.000,239.63,0.2,0,0,1
2.088,0.392,236.49,9.0,0,1,29
0.390,0.180,240.43,1.8,0,0,0
1.256,0.000,237.80,5.2,0,0,18
0.254,0.114,240.81,1.2,0,2,0
0.394,0.076,239.05,1.6,0,0,1
0.300,0.000,247.92,1.2,0,0,0
2.214,0.000,238.17,9.2,0,0,17
0.292,0.000,235.36,1.4,0,1,0
1.450,0.000,241.56,6.0,0,0,18
1.462,0.202,240.05,6.0,0,2,17
1.054,0.072,241.31,4.4,0,0,0
0.338,0.084,244.32,1.4,0,0,0
3.764,0.514,236.21,16.6,5,28,0
1.500,0.178,236.92,6.4,0,0,18
0.326,0.000,242.89,1.4,0,0,0
0.146,0.000,236.57,0.8,0,0,0
1.400,0.068,242.52,5.6,0,0,19
0.174,0.000,240.62,0.8,0,0,0
1.746,0.000,245.86,7.0,0,0,19
0.310,0.102,246.17,1.2,0,0,0
1.290,0.070,244.19,5.2,0,0,0
1.072,0.520,244.01,5.0,0,1,6
2.662,0.000,238.39,11.0,1,0,18
0.342,0.084,240.89,1.4,0,0,1
1.622,0.000,238.54,6.8,1,0,18
1.404,0.070,238.81,5.8,0,0,18
0.266,0.216,241.87,1.4,0,0,0
1.606,0.076,235.18,6.8,0,0,17
0.292,0.058,240.16,1.2,0,1,0
0.214,0.108,241.09,1.0,0,0,0
4.914,0.000,238.35,20.6,0,38,18
2.048,0.070,240.21,8.4,0,0,28
0.722,0.102,244.93,3.0,0,0,1
0.314,0.120,251.19,1.2,0,0,0
0.688,0.320,239.26,3.0,0,1,0
3.256,0.384,241.87,13.4,38,0,0
2.234,0.182,235.47,9.4,0,0,17
0.338,0.254,243.24,1.6,0,2,0
0.246,0.098,243.58,1.0,0,0,1
0.208,0.000,239.63,0.8,0,0,0
2.646,0.000,237.13,11.0,0,1,18
1.530,0.214,245.02,6.2,0,0,18
0.186,0.130,240.56,1.0,0,0,1
0.278,0.078,241.92,1.2,0,2,0
1.574,0.326,241.96,6.6,0,2,18
1.502,0.112,244.70,6.2,0,1,18
0.300,0.054,243.93,1.4,0,0,0
0.082,0.000,242.86,0.2,0,0,1
1.412,0.080,236.30,6.0,0,0,17
0.206,0.100,238.88,1.0,0,0,0
1.256,0.076,239.62,5.2,0,0,18
2.422,0.094,242.27,10.0,1,0,19
1.608,0.126,236.98,7.0,0,0,0
2.090,0.134,238.96,8.6,0,1,17
0.348,0.132,241.77,1.6,0,2,0
1.316,0.098,239.30,5.4,0,0,18
1.668,0.230,240.30,7.2,0,22,0
0.970,0.252,241.27,4.0,0,0,12
2.668,0.138,239.56,11.0,1,1,19
3.682,0.210,238.63,15.4,38,0,19
0.208,0.000,239.97,0.8,0,0,0
0.378,0.228,243.60,1.8,0,1,0
0.210,0.000,237.67,0.8,0,0,0
1.492,0.186,240.74,6.2,0,0,18
1.978,0.330,239.44,8.4,1,0,1
0.326,0.000,246.85,1.2,0,0,0
3.952,0.054,236.98,16.6,0,37,18
3.466,0.074,238.79,14.4,0,0,18
1.342,0.054,236.78,5.6,0,0,18
0.342,0.082,243.07,1.4,0,1,1
0.970,0.330,242.55,4.2,0,1,12
1.532,0.000,239.34,6.4,0,1,0
4.258,0.094,234.76,18.0,0,0,17
0.260,0.048,241.33,1.2,0,0,0
2.042,0.096,237.65,8.6,0,0,18
0.368,0.000,242.30,1.4,0,0,0
0.246,0.104,239.94,1.0,0,2,1
0.242,0.066,241.76,1.0,0,0,0
4.384,0.404,234.06,19.2,27,2,18
2.318,0.462,238.50,9.8,0,0,19
0.266,0.052,245.30,1.2,0,0,0
0.266,0.000,242.08,1.2,0,0,0
0.486,0.094,242.07,2.2,0,0,0
0.314,0.118,240.70,1.4,0,0,0
0.436,0.146,245.01,2.0,0,0,1
0.306,0.100,238.00,1.2,0,0,0
1.132,0.046,241.73,4.8,0,1,0
0.402,0.206,247.35,1.8,0,0,0
1.590,0.064,237.04,7.0,0,0,18
0.258,0.000,235.91,1.2,0,0,0
0.080,0.000,240.55,0.2,0,0,0
1.552,0.212,245.82,6.4,0,0,18
1.388,0.046,245.69,5.6,0,0,0
1.130,0.204,238.90,4.8,0,2,1
1.432,0.000,240.99,5.8,0,0,18
0.332,0.252,239.91,1.6,0,1,1
1.278,0.072,243.19,5.2,0,0,19
0.156,0.000,240.91,0.6,0,0,1
0.366,0.126,236.19,1.6,0,0,0
0.930,0.380,242.16,4.0,0,1,11
1.656,0.142,231.41,7.2,0,1,16
0.434,0.106,240.44,2.0,0,0,1
0.122,0.000,235.59,0.6,0,0,0
0.322,0.068,242.51,1.4,0,0,0
0.224,0.112,239.35,1.0,0,0,0
0.212,0.100,242.82,1.0,0,0,1
0.212,0.096,241.34,1.0,0,0,1
1.490,0.232,241.67,6.2,0,1,18
0.350,0.118,240.25,1.4,0,0,0
2.332,0.488,237.52,10.0,0,4,18
0.444,0.194,242.31,2.0,0,0,0
1.478,0.178,243.34,6.0,0,0,19
3.900,0.182,235.03,16.6,0,37,18
2.594,0.000,238.83,10.8,1,0,18
0.450,0.264,242.89,2.2,0,2,1
1.128,0.294,237.14,4.8,0,0,12
0.378,0.050,240.92,1.6,0,0,1
0.214,0.050,240.22,1.0,0,0,1
0.236,0.000,240.97,1.2,0,0,1
0.666,0.106,243.96,2.8,0,0,0
0.266,0.138,240.39,1.4,0,0,0
1.370,0.000,241.03,5.6,0,0,17
0.376,0.096,241.13,1.8,0,0,1
0.248,0.000,241.09,1.0,0,0,0
0.278,0.176,242.59,1.4,1,0,0
1.872,0.074,239.30,8.2,0,0,17
0.326,0.060,237.04,1.4,0,0,0
1.364,0.000,242.89,5.6,0,0,18
1.474,0.208,244.36,6.0,0,1,0
2.884,0.054,243.77,13.2,0,0,19
0.340,0.182,243.29,1.6,0,0,1
0.248,0.118,239.59,1.0,0,1,0
3.836,0.458,239.22,16.2,0,33,17
0.362,0.132,248.14,1.6,0,1,1
1.508,0.068,240.15,6.2,0,1,18
0.288,0.052,244.36,1.2,0,0,0
0.280,0.108,242.68,1.2,0,0,1
0.974,0.396,245.82,4.2,0,2,12
1.458,0.096,236.25,6.2,0,0,17
1.756,0.132,241.93,7.4,0,0,0
0.368,0.110,242.50,1.6,0,0,1
0.286,0.108,242.99,1.2,0,0,1
3.280,0.058,234.99,14.0,0,0,17
0.384,0.234,243.45,1.8,0,1,0
1.504,0.238,239.28,6.4,0,0,18
1.388,0.092,240.03,5.8,0,0,19
0.264,0.000,242.14,1.0,0,0,1
2.198,0.176,235.59,9.2,0,0,17
1.382,0.146,234.30,5.8,0,1,17
1.524,0.046,235.05,6.4,0,0,17
2.204,0.000,237.25,9.2,0,0,18
0.314,0.096,243.54,1.4,0,0,0
0.104,0.000,242.30,0.4,0,0,0
2.614,0.068,241.27,10.8,38,2,1
1.390,0.100,237.48,5.8,0,0,17
0.700,0.000,245.99,2.8,0,1,1
0.204,0.194,241.77,1.2,0,0,1
5.068,0.330,231.21,22.2,0,29,0
0.306,0.084,246.37,1.2,0,1,0
0.246,0.072,237.78,1.2,0,0,0
2.172,0.216,233.38,9.2,0,0,0
0.318,0.230,238.05,1.6,0,2,0
0.230,0.000,241.55,1.0,0,0,0
0.816,0.066,243.59,3.6,0,0,0
2.278,0.140,237.95,9.6,0,2,17
1.282,0.000,239.47,5.2,0,0,17
0.796,0.458,240.45,4.0,0,1,6
0.230,0.098,243.38,1.0,0,0,1
2.788,0.260,238.73,11.6,0,39,0
0.342,0.128,246.73,1.4,0,0,1
0.532,0.000,240.74,2.2,0,0,0
0.420,0.350,241.97,2.2,0,1,1
0.790,0.146,240.79,3.4,0,0,0
0.314,0.000,243.83,1.4,0,0,1
0.182,0.150,240.16,0.8,0,0,0
1.010,0.190,241.41,5.0,0,0,1
0.450,0.086,242.72,1.8,0,0,1
3.988,0.272,237.61,16.8,0,6,17
1.270,0.092,238.22,5.2,0,0,18
0.252,0.000,240.82,1.0,0,0,0
0.332,0.074,244.04,1.4,0,0,0
0.080,0.000,240.63,0.2,0,0,1
0.112,0.000,235.59,0.6,0,0,0
0.752,0.200,241.90,3.2,0,2,1
0.870,0.130,241.32,3.6,0,0,0
1.250,0.000,240.87,5.2,0,0,18
0.286,0.056,246.03,1.2,0,0,0
3.356,0.628,239.46,14.4,0,38,0
1.286,0.106,235.01,5.4,0,0,17
0.552,0.000,239.29,2.2,1,4,1
0.366,0.144,249.27,1.6,0,0,1
0.218,0.000,240.37,1.0,0,0,0
4.290,0.270,236.59,18.0,38,2,18
0.308,0.106,245.19,1.2,0,2,0
0.630,0.188,241.87,3.0,0,0,8
1.926,0.178,238.56,8.0,0,0,0
0.158,0.000,242.14,0.6,0,0,1
2.946,0.228,239.74,13.0,0,0,0
0.456,0.000,242.94,2.2,0,0,0
0.490,0.000,241.54,2.0,0,0,1
0.292,0.096,242.08,1.2,0,0,1
1.590,0.058,242.62,6.4,0,0,18
0.722,0.000,244.66,3.0,0,0,1
0.446,0.230,241.77,2.0,0,0,0
0.430,0.190,243.04,2.0,0,0,0
0.328,0.116,244.30,1.4,0,1,1
0.260,0.214,239.82,1.4,0,1,0
0.684,0.056,241.11,2.8,0,0,0
0.220,0.000,241.14,0.8,0,0,1
0.578,0.054,238.64,2.4,0,0,0
5.850,0.056,234.10,24.8,36,1,18
0.420,0.098,242.84,1.8,0,0,0
0.336,0.238,242.77,1.6,0,0,1
0.342,0.090,240.90,1.6,0,0,0
0.224,0.000,247.06,0.8,0,0,0
0.342,0.322,240.84,2.0,0,1,0
1.700,0.056,236.10,7.2,0,0,0
0.314,0.000,240.08,1.4,0,0,1
0.156,0.000,239.17,0.6,0,0,0
0.620,0.052,240.61,2.6,0,0,0
1.582,0.372,239.51,6.8,1,0,1
0.886,0.124,243.06,5.4,0,0,0
0.170,0.140,240.58,0.8,0,1,1
1.240,0.050,237.81,5.2,0,0,18
1.564,0.156,237.40,6.8,0,0,0
1.730,0.156,241.16,7.2,0,0,19
1.144,0.000,235.70,4.8,0,0,17
2.106,0.404,239.55,10.0,24,1,0
0.334,0.102,237.52,1.4,0,0,1
3.124,0.104,238.21,13.8,29,0,18
1.326,0.046,238.46,5.6,0,0,0
2.036,0.286,241.91,8.4,0,0,28
0.430,0.228,243.56,2.0,0,3,0
0.110,0.000,242.09,0.4,0,0,0
1.230,0.056,235.28,5.2,0,0,17
0.508,0.200,243.42,2.4,0,2,1
0.390,0.210,241.75,1.8,0,0,1
1.672,0.230,240.21,7.0,0,0,18
0.310,0.264,242.82,1.6,0,1,1
0.080,0.000,240.30,0.2,0,0,1
1.738,0.210,242.12,7.2,0,2,18
0.646,0.292,243.81,2.8,0,5,1
2.328,0.178,236.31,9.8,0,0,17
0.242,0.108,240.60,1.0,0,2,0
0.334,0.122,243.08,1.4,0,0,1
0.456,0.000,244.16,2.0,0,0,0
1.412,0.100,241.78,5.8,0,0,18
0.338,0.324,241.94,1.8,1,1,0
2.602,0.186,235.24,11.0,0,0,0
0.400,0.200,241.37,1.8,0,0,1
1.126,0.104,242.71,4.6,0,0,1
0.308,0.062,240.51,1.2,0,0,1
2.788,0.122,238.07,11.6,0,1,0
0.332,0.196,241.57,1.6,0,2,1
0.228,0.094,242.30,1.0,0,0,0
0.170,0.086,234.13,0.8,0,0,0
1.418,0.076,240.37,5.8,0,0,0
0.482,0.000,233.57,2.0,0,0,0
0.558,0.224,238.40,2.6,0,1,0
0.250,0.000,242.31,1.0,0,0,0
0.348,0.086,243.94,1.4,0,1,0
0.140,0.000,242.47,0.6,0,0,1
0.236,0.000,242.79,1.0,0,0,0
0.272,0.218,240.50,1.4,0,1,0
0.228,0.000,241.16,0.8,0,0,1
1.320,0.000,242.41,5.4,0,0,18
1.256,0.000,239.38,5.2,0,0,18
0.328,0.240,242.15,1.6,0,1,0
0.532,0.236,241.94,2.4,0,0,0
1.458,0.156,234.72,6.2,0,0,1
0.616,0.000,236.90,2.6,0,0,0
0.288,0.000,249.61,1.2,0,0,1
0.336,0.000,244.99,1.6,0,0,0
0.330,0.116,243.60,1.4,0,1,0
0.966,0.324,243.62,4.2,0,0,13
1.100,0.158,238.41,4.6,0,0,12
0.232,0.130,240.21,1.0,0,0,1
0.308,0.112,238.97,1.4,0,0,0
1.562,0.088,241.41,6.4,0,0,0
1.432,0.000,229.60,6.2,0,0,16
0.396,0.054,236.92,1.8,0,0,0
1.480,0.106,234.34,6.2,0,2,16
1.948,0.584,237.42,9.0,1,1,17
1.204,0.052,237.18,5.0,0,0,17
0.246,0.000,241.40,1.0,0,0,0
1.622,0.046,236.56,7.0,0,0,26
0.226,0.000,243.89,1.0,0,0,0
1.980,0.222,237.59,8.4,0,0,0
0.498,0.342,242.18,2.4,0,1,1
0.158,0.000,240.75,0.6,0,0,1
1.416,0.188,236.18,6.0,0,1,17
0.338,0.110,245.09,1.4,0,1,0
0.128,0.000,237.12,0.6,0,0,0
0.808,0.124,243.81,3.2,0,0,1
1.420,0.000,246.91,5.6,0,0,19
1.390,0.118,240.06,5.8,0,0,17
0.882,0.000,240.33,3.6,0,0,0
1.394,0.000,239.41,5.8,0,0,18
1.754,0.284,241.55,7.2,0,0,18
0.328,0.278,242.16,1.8,0,1,1
0.216,0.000,241.27,0.8,0,0,0
1.408,0.090,241.97,5.8,1,1,1
0.348,0.000,241.32,1.6,0,0,1
1.338,0.000,241.24,5.4,0,0,18
0.510,0.320,245.90,2.4,0,2,0
0.578,0.198,240.53,2.6,0,0,1
0.640,0.198,242.53,3.0,0,0,0
0.326,0.074,243.48,1.6,0,0,0
1.588,0.144,242.32,6.6,0,0,21
0.312,0.086,243.68,1.2,0,0,0
0.370,0.000,245.20,1.8,0,0,0
1.978,0.084,244.21,8.0,0,1,18
1.346,0.188,238.21,5.6,0,1,18
1.826,0.176,239.80,7.6,0,2,0
1.526,0.284,238.65,6.4,0,1,18
0.220,0.098,234.91,1.0,0,0,0
0.274,0.222,238.19,1.4,0,0,0
1.448,0.160,238.72,6.0,1,0,18
1.442,0.100,245.35,5.8,0,0,18
0.236,0.000,245.82,1.0,0,0,0
0.260,0.054,240.85,1.2,1,0,1
2.010,0.096,239.21,8.4,0,0,19
0.404,0.254,243.17,2.0,0,1,0
2.090,0.074,238.39,8.6,1,0,18
2.022,0.046,236.70,8.6,0,0,1
2.176,0.114,239.25,9.2,0,0,0
4.124,0.194,241.91,17.0,40,0,19
0.234,0.096,242.01,1.0,0,0,0
1.566,0.272,235.55,6.6,1,0,17
0.112,0.000,234.53,0.6,0,0,0
1.324,0.080,242.50,5.4,0,0,0
1.482,0.106,240.76,6.2,1,0,0
1.488,0.106,241.70,6.2,1,0,19
1.400,0.086,234.50,6.0,0,0,1
1.278,0.052,237.56,5.4,0,0,18
0.326,0.104,245.48,1.4,0,0,0
0.294,0.226,241.37,1.4,0,2,1
1.500,0.222,243.05,6.2,0,2,19
1.550,0.076,239.74,6.4,0,0,17
0.250,0.094,242.04,1.0,0,1,1
0.442,0.236,241.32,2.0,0,1,1
0.128,0.000,237.47,0.6,0,0,0
1.326,0.000,240.94,5.4,0,0,18
0.348,0.048,246.92,1.6,0,0,1
0.374,0.156,242.00,1.6,0,0,1
1.606,0.438,248.12,7.4,0,21,0
2.662,0.152,243.87,10.8,0,0,19
1.354,0.094,239.55,5.6,0,1,18
0.566,0.152,240.66,2.4,0,2,1
2.272,0.068,239.42,9.4,0,0,8
0.350,0.226,244.21,1.6,0,0,1
3.196,0.094,235.58,13.6,1,3,17
0.352,0.094,242.68,1.4,0,0,0
0.312,0.062,243.59,1.4,0,0,0
1.476,0.118,247.24,6.0,0,0,19
2.440,0.090,235.71,10.2,0,1,0
1.458,0.000,242.05,6.0,0,0,17
0.322,0.000,244.33,1.4,0,0,1
0.414,0.092,246.06,1.8,0,0,0
1.344,0.100,239.50,5.6,0,0,18
0.338,0.130,241.21,1.4,0,2,1
3.798,0.000,238.82,15.8,0,38,17
0.636,0.000,244.00,2.6,0,0,0
2.714,0.202,237.58,11.4,0,0,0
1.312,0.064,238.80,5.4,0,0,18
0.250,0.054,246.77,1.0,0,0,1
0.478,0.048,244.85,2.0,0,0,0
0.332,0.000,242.67,1.4,0,0,1
0.148,0.050,240.93,0.6,0,0,0
0.326,0.136,244.36,1.4,0,0,0
0.974,0.094,239.35,4.0,0,0,0
0.112,0.000,237.96,0.6,0,0,0
5.188,0.560,241.98,22.0,33,2,18
0.482,0.252,244.20,2.2,0,0,0
0.964,0.000,241.80,4.0,0,0,1
0.408,0.206,238.94,1.8,0,0,1
0.736,0.108,239.30,3.0,0,0,1
0.218,0.096,242.93,1.0,0,1,0
0.344,0.236,242.33,1.6,0,0,1
0.320,0.264,241.45,1.6,0,1,1
0.230,0.000,244.95,1.0,0,0,0
0.256,0.134,241.61,1.2,0,0,1
3.062,0.110,234.83,13.0,1,0,18
1.900,0.100,236.44,8.2,0,2,17
0.082,0.000,242.61,0.2,0,0,1
1.308,0.060,238.63,5.4,0,0,18
0.974,0.328,240.73,4.2,0,0,12
0.214,0.000,246.72,0.8,0,0,0
0.532,0.000,239.27,2.2,0,0,1
4.356,0.264,236.60,18.4,38,0,18
0.694,0.086,240.90,2.8,0,0,1
0.234,0.000,246.41,1.0,0,0,0
0.900,0.306,241.74,4.0,0,1,0
0.874,0.132,244.46,3.6,0,0,0
1.378,0.188,239.99,5.8,0,1,18
0.370,0.122,245.41,1.6,0,0,0
0.444,0.000,246.52,1.8,0,0,1
1.464,0.092,244.72,6.0,0,0,19
0.178,0.000,243.92,0.8,0,0,0
0.684,0.106,241.63,2.8,0,0,1
1.344,0.308,233.70,7.2,15,0,0
2.002,0.058,239.39,8.2,0,0,19
0.290,0.222,238.77,1.4,0,0,0
1.090,0.408,243.79,4.8,0,0,11
5.802,0.240,238.94,24.6,0,52,17
0.222,0.000,242.40,0.8,0,0,0
0.546,0.064,240.11,2.2,0,0,1
0.486,0.000,240.55,2.0,0,0,0
0.414,0.230,244.31,1.8,0,1,0
0.290,0.216,236.82,1.4,0,0,0
0.272,0.000,233.08,1.2,0,0,0
5.100,0.254,231.67,22.0,1,36,17
1.014,0.128,237.87,4.2,0,0,0
0.302,0.052,246.21,1.4,0,0,0
0.204,0.000,242.81,0.8,0,0,0
0.282,0.122,240.65,1.4,0,0,0
0.824,0.050,241.76,3.6,0,0,0
0.246,0.102,241.41,1.2,0,0,1
2.464,0.000,241.03,10.2,0,1,18
0.926,0.114,241.80,3.8,0,0,0
0.166,0.000,244.18,0.8,0,0,1
0.162,0.000,240.89,0.8,0,0,0
0.344,0.070,242.21,1.4,0,0,0
1.438,0.226,235.66,6.2,0,0,17
2.890,0.362,242.17,12.0,0,1,11
0.300,0.000,242.68,1.2,2,0,0
0.924,0.368,241.11,4.2,0,0,9
1.914,0.228,241.24,8.0,0,0,19
1.204,0.090,240.56,5.0,0,0,0
2.336,0.392,238.80,9.8,0,0,18
1.848,0.068,237.58,7.8,0,0,17
0.388,0.000,244.98,1.6,0,0,0
0.402,0.214,241.85,1.8,0,1,1
0.264,0.098,240.09,1.2,0,0,1
1.632,0.176,238.84,6.8,0,0,18
1.408,0.162,240.49,5.8,0,1,18
3.500,0.372,234.66,15.0,0,1,17
1.894,0.128,242.49,8.2,0,0,19
0.176,0.000,236.17,0.8,0,0,0
0.416,0.230,243.66,1.8,0,1,1
1.292,0.060,232.45,5.4,0,0,16
1.216,0.174,243.70,5.0,0,0,1
2.612,0.108,244.53,10.6,39,2,0
1.230,0.000,240.77,5.0,0,0,18
0.372,0.114,249.55,1.6,0,2,1
0.240,0.000,243.50,1.0,0,0,0
4.494,0.160,236.67,19.0,0,0,17
1.502,0.192,240.68,6.2,0,1,17
0.366,0.072,239.31,1.6,0,0,0
1.172,0.048,228.02,5.0,0,0,16
0.426,0.284,243.84,2.0,0,0,0
0.358,0.078,248.28,1.6,0,2,0
0.332,0.230,242.62,1.6,0,0,1
1.366,0.208,238.55,5.8,0,0,18
0.082,0.000,241.88,0.2,0,0,0
1.462,0.082,239.96,6.0,0,0,18
0.270,0.052,243.71,1.2,0,0,0
1.322,0.076,239.96,5.4,0,0,0
2.542,0.206,238.51,10.6,0,0,17
0.374,0.092,249.20,1.6,0,0,0
0.512,0.116,247.70,2.0,0,0,1
1.480,0.100,242.52,6.0,1,2,19
0.358,0.000,248.73,1.6,0,0,0
0.772,0.130,240.56,3.4,0,1,0
1.370,0.000,242.35,5.6,0,0,19
0.310,0.098,238.73,1.2,0,0,0
0.304,0.082,241.97,1.2,0,1,0
0.394,0.178,242.03,1.8,0,1,1
1.382,0.224,239.78,5.8,0,0,18
1.304,0.092,237.04,5.4,0,2,18
2.092,0.092,236.12,8.8,0,0,0
1.364,0.464,238.90,6.8,0,2,0
0.260,0.000,246.49,1.0,0,0,0
1.282,0.126,241.86,5.2,0,0,18
0.498,0.098,242.28,2.2,0,0,0
1.494,0.084,241.48,6.2,0,2,18
0.902,0.100,244.99,3.6,0,1,1
1.278,0.086,232.63,5.4,0,0,17
0.328,0.058,237.73,1.4,0,0,1
0.610,0.124,245.48,2.4,0,1,0
0.264,0.282,243.12,1.6,0,2,0
0.310,0.204,243.09,1.6,0,0,0
1.238,0.170,240.60,5.2,0,0,11
1.410,0.086,242.12,5.8,0,0,18
1.220,0.000,243.06,5.0,0,0,0
2.720,0.218,239.09,11.4,0,2,18
0.384,0.078,241.04,1.6,0,0,1
2.074,0.408,245.44,8.6,1,0,18
0.308,0.070,245.84,1.2,0,0,1
1.222,0.052,243.16,5.0,0,0,0
0.240,0.102,241.47,1.0,0,0,0
2.198,0.198,237.97,9.2,0,1,17
0.368,0.130,244.91,1.6,0,0,0
0.294,0.090,246.39,1.2,0,1,0
1.402,0.088,239.98,5.8,0,0,18
0.210,0.134,244.69,1.0,0,1,1
6.198,0.070,235.95,26.2,37,41,17
1.440,0.240,238.42,6.0,0,0,18
0.324,0.118,245.83,1.4,0,0,0
2.648,0.254,241.85,11.6,32,1,0
1.842,0.072,239.12,7.6,0,0,0
0.284,0.078,249.27,1.2,0,0,1
1.244,0.000,239.73,5.2,0,0,19
2.546,0.088,237.69,10.6,0,0,17
0.954,0.308,240.68,4.2,0,1,12
2.816,0.286,238.89,11.8,0,1,17
0.470,0.220,241.89,2.2,0,0,0
0.376,0.000,243.34,1.8,0,0,0
0.446,0.214,236.86,2.0,0,0,0
0.282,0.000,240.39,1.2,0,0,0
0.636,0.000,238.81,2.6,0,0,1
1.346,0.000,244.46,5.4,0,0,19
0.398,0.334,239.30,2.2,0,1,1
1.486,0.088,245.60,6.0,0,0,19
0.380,0.238,249.86,1.8,0,0,0
4.294,0.174,238.03,18.0,0,39,17
1.294,0.000,240.35,5.4,0,0,18
1.384,0.000,243.78,5.6,0,0,19
0.336,0.072,236.35,1.6,0,0,0
4.982,0.000,236.81,21.0,37,0,18
0.268,0.106,240.68,1.2,0,1,1
0.600,0.084,245.98,2.6,0,0,0
1.246,0.064,232.11,5.4,0,1,16
1.604,0.184,243.68,6.6,0,0,18
0.856,0.132,241.07,3.6,0,0,11
2.154,0.178,237.52,9.0,0,1,0
0.442,0.106,245.44,2.0,0,0,0
0.220,0.000,241.19,1.0,0,0,0
0.512,0.206,245.70,2.2,0,0,0
2.036,0.000,242.04,8.4,0,0,18
0.388,0.046,242.03,1.8,0,0,0
1.422,0.056,240.07,5.8,0,1,19
2.812,0.000,235.61,12.0,0,0,0
4.948,0.134,238.90,20.8,38,37,1
1.630,0.000,238.43,7.0,0,20,1
0.138,0.000,241.53,0.6,0,0,1
0.908,0.164,231.96,4.2,0,0,0
0.224,0.000,242.67,1.0,0,0,0
0.334,0.052,245.24,1.4,0,0,0
0.648,0.378,242.98,3.0,2,2,0
0.218,0.066,245.36,1.0,0,0,0
0.302,0.234,241.65,1.6,0,1,0
0.290,0.096,240.94,1.2,0,1,0
0.512,0.000,245.16,2.2,1,0,0
0.216,0.000,244.23,0.8,0,0,0
0.316,0.110,248.03,1.4,0,0,0
1.982,0.112,242.60,8.2,0,0,19
0.438,0.306,240.29,2.4,0,2,3
2.152,0.132,235.47,9.0,0,0,0
0.422,0.332,239.84,2.2,0,1,0
1.526,0.092,239.91,6.4,0,0,1
1.182,0.102,245.80,4.8,0,0,0
0.328,0.234,242.40,1.6,0,1,1
0.886,0.132,235.99,3.8,0,0,0
2.006,0.168,237.28,8.4,0,1,28
0.220,0.000,242.86,1.0,0,0,0
1.866,0.142,238.34,8.0,0,0,10
1.418,0.102,243.09,5.8,0,0,18
1.350,0.000,247.52,5.4,0,0,18
0.814,0.224,239.33,3.8,0,0,0
0.488,0.346,243.40,2.4,0,2,0
0.208,0.000,239.63,1.0,0,0,1
0.330,0.126,248.44,1.4,0,0,0
0.306,0.242,239.14,1.6,0,2,1
0.242,0.124,241.95,1.0,0,1,0
6.326,0.310,235.57,26.8,74,0,17
1.322,0.100,234.65,5.6,0,2,17
1.548,0.068,244.71,6.2,0,0,18
1.408,0.000,244.59,5.6,0,0,19
1.546,0.100,244.60,6.2,0,2,20
1.772,0.052,237.90,7.4,0,0,18
2.626,0.000,237.53,11.0,0,0,18
0.312,0.104,245.85,1.2,0,0,0
1.392,0.000,239.13,5.8,0,0,18
0.830,0.126,244.26,3.6,0,0,0
1.488,0.068,239.70,6.2,0,1,18
1.964,0.158,244.49,8.0,0,0,18
0.262,0.270,239.71,1.4,0,2,1
1.342,0.152,230.51,5.8,0,2,17
0.218,0.114,235.43,1.0,0,0,0
5.086,0.400,238.31,21.4,0,75,0
0.362,0.110,246.19,1.4,0,0,1
0.102,0.000,239.87,0.4,0,0,0
3.600,0.236,237.46,15.4,2,23,18
0.340,0.218,240.10,1.6,0,1,1
0.558,0.082,244.18,2.4,0,0,0
1.862,0.144,236.88,7.8,0,0,18
1.368,0.100,242.29,5.6,0,1,19
0.286,0.120,242.91,1.2,0,2,1
1.338,0.070,243.03,5.4,0,0,19
0.438,0.356,241.97,2.2,0,1,1
0.318,0.230,241.08,1.6,0,1,0
1.760,0.144,242.88,7.4,0,0,0
0.312,0.046,240.33,1.2,0,0,0
2.450,0.000,241.10,10.0,0,0,19
1.210,0.000,239.52,5.0,0,0,18
0.368,0.102,241.31,1.6,0,0,0
0.474,0.096,243.69,2.0,0,0,0
0.216,0.000,242.94,1.0,0,0,1
0.154,0.000,239.92,0.6,0,0,1
1.188,0.100,232.09,5.0,0,0,16
1.432,0.000,238.87,6.0,0,0,0
0.234,0.140,244.44,1.0,0,0,0
0.306,0.106,243.55,1.4,0,0,0
2.596,0.000,237.55,11.0,0,0,17
4.126,0.054,240.60,17.0,38,0,18
1.730,0.062,240.17,7.4,0,0,18
1.676,0.086,238.91,7.0,0,0,18
1.830,0.058,241.36,7.6,0,0,18
0.328,0.092,242.52,1.4,0,0,0
0.230,0.000,244.24,1.0,0,0,0
1.084,0.364,240.00,5.0,0,1,0
0.234,0.098,238.52,1.0,0,0,0
0.722,0.000,237.23,3.0,0,1,0
0.396,0.212,243.60,1.8,0,1,1
1.466,0.000,242.37,6.0,0,0,18
0.498,0.330,239.73,2.4,0,1,0
0.608,0.192,237.35,2.8,0,2,1
0.420,0.334,242.52,2.2,0,2,0
0.336,0.000,240.78,1.4,0,0,0
1.502,0.242,241.58,6.4,1,0,0
1.396,0.064,238.81,5.8,0,0,18
2.914,0.238,238.45,12.2,0,0,29
0.414,0.130,242.46,1.8,0,0,0
1.350,0.060,238.35,5.6,0,0,17
0.296,0.116,242.80,1.2,0,0,1
0.304,0.226,237.46,1.6,0,0,1
0.324,0.228,241.99,1.6,0,0,1
1.322,0.094,238.65,5.4,2,2,17
2.084,0.206,238.08,8.8,0,1,18
0.882,0.194,243.92,3.6,0,0,11
2.728,0.086,239.45,11.4,0,0,18
0.956,0.314,242.10,4.2,0,1,0
1.388,0.080,241.22,5.6,0,1,18
0.190,0.154,242.01,1.0,0,0,1
0.816,0.142,240.71,3.8,0,0,7
1.176,0.054,231.95,5.0,0,0,17
0.878,0.202,242.20,3.8,0,0,12
0.324,0.218,243.96,1.6,0,1,1
0.274,0.000,243.31,1.2,0,0,0
0.446,0.000,241.86,2.0,0,0,0
0.366,0.054,241.39,1.6,0,0,0
0.434,0.220,244.33,2.0,0,1,0
1.348,0.000,245.85,5.4,0,0,19
0.816,0.412,242.20,4.2,0,1,1
0.320,0.052,241.63,1.4,0,0,0
0.222,0.130,244.29,1.0,0,2,1
1.688,0.000,241.58,7.0,0,0,19
1.268,0.102,239.07,5.2,0,0,18
0.266,0.000,242.50,1.0,0,0,0
1.342,0.066,227.46,6.0,0,0,16
1.994,0.166,240.45,8.2,0,0,30
1.948,0.402,244.18,8.2,0,18,9
0.494,0.000,237.61,2.0,0,0,0
0.394,0.206,243.47,1.8,0,0,0
1.888,0.326,241.61,7.8,0,1,18
0.224,0.000,245.90,1.0,0,0,0
1.286,0.000,232.83,5.4,0,0,16
0.304,0.212,241.00,1.4,0,1,1
1.832,0.084,234.86,7.8,0,0,17
1.136,0.100,239.07,4.8,0,0,1
2.166,0.068,236.83,9.2,0,0,18
0.328,0.080,229.19,1.4,0,0,0
0.324,0.242,239.85,1.6,0,1,1
1.540,0.090,240.50,6.4,0,0,17
0.226,0.000,242.99,0.8,0,0,1
1.420,0.000,242.98,5.8,0,0,18
0.228,0.000,245.54,0.8,0,0,1
0.244,0.000,243.99,1.0,0,0,1
0.210,0.100,241.96,1.0,0,1,0
0.278,0.000,246.87,1.2,0,0,0
0.306,0.122,243.31,1.4,0,1,0
1.186,0.198,242.68,4.8,0,0,1
0.340,0.156,242.99,1.4,0,0,1
0.326,0.190,241.73,1.6,0,0,1
1.228,0.000,240.39,5.0,0,0,1
0.312,0.100,244.82,1.4,0,0,0
1.324,0.000,243.46,5.4,0,0,19
1.446,0.050,242.04,5.8,0,0,19
0.376,0.070,238.03,1.8,0,0,0
0.222,0.106,238.51,1.0,0,0,0
0.366,0.102,245.80,1.6,0,0,0
1.506,0.050,242.25,6.2,0,0,19
0.254,0.000,246.64,1.0,0,0,0
0.420,0.228,239.78,2.0,0,1,0
0.082,0.000,241.09,0.2,0,0,1
1.446,0.124,239.16,6.0,0,0,18
1.296,0.000,241.37,5.2,0,0,18
1.418,0.112,241.40,5.8,0,0,18
1.212,0.046,238.29,5.0,0,0,18
0.356,0.086,240.09,1.4,0,0,0
0.354,0.308,231.41,2.0,0,1,0
0.982,0.054,235.69,4.2,0,0,0
1.538,0.276,238.78,6.4,1,1,18
1.004,0.216,237.98,4.2,1,0,12
0.406,0.082,244.07,1.8,0,0,0
0.218,0.060,238.85,1.0,0,0,1
3.880,0.288,235.90,16.8,33,2,18
1.274,0.090,238.41,5.2,0,0,18
0.304,0.104,241.09,1.2,0,0,0
0.388,0.000,248.76,1.6,0,0,0
2.358,0.000,237.47,10.8,0,0,18
0.664,0.078,244.74,2.6,0,0,0
1.612,0.000,236.60,6.8,0,0,17
0.158,0.000,238.91,0.6,0,0,0
0.998,0.316,240.82,4.4,0,1,12
1.544,0.178,239.15,6.4,0,0,18
1.360,0.088,239.62,5.6,0,0,18
3.620,0.090,233.47,15.4,0,5,17
0.596,0.122,243.02,2.4,0,0,1
0.222,0.000,243.42,0.8,0,0,1
0.192,0.000,238.21,0.8,0,0,0
0.452,0.046,242.08,2.0,0,0,1
1.994,0.274,237.45,8.4,0,0,29
0.250,0.148,242.66,1.2,0,1,1
0.214,0.102,240.21,1.0,0,0,0
0.108,0.000,240.78,0.4,0,0,0
2.802,0.322,237.32,11.8,1,1,18
0.482,0.088,240.13,2.0,0,0,0
0.128,0.000,242.88,0.4,0,0,1
2.172,0.076,239.81,9.0,0,0,18
0.234,0.124,243.06,1.0,0,0,1
0.112,0.000,241.46,0.4,0,0,0
0.342,0.066,243.64,1.4,0,0,0
0.904,0.218,241.95,3.8,0,0,12
0.102,0.000,234.94,0.4,0,0,0
0.256,0.000,244.53,1.0,0,0,1
1.192,0.000,240.39,4.8,0,0,18
0.286,0.082,235.21,1.2,0,1,0
0.536,0.294,242.80,2.6,0,1,1
1.344,0.000,240.93,5.6,0,0,19
0.364,0.128,243.83,1.6,0,0,1
1.390,0.052,238.94,5.8,0,0,17
2.698,0.072,241.34,11.2,0,0,18
2.158,0.094,238.15,9.0,0,0,0
2.330,0.080,237.56,9.8,0,1,0
1.392,0.086,237.39,5.8,0,0,18
0.324,0.076,243.08,1.4,0,0,1
1.212,0.066,242.57,5.0,0,0,1
0.408,0.178,240.32,1.8,0,0,1
1.630,0.228,238.14,6.8,0,1,17
2.220,0.000,237.32,9.2,0,0,17
4.158,0.000,239.05,17.4,0,36,18
0.222,0.114,241.68,1.0,0,0,1
1.026,0.170,243.18,4.2,0,0,0
1.186,0.058,234.08,5.0,0,0,17
1.086,0.136,240.20,4.6,0,1,0
0.312,0.100,243.03,1.2,0,0,0
1.802,0.476,241.21,7.6,0,1,19
1.410,0.096,239.63,5.8,0,1,17
0.430,0.198,241.73,2.0,0,0,0
0.684,0.062,241.90,2.8,0,0,0
0.350,0.194,236.59,1.6,0,1,1
0.360,0.092,243.22,1.6,0,1,0
0.276,0.080,240.92,1.2,0,0,0
0.326,0.118,242.58,1.4,0,0,1
0.846,0.052,242.82,3.4,0,1,0
3.594,0.164,237.87,15.0,0,39,18
0.166,0.000,236.94,0.8,0,0,0
0.234,0.244,240.99,1.4,0,1,0
1.478,0.000,240.92,6.0,0,0,19
2.806,0.000,237.03,11.8,0,0,17
0.344,0.228,241.53,1.6,0,1,1
2.346,0.352,237.57,10.0,1,1,17
1.412,0.166,239.10,5.8,0,2,18
0.406,0.152,235.92,2.0,0,0,0
0.992,0.198,242.52,4.2,0,0,1
0.266,0.142,241.67,1.2,0,0,1
0.258,0.134,233.91,1.4,0,0,0
0.486,0.212,243.41,2.2,0,1,0
2.294,0.290,240.96,9.6,1,0,0
0.234,0.114,239.45,1.0,0,0,0
0.484,0.280,238.54,2.2,0,1,0
0.312,0.208,240.76,1.4,0,0,1
2.424,0.000,239.23,10.0,0,0,18
0.256,0.000,243.59,1.0,0,0,1
1.470,0.054,230.46,6.2,0,0,17
1.466,0.190,239.64,6.0,0,1,19
1.880,0.162,238.23,7.8,0,0,0
2.122,0.380,240.48,8.8,0,1,19
4.182,0.066,235.35,17.8,0,38,17
0.364,0.068,243.47,1.6,0,0,0
1.638,0.068,232.99,7.0,0,0,17
1.438,0.330,239.11,6.0,0,2,18
4.560,0.000,241.50,19.6,0,0,18
2.864,0.000,240.40,12.0,0,0,17
0.916,0.000,240.00,3.8,0,0,0
3.346,0.552,237.93,14.2,0,37,0
0.310,0.094,240.85,1.2,0,0,1
0.352,0.100,243.90,1.4,0,0,1
2.324,0.140,236.76,9.8,0,0,0
2.134,0.240,240.53,9.2,0,25,1
1.574,0.000,238.65,6.6,0,0,18
2.496,0.164,241.34,10.2,0,36,1
0.344,0.074,248.10,1.4,0,2,0
1.776,0.000,240.65,7.4,1,2,19
1.412,0.000,240.65,5.8,0,0,18
1.214,0.064,242.51,5.0,0,0,1
0.288,0.090,241.15,1.2,0,0,0
0.600,0.104,245.10,2.6,1,1,1
2.194,0.114,238.75,9.2,0,0,18
0.400,0.216,242.11,1.8,0,1,0
0.588,0.350,243.17,2.8,0,1,1
0.294,0.046,248.65,1.2,0,0,0
2.822,0.168,241.12,12.2,0,26,18
2.264,0.086,237.62,9.6,0,0,0
0.380,0.170,235.99,1.8,0,1,0
0.408,0.000,242.00,1.6,0,0,0
0.216,0.000,245.89,0.8,0,0,0
0.272,0.000,246.90,1.2,0,0,0
2.556,0.216,238.87,10.6,0,0,18
0.226,0.000,246.42,1.0,0,0,0
0.304,0.062,237.41,1.2,0,1,0
1.558,0.080,242.80,6.4,0,0,18
0.642,0.000,242.22,2.6,0,0,0
0.480,0.184,246.38,2.0,0,0,0
0.360,0.120,240.38,1.6,0,0,0
4.680,0.640,237.33,19.8,37,1,18
1.718,0.080,238.38,7.2,0,0,1
2.748,0.282,235.77,11.8,37,0,0
0.116,0.000,242.17,0.6,0,0,0
0.280,0.000,242.54,1.4,0,0,0
1.086,0.436,240.71,4.8,0,0,11
0.330,0.130,242.86,1.6,0,1,0
0.904,0.088,240.80,3.8,0,0,1
0.544,0.066,242.84,2.2,0,0,0
0.246,0.096,238.51,1.0,0,0,0
0.458,0.068,241.67,1.8,0,2,0
1.704,0.206,238.22,7.2,0,0,18
2.900,0.198,239.72,12.0,0,0,17
0.326,0.142,241.00,1.4,1,0,0
1.378,0.214,238.62,5.8,0,0,18
0.858,0.220,236.62,3.8,1,1,0
3.326,0.186,233.00,14.2,0,2,16
0.330,0.222,239.77,1.6,0,1,1
1.938,0.046,238.16,8.0,0,0,0
0.210,0.000,242.70,0.8,0,0,0
1.744,0.292,243.95,7.2,0,0,18
0.414,0.148,246.37,1.8,0,0,1
1.430,0.000,238.41,6.0,0,0,18
0.414,0.222,241.35,1.8,0,2,0
2.308,0.062,238.59,10.6,0,0,18
0.902,0.210,239.87,3.8,0,1,12
0.320,0.256,242.49,1.6,0,2,0
0.170,0.000,237.29,0.8,0,1,0
0.298,0.116,241.87,1.4,0,0,0
0.290,0.000,239.03,1.2,0,0,1
0.328,0.000,247.19,1.4,0,0,1
1.516,0.170,238.51,6.4,0,0,17
0.282,0.046,243.43,1.2,0,0,0
0.366,0.210,240.22,1.6,0,2,0
1.862,0.280,236.89,7.8,1,0,17
0.452,0.214,234.46,2.2,1,0,0
0.394,0.178,239.31,1.8,0,2,1
3.666,0.206,238.47,15.4,0,37,18
0.240,0.000,241.13,1.0,0,0,0
2.196,0.190,238.77,9.8,0,0,0
0.262,0.124,239.96,1.2,0,0,0
0.300,0.100,242.71,1.2,0,1,0
0.416,0.256,244.96,2.0,0,1,0
2.218,0.000,238.73,9.2,0,0,17
1.672,0.232,240.56,7.0,0,0,12
0.212,0.050,241.34,1.0,0,0,1
1.384,0.048,241.43,5.6,0,1,18
0.840,0.308,238.54,4.0,0,1,7
0.400,0.218,244.07,1.8,0,2,1
0.312,0.052,238.22,1.2,0,0,0
0.564,0.226,242.42,2.4,0,0,1
0.214,0.090,241.16,1.0,0,1,0
0.162,0.140,240.50,0.8,0,1,1
0.410,0.190,234.87,2.0,0,0,1
0.334,0.130,242.45,1.4,0,0,0
2.948,0.000,236.29,12.4,0,0,18
0.314,0.082,243.15,1.2,0,0,0
2.968,0.052,242.64,12.2,0,0,18
1.364,0.000,240.03,5.6,0,0,19
0.418,0.050,241.98,1.8,0,0,0
3.998,0.062,235.32,17.0,0,0,17
0.288,0.096,241.22,1.2,0,0,0
0.178,0.000,241.53,0.8,0,0,1
1.456,0.080,240.09,6.0,0,0,19
0.298,0.000,248.25,1.2,0,0,1
1.360,0.070,243.07,5.6,0,0,19
4.326,0.000,232.71,18.6,36,0,16
0.424,0.232,245.63,2.0,0,1,1
0.806,0.088,239.50,3.4,0,0,1
2.010,0.188,238.01,8.4,0,0,18
0.228,0.000,244.92,0.8,0,0,1
1.290,0.274,240.24,5.4,0,0,0
0.138,0.000,242.48,0.6,0,0,0
0.252,0.110,240.41,1.2,0,0,1
0.452,0.078,250.08,1.8,0,0,1
1.910,0.086,238.61,8.0,0,0,0
1.312,0.084,237.27,5.4,0,2,18
0.492,0.260,241.59,2.2,0,1,1
1.250,0.078,236.39,5.2,0,0,17
0.350,0.122,243.92,1.4,0,0,0
0.154,0.000,241.67,0.6,0,0,1
0.306,0.094,245.21,1.2,0,1,1
1.312,0.060,241.42,5.4,0,0,18
2.684,0.240,236.28,11.4,0,36,1
3.658,0.082,242.00,15.4,0,0,18
0.252,0.260,242.07,1.4,0,0,1
0.242,0.246,238.40,1.4,0,0,0
0.320,0.082,241.03,1.4,0,0,1
1.110,0.058,243.66,4.6,0,0,1
0.390,0.182,244.32,1.8,0,1,0
0.646,0.180,245.40,2.8,0,0,0
0.470,0.000,242.66,2.0,0,0,0
1.428,0.050,242.83,5.8,0,2,19
0.366,0.200,240.34,1.8,0,0,0
0.452,0.256,245.43,2.0,0,0,0
0.734,0.074,248.20,3.0,0,0,1
2.496,0.088,238.18,10.4,0,0,18
0.690,0.188,243.49,2.8,0,0,0
0.390,0.046,239.68,1.8,0,0,0
2.650,0.000,242.15,10.8,0,0,18
3.094,0.000,240.00,12.8,0,0,18
0.492,0.204,240.95,2.2,0,0,0
1.720,0.260,236.56,7.2,1,2,17
0.210,0.104,242.48,1.0,0,0,0
0.614,0.262,240.96,2.6,0,1,1
0.082,0.000,240.36,0.2,0,0,0
1.506,0.152,239.54,6.2,0,0,18
0.270,0.000,242.12,1.2,0,0,0
1.354,0.048,239.70,5.6,0,0,18
1.390,0.106,242.13,5.6,0,0,18
1.516,0.064,242.33,6.2,0,0,19
0.272,0.000,234.48,1.2,0,0,0
0.536,0.000,241.19,2.2,0,0,1
1.804,0.156,238.30,7.6,0,2,18
0.286,0.096,241.58,1.2,0,0,0
0.358,0.234,244.05,1.8,0,1,0
1.072,0.138,244.22,4.4,0,0,0
0.392,0.164,243.64,1.8,0,0,1
1.428,0.170,240.95,6.0,0,2,18
0.344,0.118,239.73,1.6,0,0,1
1.408,0.200,237.38,6.0,0,0,18
1.846,0.082,242.72,7.6,0,0,18
1.886,0.000,242.11,7.8,0,0,18
0.328,0.058,242.94,1.4,0,2,0
0.248,0.000,241.36,1.0,0,0,1
1.366,0.000,240.44,5.6,0,0,19
1.550,0.146,241.59,6.4,0,2,1
2.224,0.000,238.38,9.4,0,0,18
0.368,0.100,245.50,1.4,0,2,1
1.870,0.158,242.46,7.6,1,2,19
0.536,0.340,243.90,2.6,0,1,0
0.340,0.184,232.14,1.6,0,0,0
0.386,0.162,243.01,1.6,0,1,0
0.340,0.108,241.16,1.4,0,0,0
5.256,0.080,231.80,22.6,0,0,0
0.164,0.140,241.01,0.8,0,2,1
0.176,0.154,241.25,0.8,0,0,0
1.286,0.248,242.65,5.4,1,1,0
2.696,0.200,238.68,11.2,0,0,17
2.086,0.132,242.18,8.6,0,0,13
0.614,0.118,244.69,2.6,0,0,0
0.274,0.000,240.25,1.2,0,0,0
0.400,0.276,244.92,2.0,0,2,0
0.246,0.000,244.04,1.0,0,0,1
0.326,0.162,241.24,1.4,0,1,0
0.228,0.094,238.26,1.0,0,0,1
1.666,0.228,240.52,7.0,0,5,1
2.924,0.084,231.00,12.6,0,0,17
2.626,0.000,236.73,11.2,0,32,0
0.136,0.000,240.99,0.6,0,0,0
1.392,0.102,241.56,5.8,0,0,18
2.438,0.048,237.33,10.2,0,0,18
1.202,0.174,241.26,5.2,0,15,0
2.056,0.086,240.06,9.4,0,0,18
0.290,0.000,243.02,1.4,0,0,0
1.740,0.000,245.31,7.0,2,0,18
0.468,0.204,240.74,2.0,0,1,1
0.246,0.254,240.64,1.4,0,0,1
0.378,0.102,242.16,1.6,0,0,0
1.382,0.080,241.45,5.6,0,0,18
1.508,0.050,236.57,6.4,0,0,18
0.440,0.192,241.39,2.0,0,1,0
0.372,0.052,238.46,1.6,0,1,1
0.210,0.098,239.58,1.0,0,0,1
1.422,0.086,243.45,5.8,2,0,18
0.380,0.122,245.32,1.6,0,0,0
2.412,0.064,243.23,9.8,0,0,20
1.294,0.056,238.45,5.4,0,0,18
0.244,0.000,241.81,1.0,0,0,1
1.294,0.000,239.22,5.4,0,0,18
1.244,0.134,234.65,5.2,0,0,0
0.248,0.172,243.66,1.2,0,1,1
1.248,0.000,237.82,5.2,0,0,17
0.626,0.058,237.13,2.6,0,0,0
1.390,0.094,241.16,5.6,0,0,18
0.470,0.138,244.87,2.0,0,0,0
0.480,0.064,242.00,2.4,0,0,0
1.476,0.000,237.47,6.2,1,0,1
1.598,0.100,238.86,6.8,0,0,18
1.996,0.194,238.86,8.4,0,0,18
0.226,0.136,243.14,1.0,0,0,1
0.650,0.000,245.11,2.6,0,0,0
3.180,0.170,239.09,13.2,0,2,18
0.300,0.000,242.84,1.4,0,0,0
0.314,0.094,237.34,1.4,0,0,0
0.232,0.128,240.64,1.0,0,1,1
1.468,0.062,239.27,6.0,0,0,0
1.944,0.418,244.36,8.0,0,4,19
0.216,0.000,242.18,0.8,0,0,0
1.404,0.000,241.96,5.8,0,0,19
1.458,0.060,240.74,6.0,0,0,18
1.896,0.086,241.99,7.8,0,0,18
0.612,0.278,238.27,2.8,1,0,0
1.382,0.000,243.36,5.6,0,1,18
1.326,0.188,239.94,5.4,0,1,18
1.432,0.072,242.05,5.8,0,0,18
1.552,0.066,244.98,6.2,0,0,19
0.258,0.000,244.94,1.0,0,0,1
1.598,0.066,241.33,6.6,0,0,18
0.298,0.104,244.63,1.2,0,1,0
0.332,0.058,245.81,1.6,0,0,0
0.356,0.206,243.36,1.8,0,0,0
0.248,0.000,245.80,1.0,0,0,0
0.340,0.248,242.84,1.6,0,0,0
0.680,0.188,236.66,3.0,0,0,0
0.258,0.000,239.70,1.2,0,0,0
1.958,0.092,240.96,8.0,0,2,18
0.560,0.218,239.72,2.4,0,0,1
0.346,0.070,240.44,1.4,0,0,1
1.240,0.064,241.43,5.0,0,0,0
1.410,0.072,240.23,5.8,0,0,0
0.274,0.248,240.59,1.4,0,1,0
0.422,0.232,244.93,2.0,1,1,0
0.386,0.046,243.35,1.6,0,0,0
0.232,0.000,242.86,1.0,0,0,1
0.654,0.146,248.50,2.6,0,0,0
1.280,0.000,237.49,5.4,1,0,0
2.882,0.174,236.00,12.2,0,0,17
1.108,0.068,241.51,4.6,0,0,1
3.870,0.358,235.71,16.4,0,37,18
0.364,0.082,244.56,1.6,0,0,0
1.398,0.284,238.27,6.0,0,1,1
1.984,0.164,240.41,8.2,2,0,19
0.320,0.050,243.08,1.2,0,0,1
1.934,0.106,239.39,8.0,0,0,18
0.196,0.056,238.23,0.8,0,0,1
1.342,0.000,238.61,5.6,0,0,18
0.386,0.156,233.76,1.8,0,0,0
2.206,0.126,241.01,9.0,1,0,18
5.918,0.000,232.75,25.4,0,71,17
3.130,0.498,238.41,13.2,0,2,0
0.732,0.498,240.42,3.6,1,1,0
1.082,0.420,241.35,4.8,0,0,1
0.152,0.122,240.25,0.8,0,0,1
1.628,0.000,239.99,6.8,0,0,18
0.156,0.000,240.28,0.6,0,0,1
0.270,0.070,243.43,1.4,0,0,1
0.308,0.236,242.27,1.6,0,0,1
0.228,0.108,239.87,1.0,0,1,0
0.410,0.238,239.80,2.0,0,1,0
5.964,0.314,237.29,25.2,37,0,18
0.230,0.048,245.38,1.0,0,0,0
3.320,0.200,231.71,14.2,1,0,16
1.604,0.120,242.31,6.6,0,0,19
1.108,0.100,237.65,4.6,0,0,1
0.574,0.392,239.02,2.8,0,0,0
0.334,0.114,242.75,1.4,0,0,0
0.960,0.124,241.68,4.0,0,0,13
2.490,0.266,240.75,10.4,0,0,29
0.346,0.114,245.94,1.4,0,0,1
2.856,0.214,237.50,12.0,2,0,28
3.768,0.130,241.14,15.6,0,39,17
3.112,0.360,239.87,13.0,0,6,17
1.020,0.186,238.79,4.4,0,0,12
0.294,0.230,240.21,1.4,0,0,0
0.254,0.188,236.17,1.2,0,2,0
1.358,0.142,238.86,5.6,0,0,18
1.444,0.000,236.19,6.0,0,0,17
3.158,0.060,242.14,13.0,0,1,0
1.550,0.216,243.87,6.4,0,0,19
0.606,0.166,238.72,2.6,0,0,1
1.502,0.076,244.31,6.2,0,0,18
0.184,0.074,240.15,0.8,0,0,0
0.314,0.110,240.08,1.6,0,0,3
1.534,0.054,240.64,6.4,0,0,18
2.552,0.118,235.35,10.8,0,37,1
1.314,0.070,238.76,5.4,0,0,17
0.186,0.000,241.69,0.8,0,0,0
0.306,0.246,242.63,1.6,0,0,0
3.858,0.000,237.58,16.2,37,0,17
0.536,0.204,232.27,2.8,0,0,0
0.414,0.224,236.64,2.0,0,0,0
0.340,0.252,241.18,1.6,0,1,0
0.348,0.158,247.47,1.6,0,0,0
0.300,0.104,240.08,1.2,0,2,0
2.722,0.160,238.11,11.4,38,0,1
3.756,0.100,238.64,15.6,38,0,18
0.316,0.194,238.24,1.6,0,1,1
0.574,0.340,239.92,2.8,0,1,1
0.350,0.122,240.56,1.4,0,0,0
1.242,0.078,238.50,5.2,0,1,17
1.446,0.320,238.36,6.2,0,2,18
0.362,0.134,244.93,1.6,0,0,0
0.556,0.000,243.90,2.4,0,0,0
0.322,0.114,247.89,1.4,0,0,0
0.940,0.208,237.34,4.0,0,1,0
2.198,0.000,237.91,9.2,0,0,12
0.354,0.082,233.14,1.6,0,2,0
2.024,0.120,235.97,8.6,1,0,17
0.280,0.000,243.02,1.2,0,0,0
1.448,0.000,236.10,6.2,0,0,17
2.044,0.248,242.36,8.4,0,2,19
3.792,0.046,238.76,15.8,37,0,18
0.406,0.158,240.29,1.8,0,1,0
2.266,0.098,235.38,9.6,0,2,17
1.756,0.080,243.03,7.2,0,1,18
3.512,0.286,242.88,14.8,0,31,19
0.498,0.222,241.91,2.4,0,1,1
0.336,0.098,241.27,1.4,0,1,1
0.374,0.000,242.58,1.6,0,0,0
2.100,0.060,243.74,8.6,0,0,19
0.300,0.000,241.90,1.2,0,0,1
0.942,0.290,236.65,4.2,0,1,0
0.248,0.000,240.29,1.0,0,0,0
0.284,0.236,243.32,1.4,0,2,0
0.274,0.116,244.70,1.2,0,0,1
2.350,0.078,242.63,9.6,0,0,19
0.218,0.000,245.92,1.0,0,0,0
0.170,0.000,241.79,0.8,0,0,0
0.428,0.252,246.66,2.0,0,2,0
2.008,0.122,236.98,8.6,0,0,26
0.794,0.128,237.97,3.4,0,0,1
1.462,0.090,243.96,6.0,0,0,19
1.784,0.084,241.24,7.4,1,1,1
0.128,0.000,236.66,0.8,0,0,0
1.322,0.046,244.81,5.4,0,0,19
3.470,0.314,237.24,14.6,1,0,17
0.324,0.102,245.04,1.4,0,0,0
3.006,0.496,235.44,13.0,0,0,0
0.160,0.000,244.01,0.6,0,0,0
0.490,0.156,242.12,2.2,0,2,1
1.952,0.000,242.07,8.0,0,0,18
0.208,0.110,242.04,1.0,0,2,1
0.642,0.000,240.25,2.8,0,0,1
0.118,0.000,236.22,0.6,0,0,0
0.112,0.000,239.01,0.4,0,0,0
0.512,0.000,241.21,2.2,0,0,0
0.212,0.080,239.95,0.8,0,0,1
0.258,0.046,241.35,1.2,0,0,0
1.324,0.000,243.81,5.4,0,0,19
0.490,0.314,240.64,2.4,0,2,1
0.304,0.230,245.73,1.4,0,2,1
1.462,0.132,238.82,6.2,0,1,18
0.282,0.000,242.05,1.2,0,0,0
0.144,0.000,234.29,0.6,0,0,0
0.370,0.092,239.96,1.6,0,2,0
0.370,0.098,244.15,1.6,2,0,0
0.326,0.050,243.04,1.6,0,0,0
4.748,0.394,240.76,19.6,39,0,18
0.204,0.000,240.78,0.8,0,0,0
0.306,0.082,243.08,1.2,0,0,0
1.268,0.230,239.60,5.4,0,0,0
0.608,0.096,241.75,2.4,0,1,0
2.996,0.504,242.32,12.8,0,0,18
0.610,0.310,243.62,2.8,0,2,0
2.138,0.330,243.29,8.8,0,1,19
2.146,0.112,243.88,8.8,0,0,18
0.206,0.080,234.38,1.0,0,0,0
0.300,0.062,235.00,1.2,0,0,0
1.596,0.106,238.86,6.6,1,0,18
1.186,0.066,239.59,4.8,1,1,1
0.380,0.060,244.93,1.8,0,0,0
3.666,0.152,236.26,15.4,37,1,17
2.556,0.092,237.48,10.8,1,1,17
0.264,0.114,239.95,1.2,0,1,0
0.410,0.180,239.58,1.8,0,0,1
2.030,0.056,240.56,8.4,0,1,18
1.524,0.358,242.81,6.4,1,2,0
0.436,0.092,233.03,2.0,0,0,0
1.450,0.106,244.04,5.8,0,0,19
0.234,0.112,238.56,1.0,0,0,0
1.514,0.000,241.72,6.2,0,0,18
0.794,0.224,239.75,3.4,0,2,0
0.232,0.096,239.83,1.0,0,1,0
0.328,0.124,246.58,1.4,0,0,0
0.204,0.000,240.61,0.8,0,0,0
0.352,0.000,248.46,1.6,0,0,0
1.644,0.056,238.30,6.8,0,0,18
1.320,0.072,242.98,5.4,0,0,19
0.334,0.136,243.92,1.4,0,0,0
1.366,0.000,237.89,5.8,0,0,1
1.672,0.168,240.34,7.0,0,1,18
2.832,0.080,241.96,11.6,39,0,0
1.380,0.000,239.03,5.8,0,0,18
1.462,0.096,243.18,6.0,0,0,19
0.494,0.096,245.26,2.0,0,0,0
0.310,0.108,244.36,1.2,0,1,1
1.690,0.162,239.81,7.4,1,25,1
0.912,0.234,242.81,3.8,0,0,1
0.256,0.000,247.79,1.0,0,0,1
2.104,0.134,236.49,8.8,0,0,17
0.498,0.236,244.07,2.2,0,2,1
1.384,0.144,232.34,6.0,0,0,16
2.670,0.446,246.09,11.6,14,1,19
0.282,0.216,233.03,1.4,0,1,0
1.446,0.000,236.06,6.2,0,0,21
0.464,0.220,241.88,2.2,0,1,0
0.236,0.000,241.42,1.0,0,0,0
0.312,0.070,248.28,1.2,0,0,0
0.184,0.086,239.67,0.8,0,1,0
3.712,0.318,240.35,15.6,0,1,18
1.870,0.582,239.79,8.2,0,1,12
0.406,0.080,243.76,1.6,0,0,0
0.204,0.000,243.17,1.0,0,0,1
0.312,0.244,242.91,1.6,0,0,0
0.302,0.266,242.77,1.6,0,1,1
4.442,0.210,236.56,18.8,0,38,1
1.434,0.060,242.02,5.8,0,0,18
0.304,0.052,242.04,1.2,0,0,1
0.324,0.084,242.00,1.4,0,0,1
1.412,0.232,236.10,6.0,1,2,17
0.450,0.126,246.56,1.8,0,1,0
1.426,0.136,244.58,5.8,0,2,19
0.398,0.198,243.98,1.8,0,0,0
0.144,0.000,242.53,0.6,0,0,1
1.380,0.108,239.52,5.8,0,0,18
1.396,0.068,241.79,5.6,0,1,19
0.224,0.000,241.59,1.0,0,0,0
0.212,0.000,240.38,1.0,0,0,1
2.326,0.000,238.88,9.6,0,2,18
0.398,0.000,240.36,1.8,0,0,0
0.234,0.112,242.45,1.0,0,1,1
0.396,0.222,240.84,1.8,0,0,0
0.326,0.056,247.26,1.4,0,0,0
1.740,0.386,241.66,8.8,0,22,1
0.204,0.000,240.52,0.8,0,0,0
1.998,0.094,243.29,8.2,0,1,18
1.878,0.090,239.43,7.8,0,0,18
2.426,0.176,233.53,10.4,0,0,17
2.054,0.268,239.54,8.6,0,1,18
0.150,0.000,239.07,0.6,0,0,1
0.394,0.000,242.91,1.8,0,0,0
2.300,0.074,246.90,9.2,0,0,0
1.300,0.000,235.90,5.4,0,0,17
0.312,0.210,235.01,1.6,0,0,0
0.514,0.340,245.35,2.4,0,1,0
0.332,0.088,245.04,1.4,0,0,0
0.290,0.104,237.85,1.2,0,0,1
1.442,0.204,237.70,6.0,0,0,17
0.158,0.000,242.72,0.6,0,0,1
1.378,0.072,241.58,5.6,0,0,18
0.870,0.070,240.97,3.6,0,1,0
2.776,0.000,239.12,12.6,1,0,17
0.326,0.152,246.92,1.4,0,0,0
0.720,0.080,242.56,3.0,0,0,1
0.232,0.000,245.07,0.8,0,0,1
0.222,0.000,240.55,0.8,0,0,1
0.322,0.072,244.16,1.2,0,1,1
1.392,0.086,239.60,5.8,0,1,18
0.318,0.058,245.22,1.2,0,1,0
2.040,0.278,242.42,8.4,0,0,29
1.778,0.000,237.88,7.4,0,0,17
0.904,0.000,242.15,3.8,1,0,1
3.164,0.310,236.91,13.4,0,0,18
1.362,0.094,239.61,5.6,0,0,18
0.354,0.182,240.24,1.6,0,1,0
0.542,0.232,242.12,2.4,0,1,1
0.262,0.000,244.69,1.2,0,0,0
0.286,0.000,245.48,1.2,0,0,1
0.208,0.110,241.95,1.0,0,1,1
1.162,0.100,240.04,4.8,0,1,0
1.394,0.218,245.66,7.2,0,0,0
1.820,0.114,240.72,7.6,0,0,29
2.348,0.152,240.28,9.8,0,0,18
4.214,0.316,240.27,17.6,39,1,18
2.620,0.318,238.24,11.0,37,1,0
0.398,0.094,242.38,2.0,0,0,0
0.366,0.084,242.67,1.6,0,0,0
1.362,0.000,240.39,5.6,0,0,18
1.322,0.064,241.30,5.4,0,0,18
0.376,0.150,242.99,1.8,0,0,1
0.504,0.102,243.96,2.0,0,0,0
3.388,0.000,236.75,14.4,0,0,18
2.950,0.078,236.79,12.4,0,0,17
0.222,0.000,241.31,1.0,0,0,0
0.668,0.194,242.16,3.0,0,0,0
0.330,0.174,239.92,1.6,0,1,0
2.962,0.098,241.77,12.2,0,0,19
0.980,0.214,240.91,4.0,0,1,0
0.400,0.076,241.38,1.8,0,0,1
2.160,0.432,237.28,9.2,1,0,18
1.664,0.210,238.47,7.0,0,0,0
1.410,0.000,240.95,5.8,0,0,18
0.240,0.108,241.55,1.0,0,0,1
1.734,0.000,239.06,7.2,0,0,18
1.876,0.152,234.48,8.0,0,0,17
0.318,0.080,244.42,1.4,0,1,0
0.232,0.000,244.93,1.0,0,0,0
0.172,0.146,238.37,0.8,0,0,0
0.652,0.220,239.76,4.0,0,0,1
0.912,0.260,242.39,3.8,0,1,12
0.962,0.108,241.19,4.0,2,0,1
0.800,0.214,245.28,3.4,0,1,0
0.472,0.104,242.76,2.0,0,0,0
0.360,0.094,245.05,1.4,0,0,1
0.212,0.086,241.82,1.0,0,0,1
0.578,0.222,243.26,2.6,0,1,0
0.314,0.078,242.50,1.4,0,0,0
0.602,0.098,242.27,2.6,0,0,1
1.442,0.080,246.00,5.8,0,0,18
0.230,0.092,242.13,1.0,0,0,0
0.406,0.050,241.92,1.6,0,0,0
1.384,0.198,239.04,5.8,0,0,18
0.278,0.000,241.26,1.2,0,0,1
0.288,0.000,245.47,1.2,0,1,0
0.206,0.000,242.48,0.8,0,0,0
1.314,0.000,242.68,5.4,0,0,18
0.360,0.122,242.28,1.6,0,0,0
0.344,0.100,242.49,1.4,0,0,1
0.360,0.000,241.78,1.8,0,1,0
0.380,0.294,238.85,2.0,0,1,0
2.256,0.332,239.78,9.8,0,0,18
0.320,0.074,246.33,1.2,0,0,1
1.850,0.228,240.50,7.8,0,1,18
0.282,0.000,239.08,1.2,0,0,0
0.264,0.000,247.33,1.2,0,0,0
0.450,0.232,242.04,2.0,0,2,0
0.240,0.114,244.16,1.0,0,2,1
0.104,0.000,237.53,0.4,0,0,0
0.216,0.000,244.11,1.0,0,0,0
0.334,0.224,241.27,1.6,0,0,0
0.316,0.106,244.95,1.4,0,0,0
0.196,0.128,240.02,1.0,0,0,0
1.396,0.116,238.67,5.8,0,1,18
1.666,0.274,234.16,7.2,0,5,16
0.602,0.230,242.07,2.8,0,1,1
1.278,0.066,235.63,5.4,0,0,17
1.312,0.000,240.15,5.4,0,0,19
0.396,0.206,242.64,1.8,0,2,0
1.550,0.000,239.52,6.4,0,1,1
0.212,0.048,239.66,0.8,0,0,0
2.052,0.052,237.89,8.6,0,0,29
0.410,0.000,245.22,2.0,0,0,3
1.496,0.244,238.33,6.2,0,2,18
2.792,0.174,236.90,11.8,2,0,18
1.612,0.180,237.23,6.8,0,1,17
0.192,0.130,239.01,1.0,0,0,0
1.748,0.094,243.26,7.2,0,0,19
2.624,0.258,241.08,10.8,1,0,17
0.228,0.092,241.34,1.0,0,0,0
0.214,0.000,240.59,0.8,0,0,0
0.224,0.000,242.54,0.8,0,0,0
0.494,0.216,243.97,2.2,0,0,0
0.300,0.056,243.25,1.2,0,0,0
1.612,0.068,242.87,6.6,0,0,0
2.998,0.140,240.43,12.6,0,28,18
5.188,0.314,235.09,22.0,0,36,18
0.398,0.198,240.92,1.8,0,2,0
0.812,0.096,242.66,3.4,0,1,0
0.386,0.056,244.72,1.6,0,0,1
1.714,0.082,244.04,7.0,0,0,18
1.274,0.346,240.45,5.6,0,0,11
1.360,0.188,240.90,5.6,0,1,18
0.376,0.122,245.25,1.6,0,0,1
0.138,0.102,239.73,0.6,0,0,0
0.382,0.096,241.13,1.6,0,0,0
0.324,0.000,244.45,1.2,0,0,1
0.892,0.074,240.56,3.8,2,0,0
1.708,0.000,238.45,7.2,0,0,18
1.592,0.244,238.64,6.6,0,0,18
0.800,0.172,242.71,3.2,0,0,0
0.306,0.154,240.11,1.4,0,1,1
0.812,0.178,243.15,3.4,0,0,12
2.526,0.126,237.18,10.6,0,0,17
0.128,0.000,235.04,0.6,0,1,0
1.382,0.396,240.94,6.0,1,0,13
2.508,0.528,238.13,10.8,0,1,17
0.302,0.090,241.19,1.4,0,2,0
0.164,0.144,242.67,0.8,0,1,0
1.138,0.212,240.48,4.8,0,1,1
3.038,0.068,238.28,13.0,0,1,18
0.312,0.048,245.92,1.2,0,0,1
0.262,0.000,244.46,1.0,0,0,1
0.232,0.130,239.06,1.0,0,0,0
1.324,0.000,242.08,5.4,0,0,18
0.322,0.244,242.20,1.6,0,1,0
0.302,0.078,242.06,1.4,0,0,0
0.178,0.064,239.46,0.8,0,0,0
0.970,0.282,240.12,4.2,0,2,13
2.038,0.000,237.17,9.2,0,20,0
0.306,0.122,241.59,1.4,0,0,1
0.228,0.054,234.97,1.0,0,0,0
1.340,0.324,235.62,5.8,1,1,0
0.666,0.174,240.89,2.8,0,0,0
0.140,0.000,239.99,0.6,0,0,0
0.366,0.206,238.79,1.6,0,1,0
0.284,0.000,244.89,1.2,0,0,0
1.940,0.086,238.68,8.0,0,0,18
0.474,0.094,245.45,2.2,0,1,0
0.852,0.220,239.93,3.6,0,1,0
2.094,0.000,244.69,8.4,0,0,19
0.392,0.186,235.54,1.8,0,1,0
0.218,0.000,246.13,0.8,0,0,0
2.806,0.000,236.29,11.8,2,0,17
0.250,0.000,249.90,1.0,0,0,1
2.216,0.070,240.46,9.2,1,0,18
0.404,0.406,239.27,2.4,1,1,0
1.850,0.378,244.78,7.6,1,1,19
3.770,0.308,239.20,15.8,39,0,18
1.242,0.000,239.19,5.2,0,0,18
0.262,0.000,245.04,1.0,0,0,0
0.284,0.060,235.94,1.2,0,2,0
1.660,0.068,240.33,6.8,0,1,18
0.384,0.308,240.94,2.0,0,1,1
0.686,0.260,241.89,3.0,0,1,1
3.412,0.076,231.31,14.8,0,0,16
1.176,0.000,232.47,5.0,0,0,17
0.244,0.000,244.17,1.0,0,0,0
2.576,0.084,238.00,10.8,1,0,18
1.410,0.130,242.49,5.8,0,0,19
0.362,0.000,241.42,1.4,0,0,0
0.316,0.230,242.48,1.6,0,0,1
1.410,0.102,239.58,5.8,0,0,17
1.468,0.102,248.25,5.8,0,0,19
0.262,0.000,241.84,1.0,0,0,1
2.864,0.112,242.31,12.0,0,0,19
0.206,0.104,239.33,1.0,0,1,0
1.634,0.122,246.53,6.6,0,0,19
1.370,0.068,244.02,5.6,0,0,19
1.340,0.114,242.01,5.4,0,0,18
0.768,0.098,242.54,3.2,0,0,1
2.796,0.348,240.13,11.6,0,0,18
0.256,0.172,242.79,1.2,0,0,0
3.402,0.082,233.65,14.4,0,35,17
2.120,0.060,243.15,8.6,0,0,18
1.298,0.206,238.19,5.4,0,1,17
0.252,0.000,244.51,1.0,0,0,1
1.550,0.222,240.86,6.4,0,0,19
2.544,0.492,238.12,10.8,0,3,29
1.432,0.104,239.40,6.0,0,0,0
0.286,0.050,241.60,1.2,0,0,0
0.270,0.000,243.72,1.2,0,0,1
0.436,0.110,237.60,2.2,0,0,1
1.268,0.062,236.72,5.2,0,0,17
0.372,0.224,241.11,1.8,0,1,1
2.986,0.244,238.52,12.8,0,2,18
0.566,0.090,240.69,2.4,0,0,0
0.312,0.104,242.45,1.2,0,1,1
0.438,0.238,244.92,2.0,0,2,0
5.372,0.078,229.41,23.4,36,0,17
0.208,0.066,239.43,0.8,0,0,0
0.336,0.086,242.52,1.4,0,0,0
3.304,0.214,242.85,13.8,0,0,19
1.860,0.000,242.95,7.6,0,0,18
1.254,0.054,232.78,5.4,0,0,17
0.318,0.080,242.01,1.4,0,1,0
0.272,0.000,243.05,1.0,0,0,1
0.344,0.000,245.00,1.4,0,0,0
0.170,0.094,235.86,0.8,0,0,0
2.264,0.562,237.74,9.8,0,2,29
0.190,0.076,237.99,0.8,0,0,0
0.206,0.000,240.45,1.0,0,0,1
0.360,0.102,241.80,1.6,0,0,1
0.230,0.074,240.12,1.0,0,0,0
0.464,0.122,243.22,2.0,0,0,0
1.250,0.058,238.36,5.2,0,0,18
2.184,0.066,236.53,9.2,0,1,0
1.386,0.094,243.94,5.6,0,1,0
0.430,0.248,244.64,2.0,0,1,0
0.218,0.000,247.80,0.8,0,0,0
0.268,0.120,241.78,1.2,0,0,0
0.316,0.246,239.56,1.6,0,1,0
0.682,0.104,244.67,2.8,0,0,0
0.136,0.000,241.61,0.6,0,0,0
2.764,0.218,238.76,11.8,0,22,18
0.474,0.066,243.98,2.2,0,0,0
1.740,0.096,243.94,7.2,0,0,0
0.388,0.210,241.95,1.8,0,2,0
1.962,0.054,242.04,8.0,0,0,0
1.548,0.088,242.62,6.4,1,0,19
4.628,0.066,233.04,19.8,1,1,17
1.424,0.234,241.81,5.8,0,0,19
0.310,0.104,239.75,1.4,0,1,1
0.556,0.076,244.36,2.4,0,1,0
0.480,0.184,242.30,2.2,0,0,1
0.824,0.228,236.88,3.6,0,1,0
0.562,0.240,239.53,2.4,0,0,0
2.414,0.892,241.74,10.8,0,0,18
0.414,0.202,243.88,1.8,0,0,0
1.420,0.000,239.18,6.0,0,0,19
0.492,0.252,246.15,2.2,0,2,1
0.404,0.208,243.26,2.2,0,0,3
0.216,0.000,243.14,1.0,0,0,0
0.230,0.112,242.81,1.0,0,2,1
3.078,0.110,239.85,12.8,0,0,18
2.110,0.328,238.95,8.8,0,2,29
0.244,0.000,242.02,1.0,0,0,1
0.580,0.288,239.37,2.6,0,1,1
0.256,0.000,236.42,1.0,0,0,0
0.384,0.204,245.15,2.0,0,0,0
0.198,0.124,235.84,1.0,0,0,0
1.362,0.208,239.62,5.6,0,2,18
0.334,0.090,246.24,1.4,0,0,0
2.630,0.054,238.97,11.0,0,38,0
2.072,0.000,239.39,8.6,0,1,18
1.662,0.000,240.02,6.8,0,0,19
2.552,0.138,239.23,10.8,0,0,19
0.444,0.184,241.35,2.0,0,0,1
1.316,0.000,240.63,5.4,1,0,18
0.922,0.338,242.10,4.2,0,0,0
0.302,0.098,243.29,1.2,0,1,0
0.118,0.000,234.67,0.6,0,0,0
2.846,0.178,235.08,12.0,0,0,17
1.316,0.052,240.56,5.4,0,0,18
1.812,0.078,243.27,7.4,0,0,18
1.324,0.000,241.99,5.4,0,0,18
1.472,0.000,238.78,6.0,0,0,18
0.900,0.102,240.60,4.6,0,1,1
0.250,0.000,245.90,1.0,0,0,0
1.294,0.100,241.47,5.2,0,1,19
2.756,0.320,242.63,11.6,0,23,18
1.078,0.218,241.45,4.4,0,1,1
1.426,0.084,242.77,5.8,0,0,19
0.514,0.340,240.12,2.6,0,1,1
0.462,0.276,240.32,2.2,1,0,0
1.428,0.082,244.05,5.8,0,2,19
0.366,0.078,241.68,1.4,0,1,0
1.240,0.000,242.79,5.0,0,0,19
0.314,0.086,240.33,1.4,0,1,0
1.854,0.084,243.53,7.6,0,2,18
0.756,0.444,239.13,3.6,0,1,1
0.208,0.116,242.79,1.0,0,0,0
0.904,0.376,244.09,4.0,1,1,0
1.346,0.132,240.45,5.6,1,0,18
0.480,0.212,243.69,2.2,0,1,1
0.198,0.108,236.06,1.0,0,2,0
0.330,0.268,243.94,1.6,0,0,1
3.038,0.526,243.67,13.0,0,1,18
2.006,0.124,240.29,8.4,0,0,19
1.858,0.188,240.65,7.6,0,0,18
4.022,0.160,237.23,16.8,0,54,0
1.668,0.000,238.28,7.0,0,0,18
1.348,0.086,242.46,5.6,0,0,18
4.982,0.210,245.32,20.6,36,38,0
1.478,0.210,243.61,6.0,0,1,19
0.582,0.088,237.81,2.4,0,0,1
0.328,0.090,243.99,1.4,0,0,0
0.392,0.114,243.35,1.8,0,0,0
3.070,0.000,238.08,12.8,1,0,18
0.354,0.070,245.18,1.4,0,2,0
3.606,0.200,237.76,15.2,0,37,1
0.290,0.086,236.86,1.2,0,1,0
1.610,0.260,248.29,6.4,0,1,20
0.268,0.000,245.03,1.0,0,0,1
0.464,0.272,242.78,2.2,0,2,0
4.096,0.304,239.35,17.2,38,0,17
1.142,0.000,238.13,4.8,0,0,1
1.464,0.126,244.49,6.0,0,1,19
0.758,0.440,239.87,3.8,1,1,5
0.362,0.228,242.35,1.8,0,2,1
1.642,0.000,237.61,6.8,0,0,17
0.500,0.098,242.11,2.0,0,0,0
1.174,0.510,242.94,5.2,0,2,12
0.160,0.000,241.14,0.6,0,0,1
1.354,0.000,239.34,5.6,0,0,18
0.572,0.206,239.55,3.0,0,0,7
1.526,0.000,243.50,6.2,0,0,18
0.220,0.104,240.41,1.0,0,2,0
1.286,0.068,240.66,5.2,0,0,18
0.316,0.222,239.75,1.6,0,0,1
0.406,0.248,242.71,2.0,0,1,1
1.002,0.330,242.73,4.2,0,1,13
3.174,0.090,235.13,13.4,0,0,17
2.108,0.060,243.55,8.6,0,1,18
0.194,0.000,243.62,0.8,0,1,1
1.360,0.000,234.09,5.8,0,0,17
1.486,0.154,241.00,6.2,0,1,18
0.404,0.000,242.04,1.8,0,1,1
2.324,0.118,236.68,9.8,2,1,17
3.638,0.130,235.55,15.4,37,0,17
1.470,0.212,238.79,6.2,0,1,18
1.474,0.126,241.13,6.0,0,0,18
1.270,0.094,240.89,5.2,0,0,18
1.548,0.236,242.25,6.4,0,2,19
0.236,0.132,240.91,1.0,0,0,1
2.820,0.270,241.86,11.8,1,20,19
1.890,0.104,241.27,7.8,0,2,20
1.260,0.294,238.83,5.4,0,1,1
0.212,0.100,239.80,1.0,0,0,0
0.130,0.000,240.09,0.6,0,0,0
0.462,0.000,242.44,2.4,0,0,0
1.350,0.222,240.33,5.6,0,1,18
1.508,0.062,242.36,6.2,0,0,18
0.354,0.078,240.62,1.4,0,0,1
0.190,0.000,243.62,0.8,0,0,1
0.232,0.096,239.85,1.0,0,1,0
0.288,0.000,240.06,1.8,0,0,1
4.864,0.488,233.56,20.8,20,2,17
1.510,0.000,238.02,6.4,0,0,17
0.298,0.110,243.22,1.2,0,2,0
0.878,0.338,239.05,4.2,0,0,6
0.272,0.048,242.81,1.2,0,0,0
0.334,0.086,243.00,1.4,0,0,0
0.308,0.082,241.79,1.2,0,1,1
0.258,0.000,240.67,1.2,0,0,1
1.394,0.076,237.94,5.8,0,0,0
2.644,0.210,239.13,11.0,0,37,0
1.284,0.090,232.46,5.4,0,0,17
1.428,0.134,242.49,5.8,0,0,18
1.824,0.000,235.21,7.6,0,2,0
1.076,0.516,242.21,4.8,0,1,10
0.222,0.056,244.41,1.0,0,0,0
0.704,0.228,241.14,3.0,0,1,0
0.268,0.000,241.14,1.2,0,0,0
4.390,0.270,236.31,18.8,0,1,0
0.244,0.116,240.81,1.0,0,0,0
0.444,0.000,243.39,2.0,0,0,0
0.244,0.128,241.65,1.0,0,0,0
0.132,0.000,242.42,0.6,0,0,1
0.210,0.092,240.22,1.0,0,1,0
0.080,0.000,241.11,0.2,0,0,1
0.260,0.000,243.12,1.2,0,0,0
5.674,0.000,236.29,24.0,0,74,17
0.448,0.124,240.43,2.0,0,1,0
0.320,0.180,239.42,1.4,0,1,1
1.448,0.098,239.11,6.0,0,0,18
2.452,0.088,237.55,10.2,0,0,18
3.412,0.000,235.97,14.4,2,0,17
2.628,0.172,245.24,11.2,2,20,18
2.714,0.000,242.78,11.2,0,1,18
0.356,0.056,241.75,1.4,0,1,1
0.280,0.000,244.47,1.2,0,0,0
0.380,0.000,244.99,1.6,0,0,0
0.308,0.074,241.41,1.2,0,1,1
0.298,0.208,243.30,1.6,0,1,1
1.492,0.220,243.28,6.2,0,0,18
0.358,0.068,242.54,1.6,0,0,1
2.426,0.508,236.87,10.4,0,0,11
0.422,0.198,244.97,1.8,0,2,0
0.404,0.124,242.08,1.8,0,0,1
1.506,0.070,236.79,6.4,0,0,18
0.236,0.114,239.08,1.0,0,0,1
2.154,0.408,238.69,9.2,0,0,29
0.394,0.092,240.09,1.6,0,1,1
1.556,0.244,248.06,6.2,0,0,20
0.292,0.090,239.72,1.2,0,1,0
0.478,0.072,240.33,2.0,0,2,0
1.448,0.108,243.94,5.8,0,0,19
1.588,0.252,242.17,6.6,0,0,19
1.256,0.000,238.13,5.2,0,0,18
1.078,0.000,237.90,4.4,0,0,0
0.334,0.204,243.13,1.8,0,2,1
3.050,0.166,240.04,12.8,1,1,18
1.314,0.000,239.53,5.4,0,0,18
0.136,0.000,235.31,0.6,0,0,0
0.082,0.000,243.60,0.2,0,0,1
1.428,0.096,241.60,5.8,0,0,18
0.178,0.130,243.92,1.0,0,0,0
0.352,0.084,240.97,1.6,0,0,0
0.188,0.112,239.44,0.8,0,1,0
0.320,0.074,243.61,1.4,0,0,0
0.276,0.228,242.74,1.4,0,1,1
1.410,0.108,240.97,5.8,0,0,18
0.188,0.000,237.14,1.0,0,0,0
0.310,0.222,240.92,1.6,0,2,0
0.378,0.104,244.90,1.6,0,1,0
0.726,0.060,243.13,3.0,0,0,0
0.238,0.000,235.16,1.6,0,0,0
0.214,0.000,248.64,0.8,0,0,0
0.380,0.206,247.38,1.6,0,2,0
3.978,0.240,231.06,17.2,0,0,16
1.646,0.196,237.38,7.0,0,0,17
2.984,0.250,239.48,12.4,0,0,17
0.272,0.000,240.54,1.2,0,0,0
0.416,0.110,241.25,1.8,1,0,0
0.316,0.274,242.98,1.6,0,1,0
0.222,0.000,247.78,0.8,0,0,0
1.294,0.088,240.43,5.4,0,2,18
1.714,0.066,237.12,7.2,1,0,18
0.530,0.096,242.23,2.2,0,0,0
1.722,0.156,242.70,7.2,0,1,9
0.506,0.252,244.82,2.4,0,1,1
1.388,0.270,239.21,5.8,1,1,18
1.650,0.108,244.52,6.8,0,0,19
0.440,0.128,246.94,2.0,0,0,0
0.468,0.046,233.80,2.2,0,0,0
1.072,0.220,243.00,5.0,1,0,12
0.358,0.220,241.47,1.6,0,1,0
1.380,0.252,240.42,5.8,0,1,18
0.358,0.232,240.71,1.8,0,0,1
0.328,0.120,246.33,1.4,0,1,1
0.108,0.000,240.36,0.4,0,0,0
1.418,0.240,241.92,5.8,0,1,18
0.242,0.000,246.83,1.0,0,0,0
1.292,0.174,236.53,5.4,0,1,17
1.034,0.046,238.96,4.4,0,0,0
0.748,0.052,242.08,3.2,0,0,0
1.748,0.192,239.52,7.4,0,0,23
2.174,0.048,238.87,10.0,0,0,18
0.196,0.122,235.89,1.0,0,0,0
1.340,0.084,239.35,5.6,0,0,18
0.554,0.366,242.14,2.8,0,1,1
1.608,0.088,242.78,6.6,0,3,18
0.474,0.108,241.31,2.0,0,0,0
0.180,0.158,243.04,1.0,0,0,1
0.382,0.240,244.36,1.8,0,0,1
0.320,0.204,238.17,1.6,0,0,1
0.282,0.204,240.38,1.4,0,0,0
1.332,0.084,237.17,5.6,0,0,17
0.540,0.078,240.24,2.2,0,0,1
5.716,0.334,235.61,24.2,38,0,0
1.922,0.216,243.11,7.8,0,1,19
0.366,0.084,241.29,1.6,0,0,0
1.210,0.326,237.88,5.2,0,1,1
0.290,0.058,246.66,1.2,0,0,0
0.400,0.238,245.55,1.8,0,1,0
0.782,0.078,239.78,3.2,0,0,11
4.020,0.164,241.20,17.0,0,35,19
1.288,0.100,237.99,5.4,1,0,18
0.236,0.132,243.39,1.0,0,1,1
0.140,0.000,243.83,0.6,0,0,0
0.482,0.368,243.68,2.4,0,1,0
0.732,0.246,248.07,3.0,0,2,0
1.982,0.110,240.67,8.2,0,1,0
0.256,0.086,240.74,1.2,0,0,1
0.126,0.000,237.70,0.6,0,0,0
0.254,0.124,242.44,1.2,0,0,1
1.368,0.208,239.86,5.6,0,1,19
0.168,0.140,240.74,0.8,0,1,1
0.208,0.000,240.24,0.8,0,0,0
2.916,0.210,239.31,12.2,0,1,30
0.236,0.000,240.26,1.0,0,0,0
0.326,0.122,245.45,1.4,0,1,1
2.906,0.400,236.94,12.2,1,1,17
2.012,0.080,235.73,8.6,2,0,0
1.380,0.046,240.61,5.6,0,0,18
4.966,0.120,231.80,21.4,0,36,17
0.694,0.556,238.31,3.6,0,0,0
4.166,0.072,233.28,17.8,0,0,17
0.252,0.000,247.89,1.2,0,0,0
0.322,0.000,244.58,1.6,0,0,0
0.196,0.094,237.59,0.8,0,1,0
1.368,0.060,236.44,5.8,0,0,0
0.186,0.106,240.27,0.8,0,0,0
1.684,0.082,243.53,6.8,0,0,18
1.546,0.072,242.24,6.4,2,0,1
0.226,0.000,246.94,1.0,0,0,0
1.442,0.160,242.92,5.8,0,0,18
0.190,0.084,232.73,0.8,0,1,0
1.460,0.214,238.48,6.2,0,1,18
0.262,0.000,243.82,1.0,0,0,0
2.528,0.220,238.43,10.6,0,1,18
1.192,0.000,241.22,4.8,0,0,0
0.254,0.126,240.13,1.2,0,0,1
2.636,0.078,232.16,11.4,0,0,0
0.212,0.102,241.71,1.0,0,1,1
1.570,0.286,241.41,6.8,0,23,1
1.082,0.128,238.71,4.6,0,1,0
1.946,0.290,243.32,8.0,0,3,0
2.048,0.066,240.31,8.6,0,1,18
0.406,0.198,239.04,1.8,0,1,1
0.392,0.208,240.93,1.8,0,0,0
4.030,0.182,238.46,16.8,0,0,17
1.046,0.448,242.65,4.6,0,0,12
1.556,0.390,238.65,6.6,0,1,17
1.568,0.000,235.74,6.8,0,0,0
0.324,0.098,240.49,1.4,0,0,0
0.438,0.198,245.78,2.0,0,0,0
2.148,0.088,238.54,9.0,0,0,17
0.286,0.068,237.59,1.2,0,2,0
0.262,0.116,241.41,1.2,0,1,0
0.262,0.066,241.15,1.2,0,1,1
0.580,0.162,241.06,2.8,0,1,0
1.464,0.102,239.86,6.0,0,0,18
0.410,0.226,247.15,1.8,0,0,0
0.266,0.000,243.11,1.2,0,0,0
0.110,0.000,239.86,0.4,0,0,0
0.328,0.096,239.52,1.4,0,2,1
0.226,0.000,247.12,0.8,0,0,0
0.082,0.000,242.72,0.2,0,0,1
0.250,0.000,244.03,1.0,0,0,0
0.202,0.116,233.85,1.0,0,0,0
1.510,0.200,241.11,6.2,0,0,18
0.188,0.132,242.73,1.0,0,1,0
1.464,0.070,241.20,6.0,2,0,17
1.306,0.048,234.94,5.4,0,1,17
0.838,0.188,240.15,3.6,0,0,12
2.172,0.194,240.71,9.0,0,0,18
0.426,0.250,244.38,2.0,0,1,0
1.612,0.184,239.72,6.8,0,0,18
0.350,0.000,243.72,1.6,0,0,1
2.654,0.364,242.37,11.0,0,1,0
0.426,0.086,241.26,2.0,0,1,0
0.260,0.122,242.47,1.2,0,0,1
1.374,0.226,239.34,5.8,0,0,18
0.110,0.000,240.37,0.4,0,0,0
0.746,0.066,240.40,3.0,0,0,0
2.130,0.000,240.62,8.8,0,0,17
0.360,0.102,241.28,1.6,0,0,1
0.892,0.234,242.33,3.8,1,0,0
0.216,0.086,237.35,1.0,0,1,0
0.360,0.000,238.62,1.4,0,0,0
0.432,0.180,240.46,1.8,0,0,0
0.368,0.160,243.70,1.6,0,1,1
1.628,0.126,238.07,6.8,0,0,18
0.320,0.118,239.78,1.4,0,0,1
3.220,0.000,238.62,13.6,0,0,13
0.212,0.000,242.81,1.2,0,1,1
0.284,0.076,235.92,1.2,0,1,0
1.186,0.000,240.56,4.8,0,0,1
3.438,0.428,239.66,14.6,0,23,28
3.532,0.112,237.67,14.8,0,36,17
0.288,0.046,244.76,1.2,0,0,0
1.246,0.000,240.64,5.2,0,0,17
0.250,0.000,242.12,1.0,0,0,0
0.294,0.118,243.07,1.2,0,2,1
0.542,0.064,246.49,2.2,0,0,1
0.298,0.056,248.62,1.2,0,0,0
0.230,0.054,238.73,1.2,0,0,1
0.100,0.000,234.16,0.4,0,0,0
0.312,0.066,241.76,1.2,0,0,1
3.720,0.064,239.71,15.4,39,0,19
0.138,0.000,239.85,0.6,0,0,1
1.404,0.110,240.31,5.8,0,0,19
0.418,0.000,235.73,1.8,0,0,0
0.316,0.056,240.64,1.2,2,0,0
0.270,0.050,240.30,1.0,0,0,0
4.010,0.118,241.57,16.6,38,3,18
1.662,0.098,242.10,6.8,1,0,1
0.306,0.000,242.80,1.2,0,0,0
1.424,0.196,235.66,6.0,0,0,17
1.648,0.276,239.63,7.0,0,1,18
0.284,0.226,243.10,1.4,0,1,1
1.384,0.062,240.32,5.6,0,0,18
0.226,0.000,245.11,1.0,0,0,0
1.274,0.200,234.19,5.4,0,0,17
1.470,0.000,246.18,6.0,0,0,18
0.420,0.220,241.73,2.0,0,2,0
2.118,0.000,236.50,8.8,0,0,1
0.700,0.062,240.78,3.0,0,0,0
0.154,0.000,242.49,0.6,0,0,0
2.164,0.114,240.25,9.0,0,1,18
3.472,0.202,233.01,15.4,0,13,17
1.430,0.058,243.49,5.8,0,0,0
2.250,0.156,237.68,9.4,0,1,18
0.212,0.000,240.22,0.8,0,0,0
0.150,0.000,243.75,0.6,0,0,1
1.626,0.084,233.74,7.2,0,2,17
0.180,0.000,239.36,0.8,0,1,0
1.372,0.070,241.00,5.6,0,1,19
0.186,0.152,241.20,1.0,0,0,1
0.926,0.066,238.73,3.8,1,0,1
0.432,0.048,241.81,2.0,0,0,0
1.574,0.000,238.73,6.6,0,1,18
0.342,0.214,241.02,1.6,0,0,1
0.390,0.188,242.51,1.8,0,0,1
1.414,0.132,237.17,6.0,1,0,17
0.542,0.348,241.81,2.6,0,1,0
1.212,0.000,236.93,5.0,0,0,18
0.312,0.244,241.91,1.6,0,2,1
1.326,0.000,238.27,5.4,0,0,18
0.264,0.050,242.74,1.2,0,0,0
1.740,0.142,237.97,7.4,0,0,0
0.244,0.000,245.32,1.0,0,0,1
2.458,0.060,243.42,10.0,0,2,18
2.390,0.196,237.56,10.0,1,2,17
0.322,0.242,240.63,1.6,0,1,0
1.978,0.246,240.22,8.2,0,0,18
0.276,0.048,246.64,1.2,0,0,0
0.242,0.000,243.08,1.0,0,0,1
0.748,0.222,242.76,3.2,0,0,0
0.250,0.110,238.76,1.2,0,0,0
0.308,0.228,241.98,1.6,0,1,0
0.334,0.086,242.28,1.4,0,0,0
1.230,0.000,241.65,5.0,0,0,19
2.360,0.200,236.49,10.0,0,0,18
1.270,0.000,231.35,5.4,1,0,17
1.968,0.368,237.92,8.4,0,1,18
0.450,0.144,241.80,2.0,0,1,0
0.232,0.000,242.33,1.0,0,0,0
0.262,0.054,241.81,1.2,0,0,0
3.284,0.234,237.58,13.8,0,0,27
1.638,0.324,244.93,6.8,0,1,19
0.336,0.126,236.92,1.4,0,0,0
1.318,0.068,241.89,5.4,0,0,18
0.106,0.000,235.22,0.4,0,0,0
1.708,0.056,234.32,7.2,0,0,17
1.154,0.256,242.02,5.0,0,0,13
0.152,0.000,241.27,0.6,0,0,0
4.100,0.356,235.72,17.4,0,2,18
0.264,0.132,242.27,1.2,0,0,1
0.302,0.200,238.70,1.4,0,1,0
3.158,0.062,238.75,13.2,37,1,0
0.384,0.120,242.84,1.6,0,0,0
0.240,0.100,242.36,1.0,0,0,1
0.522,0.242,238.39,2.4,0,1,0
0.438,0.320,243.00,2.2,0,0,0
0.330,0.114,244.97,1.4,0,0,0
0.878,0.218,238.60,3.8,0,2,0
3.346,0.370,239.97,14.0,0,2,18
1.446,0.054,237.70,6.0,0,0,0
1.264,0.000,235.51,5.4,0,0,17
0.394,0.240,242.61,1.8,0,1,0
1.966,0.000,241.01,8.0,0,0,17
0.614,0.110,242.33,2.6,0,0,0
1.316,0.066,242.94,5.4,0,0,18
0.308,0.082,242.20,1.2,0,0,0
0.894,0.214,243.51,3.8,2,0,11
1.404,0.214,241.90,5.8,0,0,18
2.692,0.000,245.97,11.0,0,22,18
0.378,0.090,244.90,1.6,0,1,0
0.314,0.074,246.32,1.2,0,0,0
0.872,0.000,244.23,3.6,0,0,0
1.540,0.056,239.57,6.4,0,0,18
1.516,0.286,244.86,6.2,0,1,18
1.358,0.000,241.58,5.6,0,0,18
0.324,0.096,241.31,1.4,0,0,0
1.740,0.302,240.48,7.2,0,1,18
0.318,0.054,241.27,1.4,0,0,0
1.468,0.126,239.96,6.0,1,0,17
1.408,0.202,240.01,5.8,0,0,18
0.346,0.056,235.63,1.6,0,0,0
0.542,0.202,244.24,2.4,0,1,0
0.214,0.092,237.29,1.0,0,0,0
2.662,0.000,241.18,11.0,0,0,0
0.288,0.110,242.13,1.2,0,1,0
0.488,0.224,240.17,2.4,0,1,0
0.316,0.108,245.15,1.4,0,0,0
0.256,0.000,244.26,1.0,0,0,0
1.030,0.436,240.52,4.6,0,0,12
1.266,0.270,241.53,5.2,0,0,1
1.356,0.068,240.40,5.6,0,0,18
0.176,0.154,241.73,0.8,0,0,1
1.184,0.000,237.07,5.0,0,0,17
1.262,0.046,239.26,5.2,0,0,18
0.288,0.066,236.20,1.2,0,0,0
1.274,0.046,237.20,5.4,0,0,18
0.738,0.116,241.29,3.0,0,0,0
4.550,0.056,235.33,19.2,0,35,0
0.210,0.000,238.61,0.8,0,0,0
1.016,0.114,240.52,4.2,0,0,1
1.288,0.000,237.69,5.4,0,0,17
1.582,0.100,245.79,6.4,0,1,19
4.920,0.360,234.85,21.0,38,0,0
0.396,0.216,234.71,1.8,0,0,0
0.396,0.000,241.70,1.6,0,0,0
0.160,0.000,242.77,0.6,0,0,0
1.872,0.266,239.36,7.8,0,1,18
0.240,0.114,239.74,1.2,0,1,1
2.176,0.052,240.00,9.0,0,0,18
0.418,0.224,243.87,1.8,0,1,1
2.900,0.436,235.09,12.4,0,1,0
0.444,0.108,246.11,2.0,0,2,0
0.154,0.000,239.31,0.6,0,0,1
4.370,0.154,237.36,18.4,37,2,28
1.512,0.066,235.11,6.4,0,0,0
1.156,0.000,237.33,4.8,0,0,17
0.806,0.072,234.16,4.0,0,0,7
1.334,0.214,244.18,5.4,0,1,1
1.468,0.122,241.26,6.0,0,0,18
0.174,0.066,234.85,1.0,0,0,0
1.706,0.070,240.12,7.0,0,0,18
1.064,0.000,236.47,4.4,0,0,1
0.410,0.214,243.69,1.8,0,0,0
1.460,0.058,246.82,5.8,0,0,19
1.344,0.000,241.38,5.6,0,0,18
0.820,0.106,241.97,3.4,0,0,0
0.154,0.000,241.12,0.6,0,0,0
1.420,0.048,239.83,6.0,0,0,18
0.750,0.000,239.90,3.2,0,0,0
0.234,0.000,247.16,1.0,0,0,0
0.322,0.110,240.91,1.4,0,0,0
0.364,0.122,243.20,1.6,0,0,0
0.482,0.228,243.29,2.2,0,1,1
0.264,0.050,244.55,1.2,0,0,0
2.456,0.090,243.01,10.0,0,0,0
2.712,0.000,237.27,11.4,0,1,17
3.340,0.262,240.73,13.8,0,2,19
5.024,0.086,237.94,21.0,37,0,17
3.680,0.062,238.99,15.4,2,1,18
4.502,0.210,231.95,19.4,1,34,17
2.168,0.066,237.84,9.4,0,0,18
0.322,0.098,241.88,1.4,0,0,0
0.218,0.092,244.25,1.0,0,0,1
1.346,0.000,232.94,5.8,0,0,17
3.144,0.270,235.20,13.4,0,0,18
0.328,0.070,235.43,1.4,0,1,0
0.206,0.000,243.82,0.8,0,0,1
0.268,0.000,246.35,1.0,0,0,0
1.352,0.204,230.83,5.8,1,0,16
1.334,0.068,227.02,6.0,0,0,16
2.688,0.078,239.80,11.2,0,0,18
0.330,0.102,243.98,1.4,0,0,1
1.354,0.088,242.45,5.6,0,0,19
3.478,0.068,236.89,14.6,0,2,18
2.378,0.082,239.34,10.0,0,0,17
0.372,0.136,247.92,1.6,0,0,0
1.490,0.108,235.10,6.4,0,0,17
3.070,0.000,235.37,13.4,0,25,17
0.596,0.448,241.55,3.2,0,1,0
3.000,0.554,238.60,12.8,1,1,12
0.304,0.100,242.62,1.4,0,0,0
0.332,0.246,243.66,1.6,0,2,1
3.268,0.316,239.87,13.6,0,0,18
4.014,0.060,240.71,16.8,0,34,0
0.846,0.078,238.82,3.6,0,2,1
0.208,0.000,243.63,0.8,0,0,0
2.560,0.066,240.71,10.6,0,3,0
3.014,0.196,236.35,12.8,0,0,17
0.258,0.000,243.36,1.0,0,0,0
0.418,0.000,244.46,1.6,0,0,0
2.470,0.250,238.67,10.6,0,1,18
0.216,0.046,248.00,0.8,0,0,0
0.736,0.424,236.61,3.6,1,1,0
2.066,0.140,239.55,8.6,1,5,1
0.280,0.214,238.16,1.4,0,1,0
1.284,0.110,238.44,5.4,0,2,18
1.274,0.000,229.27,5.4,0,0,17
1.454,0.180,235.80,6.2,0,0,18
0.438,0.000,243.01,1.8,0,1,0
2.586,0.160,240.86,10.6,0,1,18
0.660,0.072,241.85,3.0,0,0,1
1.558,0.210,240.11,6.6,0,1,18
1.626,0.350,245.49,6.6,0,1,19
0.346,0.076,241.19,1.4,0,0,0
0.454,0.116,240.72,2.2,0,0,1
0.326,0.000,242.08,1.4,0,0,0
1.848,0.188,246.97,7.4,0,0,20
1.570,0.000,242.18,6.6,0,0,15
0.382,0.158,247.43,1.6,0,2,1
1.446,0.084,241.69,6.0,0,0,18
0.472,0.200,242.89,2.0,0,0,0
0.964,0.252,238.83,4.2,0,0,12
1.920,0.116,241.93,7.8,0,0,18
2.302,0.170,239.87,9.6,0,0,0
1.590,0.052,241.57,6.6,0,0,18
1.672,0.246,244.71,6.8,0,0,19
0.344,0.094,247.59,1.4,0,1,0
0.334,0.262,241.93,1.6,0,1,1
0.320,0.210,239.25,1.6,0,0,0
0.442,0.000,241.94,1.8,0,0,1
0.382,0.198,242.56,1.8,0,1,0
0.818,0.000,243.60,3.4,0,0,0
0.318,0.094,242.80,1.4,0,1,0
0.452,0.068,242.28,2.0,0,0,1
0.338,0.076,245.06,1.4,0,0,1
0.844,0.096,239.01,4.2,0,0,0
0.466,0.316,240.09,2.2,0,2,0
2.034,0.110,239.18,8.4,0,0,18
3.476,0.128,240.55,14.4,0,4,18
3.192,0.216,241.30,13.2,1,1,29
0.444,0.112,241.27,2.0,0,0,1
0.290,0.100,242.29,1.2,0,1,0
1.518,0.102,244.33,6.2,0,0,18
0.264,0.112,238.96,1.2,0,0,1
0.232,0.000,240.83,1.0,0,0,0
0.234,0.112,235.73,1.0,0,0,0
0.344,0.046,246.57,1.4,0,0,0
0.300,0.106,239.82,1.2,0,0,0
0.106,0.000,238.54,0.4,0,0,0
0.372,0.000,243.94,2.0,0,0,5
1.704,0.198,239.58,7.0,0,1,18
3.902,0.208,238.51,16.4,1,38,1
0.310,0.084,243.34,1.2,0,0,0
0.692,0.330,247.23,3.0,0,1,1
1.214,0.080,233.63,5.2,0,0,17
2.684,0.080,235.32,11.4,0,0,17
0.250,0.000,239.83,1.0,0,0,1
1.340,0.000,245.18,5.4,0,0,0
0.404,0.090,243.68,1.8,0,1,0
0.476,0.086,244.16,2.2,0,0,0
2.910,0.086,236.39,12.4,1,26,18
0.426,0.226,243.95,2.0,0,1,0
0.168,0.138,239.99,0.8,0,2,1
0.530,0.086,239.66,2.4,0,1,0
0.314,0.156,241.99,1.4,0,0,1
0.222,0.000,243.05,0.8,0,0,1
0.314,0.200,238.68,1.6,0,2,1
1.824,0.082,241.18,7.6,0,3,19
2.868,0.282,238.84,12.0,39,0,0
0.428,0.000,243.17,1.8,0,0,1
0.426,0.264,248.59,2.0,0,0,1
1.348,0.138,238.56,5.6,0,1,18
1.326,0.000,239.19,5.4,0,0,17
0.316,0.118,239.95,1.4,0,0,1
0.216,0.116,242.48,1.0,0,0,0
0.388,0.188,241.16,1.8,0,0,1
0.160,0.000,241.74,0.6,0,0,1
2.712,0.000,237.77,11.4,0,0,18
0.378,0.102,247.36,1.6,0,0,0
1.386,0.090,241.09,5.6,0,0,18
0.914,0.274,242.68,3.8,0,1,12
2.142,0.164,241.97,8.8,0,0,1
0.132,0.000,241.37,0.6,0,0,1
0.304,0.000,245.59,1.4,0,0,0
0.314,0.150,242.79,1.4,0,0,0
1.670,0.126,243.05,6.8,0,0,19
0.292,0.100,241.06,1.2,0,1,1
1.198,0.000,242.38,5.0,0,0,17
0.412,0.066,240.57,1.6,0,0,0
0.450,0.120,244.55,1.8,0,1,1
0.288,0.074,238.17,1.2,0,0,0
0.262,0.102,241.98,1.2,0,0,0
0.376,0.084,243.59,1.6,0,0,0
1.332,0.000,240.02,5.4,0,0,18
1.184,0.000,240.91,4.8,0,0,1
3.530,0.366,237.95,14.8,0,2,0
1.680,0.000,243.58,7.0,0,0,0
0.282,0.000,243.85,1.2,0,0,0
0.130,0.000,242.35,0.6,0,0,0
0.228,0.048,233.23,1.0,0,0,1
1.714,0.132,242.34,7.0,0,0,18
1.042,0.356,238.85,4.6,0,1,0
1.346,0.082,241.84,5.6,0,0,18
0.390,0.250,239.73,1.8,0,1,0
0.342,0.196,241.25,1.6,0,0,1
0.116,0.000,242.44,0.6,0,0,0
0.342,0.082,238.44,1.4,0,0,0
1.416,0.000,237.33,6.0,1,2,17
0.286,0.116,240.38,1.2,0,0,1
4.090,0.358,235.31,17.4,1,37,17
1.056,0.000,238.85,4.4,0,0,0
0.830,0.000,243.11,3.4,0,0,0
0.402,0.188,241.57,1.8,0,0,1
2.846,0.476,241.55,11.8,0,1,19
2.618,0.180,242.89,10.8,0,2,19
3.076,0.398,236.95,13.8,15,0,18
1.240,0.000,239.16,5.2,0,0,18
0.334,0.122,245.47,1.4,0,0,0
0.262,0.000,242.62,1.0,0,0,1
0.840,0.136,242.11,3.4,0,0,12
2.192,0.000,237.53,9.2,0,0,17
1.926,0.284,237.83,8.2,0,0,29
1.478,0.092,244.81,6.0,0,0,19
1.784,0.142,238.65,7.4,0,0,0
1.372,0.000,244.45,5.6,0,0,18
0.954,0.332,240.12,4.2,0,0,12
1.368,0.000,242.91,5.6,0,0,19
0.450,0.126,242.06,1.8,0,0,0
0.084,0.000,243.62,0.2,0,0,0
5.626,0.170,231.23,24.2,0,70,17
2.380,0.000,238.53,9.8,0,0,18
0.276,0.136,242.99,1.2,0,0,1
1.306,0.054,237.37,5.4,0,2,18
0.418,0.212,243.68,1.8,0,1,1
0.362,0.132,246.77,1.6,0,0,1
0.324,0.120,240.30,1.4,0,0,0
2.186,0.092,241.11,9.0,0,0,0
0.408,0.174,240.53,1.8,0,2,1
0.860,0.092,240.39,3.6,0,2,1
1.300,0.182,233.52,5.6,0,0,16
0.158,0.124,241.27,0.8,0,0,1
0.344,0.236,238.82,1.6,0,1,1
0.898,0.176,235.91,4.4,0,2,9
0.498,0.244,239.94,2.4,0,0,1
0.344,0.280,244.93,1.8,0,1,1
1.564,0.000,233.09,7.0,0,22,1
2.694,0.156,237.53,11.4,38,0,0
0.212,0.054,243.47,0.8,0,0,0
1.032,0.046,240.78,4.2,1,0,1
1.444,0.282,238.45,6.0,0,2,18
0.292,0.248,240.88,1.6,0,1,0
0.108,0.000,240.62,0.4,0,0,0
4.532,0.108,241.56,18.6,38,0,19
1.240,0.000,242.24,5.0,0,0,19
1.230,0.070,236.07,5.2,0,0,17
1.410,0.000,241.24,5.8,2,0,18
4.560,0.350,233.01,19.6,0,35,1
1.782,0.000,237.86,7.4,0,0,18
1.568,0.328,243.12,6.6,0,1,19
0.414,0.064,240.01,1.8,0,1,1
0.444,0.098,243.33,2.0,0,0,0
0.256,0.068,237.67,1.2,0,0,1
0.864,0.176,242.05,3.6,0,1,0
1.416,0.000,239.30,5.8,0,0,19
1.388,0.224,242.51,5.8,0,1,18
1.276,0.096,237.38,5.4,0,0,18
0.224,0.054,242.65,1.0,0,0,1
0.340,0.120,242.32,1.4,1,0,1
0.988,0.210,239.66,4.2,0,0,12
1.560,0.000,238.84,7.8,0,14,1
1.088,0.000,231.73,4.6,0,0,16
0.248,0.062,239.04,1.0,0,0,0
0.440,0.286,245.38,2.0,0,1,1
0.272,0.000,244.63,1.2,0,0,0
0.252,0.000,241.45,1.0,1,0,1
0.464,0.058,242.25,2.0,0,0,0
0.388,0.284,242.18,2.0,0,1,1
1.394,0.054,240.48,5.8,0,1,18
0.240,0.000,240.64,1.0,0,0,1
0.328,0.090,243.44,1.4,0,0,0
0.264,0.266,239.02,1.4,0,2,1
2.048,0.082,234.36,8.6,0,1,17
0.252,0.000,242.87,1.2,0,0,0
1.654,0.284,238.54,7.0,0,2,18
1.402,0.054,241.71,5.8,0,0,18
1.816,0.186,239.02,8.0,0,1,0
2.262,0.074,238.22,9.4,0,0,18
0.294,0.080,243.56,1.2,0,0,0
1.576,0.190,242.02,6.6,0,0,18
1.404,0.166,238.05,5.8,0,1,18
0.120,0.000,234.78,0.6,0,0,0
0.492,0.152,240.92,2.2,0,2,1
1.422,0.174,238.79,6.0,0,1,18
1.496,0.000,243.48,6.0,0,1,19
2.264,0.116,241.13,9.4,0,0,19
1.424,0.090,244.65,5.8,0,0,19
0.292,0.076,242.49,1.2,0,1,0
0.268,0.000,244.33,1.0,0,0,1
3.598,0.432,238.61,15.2,0,0,18
1.758,0.000,243.46,7.2,0,0,18
1.416,0.100,242.01,5.8,0,0,18
0.250,0.064,242.65,1.2,0,1,1
0.210,0.098,239.16,1.0,0,0,0
0.486,0.282,242.05,2.4,0,1,1
0.198,0.000,240.17,0.8,0,0,1
0.348,0.214,239.24,1.6,0,2,1
2.050,0.134,250.90,8.2,0,0,19
1.730,0.078,239.74,7.2,0,1,19
0.510,0.076,240.85,2.4,0,0,0
1.528,0.060,242.93,6.2,0,0,18
2.492,0.110,238.93,10.4,0,0,18
0.266,0.110,233.68,1.2,0,0,1
1.312,0.000,243.20,5.4,0,0,18
0.332,0.210,242.51,1.6,0,2,0
2.476,0.224,240.63,10.2,0,1,0
0.686,0.062,242.10,2.8,0,0,0
3.540,0.094,236.13,15.0,0,38,17
1.322,0.000,240.28,5.4,0,0,19
0.234,0.054,241.33,1.0,0,0,1
0.314,0.120,244.44,1.4,0,0,0
0.686,0.204,241.47,3.0,0,0,0
2.078,0.472,241.27,8.8,0,0,0
4.662,0.198,235.18,19.8,0,0,0
0.354,0.200,243.34,1.6,0,0,1
7.322,0.076,231.32,31.6,36,34,16
0.456,0.000,244.46,1.8,0,1,0
1.468,0.222,239.46,6.2,0,0,18
0.362,0.186,241.44,1.6,0,2,0
1.314,0.340,239.43,6.6,12,0,1
2.318,0.000,241.72,9.6,0,0,18
0.244,0.112,237.36,1.0,0,0,0
0.306,0.000,241.44,1.4,0,0,1
0.350,0.124,244.10,1.4,0,0,1
2.404,0.054,236.92,10.4,0,0,29
1.466,0.000,242.94,6.0,1,0,19
0.398,0.210,242.23,1.8,0,0,0
0.250,0.070,241.70,1.0,0,0,1
0.392,0.114,243.08,1.6,0,0,1
0.284,0.242,242.06,1.4,0,0,0
1.652,0.074,246.35,6.6,1,0,19
0.966,0.000,237.02,4.0,0,0,1
2.354,0.046,240.97,9.6,0,0,0
3.280,0.084,228.29,14.2,0,32,16
0.138,0.000,242.27,0.6,0,0,1
3.706,0.272,239.11,15.8,0,34,18
1.370,0.000,244.10,5.6,0,0,19
3.932,0.086,237.24,16.4,37,0,18
0.792,0.206,240.60,3.4,0,0,0
0.776,0.096,239.50,3.2,0,0,1
0.312,0.082,244.51,1.4,0,0,0
3.360,0.088,238.82,14.0,1,0,18
1.876,0.000,238.59,7.8,0,1,17
4.330,0.068,239.18,18.0,39,0,17
2.320,0.084,240.35,9.6,0,0,17
0.404,0.196,245.31,1.8,0,0,0
2.616,0.000,233.04,11.2,0,0,18
3.130,0.296,239.43,13.2,2,2,18
0.600,0.332,241.83,2.8,0,0,0
1.402,0.108,241.69,5.8,0,0,18
1.212,0.000,242.67,5.0,0,0,19
2.944,0.054,232.55,12.6,0,1,17
0.312,0.122,241.00,1.4,0,0,0
1.228,0.072,234.57,5.2,0,0,18
1.400,0.082,239.63,5.8,0,0,18
0.230,0.134,238.51,1.0,0,1,1
1.288,0.000,240.28,5.2,0,0,18
0.264,0.000,242.51,1.0,0,0,0
2.102,0.122,243.89,9.4,9,0,18
0.200,0.136,240.36,1.0,0,0,0
1.538,0.212,241.88,6.4,0,1,19
1.182,0.000,238.08,4.8,0,0,18
0.426,0.202,246.62,2.0,0,1,0
1.472,0.176,238.37,6.2,0,0,18
0.312,0.108,244.35,1.4,0,0,0
0.272,0.000,245.53,1.2,0,0,1
1.348,0.102,241.21,5.6,0,0,18
0.368,0.188,242.57,2.0,0,0,0
1.710,0.100,241.21,7.2,0,1,18
5.872,0.242,233.28,25.2,37,0,17
2.496,0.126,241.28,10.4,0,0,0
0.268,0.000,237.51,1.2,0,0,1
0.250,0.144,244.33,1.2,0,0,0
0.174,0.150,240.44,0.8,0,0,1
0.502,0.074,243.77,2.0,0,0,1
0.322,0.222,241.21,1.6,0,1,1
1.566,0.272,237.55,6.8,0,0,1
1.448,0.106,240.28,6.0,0,0,0
1.702,0.000,242.72,7.0,0,0,0
1.286,0.064,244.50,5.2,0,0,1
0.414,0.104,239.82,1.8,0,0,0
1.628,0.152,238.41,7.0,0,0,23
0.300,0.222,242.62,1.4,0,1,1
1.428,0.104,238.24,6.0,0,0,18
0.408,0.214,243.76,1.8,0,0,0
0.812,0.178,243.36,3.4,0,2,1
0.324,0.194,240.84,1.6,0,0,1
1.846,0.000,233.41,8.4,0,24,0
0.348,0.196,240.17,1.6,0,0,1
0.304,0.000,241.45,1.4,0,0,0
0.760,0.058,240.53,3.0,0,0,0
0.158,0.000,243.33,0.6,0,0,1
0.216,0.000,241.29,0.8,0,0,0
1.330,0.000,240.66,5.4,0,0,18
2.468,0.000,239.44,10.2,0,36,1
1.436,0.060,231.25,6.2,0,0,17
0.794,0.312,243.35,3.6,0,1,0
2.386,0.228,241.93,9.8,0,1,18
0.322,0.210,240.26,1.6,0,0,0
0.298,0.050,242.03,1.2,0,0,0
1.062,0.106,240.92,5.8,12,1,1
1.352,0.000,244.23,5.4,0,0,18
2.346,0.054,240.05,9.6,0,0,0
1.322,0.074,239.79,5.4,0,0,18
0.180,0.090,234.06,0.8,0,0,0
0.234,0.000,237.17,1.0,0,0,1
1.444,0.214,238.89,6.0,0,1,0
1.306,0.000,240.81,5.4,0,0,19
1.904,0.246,237.67,8.4,0,25,0
0.250,0.000,240.60,1.2,0,0,0
5.140,0.282,237.56,21.6,37,2,18
2.412,0.000,241.66,10.0,0,1,19
0.222,0.000,243.64,1.0,0,0,0
0.246,0.056,243.70,1.0,0,0,1
0.212,0.098,242.38,1.0,0,0,0
1.716,0.058,239.06,7.2,1,0,18
0.828,0.054,234.91,3.6,0,0,0
0.220,0.000,243.42,1.0,0,0,0
2.496,0.206,242.60,10.2,0,1,0
0.266,0.000,242.25,1.2,0,0,1
0.664,0.142,244.29,2.8,0,0,0
0.158,0.000,243.94,0.6,0,0,0
0.226,0.000,242.54,0.8,0,0,1
0.442,0.050,239.38,2.2,0,0,0
0.392,0.098,240.96,1.6,0,0,0
1.432,0.000,243.25,5.8,0,0,18
0.282,0.062,232.22,1.2,0,0,0
0.308,0.216,240.95,1.6,0,1,1
2.182,0.084,239.98,9.2,0,34,0
3.606,0.478,237.67,15.8,8,1,17
1.288,0.096,236.58,5.4,0,0,18
0.346,0.130,244.15,1.4,0,0,0
0.372,0.226,241.13,1.8,0,1,1
0.194,0.154,241.49,1.0,0,0,1
2.786,0.116,237.10,11.6,0,0,17
1.524,0.204,241.41,6.4,0,0,19
0.350,0.088,243.03,1.4,0,1,0
0.510,0.358,245.25,2.4,0,2,1
1.400,0.056,237.51,5.8,0,0,17
0.318,0.094,239.59,1.4,0,2,1
0.146,0.000,241.58,0.6,0,0,1
0.460,0.204,242.24,2.0,0,0,0
0.272,0.112,239.30,1.2,0,0,1
1.252,0.048,237.20,5.2,0,0,17
0.080,0.000,240.52,0.2,0,0,0
0.388,0.000,242.11,1.6,0,0,1
1.102,0.000,241.12,4.6,0,0,0
1.384,0.090,241.96,5.6,0,2,0
0.324,0.000,241.29,1.6,0,0,1
1.446,0.080,245.04,5.8,0,0,19
0.198,0.000,240.05,0.8,0,0,1
0.434,0.254,243.69,2.0,0,2,1
0.322,0.000,246.45,1.4,0,0,0
0.162,0.000,246.06,0.6,0,0,0
0.664,0.362,246.09,3.2,0,1,0
0.422,0.100,242.94,2.0,0,0,1
0.324,0.204,237.49,1.6,0,2,0
0.874,0.200,236.57,4.4,0,1,7
2.890,0.282,240.18,12.0,0,1,17
1.570,0.216,242.83,6.4,0,2,18
0.378,0.182,243.27,1.6,0,1,0
1.440,0.106,242.69,6.0,0,0,19
0.896,0.116,240.98,3.6,0,0,0
1.368,0.080,240.52,5.6,0,0,18
2.778,0.218,237.98,11.6,0,37,0
0.384,0.116,244.39,1.6,0,1,0
0.352,0.000,244.53,1.4,0,0,0
1.278,0.000,231.67,5.4,0,0,17
1.840,0.396,242.84,7.8,0,0,1
1.296,0.000,240.50,5.4,0,0,18
2.474,0.000,232.55,10.6,0,0,0
0.398,0.106,241.21,1.8,0,0,0
1.512,0.072,243.52,6.2,0,0,18
2.094,0.340,241.74,8.8,0,0,29
2.140,0.128,241.86,8.8,0,0,18
1.310,0.000,239.87,5.4,0,0,18
0.298,0.066,239.19,1.2,0,1,1
0.424,0.216,241.44,1.8,0,1,0
4.350,0.180,230.39,18.8,36,1,16
0.410,0.176,239.83,1.8,0,2,0
0.156,0.000,239.16,0.6,0,0,1
0.302,0.116,241.66,1.2,0,0,0
1.308,0.094,239.18,5.4,0,0,18
0.492,0.294,242.32,2.4,0,1,1
2.852,0.058,237.11,12.0,0,0,17
2.430,0.000,240.32,10.0,0,37,0
3.864,0.306,235.89,16.4,39,0,17
0.156,0.000,241.25,0.6,0,0,1
0.308,0.238,240.90,1.6,0,0,0
3.314,0.082,241.74,13.6,0,1,18
7.508,0.000,228.89,32.8,35,68,16
0.298,0.126,245.06,1.2,0,1,0
1.590,0.000,238.72,6.6,0,2,18
0.298,0.080,244.05,1.2,0,1,0
2.948,0.064,238.94,12.2,0,0,18
1.376,0.208,240.86,5.8,0,1,18
0.166,0.142,241.63,0.8,0,1,0
0.310,0.240,242.05,1.6,0,0,0
0.716,0.072,233.95,3.0,1,1,0
0.398,0.292,240.51,2.0,0,1,0
2.766,0.394,239.17,12.0,9,0,18
0.316,0.084,240.09,1.4,0,0,0
1.472,0.000,237.79,6.2,0,0,22
0.142,0.000,242.36,0.6,0,0,0
1.396,0.072,238.52,5.8,0,0,18
0.374,0.216,238.66,1.8,0,0,1
1.444,0.086,240.92,6.0,0,0,19
2.096,0.492,240.24,8.8,0,1,29
0.374,0.088,239.12,1.6,0,0,0
0.232,0.094,242.37,1.0,0,0,0
3.654,0.278,237.50,15.4,0,38,17
1.322,0.000,243.82,5.4,0,0,18
0.282,0.086,237.39,1.2,0,2,0
1.402,0.078,240.73,5.8,0,0,18
2.750,0.242,240.06,11.4,2,2,18
0.188,0.000,241.95,0.8,0,0,1
1.072,0.492,241.34,4.8,0,1,12
0.210,0.088,242.86,1.0,0,0,1
1.380,0.000,232.62,5.8,0,0,17
0.274,0.000,243.36,1.2,0,0,1
0.236,0.140,243.15,1.0,0,0,1
0.952,0.366,244.02,4.2,1,1,0
0.240,0.138,241.47,1.2,0,0,0
0.582,0.240,241.70,2.6,0,2,1
3.272,0.220,237.69,13.8,37,2,0
1.726,0.278,241.81,7.2,0,1,1
0.278,0.204,241.88,1.4,0,1,1
0.402,0.344,241.22,2.2,0,1,1
0.348,0.242,240.67,1.6,0,2,0
0.276,0.056,239.05,1.2,0,0,0
0.338,0.100,243.85,1.4,0,0,0
1.446,0.000,242.91,6.0,0,0,19
0.928,0.078,237.61,3.8,0,1,1
2.204,0.184,239.08,9.2,0,2,17
1.550,0.000,239.57,6.4,0,0,18
1.436,0.080,245.60,5.8,0,0,19
0.222,0.000,244.37,1.0,0,0,0
0.804,0.068,242.30,3.2,0,0,1
2.078,0.000,239.85,8.6,0,0,18
4.994,0.226,234.34,21.6,0,0,16
4.506,0.244,232.05,19.6,1,26,17
1.598,0.254,241.22,6.6,0,0,19
0.138,0.000,241.66,0.6,0,0,1
1.430,0.110,240.34,5.8,0,0,18
0.320,0.000,243.23,1.2,0,0,1
0.658,0.084,246.00,2.6,0,0,0
0.154,0.000,239.07,0.6,0,0,0
0.762,0.000,243.42,3.2,0,0,0
0.466,0.070,240.30,2.2,0,0,1
0.756,0.190,240.18,3.2,0,0,1
0.336,0.080,243.87,1.4,0,0,0
0.308,0.100,241.29,1.4,0,1,0
0.952,0.148,238.59,4.0,0,0,10
0.202,0.000,239.93,0.8,0,0,0
2.028,0.132,240.80,8.4,0,0,18
1.444,0.240,239.24,6.0,0,2,18
0.570,0.296,241.55,2.6,0,1,1
0.182,0.100,239.82,0.8,0,0,0
1.024,0.160,242.57,4.2,0,2,1
0.352,0.126,243.22,1.4,0,0,1
2.596,0.000,240.74,10.8,0,0,19
0.372,0.092,243.22,1.6,0,0,0
0.214,0.000,242.43,0.8,0,0,0
1.290,0.000,240.46,5.2,0,0,17
1.248,0.068,238.12,5.2,0,0,17
1.446,0.122,243.77,5.8,0,0,18
1.886,0.276,240.14,7.8,0,1,19
0.376,0.238,243.07,1.8,0,2,0
1.500,0.096,241.67,6.2,0,2,18
1.118,0.066,241.78,4.6,0,0,0
0.374,0.102,245.99,1.6,0,0,0
0.140,0.000,239.92,0.6,0,0,1
0.312,0.102,244.27,1.4,0,1,0
0.608,0.198,241.64,2.8,0,1,0
0.260,0.000,239.98,1.0,0,0,0
1.978,0.160,238.21,8.2,0,1,18
0.140,0.000,242.00,0.6,0,0,1
0.240,0.096,241.32,1.0,0,2,1
0.164,0.000,240.84,0.6,0,0,0
0.650,0.210,239.20,3.0,0,0,0
0.288,0.050,235.57,1.2,0,0,0
3.694,0.324,243.14,15.2,47,0,1
0.486,0.176,242.20,2.0,0,0,0
0.434,0.416,240.93,2.4,0,0,0
0.344,0.118,243.96,1.4,0,0,1
1.432,0.062,242.94,5.8,0,0,18
1.330,0.072,237.57,5.6,0,2,17
0.242,0.110,239.45,1.0,0,0,1
1.220,0.130,240.66,5.0,0,0,0
0.454,0.240,245.18,2.2,0,0,1
0.080,0.000,240.22,0.2,0,0,0
0.342,0.166,238.78,1.6,0,1,1
1.450,0.152,243.25,6.0,1,0,18
0.390,0.180,239.88,1.8,0,0,0
0.336,0.250,242.20,1.6,0,0,1
1.488,0.182,239.67,6.2,1,1,18
1.336,0.306,242.02,5.6,0,0,13
0.528,0.060,244.44,2.2,0,0,1
2.684,0.050,232.84,11.6,0,0,0
1.472,0.136,240.37,6.2,0,0,0
2.266,0.084,237.34,9.4,0,0,17
0.120,0.000,240.34,0.6,0,0,0
1.424,0.222,243.62,5.8,0,0,19
0.410,0.068,238.94,1.8,0,0,0
0.286,0.106,242.82,1.2,1,0,0
1.348,0.084,237.36,5.6,0,0,17
0.964,0.436,241.75,4.4,0,1,11
1.462,0.242,247.46,6.0,0,0,0
1.366,0.276,241.36,5.8,0,18,1
1.328,0.000,239.57,5.4,0,0,18
1.058,0.188,238.62,4.4,0,1,0
1.338,0.000,239.58,5.6,0,0,17
0.302,0.218,237.36,1.6,0,1,0
1.942,0.182,238.96,8.2,0,0,18
0.276,0.114,239.84,1.2,0,0,0
1.510,0.184,240.56,6.2,1,0,18
0.852,0.146,237.28,4.0,0,0,8
0.378,0.090,241.16,1.6,0,0,1
0.250,0.000,236.94,1.0,0,0,0
0.314,0.092,245.16,1.2,0,1,1
0.270,0.000,245.85,1.0,0,0,0
1.308,0.000,242.75,5.4,0,0,18
2.760,0.048,237.47,11.6,0,0,0
0.264,0.130,241.35,1.2,0,0,0
0.080,0.000,241.14,0.2,0,0,1
0.298,0.098,238.45,1.2,0,1,0
1.818,0.240,244.75,7.4,0,1,19
0.358,0.138,237.48,1.6,0,1,1
1.418,0.000,236.00,6.0,1,0,18
0.708,0.158,239.91,3.0,0,0,0
2.816,0.208,238.82,11.8,0,2,18
0.450,0.226,242.13,2.0,0,0,0
0.208,0.114,242.20,1.0,0,1,0
0.266,0.056,240.64,1.2,0,0,0
0.420,0.172,240.18,1.8,0,0,0
0.446,0.094,238.71,1.8,0,0,0
3.992,0.300,239.85,16.6,0,37,18
1.494,0.216,243.65,6.2,0,1,18
1.458,0.236,240.37,6.0,0,1,19
1.774,0.066,244.30,7.2,0,0,18
1.796,0.192,238.74,7.4,0,2,18
1.258,0.000,237.04,5.2,0,0,17
1.824,0.000,238.19,7.6,0,0,17
2.382,0.120,237.74,10.8,26,0,1
0.416,0.000,243.46,1.8,0,0,0
0.182,0.080,234.59,0.8,0,1,0
1.182,0.200,238.60,5.0,1,0,1
0.264,0.000,248.07,1.2,0,0,0
2.240,0.072,235.34,9.4,0,0,17
1.574,0.178,240.29,6.6,2,1,19
0.864,0.220,239.10,3.6,0,0,12
1.286,0.000,239.73,5.2,0,0,17
3.862,0.408,240.05,16.2,0,0,18
0.346,0.074,243.32,1.4,0,1,0
1.878,0.094,238.86,7.8,1,0,18
1.702,0.198,239.22,7.2,0,0,18
0.348,0.110,242.55,1.4,0,2,0
1.314,0.000,243.60,5.4,0,0,18
0.244,0.118,239.71,1.0,0,0,1
2.060,0.052,233.99,9.8,10,0,16
1.364,0.068,238.78,5.6,0,0,18
0.236,0.136,244.46,1.0,0,1,0
0.344,0.000,243.31,1.4,0,0,0
4.618,0.000,237.17,19.4,0,0,18
0.434,0.168,240.40,2.0,0,0,0
1.382,0.430,239.90,6.0,1,1,0
0.402,0.210,245.47,1.8,0,0,0
0.156,0.000,240.77,0.6,0,0,1
1.474,0.098,239.80,6.0,0,0,18
1.438,0.084,242.64,5.8,0,0,19
0.616,0.316,234.68,2.8,0,3,0
0.324,0.192,247.03,1.6,0,0,0
2.320,0.070,237.97,9.6,0,0,18
2.336,0.124,241.05,9.6,0,0,18
3.854,0.174,232.53,16.6,0,1,16
1.806,0.094,242.94,7.4,1,0,18
1.342,0.234,237.55,5.6,0,1,18
0.276,0.046,244.27,1.4,0,0,1
0.296,0.052,246.13,1.4,0,0,0
3.662,0.184,236.09,15.4,37,0,18
0.280,0.104,241.50,1.2,0,2,1
0.828,0.050,240.43,3.4,0,0,1
0.296,0.000,240.57,1.2,0,0,0
0.818,0.060,240.82,4.8,0,0,0
0.330,0.162,247.26,1.4,0,0,0
0.316,0.238,244.90,1.6,0,1,1
0.246,0.000,242.69,1.0,0,0,0
0.416,0.094,241.61,1.6,0,0,1
0.318,0.232,240.65,1.6,1,1,0
0.186,0.062,239.75,0.8,0,0,0
0.428,0.238,245.57,2.0,0,2,0
0.202,0.112,241.91,1.0,0,2,0
0.220,0.000,246.60,0.8,0,0,0
0.444,0.336,242.90,2.2,0,2,1
0.202,0.000,244.61,0.8,0,0,0
0.396,0.068,245.09,1.8,0,0,0
0.218,0.000,241.42,0.8,0,0,1
0.850,0.302,240.86,4.0,0,2,0
0.418,0.170,243.19,1.8,0,0,0
1.420,0.000,236.97,6.0,0,0,18
2.222,0.000,240.19,9.2,0,0,18
1.696,0.268,242.71,7.0,0,1,18
1.538,0.208,240.53,6.4,0,2,18
0.140,0.000,242.01,0.6,0,0,1
0.924,0.420,240.58,4.2,0,1,10
0.590,0.174,242.38,2.8,0,0,5
0.444,0.144,235.55,2.0,1,0,0
1.378,0.000,243.75,5.6,0,1,18
0.298,0.110,240.99,1.2,0,0,0
2.938,0.000,236.25,12.4,0,37,0
1.836,0.220,235.56,7.8,0,2,18
0.342,0.110,240.08,1.4,0,0,1
2.702,0.304,240.30,11.6,0,22,17
0.082,0.000,243.18,0.2,0,0,0
2.610,0.190,240.96,10.8,38,0,1
1.714,0.184,233.38,7.4,0,0,17
0.228,0.000,242.42,0.8,0,0,1
0.460,0.238,234.81,2.2,0,0,0
1.416,0.208,240.41,5.8,0,2,18
1.374,0.076,245.46,5.6,0,0,0
1.648,0.224,242.59,6.8,0,1,18
0.242,0.000,246.34,1.0,0,0,0
2.324,0.000,229.19,10.0,1,0,17
0.706,0.072,246.29,2.8,0,0,0
2.514,0.462,239.39,10.6,0,1,28
1.548,0.212,239.87,6.4,0,0,19
0.508,0.186,243.49,2.2,0,0,0
1.172,0.058,228.23,5.0,0,0,17
1.674,0.214,242.28,7.0,0,0,22
2.634,0.242,235.02,11.2,0,1,17
2.418,0.368,239.79,10.2,1,0,18
0.256,0.000,241.49,1.0,0,0,1
2.794,0.000,240.91,11.6,0,0,17
1.676,0.130,241.56,7.0,0,0,19
1.714,0.166,242.20,7.6,0,0,18
0.246,0.048,244.72,1.0,0,0,1
0.274,0.276,241.49,1.6,0,2,0
0.368,0.084,243.71,1.6,0,0,0
1.322,0.000,244.70,5.4,0,0,18
0.284,0.116,235.88,1.2,0,1,0
0.214,0.118,241.87,1.0,0,1,1
0.442,0.194,241.63,2.0,0,1,0
0.692,0.060,241.70,2.8,0,0,0
1.480,0.112,243.27,6.0,0,0,18
0.304,0.050,243.53,1.4,0,0,0
0.332,0.000,247.37,1.4,0,0,0
6.798,0.072,236.92,28.6,0,74,18
0.534,0.110,243.98,2.2,0,1,0
1.428,0.000,231.61,6.2,0,0,17
1.204,0.078,234.69,5.0,0,1,17
0.514,0.088,245.87,2.0,0,0,1
0.324,0.188,240.51,1.6,0,1,0
1.384,0.082,240.99,5.6,0,0,18
0.218,0.000,245.94,0.8,0,0,0
0.246,0.146,240.67,1.2,0,0,1
0.256,0.096,242.90,1.2,0,0,0
0.570,0.304,238.49,2.6,0,2,1
4.196,0.170,235.17,17.8,38,0,17
2.760,0.186,237.02,11.6,1,0,18
0.356,0.100,244.25,1.4,0,0,0
0.178,0.152,241.02,0.8,0,0,1
1.278,0.102,236.46,5.4,0,0,0
1.458,0.202,242.04,6.0,0,1,19
0.300,0.112,240.78,1.2,0,1,0
0.226,0.000,241.76,1.0,0,0,0
7.342,0.086,232.39,31.6,36,36,16
0.468,0.180,243.22,2.0,0,0,0
0.252,0.000,242.33,1.0,0,0,0
0.360,0.076,242.88,1.6,0,0,0
2.766,0.326,240.70,11.4,40,0,0
1.456,0.054,245.58,5.8,0,0,19
0.308,0.230,240.70,1.6,0,1,0
1.228,0.232,243.18,5.0,0,0,1
0.382,0.350,243.49,2.0,0,1,0
1.330,0.000,237.28,5.6,0,0,18
0.246,0.000,244.16,1.0,0,0,0
1.200,0.138,241.01,8.2,0,5,1
0.268,0.224,241.89,1.4,0,2,0
2.132,0.388,240.40,9.0,0,1,19
3.592,0.148,233.05,15.4,36,2,18
1.238,0.078,239.82,5.0,0,1,18
0.240,0.000,239.89,1.0,0,0,0
0.110,0.000,241.42,0.6,0,0,0
0.296,0.054,240.32,1.2,0,0,0
0.242,0.098,241.85,1.0,0,2,0
0.650,0.054,246.56,2.6,0,0,0
1.294,0.074,242.03,5.2,0,1,1
1.260,0.000,238.72,5.2,0,0,0
0.394,0.120,241.13,1.8,0,1,1
0.412,0.200,241.25,1.8,0,1,1
0.412,0.206,240.69,2.0,0,0,0
1.504,0.170,240.52,6.2,0,2,19
0.212,0.094,236.75,1.0,0,1,1
2.880,0.048,244.12,11.8,0,0,19
0.204,0.108,243.54,1.0,0,1,0
0.326,0.236,240.62,1.6,0,1,1
0.258,0.000,243.38,1.0,0,0,1
0.290,0.198,237.55,1.4,0,2,1
0.246,0.058,240.95,1.0,0,0,1
1.110,0.386,239.43,4.8,0,0,12
2.794,0.244,242.16,12.4,16,0,19
1.304,0.000,241.73,5.4,0,0,18
0.202,0.000,241.02,1.0,0,0,1
0.450,0.252,246.90,2.2,0,1,0
0.082,0.000,241.96,0.2,0,0,1
1.738,0.106,243.76,7.0,0,0,18
2.444,0.146,241.27,10.2,0,0,0
0.288,0.058,235.94,1.2,0,0,0
1.046,0.320,243.49,4.4,0,0,0
0.286,0.000,246.31,1.4,0,0,0
1.786,0.298,239.91,7.4,0,1,18
0.176,0.152,241.29,0.8,0,0,0
0.210,0.106,242.55,1.0,0,0,1
1.542,0.136,237.68,6.6,0,0,1
1.584,0.052,238.73,6.6,0,0,18
1.412,0.000,243.11,5.8,0,0,19
0.270,0.050,242.66,1.2,0,0,1
0.248,0.000,241.33,1.0,0,1,0
0.346,0.168,246.45,1.6,0,0,1
0.404,0.246,243.87,1.8,0,0,0
1.482,0.176,237.84,6.2,0,2,18
0.158,0.000,242.65,0.6,0,0,1
1.434,0.096,240.33,6.0,0,1,19
0.400,0.104,242.32,1.8,0,0,0
0.684,0.202,238.20,3.0,0,1,1
0.212,0.094,241.65,1.0,0,1,1
1.032,0.380,239.67,4.6,0,0,12
1.840,0.296,242.31,7.6,0,0,19
1.958,0.000,241.11,8.0,0,4,18
0.504,0.074,239.30,2.4,0,0,0
0.436,0.268,239.49,2.0,0,2,0
1.282,0.108,231.26,5.4,1,0,17
0.308,0.078,241.31,1.4,0,0,0
0.230,0.112,242.80,1.0,0,1,1
0.236,0.136,242.99,1.0,0,1,1
1.026,0.304,241.73,4.4,0,0,10
1.542,0.290,240.22,6.4,0,1,19
0.354,0.132,244.74,1.4,0,0,1
1.208,0.000,234.93,5.0,0,0,17
0.174,0.000,240.06,0.8,0,0,0
1.012,0.200,242.01,4.2,0,0,0
1.688,0.324,238.96,7.4,0,1,1
3.202,0.000,229.28,13.8,0,34,16
1.380,0.050,232.25,6.0,0,0,18
3.110,0.126,240.09,13.4,0,29,0
0.292,0.112,243.68,1.4,0,0,0
0.326,0.228,243.56,1.6,0,1,0
1.272,0.070,241.06,5.2,0,0,19
0.236,0.068,241.35,1.2,0,0,0
1.416,0.148,239.25,5.8,0,2,18
0.356,0.058,242.79,1.6,0,0,0
0.634,0.308,241.78,2.8,1,5,1
0.192,0.000,243.41,0.8,0,0,0
0.350,0.136,239.12,1.6,0,1,0
3.136,0.000,241.75,13.0,0,0,18
1.356,0.000,241.44,5.6,0,0,18
0.154,0.000,240.51,0.6,0,0,0
1.536,0.252,236.94,6.6,0,1,17
0.282,0.058,241.35,1.2,0,0,0
0.340,0.100,241.22,1.4,0,2,1
2.018,0.310,240.09,8.4,0,1,28
0.378,0.118,245.16,1.6,0,0,0
0.414,0.072,241.94,1.6,0,0,0
0.306,0.076,243.96,1.2,0,0,0
0.554,0.114,245.99,2.2,0,0,1
1.724,0.056,238.28,7.2,0,1,18
1.450,0.164,240.75,6.0,0,0,18
0.936,0.252,242.55,4.0,0,0,12
0.356,0.340,238.95,2.0,0,1,0
0.436,0.262,241.70,2.0,1,1,1
0.416,0.076,242.06,1.8,0,0,1
0.246,0.000,244.29,1.0,0,0,0
1.402,0.000,241.64,5.8,0,0,19
0.200,0.134,238.84,1.0,0,0,0
0.314,0.218,237.50,1.6,0,0,0
1.868,0.226,238.84,8.0,0,2,0
0.680,0.214,242.11,2.8,0,1,0
0.360,0.236,243.35,1.8,0,2,1
1.364,0.128,237.69,5.6,2,0,18
0.080,0.000,240.55,0.2,0,0,1
1.438,0.186,239.27,6.0,2,0,19
0.384,0.232,243.26,1.8,0,0,1
0.390,0.000,240.92,2.0,0,0,0
0.356,0.148,244.21,1.6,0,0,0
1.844,0.080,232.78,8.8,0,6,17
5.422,0.158,236.43,22.8,37,0,17
0.216,0.000,240.45,0.8,0,0,0
1.500,0.048,239.34,6.2,1,0,18
0.688,0.420,249.76,3.2,0,2,1
0.252,0.118,241.43,1.2,0,0,1
0.330,0.088,244.67,1.4,0,1,1
0.956,0.308,240.72,4.2,0,1,0
1.284,0.000,236.32,5.4,0,0,17
1.418,0.176,238.70,6.2,1,0,4
0.498,0.000,244.89,2.2,0,0,0
1.934,0.048,239.76,8.0,0,0,18
1.024,0.252,241.13,4.4,0,0,13
0.358,0.086,239.84,1.6,0,2,1
0.230,0.000,242.69,0.8,0,0,1
1.458,0.064,239.01,6.0,0,0,18
1.280,0.090,235.94,5.4,0,0,17
0.212,0.000,246.27,0.8,0,0,0
1.502,0.182,238.42,6.2,1,2,0
0.400,0.110,236.63,1.8,0,0,0
1.450,0.102,245.31,5.8,0,0,19
0.278,0.130,243.11,1.2,0,1,1
0.260,0.058,243.15,1.2,0,0,0
1.302,0.114,241.50,5.4,0,0,19
1.564,0.100,238.60,6.4,2,0,18
5.798,0.572,231.51,25.2,36,0,16
0.548,0.088,247.10,2.2,0,0,1
0.236,0.118,243.44,1.0,0,2,0
2.458,0.164,243.71,10.0,0,0,0
0.338,0.132,240.39,1.4,0,0,0
0.990,0.000,250.52,4.0,0,0,1
0.312,0.122,238.66,1.4,0,0,1
1.344,0.216,242.30,5.6,0,1,0
0.298,0.094,242.13,1.2,0,0,0
1.552,0.258,236.00,6.6,0,1,0
0.416,0.212,242.99,1.8,0,0,0
1.306,0.058,240.48,5.4,0,0,18
1.136,0.210,240.64,4.8,0,0,13
0.464,0.000,243.19,2.0,0,0,0
0.312,0.120,240.58,1.4,0,0,0
0.328,0.000,237.29,1.4,0,0,0
0.246,0.000,239.98,1.0,0,0,1
0.426,0.342,241.76,2.2,0,1,0
0.258,0.094,242.76,1.2,0,0,1
1.420,0.000,239.04,5.8,0,0,18
1.458,0.106,234.66,6.2,0,0,17
0.190,0.046,243.07,0.8,0,0,0
0.236,0.110,236.10,1.2,0,0,0
2.212,0.000,242.17,9.0,1,0,19
1.458,0.106,239.89,6.0,1,0,18
1.750,0.296,240.39,7.4,0,1,18
1.382,0.258,236.68,5.8,0,1,1
1.586,0.082,237.25,6.6,0,4,18
0.132,0.000,241.49,0.6,0,0,0
1.296,0.478,239.68,6.2,4,0,12
1.322,0.000,239.83,5.4,0,0,18
1.392,0.072,241.63,5.6,0,0,18
0.188,0.110,243.79,0.8,0,0,0
0.320,0.070,245.12,1.4,0,1,0
0.418,0.230,243.27,2.0,0,0,0
0.314,0.068,242.39,1.2,0,1,0
0.522,0.088,243.21,2.4,0,0,0
1.778,0.078,241.23,7.4,0,0,19
0.746,0.000,242.49,3.0,0,0,0
0.312,0.178,241.14,1.4,0,2,0
1.698,0.358,238.55,7.2,1,0,18
1.876,0.084,243.10,7.6,0,1,18
1.264,0.000,233.95,5.4,0,0,17
0.134,0.066,239.83,0.8,0,0,1
1.384,0.208,238.77,5.8,1,1,18
1.436,0.124,240.13,6.0,0,0,18
0.304,0.098,240.56,1.2,0,1,0
3.178,0.240,239.88,13.2,39,2,1
0.232,0.092,242.82,1.0,0,0,0
1.324,0.000,241.22,5.4,0,0,19
0.328,0.000,241.15,1.4,0,0,0
1.374,0.000,239.49,5.6,1,0,18
0.302,0.058,246.57,1.2,0,0,0
1.380,0.064,233.37,5.8,0,0,18
1.390,0.000,243.09,5.8,2,0,0
0.702,0.126,243.68,3.2,0,0,8
0.658,0.074,240.00,2.8,0,0,0
1.368,0.000,240.62,5.6,0,0,18
0.418,0.242,246.33,1.8,0,0,1
0.264,0.114,241.39,1.2,0,2,1
0.212,0.000,239.36,0.8,0,0,0
1.298,0.000,241.98,5.2,0,0,18
0.344,0.084,243.56,1.4,0,0,1
0.082,0.000,242.18,0.2,0,0,1
0.138,0.000,239.52,0.6,0,0,0
0.800,0.080,239.28,3.4,0,0,11
1.812,0.126,239.85,7.6,0,0,0
0.444,0.230,244.75,2.0,0,2,1
1.352,0.102,243.32,5.4,0,0,19
3.114,0.232,235.91,13.4,2,29,18
1.268,0.000,235.98,5.2,0,0,17
0.306,0.082,240.52,1.2,0,1,0
0.228,0.060,241.90,1.0,0,0,1
0.322,0.102,242.75,1.4,0,0,0
4.310,0.486,234.84,18.4,38,0,1
0.104,0.000,241.80,0.4,0,0,0
0.338,0.054,241.00,1.4,0,0,0
0.414,0.148,240.72,1.8,0,0,0
0.908,0.000,241.32,4.0,0,0,1
2.290,0.000,240.24,9.4,0,0,0
0.382,0.224,243.92,1.8,0,1,0
0.992,0.070,242.38,4.0,0,1,1
0.978,0.080,235.35,4.2,0,0,0
0.202,0.128,237.90,1.0,0,0,0
0.204,0.000,241.17,1.0,0,0,1
0.724,0.184,240.04,3.0,0,0,0
0.332,0.242,242.50,1.6,0,1,0
0.388,0.196,242.59,1.8,0,0,0
0.342,0.104,245.40,1.4,0,0,0
0.322,0.234,241.04,1.6,1,1,0
0.080,0.000,240.19,0.2,0,0,1
0.666,0.372,244.46,3.0,1,2,0
0.162,0.142,241.03,0.8,0,1,1
1.526,0.062,243.85,6.2,0,1,19
2.096,0.262,240.17,8.8,1,1,0
0.306,0.052,243.95,1.2,0,0,0
0.350,0.284,243.44,1.8,0,1,0
0.556,0.084,243.74,2.4,0,0,1
1.310,0.098,240.40,5.4,0,0,18
0.110,0.000,236.38,0.6,0,0,0
0.356,0.126,240.37,1.6,0,0,1
0.246,0.000,246.48,1.0,0,0,0
0.260,0.120,240.64,1.2,1,0,0
0.642,0.202,232.18,2.8,0,1,0
0.196,0.088,237.09,0.8,0,0,0
1.444,0.070,242.29,6.0,0,0,18
0.246,0.000,244.93,1.0,0,0,0
0.230,0.000,244.16,1.0,0,0,0
1.358,0.076,246.44,5.4,0,0,18
0.748,0.252,238.76,3.6,0,10,0
0.320,0.090,243.64,1.4,0,0,0
0.214,0.090,235.66,1.0,0,0,1
0.268,0.000,242.47,1.2,0,0,0
0.564,0.328,240.93,2.6,0,0,0
2.320,0.092,240.64,9.6,0,0,18
0.328,0.220,240.43,1.6,0,0,1
0.664,0.518,239.69,3.4,0,1,0
1.968,0.000,240.22,8.2,0,0,19
1.378,0.000,236.61,5.8,0,0,17
0.346,0.124,244.38,1.4,0,1,0
2.238,0.256,241.98,9.2,0,0,30
0.980,0.078,242.20,4.0,0,0,1
0.388,0.000,240.43,1.6,0,1,1
1.538,0.166,236.27,6.4,1,0,18
1.986,0.244,234.84,8.4,0,0,0
1.380,0.092,241.42,5.6,0,0,18
1.568,0.000,242.11,6.4,0,0,18
1.712,0.162,243.29,7.2,0,1,19
1.508,0.076,239.37,6.2,0,1,18
0.256,0.000,244.35,1.0,0,0,1
0.896,0.000,244.66,3.6,0,1,0
1.286,0.102,239.96,5.4,0,0,18
0.240,0.108,240.17,1.0,0,1,1
1.350,0.066,240.17,5.6,0,1,17
1.386,0.000,239.49,5.8,0,0,19
1.398,0.152,237.83,5.8,0,0,17
0.510,0.124,241.12,2.2,0,0,1
0.432,0.294,245.44,2.2,0,1,1
1.602,0.064,236.78,6.6,0,0,18
1.380,0.000,240.03,5.6,0,0,18
1.056,0.456,243.19,4.6,0,0,12
3.826,0.150,238.07,16.0,0,36,18
0.728,0.234,241.63,3.4,0,1,3
0.428,0.120,240.76,1.8,0,0,1
1.304,0.056,240.55,5.4,0,0,19
1.604,0.070,232.26,6.8,0,2,17
0.366,0.108,240.92,1.6,0,0,1
1.674,0.122,240.99,7.0,0,0,19
0.216,0.000,241.69,0.8,0,0,0
0.254,0.094,241.99,1.0,0,0,1
0.584,0.322,239.56,2.8,0,1,0
0.394,0.048,245.74,1.8,0,0,0
0.380,0.090,244.09,1.6,0,0,1
0.314,0.000,243.46,1.4,0,0,0
5.710,0.350,235.10,24.2,37,0,0
0.262,0.088,241.89,1.2,0,1,1
0.660,0.310,240.94,3.0,0,0,0
3.904,0.436,235.89,16.8,0,27,17
0.428,0.088,232.99,2.2,0,0,0
0.286,0.102,241.04,1.2,0,0,1
1.634,0.000,243.32,6.6,0,0,0
0.324,0.122,241.80,1.4,0,0,0
1.948,0.046,239.07,8.0,0,0,19
1.380,0.100,239.13,5.8,0,0,17
0.382,0.220,247.26,1.8,0,2,1
0.164,0.000,241.00,0.6,0,0,0
0.576,0.230,239.06,2.6,0,0,0
0.404,0.226,245.44,1.8,0,0,1
0.412,0.226,244.37,1.8,0,1,1
0.446,0.228,246.51,2.0,0,0,1
0.520,0.402,242.73,2.6,0,2,1
0.522,0.212,242.72,2.4,0,2,1
0.364,0.246,241.41,1.8,0,1,0
0.420,0.194,243.26,1.8,0,0,1
0.910,0.190,238.11,4.0,0,1,0
1.284,0.000,233.47,5.4,0,0,17
2.160,0.442,238.92,9.2,0,0,1
0.474,0.338,241.80,2.4,0,1,1
1.404,0.000,234.06,6.0,1,0,17
0.256,0.116,241.26,1.2,0,0,1
1.458,0.122,238.14,6.0,0,0,18
0.298,0.254,241.66,1.6,0,1,1
3.054,0.192,237.72,12.8,0,1,18
2.962,0.380,238.88,13.2,36,0,1
1.406,0.054,246.52,5.6,0,0,19
0.250,0.248,239.46,1.4,0,0,1
0.580,0.000,238.27,2.4,0,0,1
0.370,0.066,240.59,1.6,0,0,0
0.456,0.000,244.65,2.0,0,0,0
0.234,0.000,242.83,1.0,0,0,1
1.340,0.054,238.69,5.6,0,0,18
0.514,0.202,237.88,2.6,0,0,6
0.864,0.000,242.47,3.4,1,0,1
1.542,0.318,240.24,6.4,0,1,18
0.358,0.226,242.73,1.8,0,0,0
1.400,0.296,240.22,5.8,0,1,1
0.316,0.092,245.53,1.4,0,0,0
0.500,0.106,243.81,2.0,0,0,1
0.202,0.086,239.92,1.0,0,0,1
1.514,0.128,241.64,6.2,1,1,18
0.222,0.000,241.20,1.0,0,0,0
0.330,0.082,243.44,1.4,0,0,1
1.328,0.082,231.20,5.6,1,0,17
0.400,0.250,242.84,1.8,0,2,0
2.866,0.124,239.88,12.4,1,23,18
1.272,0.088,237.03,5.4,0,2,18
0.298,0.200,242.18,1.4,0,2,0
0.378,0.216,242.79,1.8,0,1,0
0.700,0.046,241.04,3.0,0,0,0
1.302,0.000,242.25,5.2,0,0,18
1.584,0.000,240.91,6.6,0,0,1
1.320,0.000,239.75,5.4,1,0,18
0.248,0.132,240.02,1.2,0,0,1
1.302,0.122,240.98,5.4,0,0,19
2.856,0.138,243.00,11.6,0,4,19
0.080,0.000,241.19,0.2,0,0,1
1.370,0.000,239.33,5.8,0,0,18
0.464,0.220,244.52,2.0,0,0,0
0.136,0.000,242.65,0.6,0,0,0
0.526,0.354,247.44,2.6,0,0,1
2.048,0.218,238.72,8.6,0,1,30
0.284,0.086,239.55,1.2,0,0,0
0.254,0.100,240.90,1.2,0,0,0
0.244,0.126,239.85,1.0,0,0,1
0.398,0.126,240.24,1.8,0,0,0
0.508,0.092,237.21,2.4,0,0,0
0.326,0.114,242.22,1.4,0,0,0
0.584,0.194,244.74,2.6,0,1,0
0.814,0.392,241.34,4.0,0,0,0
0.216,0.000,240.96,0.8,0,0,0
3.082,0.124,238.13,13.0,0,0,17
0.290,0.000,245.93,1.2,0,0,0
4.288,0.274,236.83,18.0,44,0,0
0.542,0.050,238.36,2.2,0,0,0
0.792,0.094,246.55,3.2,0,0,0
0.102,0.000,237.58,0.4,0,0,0
2.536,0.068,236.31,10.6,0,0,17
0.326,0.000,244.98,1.6,0,0,0
0.128,0.000,242.79,0.6,0,0,0
2.946,0.000,239.87,12.2,0,0,18
1.484,0.188,241.97,6.2,0,1,18
1.352,0.000,247.99,5.4,0,0,19
2.644,0.102,236.65,11.2,0,0,18
5.114,0.072,236.19,21.6,37,0,18
0.298,0.096,243.65,1.4,0,0,0
0.344,0.244,242.14,1.6,0,0,1
0.260,0.000,243.17,1.2,0,0,1
0.152,0.120,240.12,0.8,0,0,1
1.224,0.000,234.96,5.2,0,0,17
2.918,0.050,229.09,13.0,1,1,16
0.318,0.188,240.74,1.6,0,0,1
1.310,0.110,241.83,5.4,0,0,1
3.126,0.090,238.36,13.0,1,2,17
1.816,0.000,239.64,7.6,0,0,25
0.232,0.102,243.56,1.0,0,0,0
0.236,0.106,240.35,1.0,0,2,1
0.574,0.222,240.29,3.2,4,2,0
0.364,0.100,245.35,1.6,0,0,0
0.220,0.120,241.97,1.0,0,1,1
1.272,0.084,237.88,5.2,0,1,18
0.376,0.202,239.62,1.8,0,1,0
0.566,0.188,245.29,2.4,0,3,1
0.738,0.000,240.30,3.0,0,0,0
0.168,0.000,242.17,0.8,0,0,1
1.412,0.056,235.67,6.0,1,0,17
0.316,0.102,241.55,1.4,0,0,1
0.250,0.000,248.43,1.2,0,0,0
1.366,0.094,239.61,5.6,0,0,18
0.842,0.000,242.38,3.6,0,0,0
1.566,0.338,237.79,6.6,0,0,17
0.362,0.116,242.57,2.0,0,0,3
0.298,0.140,243.93,1.2,0,0,1
0.282,0.000,245.79,1.2,0,0,0
0.118,0.000,235.61,0.6,0,0,0
2.430,0.172,237.83,10.2,2,6,17
0.448,0.228,241.67,2.0,0,2,1
1.570,0.106,240.75,6.6,0,0,18
3.792,0.092,229.48,16.4,36,0,16
1.408,0.098,243.01,5.8,0,0,18
0.328,0.224,234.43,1.6,0,0,0
0.276,0.184,237.63,1.4,0,2,0
1.682,0.146,242.33,7.0,0,1,18
3.978,0.142,238.84,17.6,0,38,0
0.330,0.000,238.11,1.4,0,0,0
1.766,0.090,239.42,7.4,0,0,18
0.344,0.214,241.01,1.6,0,1,0
2.368,0.166,244.59,10.0,0,31,0
0.346,0.106,245.51,1.4,0,0,0
0.194,0.118,235.63,1.0,0,0,0
1.024,0.374,237.88,4.6,0,0,12
0.232,0.000,242.91,1.0,0,0,0
1.338,0.000,240.81,5.4,0,0,19
4.450,0.440,240.26,18.6,39,2,18
0.948,0.000,241.13,4.0,0,0,0
0.720,0.116,239.22,3.0,0,0,0
0.212,0.000,238.17,0.8,0,0,0
1.370,0.068,236.94,5.8,0,1,0
0.328,0.210,238.73,1.6,0,0,0
4.912,0.546,236.91,20.8,1,38,17
0.668,0.488,239.89,3.4,1,3,1
1.706,0.000,232.35,7.2,0,0,17
3.214,0.230,239.72,13.6,0,30,18
2.580,0.000,243.24,10.6,0,0,18
1.290,0.110,242.22,5.2,0,2,18
2.008,0.096,240.10,8.2,0,0,18
3.028,0.248,241.21,12.6,0,1,18
0.358,0.188,237.39,1.6,0,2,0
0.356,0.130,247.48,1.4,0,0,1
0.236,0.104,240.47,1.0,0,0,0
1.418,0.176,236.24,6.0,0,1,18
0.292,0.242,240.89,1.6,0,0,0
1.528,0.104,242.37,6.2,0,0,19
0.250,0.000,240.61,1.0,0,0,1
0.242,0.050,241.95,1.0,0,0,0
3.846,0.114,235.41,16.2,38,0,17
0.416,0.258,240.61,2.0,0,1,1
0.216,0.000,241.96,0.8,0,0,0
0.514,0.140,244.35,2.2,0,0,1
1.860,0.332,237.91,7.8,0,0,18
1.274,0.050,241.58,5.2,0,0,19
0.410,0.124,244.24,1.8,0,0,1
0.694,0.180,240.15,3.0,0,1,1
0.524,0.268,242.02,2.4,0,0,1
0.388,0.072,238.65,1.6,0,0,1
1.368,0.000,242.06,5.6,1,0,18
0.248,0.126,243.08,1.0,0,0,0
0.350,0.076,247.96,1.4,0,0,0
0.586,0.136,238.71,2.6,0,0,1
0.378,0.070,241.09,1.6,0,0,0
0.244,0.000,237.41,1.0,0,0,0
3.860,0.148,243.34,16.2,0,1,18
2.450,0.000,240.18,10.2,0,0,17
0.358,0.130,244.81,1.4,0,0,1
0.986,0.120,241.59,4.0,0,0,1
1.554,0.216,242.56,6.4,0,0,19
1.302,0.000,238.49,5.4,0,0,18
1.876,0.000,246.35,7.6,0,0,18
0.258,0.000,244.03,1.2,0,0,0
1.898,0.084,235.91,8.0,0,0,17
2.678,0.102,243.01,11.0,1,0,18
1.288,0.000,238.44,5.4,0,0,18
0.436,0.066,243.71,2.0,0,0,0
0.332,0.110,243.71,1.4,0,0,0
1.040,0.116,240.29,4.6,0,0,0
1.512,0.336,239.91,6.4,0,1,19
2.784,0.000,240.11,11.6,0,0,18
0.214,0.000,239.22,0.8,0,0,0
0.440,0.198,237.28,2.0,0,1,0
0.254,0.000,249.17,1.0,0,0,1
0.330,0.072,246.36,1.4,0,0,1
4.174,0.330,234.79,17.8,0,36,17
1.652,0.000,241.86,6.8,0,0,18
1.510,0.000,233.42,6.6,0,0,17
0.338,0.386,242.90,2.0,0,1,0
0.212,0.146,235.93,1.0,0,0,0
2.606,0.290,232.31,11.2,0,0,17
0.920,0.000,243.89,4.2,0,0,12
0.256,0.118,242.62,1.2,0,0,1
0.252,0.000,244.25,1.0,0,0,1
1.380,0.058,241.85,5.6,0,0,18
1.308,0.128,240.02,5.4,0,0,18
1.698,0.080,239.29,7.0,0,0,19
0.238,0.000,242.89,1.0,0,0,0
0.272,0.226,240.96,1.4,0,1,0
1.518,0.342,242.30,6.4,0,1,18
0.234,0.108,238.65,1.2,0,0,0
0.294,0.086,244.79,1.2,0,0,1
0.142,0.000,241.65,0.6,0,0,0
1.358,0.000,239.64,5.6,1,0,17
0.554,0.218,239.50,2.4,0,2,1
0.434,0.224,241.60,2.0,0,1,1
1.642,0.104,240.95,6.8,0,0,19
0.336,0.096,242.46,1.4,0,0,1
0.120,0.000,240.09,0.6,0,0,0
1.304,0.000,242.51,5.2,0,0,19
0.234,0.084,239.12,1.0,0,0,1
0.228,0.098,242.02,1.0,0,0,1
1.280,0.054,238.56,5.2,0,0,18
0.158,0.000,241.82,0.6,0,0,1
2.190,0.000,239.10,9.2,0,0,17
0.326,0.092,246.40,1.4,0,0,0
1.780,0.254,240.33,7.4,0,0,18
0.236,0.052,245.10,1.0,0,0,0
2.998,0.328,240.73,12.6,40,2,1
0.268,0.064,243.80,1.2,0,0,0
0.206,0.060,243.15,0.8,0,0,0
0.412,0.210,241.85,1.8,0,0,0
1.804,0.000,240.07,8.0,0,0,18
1.742,0.000,241.87,7.2,0,1,19
0.268,0.000,242.59,1.2,0,0,1
1.826,0.308,242.03,7.6,0,0,19
2.700,0.050,239.48,11.2,0,0,17
0.536,0.306,242.05,2.4,0,1,1
1.252,0.000,239.33,5.2,0,0,17
0.420,0.238,241.89,2.0,0,1,1
1.254,0.000,236.59,5.2,0,0,18
1.894,0.170,235.81,8.0,0,0,18
0.320,0.118,239.58,1.4,0,0,0
3.218,0.050,235.93,13.6,37,0,1
0.246,0.000,237.67,1.0,0,0,1
1.438,0.104,242.20,5.8,0,0,18
0.342,0.216,243.82,1.6,0,0,1
1.334,0.048,246.50,5.4,0,0,19
1.344,0.050,241.11,5.6,0,0,18
1.366,0.056,241.90,5.6,0,0,0
0.208,0.086,243.60,0.8,0,0,0
1.444,0.320,239.85,6.0,0,2,18
0.372,0.090,242.98,1.6,0,0,0
1.428,0.000,241.89,6.0,0,0,0
2.598,0.224,240.83,10.8,1,0,19
1.892,0.156,234.47,8.0,0,0,17
2.022,0.000,238.31,8.4,0,0,18
1.402,0.132,240.38,5.8,1,0,18
1.350,0.218,238.85,5.6,0,1,17
0.428,0.184,242.39,1.8,0,0,0
0.336,0.000,244.68,1.4,0,0,1
0.342,0.086,246.04,1.4,0,0,1
1.796,0.060,238.33,7.4,0,1,1
0.650,0.000,237.82,2.8,0,0,1
1.356,0.000,239.90,5.6,0,0,1
1.710,0.276,241.19,7.2,0,0,19
1.504,0.000,238.78,6.2,0,0,0
1.698,0.000,240.20,7.0,0,0,0
1.488,0.218,241.98,6.2,0,0,19
1.876,0.136,239.05,7.8,0,0,18
0.408,0.056,238.94,2.0,0,0,0
0.908,0.186,239.69,4.0,0,3,0
0.256,0.000,240.34,1.0,0,0,1
1.784,0.236,241.98,7.4,0,1,0
0.398,0.238,238.00,2.0,0,1,0
0.734,0.332,241.24,4.2,0,1,1
0.250,0.000,247.49,1.0,0,0,1
0.216,0.000,246.60,0.8,0,0,0
0.248,0.122,240.56,1.0,0,1,1
1.480,0.136,243.38,6.0,0,0,18
1.946,0.228,237.59,8.2,0,1,17
0.398,0.000,241.52,2.0,0,0,0
1.190,0.080,238.04,5.0,0,0,0
1.310,0.176,242.64,5.4,0,1,0
1.452,0.186,237.94,6.0,0,1,18
1.290,0.070,238.68,5.4,0,0,0
1.634,0.146,241.18,6.8,0,1,18
0.446,0.258,246.06,2.0,0,0,1
0.862,0.184,240.91,3.6,0,0,0
0.220,0.048,245.78,0.8,0,0,0
0.172,0.000,241.95,0.8,0,0,0
0.158,0.000,239.52,0.6,0,0,0
0.338,0.120,245.99,1.4,0,1,0
1.438,0.050,239.43,6.0,0,1,18
0.390,0.094,241.41,1.8,0,1,1
0.258,0.196,240.58,1.2,0,2,0
3.548,0.282,236.03,15.0,37,0,17
1.190,0.238,242.78,5.0,1,1,1
0.286,0.194,240.52,1.4,0,2,0
1.688,0.000,239.88,7.0,0,1,18
0.502,0.216,239.22,2.4,0,1,1
1.884,0.000,240.81,7.8,0,0,0
0.232,0.116,241.32,1.0,0,0,1
0.592,0.244,242.09,2.6,0,0,0
0.938,0.184,239.63,4.0,0,0,12
0.732,0.254,242.31,3.2,0,0,0
0.460,0.168,243.39,2.0,0,0,0
0.256,0.000,245.66,1.2,0,0,0
0.356,0.098,245.71,1.4,0,0,1
2.056,0.356,240.69,8.6,0,0,18
0.208,0.046,244.01,0.8,0,0,0
1.312,0.000,243.98,5.4,0,0,19
1.434,0.078,244.52,5.8,0,0,18
0.208,0.082,242.80,0.8,0,0,1
1.394,0.204,240.73,5.8,0,0,18
0.208,0.050,236.48,0.8,0,0,0
1.492,0.074,246.59,6.0,0,0,19
0.368,0.338,239.57,2.0,0,1,1
0.304,0.094,242.00,1.2,0,0,0
0.526,0.104,244.09,2.2,0,0,1
0.348,0.252,243.84,1.8,0,2,1
1.326,0.084,242.48,7.0,17,0,1
1.684,0.000,240.12,7.0,1,0,19
0.432,0.172,242.80,1.8,0,0,0
0.322,0.098,240.57,1.4,0,0,0
0.638,0.088,238.38,2.6,0,2,1
0.336,0.000,243.98,1.4,0,0,0
0.428,0.224,241.96,2.0,0,0,0
1.278,0.000,241.46,5.2,0,0,0
1.660,0.256,236.51,7.0,0,0,0
0.304,0.250,235.06,1.6,0,0,0
4.136,0.176,232.30,17.8,0,0,17
1.210,0.240,243.14,5.0,1,0,0
0.216,0.000,240.81,0.8,0,0,0
1.668,0.286,236.87,7.2,0,0,0
0.124,0.000,240.16,0.6,0,0,0
0.288,0.132,240.39,1.2,0,0,0
3.136,0.578,237.80,13.8,0,0,0
1.270,0.000,238.98,5.2,0,0,17
0.338,0.146,242.06,1.4,0,0,0
2.106,0.000,236.23,8.8,0,0,18
0.630,0.122,241.44,2.6,0,0,0
0.268,0.112,238.13,1.2,0,0,0
0.268,0.072,241.16,1.2,0,1,1
1.376,0.216,241.52,5.6,0,0,18
1.246,0.048,239.74,5.2,0,0,19
1.392,0.000,239.43,5.8,0,1,0
1.284,0.000,238.09,5.4,0,0,18
0.284,0.158,240.41,1.4,0,0,1
0.340,0.140,244.36,1.6,0,0,0
0.688,0.400,240.45,3.4,0,0,1
1.358,0.200,238.17,5.6,0,0,18
1.458,0.142,238.88,6.0,0,0,18
0.388,0.358,239.76,2.2,0,1,0
0.984,0.092,240.28,4.0,0,0,1
1.002,0.176,243.37,4.2,0,4,0
0.358,0.120,242.44,1.6,0,1,1
0.426,0.208,240.97,2.0,0,0,1
0.268,0.120,237.97,1.2,0,0,0
0.252,0.148,242.83,1.2,0,0,0
3.280,0.000,242.61,13.4,1,38,0
0.530,0.220,241.18,2.4,0,0,1
0.538,0.320,244.03,2.6,0,1,1
0.208,0.102,240.30,1.0,0,0,1
0.254,0.000,244.15,1.0,0,0,0
1.830,0.352,240.35,8.6,0,23,0
0.484,0.112,243.73,2.0,0,0,0
2.442,0.074,232.70,10.6,0,0,16
1.458,0.168,241.37,6.0,0,2,17
0.288,0.086,236.74,1.2,0,1,0
1.522,0.078,242.50,6.2,0,0,19
1.186,0.106,240.22,5.0,0,0,0
0.212,0.122,237.43,1.0,0,0,0
0.296,0.000,244.74,1.2,0,0,0
2.760,0.408,237.04,12.6,17,0,18
1.532,0.196,241.93,6.4,0,0,19
0.308,0.092,243.80,1.2,0,2,1
5.342,0.106,234.40,22.8,36,21,17
1.742,0.000,233.64,7.4,0,0,17
0.476,0.212,243.14,2.0,2,0,1
0.954,0.334,245.48,4.0,0,0,10
1.598,0.082,232.93,6.8,0,2,0
1.808,0.320,241.44,7.6,0,1,18
1.798,0.302,232.11,7.8,0,0,17
0.484,0.190,242.41,2.0,0,0,0
0.280,0.226,241.34,1.4,0,1,1
1.056,0.070,241.56,4.4,0,0,0
0.282,0.000,246.99,1.2,0,0,1
0.112,0.000,236.95,0.6,0,0,0
0.368,0.356,242.59,2.0,0,1,0
1.410,0.132,241.75,5.8,0,0,19
0.278,0.104,241.31,1.2,0,0,1
0.376,0.000,249.28,1.4,0,0,0
0.314,0.214,232.85,1.6,0,1,0
0.398,0.204,244.50,1.8,0,1,1
0.260,0.000,243.67,1.0,0,0,0
0.484,0.166,243.48,2.0,0,0,0
2.464,0.084,244.38,10.0,0,2,19
0.924,0.152,243.22,3.8,0,0,11
2.916,0.000,241.81,12.0,1,0,18
0.202,0.046,240.00,0.8,0,0,0
4.448,0.432,239.83,18.6,39,0,28
1.680,0.096,238.94,7.0,0,0,18
1.246,0.094,234.97,5.2,0,0,17
0.254,0.000,240.28,1.0,0,0,0
2.732,0.634,232.55,12.0,0,2,0
1.448,0.086,244.90,5.8,0,0,19
3.304,0.164,231.70,14.2,0,0,17
0.234,0.000,239.61,1.0,0,0,0
1.560,0.170,240.67,6.4,0,0,17
0.674,0.000,243.33,2.8,0,0,1
1.282,0.096,237.31,5.4,0,1,18
0.242,0.000,231.85,1.0,0,0,0
0.436,0.232,241.92,2.0,0,1,0
0.308,0.220,237.74,1.6,0,0,1
1.500,0.176,240.37,6.2,1,0,18
3.032,0.156,240.44,12.6,0,0,18
2.782,0.300,237.37,12.6,20,1,18
1.706,0.256,239.10,7.2,0,2,17
1.168,0.234,238.72,5.0,0,0,1
1.398,0.080,239.59,5.8,0,0,19
2.724,0.078,235.19,11.6,1,1,0
0.404,0.326,242.82,2.0,0,1,0
0.334,0.094,242.18,1.4,0,0,1
0.356,0.058,237.94,1.6,0,0,0
4.236,0.000,236.94,17.8,0,38,18
1.776,0.198,241.00,7.4,0,1,18
1.186,0.260,237.64,5.0,0,1,1
0.608,0.186,240.61,2.6,0,1,1
0.156,0.000,241.80,0.6,0,0,0
0.330,0.218,239.79,1.6,0,0,1
0.364,0.078,242.17,1.6,0,0,1
0.416,0.350,242.89,2.2,0,2,1
0.216,0.046,242.99,0.8,0,0,0
1.434,0.092,237.91,6.0,0,0,17
0.222,0.046,243.43,1.0,0,0,0
0.154,0.000,239.45,0.6,0,0,1
0.452,0.064,237.61,1.8,0,1,1
0.250,0.000,240.59,1.0,0,0,0
0.648,0.218,242.49,2.8,0,0,0
2.154,0.000,240.40,9.0,0,0,18
1.498,0.094,240.47,6.2,0,1,18
0.362,0.054,236.67,1.4,1,0,0
0.430,0.190,244.16,2.0,0,1,0
0.380,0.054,242.97,1.8,0,0,1
1.538,0.072,239.53,6.4,0,0,18
0.896,0.140,238.43,4.6,0,1,7
0.468,0.218,245.23,2.0,0,0,0
0.310,0.200,240.15,1.4,0,2,1
1.110,0.130,238.21,4.6,0,0,0
0.238,0.116,235.99,1.0,0,0,0
1.028,0.060,239.04,4.2,0,1,0
0.368,0.150,243.75,1.6,0,0,0
1.014,0.390,241.52,4.4,0,0,0
0.298,0.070,245.15,1.2,0,0,0
3.738,0.154,238.44,15.6,38,0,17
0.310,0.102,245.96,1.2,0,1,1
2.458,0.184,234.83,10.4,2,2,17
2.386,0.048,241.15,9.8,0,0,18
1.638,0.380,238.59,7.0,1,1,18
0.386,0.224,243.09,1.8,0,1,1
0.566,0.278,236.26,2.8,0,1,0
1.526,0.062,237.63,6.4,0,1,18
0.328,0.000,241.71,1.6,0,0,0
1.886,0.168,240.38,7.8,0,1,18
3.750,0.000,239.40,15.6,1,37,18
2.114,0.000,242.73,9.0,0,0,0
0.330,0.246,239.30,1.6,0,1,0
0.230,0.000,243.33,1.0,0,0,1
0.340,0.082,244.24,1.4,0,0,0
0.080,0.000,238.79,0.2,0,0,1
2.280,0.234,240.21,9.4,0,0,18
2.752,0.048,239.02,11.6,1,0,17
0.320,0.106,239.65,1.4,0,0,0
0.194,0.000,239.78,0.8,0,0,1
1.720,0.000,241.40,7.0,0,0,19
0.252,0.168,234.80,1.2,0,1,0
1.898,0.300,238.44,8.2,0,0,24
1.532,0.000,240.29,6.4,0,1,18
0.432,0.146,240.35,1.8,1,3,0
0.346,0.144,248.02,1.4,0,0,0
0.554,0.054,246.15,2.4,0,0,0
0.238,0.096,239.02,1.0,0,1,0
1.162,0.190,237.83,5.4,0,0,10
0.238,0.110,244.40,1.0,0,0,1
0.918,0.446,246.25,4.0,0,1,0
0.208,0.000,237.57,0.8,0,0,0
5.956,0.230,237.94,25.0,0,71,17
0.972,0.412,238.96,4.4,0,1,12
1.650,0.150,239.44,6.8,0,2,19
0.248,0.000,246.17,1.0,0,0,0
1.052,0.090,240.14,4.4,0,1,0
0.352,0.138,246.11,1.4,0,0,1
2.540,0.178,239.65,10.6,0,0,18
0.314,0.202,239.33,1.6,0,1,1
1.288,0.090,236.67,5.8,0,1,12
0.244,0.248,238.90,1.4,0,0,1
0.186,0.000,240.25,0.8,0,0,1
1.678,0.138,240.14,7.0,0,1,19
0.330,0.206,242.92,1.6,0,1,1
0.328,0.068,243.99,1.4,0,0,1
0.426,0.334,243.57,2.2,0,1,0
0.860,0.136,242.72,3.6,0,0,0
0.168,0.000,240.74,0.6,0,1,1
0.322,0.116,240.85,1.4,0,0,0
1.864,0.168,238.67,8.0,0,0,26
1.502,0.080,239.29,6.2,0,0,18
0.278,0.000,245.93,1.2,0,0,0
0.902,0.106,241.53,3.8,0,0,1
0.082,0.000,241.40,0.2,0,0,1
0.382,0.062,243.29,1.6,1,1,1
1.348,0.000,239.78,5.6,0,0,18
0.480,0.256,235.52,2.2,0,0,0
2.810,0.224,236.71,11.8,0,0,17
0.910,0.184,239.78,3.8,0,0,13
3.656,0.144,237.45,15.4,0,36,18
5.634,0.256,233.93,24.4,23,0,17
0.222,0.046,246.72,1.0,0,0,0
0.202,0.000,241.48,1.2,0,0,0
0.472,0.202,240.15,2.0,0,1,0
0.368,0.094,243.94,1.6,0,0,1
1.382,0.000,243.05,5.6,0,0,19
0.232,0.046,244.12,1.0,0,0,0
0.986,0.456,239.30,4.6,0,0,1
0.348,0.068,242.94,1.4,0,2,0
0.464,0.000,238.85,2.2,0,0,0
0.466,0.344,240.79,2.4,0,1,0
3.366,0.192,239.79,14.4,0,0,18
1.414,0.208,241.08,5.8,0,1,19
0.384,0.130,244.65,1.6,0,0,0
0.242,0.000,246.96,1.0,0,0,1
0.322,0.230,242.44,1.6,0,0,1
0.264,0.000,243.72,1.2,0,1,0
1.702,0.190,246.07,6.8,0,0,20
1.410,0.000,237.33,5.8,1,1,17
0.294,0.128,242.01,1.4,0,0,1
5.452,0.224,238.72,22.8,38,31,18
0.216,0.000,238.33,0.8,0,0,0
1.650,0.306,239.27,7.0,0,1,18
1.088,0.104,238.33,5.4,0,1,0
2.918,0.068,231.98,12.6,1,1,16
0.390,0.234,239.45,1.8,0,1,0
0.844,0.206,245.20,3.6,0,1,0
1.296,0.066,237.27,5.4,0,0,17
0.348,0.092,243.27,1.4,0,0,1
1.456,0.126,244.48,6.0,0,1,19
0.288,0.104,245.49,1.2,0,0,0
2.686,0.356,238.10,11.4,0,13,18
0.280,0.202,242.38,1.4,0,1,0
0.276,0.124,234.40,1.4,0,0,0
1.456,0.158,241.45,6.0,0,0,18
0.122,0.000,234.27,0.6,0,0,0
1.520,0.254,242.13,6.4,0,1,12
1.418,0.158,238.90,5.8,0,0,18
0.354,0.226,241.48,1.8,0,0,1
1.392,0.076,240.68,5.8,0,0,18
0.466,0.286,243.12,2.2,0,0,0
0.380,0.152,244.85,1.6,0,0,0
1.634,0.242,237.90,6.8,0,1,18
0.430,0.200,240.90,2.0,0,2,0
1.808,0.110,237.41,7.6,0,0,18
0.988,0.356,247.30,4.4,0,6,0
1.732,0.000,239.05,7.2,0,0,18
0.198,0.094,240.97,0.8,0,1,0
0.252,0.000,241.87,1.0,0,0,1
2.836,0.050,235.01,12.6,6,0,17
0.450,0.058,241.97,2.2,0,0,1
0.234,0.086,239.75,1.0,0,1,1
0.218,0.092,236.34,1.0,0,0,0
1.016,0.358,239.38,4.4,0,0,13
0.286,0.082,250.57,1.2,0,0,0
1.510,0.212,240.81,6.2,2,1,19
1.376,0.000,238.40,5.6,0,0,18
0.334,0.132,241.38,1.6,0,2,1
3.656,0.066,236.39,15.4,37,0,1
0.744,0.050,237.78,3.0,0,1,0
0.082,0.000,241.69,0.2,0,0,1
0.202,0.000,244.64,0.8,0,0,0
1.468,0.214,239.10,6.2,0,1,18
3.400,0.000,233.65,14.4,0,36,1
0.336,0.114,240.51,1.4,0,0,1
0.798,0.318,242.70,3.4,0,1,1
1.822,0.000,236.51,7.6,0,0,17
0.446,0.112,238.54,1.8,0,0,0
0.524,0.086,243.70,2.4,0,0,0
1.680,0.172,239.01,7.0,0,0,18
1.232,0.048,233.97,5.2,0,0,16
1.516,0.112,241.29,6.2,0,2,18
0.226,0.124,242.99,1.0,0,0,1
0.266,0.106,241.06,1.2,0,0,1
1.690,0.202,238.88,7.0,1,0,18
4.120,0.150,240.61,17.0,38,2,1
1.308,0.048,241.80,5.4,0,0,19
0.274,0.068,237.73,1.2,0,0,0
0.256,0.108,238.83,1.2,0,0,0
1.694,0.156,238.31,7.0,0,0,0
1.438,0.076,240.74,6.0,0,0,0
0.314,0.244,240.89,1.6,0,1,0
1.264,0.000,240.41,5.2,0,0,0
0.356,0.336,240.82,2.0,0,1,0
0.728,0.254,239.02,3.2,0,2,1
1.818,0.062,241.66,7.4,0,0,19
1.424,0.480,240.32,6.2,0,2,13
0.196,0.114,234.32,1.0,0,0,0
0.256,0.000,249.88,1.0,0,0,1
0.990,0.080,241.38,4.0,0,0,0
3.194,0.234,236.17,13.6,0,1,17
1.882,0.102,239.76,7.8,1,0,19
1.092,0.116,236.41,4.6,0,0,0
1.266,0.104,238.11,5.2,0,0,18
0.586,0.000,243.28,2.4,0,0,1
0.614,0.348,242.35,2.8,0,1,1
3.778,0.094,237.78,15.8,37,0,17
1.984,0.112,241.42,8.2,0,1,0
1.298,0.070,240.12,5.4,0,0,16
0.352,0.180,246.77,1.6,0,0,0
0.346,0.086,245.14,1.4,0,1,0
1.344,0.204,235.69,5.6,0,0,18
0.438,0.204,243.52,2.0,0,0,0
0.548,0.000,241.58,2.2,0,0,0
0.370,0.216,239.81,1.8,0,0,0
0.898,0.150,243.61,3.8,0,0,11
1.432,0.238,240.31,6.0,0,1,18
1.456,0.206,238.52,7.4,0,0,0
1.750,0.052,243.12,7.2,0,0,18
0.314,0.000,238.88,1.2,0,0,0
0.370,0.112,243.23,1.6,0,0,0
0.380,0.234,242.72,1.8,0,0,1
0.808,0.178,241.42,3.6,0,1,0
0.310,0.216,240.02,1.6,0,0,1
1.396,0.054,237.39,5.8,0,0,17
0.854,0.210,240.46,3.8,0,1,0
1.422,0.198,239.16,6.0,0,0,18
0.648,0.208,244.92,2.8,0,0,0
0.210,0.120,240.92,1.0,0,2,0
0.362,0.092,243.20,1.6,0,1,0
0.478,0.086,244.92,2.2,0,2,0
0.290,0.092,241.90,1.2,0,2,0
1.538,0.200,235.89,6.4,1,0,18
1.790,0.224,234.73,7.6,0,0,0
0.526,0.122,239.67,2.4,0,0,0
0.480,0.236,240.23,2.2,0,1,0
0.212,0.000,239.52,0.8,0,0,0
0.210,0.096,241.73,1.0,0,0,0
1.438,0.054,238.88,6.0,2,0,18
0.566,0.000,244.79,2.4,0,0,1
0.352,0.078,240.37,1.6,0,0,0
0.474,0.180,244.28,2.2,0,1,0
1.256,0.000,238.36,5.2,0,0,18
0.428,0.000,239.00,2.0,0,1,1
1.536,0.262,241.29,6.4,0,1,18
0.788,0.056,238.12,3.6,0,0,1
1.386,0.198,233.66,6.0,0,1,17
0.946,0.328,239.79,4.2,0,0,12
0.238,0.116,242.28,1.0,0,0,0
3.670,0.080,236.92,15.4,37,1,18
1.384,0.090,240.26,5.6,0,0,18
0.234,0.124,240.82,1.0,0,0,1
0.254,0.078,242.76,1.0,0,0,1
0.934,0.258,245.77,4.0,0,0,11
0.386,0.326,238.36,2.0,0,1,0
0.400,0.188,238.80,1.8,0,2,1
5.970,0.222,237.74,25.0,38,0,17
0.584,0.164,244.24,2.4,0,0,0
1.620,0.160,243.51,6.6,0,5,18
1.346,0.000,243.26,5.4,0,0,19
0.436,0.090,237.54,2.0,0,1,1
0.246,0.158,233.68,1.4,0,0,0
2.540,0.224,240.11,10.6,0,0,0
1.456,0.100,240.28,6.0,0,2,18
0.794,0.000,243.63,3.2,0,0,1
0.316,0.094,238.38,1.4,0,0,0
5.684,0.000,236.32,24.2,37,28,18
0.254,0.000,243.43,1.0,0,0,1
0.260,0.124,242.07,1.2,0,0,1
1.536,0.048,236.52,6.6,0,0,17
1.334,0.178,245.25,5.6,0,0,0
0.504,0.050,244.17,2.0,0,0,0
0.488,0.080,242.87,2.4,1,0,3
0.344,0.228,242.61,1.6,0,0,1
0.392,0.328,238.28,2.0,0,1,1
0.286,0.084,236.15,1.2,0,2,0
0.412,0.252,247.70,1.8,0,1,0
0.158,0.000,242.20,0.6,0,0,1
3.218,0.000,238.26,13.4,37,0,0
1.754,0.048,238.29,7.2,0,0,19
1.398,0.136,241.74,5.8,0,0,18
0.318,0.100,243.49,1.4,0,0,0
3.042,0.088,237.89,12.8,0,0,0
1.390,0.080,243.14,5.6,0,1,19
2.428,0.000,242.11,10.0,0,0,18
0.332,0.000,242.87,1.4,0,0,0
1.480,0.228,242.49,6.0,0,2,18
1.796,0.300,240.37,7.4,1,0,19
3.458,0.244,243.74,14.2,47,0,1
2.454,0.096,241.06,10.2,0,0,0
1.340,0.088,237.29,5.6,0,0,17
0.374,0.206,245.60,1.6,0,1,0
2.848,0.274,240.88,11.8,1,1,19
0.232,0.136,241.00,1.0,0,0,1
0.640,0.142,241.68,2.8,0,0,1
2.022,0.086,241.91,8.4,0,1,18
0.222,0.122,242.20,1.0,0,1,1
0.422,0.350,242.75,2.2,0,1,1
1.652,0.242,240.59,6.8,0,0,19
1.958,0.232,238.01,8.4,0,0,22
0.198,0.106,241.98,0.8,0,0,0
0.424,0.214,241.56,2.0,0,0,0
2.064,0.166,238.02,8.6,0,0,18
0.166,0.102,240.80,0.8,0,0,0
0.230,0.000,239.97,1.0,0,0,1
3.418,0.000,239.12,14.2,0,0,18
3.650,0.176,237.03,15.4,0,31,17
2.932,0.144,235.33,12.4,1,0,18
0.302,0.244,243.13,1.6,0,1,0
0.194,0.118,237.83,1.0,0,0,0
0.316,0.116,240.59,1.4,0,0,0
1.716,0.352,241.40,7.2,2,3,17
1.430,0.216,240.76,6.0,0,1,19
0.342,0.262,241.57,1.8,0,1,1
0.922,0.098,243.10,3.8,0,0,0
1.542,0.104,237.61,6.4,0,0,17
1.448,0.000,244.64,5.8,0,1,18
0.756,0.120,242.45,3.2,0,0,0
0.252,0.142,243.67,1.2,0,0,1
1.382,0.000,241.94,5.6,0,0,19
0.488,0.260,245.62,2.2,0,2,0
0.212,0.048,245.15,0.8,0,0,0
0.352,0.054,246.78,1.4,0,0,0
0.222,0.130,240.02,1.0,0,0,0
0.332,0.184,239.82,1.6,0,0,1
0.488,0.112,243.06,2.2,0,0,1
0.250,0.110,242.45,1.0,0,0,1
0.138,0.000,241.21,0.6,0,0,1
2.082,0.000,237.90,8.6,0,0,17
0.290,0.110,241.25,1.2,0,1,0
1.320,0.000,239.96,5.4,0,0,17
1.484,0.198,239.67,6.2,0,0,18
0.356,0.114,241.94,1.6,0,0,1
2.006,0.070,238.75,8.8,0,0,17
1.296,0.212,241.96,5.4,0,0,0
0.220,0.000,242.79,0.8,0,0,0
0.120,0.000,235.38,0.6,0,0,0
1.176,0.102,246.82,4.8,0,2,0
0.358,0.200,242.60,1.6,0,2,0
0.274,0.000,242.64,1.0,0,0,0
0.330,0.250,243.58,1.6,0,2,1
0.318,0.226,242.49,1.6,0,0,1
1.716,0.048,241.02,7.0,0,0,17
0.124,0.000,240.58,0.6,0,0,0
2.260,0.484,242.37,9.4,0,0,0
0.392,0.068,242.07,1.8,0,0,0
1.336,0.078,237.44,5.6,0,0,0
0.326,0.058,246.07,1.4,0,0,1
2.360,0.068,243.36,9.6,0,0,18
0.706,0.080,238.90,3.0,0,0,0
0.226,0.000,237.00,1.8,0,0,0
0.304,0.072,238.87,1.2,0,0,0
0.508,0.350,242.49,2.4,0,1,0
0.268,0.000,242.76,1.2,0,0,0
1.358,0.000,244.42,5.4,0,0,0
1.158,0.050,238.53,4.8,2,0,0
3.684,0.100,236.45,15.6,0,38,17
0.274,0.110,243.26,1.2,0,0,0
1.348,0.092,238.19,5.6,0,2,18
1.340,0.056,240.83,5.6,0,0,18
0.344,0.208,240.74,1.6,0,0,1
2.530,0.056,234.05,10.8,0,0,17
0.284,0.104,242.80,1.2,0,0,1
1.462,0.258,242.48,7.0,0,21,0
0.358,0.242,242.99,1.8,0,1,0
1.578,0.094,238.94,6.6,0,0,18
0.432,0.194,244.23,2.0,0,0,0
0.290,0.052,239.99,1.2,0,0,1
1.366,0.068,237.27,5.6,0,0,18
0.588,0.164,244.69,2.4,0,1,1
1.262,0.050,236.42,5.2,0,0,0
0.478,0.066,244.83,2.2,0,0,0
1.434,0.198,242.16,6.0,0,1,19
0.306,0.086,240.62,1.4,0,0,1
3.346,0.054,241.66,13.8,0,0,18
0.426,0.328,237.67,2.2,0,1,0
0.500,0.078,239.42,2.2,0,0,0
1.804,0.298,237.51,7.6,0,1,18
2.204,0.192,233.57,9.4,0,0,17
3.820,0.164,235.17,16.2,1,37,18
0.364,0.098,243.11,1.6,0,0,1
0.184,0.048,241.45,0.8,0,0,1
2.520,0.000,242.87,10.2,0,38,0
0.230,0.106,240.89,1.0,0,0,0
2.026,0.216,241.05,8.4,0,1,18
1.286,0.082,237.77,5.4,0,0,18
5.126,0.384,235.53,21.8,43,0,18
0.302,0.076,246.11,1.2,0,0,0
1.402,0.102,240.95,5.8,0,0,19
1.302,0.050,239.61,5.4,0,0,18
0.120,0.000,235.27,0.6,0,0,0
0.320,0.260,241.64,1.6,0,1,1
0.282,0.098,240.57,1.2,0,0,1
1.604,0.140,239.61,6.6,0,3,19
0.252,0.000,243.04,1.0,0,0,1
0.340,0.112,243.76,1.4,0,0,0
3.266,0.156,232.95,14.0,0,34,0
1.790,0.320,237.13,7.6,0,2,12
1.396,0.000,246.26,5.6,0,0,20
1.276,0.194,241.32,5.4,0,0,0
1.858,0.090,239.85,7.6,0,0,18
2.282,0.114,237.40,9.6,0,0,17
0.378,0.060,241.53,1.6,0,1,1
0.248,0.060,240.10,1.0,0,0,1
0.148,0.000,242.47,0.6,0,0,1
0.318,0.098,240.71,1.4,0,0,0
5.316,0.062,238.14,22.2,38,0,0
0.316,0.280,240.27,1.6,0,0,1
0.328,0.076,240.09,1.4,0,0,0
1.546,0.084,239.36,6.4,0,1,18
0.222,0.000,243.62,1.0,0,0,0
1.544,0.090,238.68,6.4,0,0,18
0.330,0.082,243.35,1.4,0,0,0
2.928,0.188,238.55,12.2,0,0,18
2.986,0.164,236.65,12.6,1,1,17
0.234,0.054,241.32,1.0,0,0,0
2.512,0.054,238.92,10.4,2,0,19
1.240,0.264,244.68,5.2,0,0,11
1.458,0.084,238.40,6.0,0,2,18
2.936,0.000,240.78,12.2,0,38,0
1.758,0.090,239.02,7.4,0,0,17
0.326,0.000,240.12,1.6,0,0,0
0.374,0.000,236.56,1.8,0,0,0
1.478,0.190,242.21,6.0,0,0,18
0.430,0.000,244.15,2.0,0,0,0
0.598,0.170,241.88,2.8,0,2,7
1.464,0.122,235.96,6.2,0,1,18
1.774,0.458,238.95,9.2,15,1,0
0.442,0.238,241.70,2.0,0,0,0
0.208,0.104,240.46,1.0,0,0,0
1.320,0.196,235.14,5.6,0,1,17
1.724,0.154,235.02,7.4,0,0,17
0.244,0.000,244.12,1.0,0,0,1
0.286,0.066,242.61,1.2,0,0,0
0.350,0.202,240.06,1.6,0,0,1
2.000,0.000,238.93,8.4,0,0,18
1.490,0.064,241.31,6.2,0,0,19
1.294,0.196,233.24,5.6,0,1,16
0.432,0.100,242.03,1.8,0,0,0
0.328,0.158,247.01,1.4,0,0,0
0.344,0.142,244.91,1.6,0,0,0
0.308,0.000,244.00,1.2,0,0,0
1.340,0.180,237.08,5.6,0,1,18
3.164,0.192,241.14,14.0,22,1,18
2.656,0.102,236.74,12.0,14,0,17
1.356,0.048,245.99,5.4,0,0,19
2.926,0.048,240.26,12.2,0,0,18
0.754,0.222,242.20,3.6,1,1,0
1.460,0.194,241.00,6.0,0,0,19
1.374,0.226,238.37,5.8,0,1,17
1.324,0.000,243.75,5.4,0,0,0
0.256,0.070,244.48,1.2,0,0,0
0.156,0.000,241.43,0.6,0,0,1
0.414,0.244,245.36,1.8,0,0,1
3.380,0.112,233.38,14.4,0,0,17
0.396,0.212,242.22,1.8,0,0,0
0.310,0.090,240.56,1.4,0,1,0
0.286,0.128,242.69,1.2,0,0,0
0.642,0.048,245.60,2.6,0,0,0
0.306,0.214,241.99,1.4,0,1,0
0.186,0.072,239.45,0.8,0,0,0
0.450,0.000,238.90,1.8,0,0,0
0.298,0.000,242.42,1.2,0,0,0
0.302,0.000,242.27,1.4,0,0,0
0.226,0.102,237.00,1.0,0,0,0
0.608,0.102,240.73,2.4,0,0,0
1.996,0.134,238.76,8.6,0,22,1
1.274,0.174,233.32,5.4,0,0,17
0.236,0.000,240.15,1.0,0,0,0
2.656,0.084,237.32,11.2,1,0,18
1.654,0.066,240.51,6.8,0,2,18
1.176,0.100,231.10,5.0,0,0,16
0.244,0.126,243.11,1.0,0,0,1
1.542,0.304,240.26,6.6,0,18,0
1.792,0.130,237.98,7.6,0,0,17
1.228,0.064,238.59,5.0,0,0,1
1.446,0.080,240.69,6.0,0,2,18
0.602,0.338,241.48,2.8,0,2,0
1.366,0.062,240.97,5.6,0,2,18
0.756,0.234,242.33,3.2,0,0,0
1.218,0.076,237.90,5.0,0,0,18
0.258,0.078,236.54,1.0,0,0,0
3.198,0.554,239.61,14.4,14,1,19
2.178,0.222,236.05,9.2,0,1,18
2.554,0.000,241.34,10.6,0,0,18
1.786,0.000,242.88,7.4,0,0,0
0.768,0.068,241.83,3.4,0,2,0
0.208,0.000,240.72,1.0,0,0,1
2.110,0.118,237.16,8.8,0,1,18
4.200,0.098,237.20,17.6,38,1,18
1.448,0.052,238.91,6.0,0,0,18
0.348,0.000,237.57,1.8,0,0,1
1.292,0.000,241.38,5.2,0,0,18
0.214,0.000,239.61,0.8,0,0,0
1.832,0.268,240.02,9.0,0,24,1
0.508,0.124,240.34,2.4,0,0,1
2.768,0.000,237.28,11.6,0,0,17
1.306,0.000,241.03,5.4,0,0,18
2.542,0.122,240.04,10.6,0,0,18
1.182,0.066,232.23,5.0,0,0,16
2.002,0.210,241.08,9.0,0,2,18
0.374,0.000,243.61,1.8,0,0,1
2.470,0.000,239.33,10.2,0,37,1
1.748,0.202,245.96,7.6,0,0,19
0.340,0.230,242.63,1.6,0,0,0
0.392,0.368,241.81,2.2,0,1,0
0.230,0.000,244.27,1.0,0,0,0
0.682,0.124,243.98,2.8,0,1,0
1.676,0.106,244.66,6.8,0,0,0
1.542,0.000,240.56,6.4,0,0,22
1.796,0.198,237.16,7.6,0,0,0
0.746,0.236,238.11,3.2,2,0,1
4.682,0.488,237.51,20.4,18,0,18
0.512,0.106,240.77,2.4,0,1,1
0.316,0.194,236.77,1.6,0,0,0
0.328,0.194,240.75,1.6,0,1,1
1.054,0.472,245.75,4.6,0,0,10
1.464,0.202,241.64,6.0,0,0,18
0.150,0.000,237.42,0.6,0,0,0
3.476,0.130,236.55,14.6,0,32,17
0.274,0.000,247.69,1.2,0,0,0
0.306,0.108,242.19,1.2,0,0,0
0.292,0.174,235.42,1.4,0,0,0
0.080,0.000,240.88,0.2,0,0,1
1.636,0.000,239.53,6.8,0,0,18
0.380,0.000,241.77,1.6,0,0,0
0.324,0.070,245.39,1.4,0,0,0
1.784,0.000,242.12,7.6,0,1,0
1.862,0.260,239.74,7.8,0,1,0
2.706,0.000,240.42,11.2,0,0,19
0.272,0.106,242.16,1.2,0,0,1
0.410,0.246,243.19,2.0,0,0,1
0.434,0.180,236.50,2.0,0,1,0
1.866,0.170,237.35,8.0,2,0,17
0.306,0.138,242.67,1.4,0,1,0
0.752,0.124,239.90,3.4,0,1,0
0.242,0.000,244.78,1.0,0,0,0
1.012,0.248,241.03,4.2,0,0,12
0.350,0.124,244.44,1.4,0,0,0
0.138,0.000,241.32,0.6,0,0,1
0.314,0.128,242.35,1.4,0,0,0
1.656,0.080,237.69,6.8,0,0,17
1.788,0.344,240.46,7.6,0,2,1
0.346,0.206,235.61,1.8,0,0,0
0.298,0.204,240.41,1.4,0,2,1
0.154,0.000,239.19,0.6,0,0,1
0.416,0.316,247.08,2.0,0,0,0
0.982,0.434,239.70,4.4,0,1,11
1.326,0.048,239.35,5.4,0,0,19
2.030,0.060,237.26,8.6,0,0,17
0.374,0.084,238.77,1.6,0,0,0
1.452,0.066,240.99,6.0,0,0,0
3.962,0.000,238.97,16.6,38,0,17
0.274,0.116,244.79,1.2,0,0,0
3.934,0.356,238.64,16.4,0,38,18
1.428,0.154,244.65,5.8,0,2,19
0.392,0.060,240.03,1.6,0,0,0
0.392,0.208,240.06,1.8,0,0,0
0.202,0.094,237.28,1.0,0,1,0
0.166,0.000,241.77,0.8,0,0,0
0.392,0.080,238.46,1.8,0,0,0
1.888,0.070,240.68,7.8,0,0,18
0.370,0.000,244.32,1.6,0,0,1
0.252,0.084,241.11,1.0,0,1,1
1.852,0.000,240.03,7.6,0,0,0
1.860,0.392,239.67,8.2,4,1,0
0.386,0.098,243.14,1.8,0,0,0
0.970,0.000,237.26,4.0,0,0,0
0.466,0.096,243.91,2.0,0,0,0
0.348,0.074,242.13,1.6,0,2,1
0.864,0.000,240.52,3.6,0,0,1
2.518,0.000,236.43,10.6,1,0,17
1.596,0.000,235.61,6.8,0,1,17
0.334,0.190,244.36,1.6,0,0,0
0.154,0.122,240.27,0.8,0,0,1
1.310,0.000,242.73,5.4,0,0,19
0.804,0.200,240.34,3.4,0,0,11
1.428,0.162,234.12,6.0,0,2,17
2.462,0.000,240.41,10.2,1,0,19
0.232,0.106,241.42,1.0,0,1,0
0.324,0.108,244.06,1.4,0,0,1
0.410,0.178,239.83,1.8,0,1,0
0.168,0.000,239.63,0.8,0,0,1
3.188,0.286,236.98,13.6,0,0,0
0.294,0.078,240.40,1.2,0,0,0
0.224,0.000,245.37,1.0,0,0,0
1.390,0.092,240.11,5.8,0,0,18
0.250,0.054,241.67,1.0,0,0,0
2.048,0.066,238.61,8.6,0,0,18
2.066,0.184,238.24,8.6,0,0,18
0.184,0.114,242.18,0.8,0,0,0
0.878,0.182,243.28,3.6,0,0,11
0.460,0.076,239.16,2.2,0,0,0
0.364,0.000,235.99,1.8,0,0,0
0.232,0.136,239.47,1.0,0,2,1
3.876,0.214,237.16,16.2,38,1,17
0.972,0.000,237.76,4.0,0,0,1
0.212,0.112,242.03,1.0,0,0,0
1.460,0.234,241.16,6.0,0,1,1
1.666,0.056,241.19,6.8,0,0,18
0.298,0.232,244.40,1.4,0,0,1
1.190,0.000,234.12,5.0,0,0,16
0.310,0.128,242.93,1.4,0,0,1
0.300,0.230,239.09,1.6,0,0,1
0.254,0.000,248.81,1.0,0,0,1
0.290,0.116,242.90,1.4,0,2,1
3.768,0.280,234.29,16.6,28,0,17
0.316,0.244,238.14,1.6,0,0,0
0.574,0.072,239.90,2.4,0,0,0
1.538,0.188,241.87,6.4,0,0,19
2.566,0.220,239.06,10.8,0,0,23
0.182,0.000,239.37,1.0,0,0,0
3.786,0.326,236.07,16.8,18,1,28
1.596,0.316,241.49,6.6,0,2,0
1.512,0.206,239.82,6.2,1,2,19
1.428,0.124,242.66,5.8,0,0,19
0.398,0.096,241.32,1.6,0,0,1
1.658,0.052,244.75,6.8,0,0,19
1.370,0.000,234.57,5.8,0,0,17
2.088,0.074,242.11,8.6,0,0,18
1.288,0.104,239.13,5.4,0,0,18
0.330,0.198,237.60,1.6,0,1,0
0.316,0.130,242.18,1.4,0,0,0
1.468,0.096,239.91,6.0,1,0,18
0.200,0.134,241.18,1.0,0,0,0
0.296,0.070,237.52,1.2,0,0,0
0.242,0.122,239.59,1.0,0,1,1
0.206,0.120,241.47,1.0,0,1,0
2.042,0.000,236.16,8.6,0,0,17
0.724,0.092,239.17,3.0,0,0,0
1.498,0.094,243.13,6.2,0,0,18
1.364,0.056,239.63,5.6,0,0,18
0.710,0.090,242.11,2.8,0,0,1
1.304,0.102,239.45,5.4,0,0,18
0.222,0.144,241.57,1.0,0,0,0
0.388,0.106,240.70,1.6,0,0,0
0.408,0.132,244.33,1.6,0,1,0
0.418,0.190,244.74,1.8,0,0,0
1.456,0.000,242.62,6.0,1,0,1
1.570,0.000,237.40,6.6,1,0,0
1.410,0.066,244.25,5.8,0,1,18
0.374,0.102,240.01,1.6,0,0,1
0.214,0.000,242.96,1.0,0,0,0
0.430,0.056,243.20,2.0,0,0,0
0.238,0.000,241.06,1.0,0,0,1
0.390,0.092,239.30,1.6,0,0,1
1.804,0.188,239.59,7.6,0,1,18
0.312,0.218,242.74,1.6,0,1,0
1.298,0.226,242.45,6.2,0,0,1
0.214,0.000,239.47,0.8,0,0,0
0.412,0.226,246.53,1.8,0,0,0
0.322,0.104,240.26,1.4,0,0,0
1.312,0.000,231.65,5.6,0,0,16
0.820,0.186,249.08,4.8,0,0,0
4.256,0.136,240.33,18.4,33,0,19
0.332,0.082,243.49,1.4,0,1,1
0.412,0.226,242.51,1.8,0,1,0
0.250,0.000,246.48,1.0,0,0,1
0.732,0.318,238.07,3.4,0,0,1
2.008,0.236,237.45,8.6,0,1,17
1.224,0.054,235.84,5.2,0,0,17
0.176,0.156,242.34,0.8,0,0,1
0.936,0.216,239.15,4.0,0,1,1
2.092,0.358,242.70,8.6,0,0,9
0.292,0.116,242.47,1.4,0,0,1
2.690,0.000,238.05,11.2,37,0,1
1.762,0.148,238.79,7.4,0,0,18
0.324,0.116,245.38,1.4,0,0,0
0.344,0.096,243.94,1.4,0,1,1
0.600,0.000,241.18,2.4,0,0,0
0.298,0.078,240.95,1.2,0,0,0
1.682,0.370,248.28,6.8,0,1,19
0.348,0.126,242.05,1.6,0,0,0
1.358,0.000,244.01,5.4,0,0,19
1.900,0.000,238.04,8.0,0,0,18
1.508,0.086,236.61,6.4,0,0,18
1.444,0.376,234.66,6.2,0,1,0
2.830,0.050,230.02,12.2,0,0,16
1.220,0.158,244.18,5.0,1,0,1
0.184,0.104,242.05,0.8,0,0,0
0.340,0.208,241.86,1.6,0,1,1
3.218,0.694,244.54,13.4,0,1,19
0.398,0.096,244.25,1.6,0,0,0
3.642,0.094,235.49,15.4,37,0,17
3.948,0.050,231.42,17.0,36,0,16
2.590,0.262,238.88,11.0,1,37,1
1.468,0.114,244.87,6.0,0,1,19
1.336,0.118,238.03,5.6,0,0,18
0.084,0.000,240.45,0.4,0,0,0
1.334,0.056,238.72,5.6,0,0,18
0.220,0.000,244.78,0.8,0,0,0
0.980,0.094,241.16,4.2,0,0,0
0.302,0.082,245.76,1.2,0,0,0
2.126,0.000,239.83,8.8,0,0,18
2.444,0.130,238.64,10.2,0,0,0
0.212,0.132,241.18,1.0,0,0,0
1.536,0.156,243.14,6.2,0,1,19
1.726,0.000,239.61,7.2,0,2,1
1.480,0.074,241.88,6.0,0,0,18
0.946,0.098,241.15,4.0,1,0,0
0.404,0.078,242.99,1.8,0,0,0
0.340,0.386,242.81,2.0,0,1,1
0.326,0.114,239.45,1.4,0,1,0
1.452,0.146,245.89,7.0,0,0,0
0.414,0.224,243.59,1.8,0,1,0
2.156,0.162,238.78,9.0,0,0,17
0.242,0.120,245.07,1.0,0,0,1
0.322,0.206,243.27,1.6,0,1,1
1.856,0.242,240.78,8.0,0,0,18
2.284,0.000,236.59,9.6,0,0,17
0.336,0.058,239.80,1.4,0,0,0
1.524,0.070,243.15,6.2,0,0,19
0.226,0.000,238.20,1.0,0,0,0
3.250,0.000,237.20,13.8,0,0,17
2.014,0.350,235.66,8.6,0,1,17
0.146,0.000,244.88,0.6,0,0,1
1.902,0.000,239.66,8.0,0,0,17
1.160,0.432,238.03,5.2,0,0,1
2.248,0.334,237.96,10.2,1,32,0
0.336,0.000,241.87,1.6,0,0,0
0.334,0.108,236.64,1.4,1,0,0
0.304,0.052,243.43,1.4,0,0,0
0.460,0.234,240.36,2.0,0,1,1
1.554,0.220,242.79,6.4,1,1,0
0.410,0.246,245.58,1.8,0,1,0
1.790,0.000,240.07,7.6,0,0,18
2.486,0.000,236.39,10.4,0,0,0
0.322,0.080,239.86,1.4,0,2,0
0.164,0.000,243.03,0.6,0,0,1
1.490,0.220,243.69,6.0,0,1,18
0.204,0.000,244.69,0.8,0,0,0
1.414,0.108,241.06,5.8,0,0,18
1.364,0.190,238.92,5.6,0,0,18
2.826,0.156,237.88,11.8,0,0,18
0.334,0.220,240.26,1.6,0,0,0
0.110,0.000,239.85,0.6,0,0,0
0.124,0.000,236.97,0.6,0,0,0
1.840,0.000,239.40,7.6,0,0,19
0.406,0.100,243.24,1.8,0,1,0
1.744,0.240,242.51,7.2,2,0,18
0.128,0.000,240.81,0.6,0,0,0
2.926,0.000,245.99,11.8,0,0,19
0.154,0.000,240.06,0.6,0,0,1
0.506,0.348,242.42,2.4,0,1,1
4.052,0.334,243.82,16.6,40,0,0
1.354,0.056,240.97,5.6,0,0,17
3.820,0.274,239.70,16.0,2,28,17
0.214,0.000,239.50,0.8,0,0,0
1.216,0.048,238.55,5.0,1,0,1
1.276,0.108,241.88,5.2,0,0,1
0.370,0.116,243.46,1.6,0,0,0
0.758,0.250,241.45,3.2,0,1,1
0.208,0.000,242.84,0.8,0,0,0
0.156,0.000,239.70,0.6,0,0,1
3.776,0.164,238.43,15.8,0,37,17
0.276,0.114,243.35,1.2,0,0,1
2.306,0.000,237.45,9.6,1,0,18
2.666,0.216,238.91,11.2,0,1,18
0.330,0.000,239.69,1.4,0,0,1
4.956,0.234,238.13,20.8,39,0,17
1.014,0.424,239.16,4.6,0,2,0
1.856,0.000,241.17,7.6,1,0,18
1.780,0.108,244.33,7.2,0,0,18
1.282,0.112,240.44,5.2,0,0,18
0.420,0.000,237.70,1.8,0,0,0
1.410,0.196,238.47,5.8,1,1,18
0.218,0.000,238.99,0.8,0,0,1
0.318,0.102,241.55,1.4,0,1,0
1.222,0.360,241.96,5.2,0,1,12
0.796,0.050,241.52,3.2,0,1,0
1.408,0.064,239.93,5.8,0,1,18
0.332,0.122,246.67,1.4,0,2,1
1.340,0.056,241.47,5.4,0,0,18
0.394,0.046,244.44,1.6,0,0,0
0.154,0.000,242.19,0.6,0,0,0
1.550,0.070,243.10,6.4,0,1,18
2.148,0.134,238.68,9.0,0,1,18
0.258,0.186,238.11,1.2,0,2,0
0.208,0.000,243.06,0.8,0,0,0
0.208,0.108,242.16,1.0,0,0,1
2.050,0.246,239.11,8.6,0,1,0
0.712,0.208,240.60,3.0,0,0,0
0.954,0.310,243.70,4.2,0,0,10
2.070,0.176,242.67,8.4,0,1,19
1.430,0.050,242.64,5.8,0,0,18
1.622,0.000,241.72,6.8,0,0,0
0.354,0.114,242.78,1.4,0,0,1
0.242,0.120,244.56,1.0,0,1,1
1.424,0.000,238.19,6.0,0,0,17
3.690,0.198,238.73,15.4,38,1,18
0.208,0.094,236.05,1.0,0,0,0
0.232,0.112,235.25,1.0,0,0,0
0.344,0.058,244.76,1.4,0,0,0
0.232,0.000,251.65,1.0,0,0,0
1.760,0.272,241.11,7.4,0,2,18
0.330,0.082,243.36,1.4,0,0,0
3.300,0.058,243.64,13.8,0,29,19
1.304,0.094,237.13,5.4,0,1,18
3.478,0.320,236.39,14.8,37,0,1
2.336,0.000,240.24,10.0,0,0,17
0.526,0.076,241.93,2.4,0,0,0
4.546,0.048,234.41,19.4,37,0,17
2.878,0.110,234.27,12.4,0,0,16
2.508,0.222,236.48,11.0,0,0,18
1.412,0.110,240.75,5.8,0,0,19
1.198,0.496,240.97,5.4,0,0,11
0.414,0.000,245.28,1.8,0,0,0
0.414,0.208,240.78,2.0,0,1,1
0.254,0.108,241.90,1.2,0,0,1
1.414,0.260,244.30,5.8,0,1,19
1.404,0.264,235.04,6.2,0,16,0
5.306,0.744,233.78,23.0,37,0,17
1.152,0.090,241.29,4.8,0,0,1
0.350,0.224,241.05,1.6,0,1,0
1.338,0.000,237.22,5.6,0,0,17
5.434,0.382,237.39,23.4,26,0,18
5.990,0.064,240.38,24.8,38,38,18
2.706,0.128,235.28,11.6,0,20,0
1.324,0.052,239.51,5.4,0,0,19
1.290,0.000,240.54,5.2,0,0,18
0.104,0.000,235.29,0.4,0,0,0
0.438,0.282,246.64,2.0,0,2,0
1.976,0.124,239.67,8.2,0,0,30
0.996,0.232,240.64,4.2,0,0,12
2.044,0.194,240.41,8.6,0,0,18
0.228,0.000,244.21,1.0,0,0,0
0.198,0.118,241.76,1.0,0,1,0
1.042,0.110,240.60,5.2,0,0,1
0.324,0.066,239.97,1.4,0,0,0
1.468,0.180,244.07,6.0,0,1,18
0.312,0.078,239.09,1.2,0,1,0
1.854,0.078,242.52,7.6,0,0,19
4.026,0.300,236.69,17.0,36,0,17
0.232,0.000,242.68,1.0,0,0,1
1.050,0.326,240.50,4.6,0,1,1
0.230,0.082,237.39,1.0,0,0,0
1.180,0.182,241.55,4.8,0,0,0
0.346,0.116,242.23,1.4,0,0,1
0.360,0.078,241.18,1.6,0,0,1
0.478,0.178,238.93,2.4,0,2,0
2.568,0.094,236.85,10.8,0,0,18
0.710,0.238,236.08,3.2,0,1,0
0.342,0.186,241.00,1.6,0,2,1
0.392,0.210,241.16,1.8,0,1,1
0.180,0.080,236.43,0.8,0,1,0
0.448,0.126,241.66,2.0,0,1,0
1.672,0.394,239.47,7.2,0,0,18
1.308,0.096,239.38,5.6,0,0,0
0.404,0.212,238.79,1.8,0,0,0
1.466,0.278,232.80,6.4,0,2,17
1.374,0.000,245.31,5.6,0,0,20
1.412,0.148,242.09,5.8,0,0,19
4.500,0.104,237.08,19.4,1,28,18
1.986,0.306,239.49,8.4,0,1,0
0.546,0.000,246.87,2.2,0,0,0
0.236,0.110,241.07,1.0,0,1,1
0.302,0.056,243.97,1.2,0,0,1
0.606,0.048,240.16,2.4,0,0,0
0.166,0.148,243.99,0.8,0,1,1
4.232,0.506,240.48,17.6,38,0,17
1.408,0.140,242.70,5.8,0,0,18
0.322,0.106,240.98,1.4,0,0,0
0.664,0.190,249.31,2.8,0,4,1
0.254,0.102,242.52,1.2,0,0,2
0.280,0.202,242.01,1.4,0,2,1
1.304,0.068,239.84,5.4,0,0,18
1.578,0.098,231.92,6.8,0,1,0
0.594,0.298,240.55,2.8,0,2,1
1.546,0.182,242.22,6.4,0,1,18
0.670,0.048,244.30,2.6,0,0,0
0.544,0.246,242.21,2.4,0,0,0
2.192,0.068,234.09,9.4,0,0,18
1.304,0.054,239.54,5.4,0,0,19
0.316,0.102,241.76,1.4,0,1,0
0.360,0.116,246.22,1.6,0,0,0
0.398,0.068,242.19,1.8,0,0,0
0.312,0.228,240.08,1.6,0,0,0
0.396,0.268,252.26,1.8,0,1,0
1.798,0.000,239.87,7.4,0,0,17
0.404,0.114,244.06,1.6,0,0,1
0.364,0.236,243.34,1.8,0,1,1
4.034,0.446,238.82,17.0,39,0,0
1.684,0.358,238.45,7.2,0,1,1
0.224,0.000,246.98,0.8,0,0,0
0.614,0.000,242.08,2.4,0,0,1
3.444,0.064,239.39,14.4,0,0,0
2.602,0.090,238.34,10.8,0,0,17
0.156,0.000,232.62,1.0,0,0,0
0.872,0.056,236.74,3.6,0,0,1
1.420,0.064,239.93,6.0,0,0,0
0.262,0.244,241.92,1.4,0,0,0
3.360,0.216,238.25,15.0,27,1,18
0.878,0.068,238.50,4.2,0,2,6
0.352,0.108,245.77,1.4,0,0,1
2.926,0.224,242.96,12.0,39,2,0
2.674,0.276,242.71,11.0,0,0,18
0.248,0.130,239.66,1.2,0,0,1
2.548,0.134,241.05,10.6,0,0,18
1.724,0.060,244.38,7.0,0,0,19
0.218,0.000,241.43,0.8,0,0,0
0.290,0.046,243.05,1.4,0,0,0
0.226,0.000,246.28,1.0,0,0,0
0.308,0.084,241.02,1.2,0,1,0
0.466,0.240,243.12,2.2,0,0,0
0.646,0.428,247.51,3.2,0,1,0
1.616,0.000,238.65,6.8,0,0,17
1.364,0.154,242.29,5.6,1,0,0
0.394,0.134,246.75,1.6,0,0,0
0.246,0.000,244.31,1.0,0,0,0
0.330,0.098,245.95,1.4,0,0,0
0.256,0.092,238.88,1.2,0,0,0
0.338,0.000,240.22,1.4,0,0,0
1.412,0.068,242.94,5.8,0,0,18
1.608,0.254,241.24,6.6,0,0,18
0.080,0.000,240.55,0.2,0,0,0
0.226,0.000,241.83,0.8,0,0,1
0.242,0.000,236.86,1.0,0,0,0
1.246,0.000,235.39,5.2,0,0,17
2.364,0.174,236.73,10.0,0,1,17
0.742,0.060,235.84,3.0,0,1,0
0.204,0.144,242.34,1.0,0,0,0
3.270,0.268,239.74,13.6,0,1,17
0.154,0.000,240.27,0.6,0,0,1
3.652,0.188,241.68,15.0,0,0,1
2.016,0.236,239.43,8.8,0,1,1
0.258,0.108,239.40,1.2,0,0,0
0.456,0.258,233.83,2.2,0,1,0
0.412,0.076,243.75,1.6,0,0,1
2.320,0.372,238.68,9.8,0,0,29
0.324,0.102,245.10,1.4,0,0,0
0.712,0.272,248.59,3.4,0,1,0
0.126,0.058,241.30,0.8,0,0,1
0.256,0.048,239.86,1.2,0,0,0
1.388,0.000,242.56,5.6,0,0,19
1.470,0.058,238.36,6.2,0,0,0
1.408,0.000,239.33,5.8,0,0,19
2.588,0.160,241.19,10.6,0,1,17
0.394,0.136,241.99,1.6,0,0,1
0.164,0.000,243.74,0.6,0,0,1
0.348,0.070,238.67,1.6,0,0,0
0.248,0.000,244.13,1.0,0,0,1
0.724,0.126,239.55,3.0,0,0,12
2.506,0.064,237.85,10.4,37,0,0
3.204,0.000,238.81,13.4,0,0,18
1.750,0.480,239.94,7.4,0,0,18
0.352,0.142,242.28,1.6,0,0,0
0.384,0.368,241.30,2.2,0,1,1
0.132,0.000,243.01,0.6,0,0,1
1.854,0.174,237.91,7.8,0,1,18
2.066,0.190,241.29,8.6,0,2,17
3.550,0.000,237.87,14.8,0,36,17
3.500,0.270,235.99,15.0,1,36,0
0.254,0.000,248.84,1.0,0,0,0
0.332,0.124,241.47,1.4,0,0,0
1.386,0.280,243.19,6.2,0,0,19
0.232,0.048,243.14,1.0,0,0,0
2.028,0.274,240.08,8.4,0,1,30
0.210,0.116,240.62,1.0,0,1,1
1.448,0.188,240.32,6.0,0,1,18
1.460,0.186,241.03,6.0,0,1,18
4.670,0.136,238.34,20.0,37,0,18
1.626,0.182,241.90,6.6,2,1,18
0.492,0.324,242.31,2.4,0,1,1
1.452,0.094,245.33,5.8,0,2,19
1.136,0.000,245.06,4.8,0,0,0
0.250,0.220,240.99,1.4,0,1,0
0.306,0.200,240.34,1.4,0,1,1
0.630,0.084,240.91,2.6,0,0,0
0.214,0.090,244.07,1.0,0,0,1
1.800,0.376,244.12,7.4,0,5,18
2.188,0.068,235.80,9.2,0,1,17
0.324,0.074,229.93,1.4,0,2,1
1.520,0.298,238.63,6.4,0,1,18
2.114,0.000,244.75,8.6,0,0,19
0.212,0.046,237.94,0.8,0,0,0
0.350,0.000,244.52,1.4,0,0,0
0.222,0.000,239.19,1.0,0,0,0
0.758,0.000,237.20,3.4,0,0,0
5.118,0.230,235.12,21.8,37,2,18
1.284,0.000,240.88,5.2,0,0,18
2.296,0.154,236.28,9.6,0,0,17
0.216,0.104,241.97,1.0,0,2,0
0.246,0.076,242.51,1.0,0,0,1
0.628,0.000,242.96,2.6,0,0,0
0.252,0.138,243.07,1.2,0,0,1
0.384,0.236,243.77,1.8,0,0,0
1.736,0.360,237.71,7.4,0,0,18
0.250,0.000,238.53,1.0,0,0,0
1.400,0.092,241.05,5.8,0,0,18
0.220,0.088,242.28,1.0,0,0,1
0.172,0.144,243.06,0.8,0,2,1
1.472,0.478,241.28,6.4,0,1,12
1.052,0.414,242.87,4.6,0,1,11
0.152,0.120,239.63,0.8,0,0,1
2.892,0.000,239.71,12.0,0,0,19
0.226,0.112,240.86,1.0,0,0,0
0.256,0.138,241.36,1.2,0,2,1
0.230,0.126,237.82,1.0,0,0,0
1.532,0.052,243.59,6.2,0,0,19
0.218,0.136,245.05,1.0,0,1,1
1.344,0.192,238.24,5.6,0,0,18
1.396,0.000,241.88,5.8,0,0,18
1.276,0.176,239.88,5.4,0,1,1
0.412,0.172,240.05,1.8,0,1,0
1.306,0.000,242.49,5.4,0,0,18
0.322,0.208,242.08,1.6,0,1,1
0.384,0.170,240.94,1.8,0,0,0
2.010,0.064,244.59,8.2,1,0,18
0.458,0.188,239.79,2.0,0,2,1
5.398,0.058,236.36,22.8,38,0,17
1.534,0.074,243.09,6.4,0,0,18
1.412,0.000,237.89,5.8,0,1,18
1.320,0.000,240.79,5.4,0,0,18
0.224,0.000,243.08,1.0,0,0,0
1.326,0.000,238.96,5.4,0,0,19
1.266,0.048,238.64,5.2,0,0,17
1.196,0.000,239.45,5.0,0,0,18
0.346,0.000,237.83,1.4,0,0,0
3.882,0.434,236.88,16.4,0,38,18
1.568,0.324,233.07,6.8,0,1,0
1.498,0.096,240.29,6.2,0,0,18
4.206,0.238,235.88,17.8,37,0,30
0.246,0.046,244.12,1.0,0,0,0
0.398,0.342,241.53,2.2,0,1,0
0.400,0.226,242.89,1.8,0,1,0
1.366,0.000,242.49,5.6,0,1,19
1.154,0.216,238.36,4.8,0,0,1
1.340,0.052,242.69,5.4,0,0,19
2.896,0.714,236.82,12.6,0,2,0
0.388,0.082,240.64,1.6,0,1,0
3.732,0.050,242.11,15.4,38,0,18
0.848,0.084,240.80,3.4,0,2,1
0.856,0.196,240.11,3.6,0,0,12
1.604,0.000,239.14,6.6,0,0,17
0.320,0.254,240.99,1.6,0,1,1
0.392,0.204,238.98,1.8,0,0,0
0.698,0.116,241.89,2.8,0,0,0
1.802,0.186,237.57,7.6,0,2,17
0.306,0.072,243.75,1.2,0,0,1
4.496,0.182,237.62,18.8,37,0,17
0.670,0.312,242.31,3.0,0,0,0
1.302,0.102,241.03,5.4,0,0,19
0.242,0.000,243.49,1.0,0,0,1
0.986,0.108,244.05,4.0,0,0,1
1.502,0.076,239.55,6.2,0,0,18
0.252,0.000,243.34,1.0,0,1,0
0.196,0.076,235.08,0.8,0,0,0
0.360,0.068,241.23,1.4,0,0,1
0.306,0.000,239.59,1.4,0,0,0
0.206,0.000,242.62,0.8,0,0,0
1.590,0.204,243.77,6.6,0,0,0
0.274,0.140,240.73,1.2,0,1,1
4.974,0.052,228.28,21.8,0,1,0
0.142,0.000,240.40,0.6,0,0,1
0.748,0.206,243.03,3.8,0,2,8
1.400,0.084,242.88,5.6,0,0,18
0.698,0.210,241.18,3.0,0,2,0
0.184,0.000,241.84,0.8,0,0,1
1.296,0.048,239.50,5.4,0,0,18
1.306,0.046,239.33,5.4,0,0,18
0.770,0.382,239.97,3.6,0,6,1
3.766,0.000,235.46,16.0,0,37,17
0.580,0.214,245.63,2.8,0,1,0
0.976,0.250,239.00,4.2,0,1,12
0.320,0.078,240.97,1.4,0,1,1
0.266,0.000,242.48,1.2,0,0,1
1.704,0.088,242.07,7.0,0,0,18
0.656,0.098,242.48,2.6,0,0,0
1.018,0.208,244.12,4.2,0,0,0
0.316,0.048,235.82,1.4,0,0,0
0.342,0.238,239.35,1.6,0,2,0
1.420,0.132,239.22,5.8,0,0,18
0.476,0.352,244.90,2.4,0,1,0
1.230,0.080,236.41,5.2,0,0,17
0.618,0.268,238.47,2.8,0,1,0
0.376,0.100,234.98,1.6,0,0,0
0.560,0.050,241.74,2.4,0,0,1
1.108,0.046,239.48,4.6,0,0,1
0.356,0.324,239.30,2.0,0,2,0
2.772,0.000,237.80,11.6,3,0,17
0.826,0.000,240.96,3.4,0,0,0
1.344,0.120,238.71,5.6,0,0,18
0.266,0.000,244.68,1.0,0,0,1
0.572,0.280,236.56,3.0,0,1,0
0.338,0.272,243.58,1.8,0,2,1
1.278,0.000,240.29,5.2,0,0,17
1.322,0.060,243.64,5.4,0,0,18
0.834,0.206,241.74,3.6,0,0,1
0.560,0.206,248.16,2.4,0,2,1
0.278,0.194,236.76,1.4,0,1,0
0.280,0.102,242.25,1.2,0,0,0
0.200,0.124,237.13,1.0,0,0,0
2.526,0.102,235.06,10.8,0,0,18
5.264,0.238,240.19,22.2,39,0,18
1.320,0.000,241.53,5.4,0,0,19
0.418,0.224,240.34,2.0,0,2,1
0.128,0.000,237.03,0.6,0,0,0
4.176,0.240,237.24,17.6,37,1,27
1.396,0.076,244.25,5.6,0,0,18
1.720,0.058,240.22,7.2,1,0,19
0.582,0.192,248.17,2.6,0,0,0
2.608,0.302,241.12,10.8,0,2,0
1.404,0.118,243.15,5.8,0,1,18
2.100,0.304,235.71,9.0,0,0,17
0.572,0.086,239.25,2.4,0,1,0
0.128,0.000,242.19,0.6,0,0,0
0.226,0.054,240.78,1.0,0,0,1
0.296,0.078,248.42,1.2,0,0,0
0.318,0.076,242.23,1.4,0,0,0
1.406,0.076,240.21,5.8,1,0,19
0.286,0.090,240.30,1.2,0,0,0
1.708,0.336,244.20,7.0,0,1,18
0.336,0.106,240.59,1.4,0,0,1
0.606,0.000,240.16,2.4,0,0,1
0.318,0.088,241.17,1.4,0,0,0
0.492,0.064,241.19,2.0,2,0,1
2.352,0.196,238.75,9.8,0,1,17
0.324,0.102,241.78,1.4,0,1,0
0.364,0.064,235.95,1.6,0,0,0
2.558,0.052,236.56,10.8,1,3,17
4.430,0.384,235.81,19.0,37,24,0
1.098,0.000,232.52,4.6,0,0,17
0.478,0.000,241.10,2.2,0,0,1
0.980,0.180,242.68,4.2,0,0,0
0.338,0.052,246.47,1.4,0,0,1
0.220,0.000,242.99,1.0,0,0,0
2.430,0.000,238.68,10.0,0,0,18
1.332,0.064,238.59,5.6,0,0,17
1.704,0.076,240.68,7.0,2,2,18
0.232,0.052,246.18,1.0,0,0,0
0.742,0.186,237.61,3.2,0,2,0
0.082,0.000,242.15,0.2,0,0,1
0.314,0.074,245.15,1.2,0,0,0
1.036,0.094,242.18,4.2,0,0,0
0.576,0.332,239.82,2.8,1,1,0
2.556,0.056,239.97,10.6,1,0,18
0.240,0.084,240.48,1.0,0,1,0
1.292,0.048,241.36,5.2,0,0,18
0.484,0.048,239.66,2.0,0,0,0
0.082,0.000,242.26,0.2,0,0,1
0.404,0.104,240.04,2.0,0,1,1
0.970,0.070,239.40,4.2,1,0,1
0.600,0.184,242.00,2.6,0,0,1
1.076,0.000,242.13,4.4,0,0,1
0.356,0.112,243.96,1.4,0,0,1
2.584,0.096,242.58,10.6,39,0,0
0.240,0.128,241.33,1.2,0,0,0
0.250,0.052,237.28,1.2,0,0,0
0.256,0.066,240.37,1.0,0,0,0
0.226,0.052,244.67,1.0,0,0,0
0.332,0.232,239.83,1.6,0,1,0
1.940,0.248,239.54,8.4,0,0,1
1.868,0.372,236.68,8.0,0,1,0
1.372,0.000,237.86,5.8,0,1,18
1.252,0.000,243.22,5.0,0,0,19
3.032,0.222,239.92,12.6,0,0,18
0.154,0.000,238.54,0.6,0,0,1
0.202,0.138,242.21,1.0,0,0,0
0.218,0.124,241.18,1.0,0,0,0
0.160,0.142,241.96,0.8,0,1,1
0.266,0.052,236.60,1.2,0,0,0
0.348,0.106,239.02,1.4,0,0,1
0.240,0.000,245.99,1.0,0,1,0
1.350,0.090,232.67,5.8,0,0,17
1.492,0.192,242.41,6.2,0,1,18
3.388,0.304,232.58,15.2,11,1,17
0.364,0.160,244.09,1.8,0,0,0
1.826,0.208,241.54,7.6,0,0,17
0.160,0.000,242.87,0.6,0,0,0
0.270,0.118,240.67,1.2,0,0,1
0.366,0.086,243.46,1.6,0,0,0
0.326,0.126,242.03,1.4,0,0,0
1.808,0.000,240.44,7.4,0,0,18
0.316,0.216,242.60,1.6,0,1,1
0.306,0.100,243.72,1.2,0,0,0
1.586,0.328,241.65,6.6,0,2,18
1.380,0.208,237.81,5.8,0,1,18
0.284,0.086,240.64,1.2,0,0,0
1.352,0.000,239.36,5.6,0,0,18
0.396,0.152,240.35,1.8,0,2,0
0.158,0.000,241.15,0.6,0,0,1
1.510,0.098,242.58,6.2,0,0,19
1.310,0.000,240.33,5.4,0,0,18
0.316,0.154,236.34,1.4,0,0,0
0.778,0.126,238.89,3.2,0,0,11
0.274,0.158,241.77,1.4,0,1,0
0.872,0.334,239.40,5.0,0,0,0
2.344,0.336,238.45,10.6,0,1,18
0.394,0.364,242.14,2.2,0,1,1
3.708,0.000,242.70,15.4,0,31,18
1.802,0.298,243.82,7.4,0,1,19
1.002,0.074,239.90,4.2,0,0,0
1.296,0.086,236.00,5.4,0,0,17
0.356,0.080,241.10,1.6,0,0,0
0.326,0.240,240.39,1.6,0,1,0
0.246,0.000,241.98,1.0,0,0,0
0.406,0.244,241.96,2.0,0,0,1
0.222,0.000,242.23,1.0,0,0,0
0.228,0.000,239.70,1.0,0,0,0
0.524,0.374,246.54,2.6,0,2,0
0.258,0.066,240.59,1.0,0,0,0
0.342,0.178,241.81,1.6,0,0,0
1.314,0.124,242.68,5.4,0,1,18
0.324,0.366,238.57,2.0,0,2,1
1.998,0.110,242.59,8.2,0,0,19
0.390,0.212,245.42,1.8,0,1,1
0.234,0.128,243.29,1.0,0,0,1
0.490,0.084,244.75,2.2,0,2,0
1.708,0.202,238.90,7.2,0,0,18
1.244,0.108,239.46,5.2,0,2,18
0.432,0.228,239.86,2.0,0,0,0
0.608,0.226,242.00,2.6,0,1,0
0.970,0.362,242.08,4.2,0,1,12
1.544,0.336,240.13,6.4,0,1,18
1.716,0.254,236.65,7.2,0,0,17
1.284,0.000,239.57,5.2,0,0,18
0.698,0.000,240.83,3.0,0,0,0
0.290,0.078,241.35,1.2,0,0,0
1.290,0.068,237.10,5.4,0,1,18
3.936,0.152,235.45,16.6,37,1,17
4.338,0.516,234.60,18.6,0,1,17
0.470,0.154,242.05,2.2,0,2,0
1.390,0.056,240.95,5.8,0,0,18
0.386,0.104,246.48,1.6,0,0,0
1.444,0.060,239.79,6.0,0,0,17
0.332,0.068,240.43,1.4,0,2,0
0.978,0.252,241.66,4.2,0,1,12
0.230,0.142,243.29,1.0,0,2,0
2.204,0.000,239.13,9.2,0,0,17
1.590,0.120,238.87,6.6,0,1,1
0.282,0.000,239.85,1.2,0,0,0
0.206,0.106,241.00,0.8,0,0,1
0.572,0.092,240.96,2.4,0,1,0
0.268,0.000,245.79,1.0,0,0,0
0.374,0.094,244.22,1.6,0,0,0
0.270,0.000,243.60,1.2,0,0,0
1.614,0.140,241.58,6.6,0,1,18
0.414,0.228,238.98,2.0,0,1,0
1.594,0.180,245.22,6.4,2,0,19
1.306,0.238,238.77,5.4,0,0,0
0.346,0.076,242.51,1.4,0,0,1
0.220,0.000,243.47,1.0,0,0,0
1.374,0.086,240.20,5.6,0,0,17
0.264,0.126,243.16,1.2,0,0,1
3.320,0.000,239.64,13.8,0,0,18
1.512,0.246,238.33,6.4,1,0,18
1.026,0.512,242.55,4.6,0,2,11
1.178,0.106,240.95,5.0,0,1,18
0.340,0.098,244.67,1.4,0,0,0
0.140,0.000,241.24,0.6,0,0,1
0.340,0.364,238.16,2.0,0,1,1
3.882,0.098,238.27,16.2,0,1,17
1.428,0.112,242.43,5.8,0,0,19
3.714,0.418,230.58,16.2,36,0,16
1.428,0.074,242.03,5.8,0,0,19
0.370,0.228,242.51,1.8,0,2,0
2.784,0.208,245.25,12.0,1,11,19
0.228,0.000,245.66,1.0,0,0,0
0.390,0.100,243.59,1.6,0,0,0
1.342,0.286,231.76,5.8,0,1,17
0.426,0.112,239.69,2.0,0,0,0
0.330,0.120,243.17,1.4,0,0,0
0.300,0.000,243.82,1.2,0,0,1
0.590,0.102,242.43,2.6,1,0,0
2.198,0.114,238.53,10.6,0,1,18
0.316,0.084,238.05,1.4,0,0,0
0.394,0.220,244.46,1.8,0,0,1
1.368,0.000,242.23,5.6,0,0,18
2.064,0.000,243.21,8.4,0,0,0
0.528,0.214,240.84,2.4,0,1,0
1.350,0.188,236.44,5.6,0,1,18
3.414,0.000,235.84,14.4,37,0,17
0.342,0.126,245.22,1.6,0,2,0
0.258,0.254,240.46,1.4,0,0,1
2.636,0.170,239.17,11.0,37,2,0
4.352,0.156,241.53,18.2,0,0,18
0.214,0.108,241.89,1.0,0,2,1
0.376,0.046,245.62,1.6,0,0,0
0.236,0.108,242.39,1.0,0,0,1
1.842,0.236,240.96,7.6,0,0,19
0.238,0.000,244.25,1.0,0,0,0
0.344,0.236,239.53,1.6,0,1,0
0.286,0.278,238.13,1.8,0,1,1
1.814,0.086,239.12,7.6,0,0,0
0.792,0.060,241.08,3.2,0,0,0
0.394,0.384,242.38,2.2,0,1,1
0.234,0.126,239.30,1.0,0,0,1
0.266,0.128,240.30,1.2,0,0,1
1.646,0.058,239.75,6.8,0,0,18
0.278,0.000,249.91,1.2,0,0,1
0.938,0.000,244.98,3.8,0,0,1
0.224,0.000,242.72,1.0,0,0,0
0.796,0.130,243.84,4.0,0,0,7
0.144,0.000,241.11,0.6,0,0,0
0.474,0.000,240.21,2.0,0,0,0
3.472,0.000,234.77,14.8,0,37,18
1.438,0.104,239.28,6.0,0,0,18
3.292,0.424,239.20,14.4,0,7,18
0.308,0.120,240.19,1.4,0,0,0
3.340,0.464,238.66,14.8,23,1,18
0.404,0.208,242.50,1.8,0,2,0
0.390,0.232,240.41,1.8,0,1,0
0.350,0.148,243.26,1.6,0,1,1
0.248,0.000,245.24,1.0,0,0,1
0.396,0.200,243.17,1.8,0,0,0
0.398,0.212,244.14,1.8,0,0,0
4.224,0.248,238.58,18.2,0,49,18
0.404,0.266,238.22,2.0,0,2,1
0.208,0.000,240.90,0.8,0,0,0
0.250,0.000,240.18,1.0,0,0,1
0.250,0.000,240.74,1.0,0,0,0
2.070,0.106,244.76,8.4,0,0,19
0.324,0.124,242.25,1.4,0,0,0
1.664,0.222,243.25,6.8,1,0,18
1.774,0.138,242.01,7.2,0,0,0
0.246,0.106,239.55,1.0,0,1,0
0.546,0.196,243.23,2.4,0,0,1
2.554,0.000,235.14,10.8,0,0,0
0.386,0.202,243.96,1.8,0,0,0
1.524,0.232,243.55,6.2,0,1,19
1.478,0.210,243.21,6.0,0,0,18
0.362,0.154,243.94,1.8,0,1,1
1.816,0.190,237.33,7.6,0,2,18
1.758,0.466,239.25,7.6,0,1,18
1.134,0.160,244.87,4.6,0,0,1
1.448,0.104,240.10,6.0,0,0,18
5.400,0.134,235.98,22.8,0,36,0
5.704,0.314,236.91,24.0,1,35,17
1.462,0.210,240.62,6.0,0,2,19
1.298,0.000,239.96,5.4,0,0,19
1.370,0.092,239.81,5.6,0,1,19
3.402,0.568,238.27,14.4,0,0,17
1.016,0.334,240.43,4.4,0,0,11
1.538,0.070,246.33,7.0,0,16,1
5.594,0.400,233.95,23.8,37,0,18
0.330,0.070,244.86,1.4,0,0,0
0.238,0.110,241.69,1.0,0,2,1
0.352,0.098,243.10,1.4,0,0,1
4.228,0.286,238.36,17.6,38,0,28
1.870,0.230,238.23,7.8,0,0,17
0.428,0.240,247.51,2.0,0,2,1
1.228,0.074,235.33,5.2,0,0,17
0.212,0.000,240.28,0.8,0,0,0
0.286,0.092,243.38,1.4,0,1,1
3.900,0.330,237.92,16.6,0,38,18
0.416,0.072,242.28,1.8,0,4,0
0.380,0.242,240.14,1.8,0,1,0
1.342,0.180,247.05,5.4,0,0,1
2.460,0.162,234.52,10.4,0,2,18
1.668,0.076,241.76,6.8,0,0,18
0.280,0.000,245.08,1.2,0,0,1
1.664,0.000,245.80,6.6,0,0,19
2.550,0.090,240.52,10.8,0,2,10
0.386,0.196,241.60,1.8,0,1,0
1.968,0.102,233.64,8.4,0,17,0
1.128,0.056,234.58,5.0,0,0,0
0.234,0.000,241.72,1.0,0,0,0
0.500,0.142,243.82,2.0,0,0,1
0.296,0.118,243.71,1.2,0,2,0
2.400,0.122,239.22,10.0,0,0,18
0.524,0.058,242.54,2.4,0,2,1
0.212,0.090,240.71,1.0,0,0,0
0.186,0.156,242.57,1.0,0,0,0
2.442,0.188,238.71,10.2,0,2,18
0.354,0.138,241.04,1.6,0,1,0
0.220,0.000,252.26,0.8,0,0,0
2.182,0.402,238.18,9.2,0,0,29
0.752,0.156,241.50,3.2,0,1,0
0.148,0.000,239.64,0.6,0,0,0
1.568,0.070,241.73,6.4,0,0,18
1.546,0.000,235.30,6.4,1,0,17
0.306,0.090,241.41,1.2,0,1,0
0.226,0.000,242.87,0.8,0,0,0
1.456,0.082,238.75,6.0,0,0,18
0.250,0.124,242.89,1.2,0,0,1
0.514,0.108,236.84,2.2,0,0,0
1.752,0.118,238.30,7.8,0,0,18
1.328,0.000,245.87,5.4,0,0,19
0.344,0.200,235.61,1.6,0,1,0
0.354,0.000,240.85,1.6,0,0,1
2.368,0.056,237.35,10.0,0,0,17
0.462,0.130,240.57,2.0,0,0,1
0.436,0.090,242.04,1.8,0,0,0
1.478,0.118,238.06,6.2,0,0,18
0.222,0.000,243.60,1.0,0,0,0
0.352,0.054,242.65,1.4,0,2,0
0.472,0.070,241.06,2.4,0,0,0
0.398,0.232,245.71,1.8,0,1,0
1.332,0.000,242.63,5.4,0,0,0
0.304,0.080,247.91,1.2,0,0,0
3.422,0.000,238.07,14.4,0,0,17
2.450,0.000,242.96,10.0,1,0,18
1.598,0.350,244.65,6.6,0,1,19
2.376,0.102,241.08,9.8,0,0,19
1.472,0.090,243.07,6.0,0,0,19
0.350,0.218,240.13,1.8,0,1,0
0.124,0.000,235.53,0.6,0,0,0
0.250,0.134,241.93,1.2,0,0,0
0.442,0.108,238.30,2.8,0,2,1
1.558,0.046,240.18,6.4,0,0,18
3.898,0.184,242.49,16.0,39,1,19
1.378,0.058,245.19,5.6,0,0,19
0.124,0.000,236.43,0.6,0,0,0
0.542,0.354,240.55,2.6,0,2,0
0.320,0.172,242.59,1.6,0,1,0
0.492,0.182,245.19,2.2,0,0,0
0.124,0.000,240.36,0.4,0,0,0
2.928,0.126,242.31,12.0,0,2,18
0.358,0.136,240.14,1.8,0,0,3
1.546,0.082,239.03,6.4,0,1,17
0.242,0.000,243.33,1.0,0,0,1
1.504,0.082,242.95,6.2,0,0,19
0.736,0.194,242.80,3.2,0,0,0
1.420,0.208,236.50,6.0,0,2,0
0.408,0.000,247.40,1.8,0,0,0
1.548,0.248,245.80,6.4,0,2,19
2.144,0.144,240.66,8.8,0,0,0
1.302,0.000,238.76,5.4,2,0,19
0.240,0.112,237.86,1.0,0,1,0
1.718,0.068,238.58,7.2,1,1,17
0.914,0.302,242.11,4.0,0,0,12
2.516,0.130,244.05,10.4,0,1,18
0.714,0.310,238.19,3.2,0,1,0
0.142,0.000,238.07,0.6,0,0,0
0.830,0.298,242.57,3.6,0,1,0
0.314,0.126,241.09,1.4,0,1,0
0.546,0.000,242.21,2.2,0,0,1
4.136,0.072,234.20,17.6,0,0,17
0.234,0.108,240.32,1.0,0,1,0
0.356,0.210,247.88,1.6,0,0,0
2.888,0.356,240.73,12.0,0,0,18
1.482,0.068,239.64,6.2,0,0,17
1.696,0.302,240.55,7.0,0,2,18
1.406,0.244,237.11,6.0,0,0,0
0.522,0.110,244.98,2.2,0,1,1
1.868,0.178,230.87,8.0,0,0,0
1.624,0.078,234.62,6.8,0,0,17
4.762,0.550,235.53,20.4,0,30,18
1.606,0.176,248.48,6.4,0,0,20
3.210,0.000,242.75,13.2,0,0,0
0.402,0.174,239.64,1.8,0,0,1
0.258,0.116,241.96,1.2,0,0,1
1.392,0.186,239.36,5.8,0,2,18
0.438,0.214,242.07,2.0,0,0,0
0.240,0.000,244.09,1.0,0,0,1
0.330,0.118,245.50,1.4,0,0,0
1.686,0.000,240.56,7.0,0,0,17
0.326,0.140,245.14,1.4,0,0,0
1.608,0.196,238.16,6.8,0,0,18
0.136,0.000,240.62,0.6,0,0,1
0.198,0.090,239.34,0.8,0,0,0
1.422,0.000,242.58,5.8,0,0,18
1.728,0.146,241.38,7.2,0,0,0
0.498,0.120,240.93,2.0,0,0,0
0.288,0.000,244.92,1.2,0,0,1
0.444,0.120,240.78,1.8,0,0,0
0.338,0.146,247.85,1.4,0,0,0
1.206,0.000,238.73,5.0,0,0,18
1.772,0.278,242.60,7.4,0,0,7
1.968,0.134,237.20,8.4,0,1,0
0.516,0.000,245.91,2.0,1,0,0
0.296,0.194,237.27,1.4,0,1,1
0.344,0.136,244.48,1.4,0,0,1
0.654,0.052,243.17,2.6,0,0,0
1.958,0.132,238.96,8.2,0,0,18
0.230,0.056,239.66,1.0,0,0,0
1.590,0.146,236.74,6.6,0,0,17
1.710,0.212,240.86,7.2,0,0,0
0.084,0.000,243.30,0.2,0,0,0
0.154,0.000,241.45,0.6,0,0,1
0.232,0.000,241.06,1.0,0,0,0
1.402,0.046,242.38,5.8,0,0,19
1.486,0.178,240.08,6.4,0,0,0
2.054,0.440,247.08,8.4,0,2,18
1.058,0.220,240.17,4.8,0,14,0
0.862,0.186,240.05,3.6,0,2,0
1.204,0.000,239.61,5.0,0,0,0
0.816,0.000,239.20,3.4,0,0,0
0.346,0.080,236.27,1.4,0,0,0
1.184,0.000,239.91,4.8,0,0,18
1.274,0.072,240.20,5.2,0,0,18
4.832,0.072,237.30,20.6,28,0,17
0.244,0.130,242.25,1.2,0,1,1
2.026,0.246,242.61,8.4,0,1,26
1.654,0.062,239.76,6.8,0,0,18
0.306,0.236,240.76,1.6,0,0,0
0.518,0.070,245.95,2.4,0,1,0
0.672,0.128,243.17,2.8,0,0,1
0.264,0.080,241.90,1.2,0,0,1
6.412,0.166,235.09,27.2,37,39,17
1.312,0.054,244.59,5.2,0,0,0
2.066,0.068,246.28,8.4,0,0,1
3.654,0.056,236.31,15.4,0,36,0
0.806,0.106,233.43,3.4,0,0,0
0.332,0.060,239.52,1.4,0,0,0
2.364,0.000,243.64,9.6,0,1,0
4.050,0.294,230.68,17.6,0,0,16
0.528,0.396,249.52,2.6,0,1,1
0.134,0.000,240.67,0.6,0,0,1
1.560,0.154,241.46,6.4,0,0,18
0.288,0.000,248.45,1.2,0,0,0
0.824,0.124,233.04,3.6,0,0,0
0.312,0.000,242.41,1.4,0,0,0
1.938,0.268,240.83,8.0,2,8,18
0.300,0.248,239.11,1.6,0,1,0
0.474,0.266,242.92,2.2,1,1,0
1.590,0.056,239.79,6.6,0,0,18
1.626,0.090,241.81,6.8,0,0,18
0.298,0.204,241.53,1.4,0,0,1
3.570,0.072,242.42,15.0,31,0,18
1.770,0.178,240.21,7.4,0,1,1
0.478,0.236,243.21,2.2,0,0,0
0.486,0.268,243.66,2.2,0,1,1
1.882,0.072,232.96,8.0,0,0,16
0.290,0.226,240.06,1.4,0,1,0
0.280,0.000,239.46,1.2,0,0,0
0.138,0.000,238.62,0.6,0,0,0
0.318,0.000,246.56,1.4,0,0,1
0.256,0.000,243.73,1.0,0,0,1
1.366,0.066,240.96,5.6,0,0,18
0.270,0.000,240.47,1.2,0,0,0
0.436,0.346,240.27,2.4,0,1,0
0.200,0.124,236.13,1.0,0,0,0
1.356,0.206,238.82,5.6,0,1,18
0.206,0.134,240.00,1.2,0,0,2
1.444,0.104,245.03,5.8,0,0,19
1.698,0.062,236.19,7.2,1,0,17
2.428,0.000,239.13,10.2,0,0,18
0.606,0.064,239.75,2.6,0,0,0
0.182,0.000,238.80,0.8,0,0,0
0.442,0.212,240.42,2.0,0,1,0
1.314,0.000,243.11,5.4,0,0,18
0.174,0.000,241.61,0.8,0,0,1
0.104,0.000,242.11,0.4,0,0,0
1.430,0.052,235.10,6.0,0,0,0
0.400,0.102,240.51,2.0,0,1,0
0.346,0.128,239.15,1.6,0,0,0
0.472,0.000,240.36,2.0,0,0,0
2.216,0.144,238.08,9.2,0,0,18
0.414,0.076,234.08,1.8,0,0,0
1.712,0.260,242.68,7.0,0,0,19
0.442,0.000,237.63,1.8,0,0,0
1.342,0.072,239.22,5.6,0,0,18
0.104,0.000,238.08,0.4,0,0,0
0.816,0.000,240.67,3.4,0,0,0
0.206,0.102,239.97,1.0,0,0,0
0.270,0.110,241.02,1.2,0,0,1
0.250,0.000,247.76,1.0,0,0,1
1.294,0.052,245.03,5.2,0,0,0
0.348,0.126,244.62,1.4,0,0,1
0.258,0.124,242.31,1.2,0,0,1
3.502,0.476,237.63,15.0,6,2,17
1.716,0.050,238.87,7.2,0,0,19
2.884,0.154,235.71,12.2,1,0,18
0.254,0.108,239.11,1.2,0,0,1
0.702,0.084,241.84,3.0,0,0,1
0.388,0.090,240.90,1.6,0,0,0
0.204,0.122,242.07,1.0,0,1,1
2.022,0.274,240.03,9.6,23,0,1
2.224,0.066,237.96,9.2,0,0,18
1.616,0.214,239.85,6.8,0,1,19
0.232,0.122,243.31,1.2,0,1,0
1.420,0.066,240.13,5.8,1,0,17
3.734,0.328,237.67,15.6,0,37,17
1.376,0.204,241.39,5.6,0,0,19
0.192,0.068,232.62,0.8,0,0,0
0.380,0.084,242.25,1.6,0,0,1
0.136,0.000,239.45,0.6,0,0,1
0.246,0.146,243.54,1.2,0,0,1
1.442,0.084,240.59,6.2,1,0,18
0.462,0.110,235.81,2.0,0,0,1
0.918,0.000,241.00,3.8,0,1,1
1.538,0.064,238.16,6.4,0,0,18
1.354,0.000,241.66,5.6,0,0,18
0.492,0.190,245.71,2.0,0,0,0
0.228,0.000,244.17,1.0,0,0,0
0.334,0.068,245.34,1.4,0,0,1
2.230,0.000,243.75,9.0,0,0,19
3.422,0.232,240.54,14.2,0,0,17
0.410,0.230,250.13,1.8,0,1,1
0.242,0.144,244.63,1.2,0,0,0
0.698,0.066,244.14,2.8,0,0,0
0.254,0.000,244.10,1.0,0,0,1
0.082,0.000,243.55,0.2,0,0,0
1.358,0.062,242.99,5.6,0,0,19
1.494,0.000,236.72,6.2,0,1,17
0.426,0.000,241.78,1.8,0,0,0
1.570,0.084,232.60,6.8,1,0,16
1.306,0.080,237.17,5.4,0,0,17
3.866,0.070,240.66,16.0,38,0,19
0.206,0.094,240.43,0.8,0,0,0
0.400,0.112,243.94,1.8,0,0,0
1.358,0.054,239.24,5.6,0,0,18
0.320,0.000,241.95,1.6,0,0,1
1.506,0.314,239.00,6.4,1,1,18
1.708,0.046,237.84,7.2,0,0,17
1.436,0.072,240.12,6.0,0,0,18
1.336,0.146,230.12,5.8,0,1,16
0.408,0.200,234.45,1.8,0,1,0
0.240,0.246,238.39,1.4,0,0,1
0.214,0.098,234.09,1.0,0,0,0
0.418,0.000,235.74,1.8,0,0,0
0.384,0.154,246.48,1.6,0,0,1
1.224,0.080,234.94,5.2,0,0,17
0.370,0.236,242.08,1.8,0,1,1
0.342,0.128,245.24,1.4,0,0,0
3.310,0.330,236.50,14.2,0,1,18
2.496,0.134,240.75,10.4,1,0,17
1.560,0.282,245.70,6.4,0,2,19
1.514,0.202,241.76,6.2,0,1,18
0.358,0.134,240.32,1.6,0,1,0
0.252,0.120,240.87,1.2,0,0,0
0.234,0.118,241.54,1.0,0,0,0
0.658,0.226,244.90,2.8,0,1,1
0.890,0.200,238.21,4.0,0,0,0
0.350,0.102,240.22,1.4,0,0,1
0.112,0.000,235.36,0.6,0,0,0
0.544,0.000,247.87,2.2,0,0,1
0.302,0.206,239.46,1.4,0,1,0
1.308,0.098,240.35,5.4,0,0,18
0.232,0.000,246.83,0.8,0,0,1
1.438,0.048,243.72,5.8,0,0,19
0.516,0.116,240.06,2.2,0,2,0
0.298,0.106,241.19,1.4,0,0,1
1.218,0.000,228.49,5.2,0,0,17
1.004,0.408,241.12,4.4,0,1,12
1.382,0.000,240.36,5.6,0,0,19
2.216,0.344,242.92,9.6,0,27,1
0.332,0.230,239.47,1.6,0,0,1
0.174,0.150,239.45,0.8,0,0,1
2.982,0.172,238.32,13.2,16,5,18
0.348,0.102,240.76,1.4,0,0,1
1.078,0.122,246.26,4.6,0,0,0
1.802,0.380,239.70,7.6,0,3,18
0.276,0.122,240.81,1.2,0,0,1
0.540,0.104,244.65,2.2,0,0,0
0.434,0.112,241.23,1.8,0,0,0
0.268,0.136,242.49,1.2,0,0,0
0.500,0.214,243.38,2.2,0,1,1
0.230,0.000,241.35,1.0,0,0,0
5.388,0.080,239.06,22.4,0,75,0
1.440,0.138,234.02,6.2,0,0,17
0.324,0.162,248.04,1.4,0,0,0
2.450,0.118,239.46,10.2,0,0,0
1.398,0.412,239.75,6.0,0,1,12
0.602,0.118,240.51,3.2,0,0,2
0.210,0.000,243.32,0.8,0,0,0
2.618,0.354,239.20,11.0,0,1,18
0.080,0.000,240.36,0.2,0,0,0
0.894,0.098,244.10,3.8,0,0,0
0.758,0.114,242.08,3.2,0,0,0
1.694,0.114,236.31,7.2,0,0,25
0.258,0.000,237.21,1.2,0,0,0
0.944,0.000,242.62,3.8,0,0,0
1.388,0.114,240.32,5.8,0,0,18
0.364,0.058,244.12,1.6,0,0,1
0.562,0.146,241.94,2.4,0,0,1
3.140,0.316,233.18,13.4,0,0,17
0.382,0.338,239.35,2.0,0,1,1
1.436,0.100,237.52,6.0,0,0,18
0.130,0.000,241.82,0.6,0,0,0
0.430,0.230,242.20,2.0,0,0,0
0.318,0.136,245.72,1.4,0,0,0
0.296,0.062,242.49,1.2,0,0,0
0.322,0.108,242.15,1.4,0,1,1
1.546,0.076,238.27,6.4,0,2,17
0.676,0.180,241.16,2.8,0,1,0
0.456,0.090,244.70,2.0,0,0,0
0.080,0.000,239.01,0.2,0,0,1
0.080,0.000,240.03,0.2,0,0,1
0.416,0.076,243.62,1.8,0,0,0
0.242,0.000,239.71,1.0,0,0,0
1.342,0.000,245.01,5.6,0,0,0
1.766,0.150,240.92,7.4,0,0,18
0.138,0.000,242.14,0.6,0,0,1
0.322,0.234,241.16,1.6,0,0,1
0.260,0.208,238.92,1.4,0,0,0
0.364,0.058,246.56,1.6,0,1,0
1.244,0.000,237.17,5.2,0,0,18
0.342,0.100,243.83,1.4,0,1,1
0.336,0.084,242.31,1.4,0,1,1
0.328,0.112,246.51,1.4,0,0,0
1.464,0.262,240.86,6.0,0,1,18
0.220,0.000,242.09,1.0,0,0,0
1.450,0.288,242.85,7.0,0,21,1
0.262,0.000,243.44,1.0,0,0,0
0.196,0.092,235.50,0.8,0,1,0
1.860,0.104,239.11,7.8,0,0,17
0.326,0.108,243.25,1.4,0,0,0
0.206,0.096,236.09,1.0,0,0,0
0.340,0.102,243.79,1.4,0,0,0
0.080,0.000,239.72,0.2,0,0,0
0.296,0.228,240.05,1.6,0,0,0
0.308,0.000,244.36,1.2,0,0,0
2.270,0.078,242.00,9.4,2,0,19
0.262,0.000,241.32,1.2,0,0,0
1.262,0.064,235.83,5.2,0,0,17
1.432,0.108,241.96,5.8,0,0,18
0.218,0.112,238.21,1.0,0,0,0
0.326,0.080,243.67,1.4,0,0,0
1.948,0.196,236.14,8.4,0,2,17
3.124,0.190,233.49,13.4,37,0,0
1.602,0.218,241.19,6.6,0,0,18
0.436,0.122,239.85,1.8,0,0,0
0.342,0.050,244.41,1.4,0,0,0
0.400,0.076,246.61,1.8,0,0,0
2.834,0.268,239.12,11.8,0,0,17
4.404,0.458,238.36,18.4,39,0,18
0.550,0.000,239.62,2.6,0,0,0
0.372,0.098,245.09,1.6,0,0,0
0.324,0.240,242.58,1.6,0,0,0
0.214,0.104,242.58,1.0,0,0,1
0.666,0.204,240.37,2.8,0,0,0
1.296,0.054,242.78,5.2,0,0,19
1.960,0.108,239.23,8.2,0,0,18
1.330,0.000,238.94,5.4,0,0,17
0.270,0.058,242.70,1.2,0,0,0
0.306,0.088,243.06,1.2,0,1,0
1.440,0.110,245.47,5.8,0,0,18
0.486,0.180,241.25,2.2,0,0,0
0.366,0.086,244.56,1.6,0,1,0
1.014,0.092,242.83,4.2,0,0,0
1.106,0.266,242.25,4.6,0,1,1
0.260,0.000,243.56,1.0,0,0,1
0.104,0.000,241.12,0.4,0,0,0
2.164,0.000,244.62,9.2,0,0,0
1.572,0.058,240.00,6.4,0,1,18
1.820,0.384,242.32,7.6,0,2,7
0.452,0.182,243.58,2.0,0,1,1
1.164,0.092,239.36,4.8,0,0,0
2.024,0.108,238.44,8.4,0,0,18
3.366,0.348,235.23,14.4,0,0,18
0.926,0.256,241.76,4.0,0,1,0
0.080,0.000,240.27,0.2,0,0,1
0.242,0.000,241.45,1.0,0,0,0
1.822,0.222,244.14,7.4,0,1,19
0.424,0.074,244.51,1.8,0,0,0
0.250,0.000,249.75,1.0,0,0,1
2.610,0.184,239.76,10.8,0,0,0
0.312,0.106,238.46,1.4,0,0,0
1.336,0.000,242.66,5.4,0,0,18
0.442,0.222,242.79,2.0,0,1,0
0.206,0.098,235.84,1.0,0,0,0
0.408,0.088,238.71,1.6,0,0,0
1.288,0.076,238.10,5.4,2,0,1
1.606,0.062,241.54,6.6,0,0,18
0.268,0.000,247.09,1.2,0,0,0
1.378,0.198,238.51,5.8,0,0,18
1.312,0.000,242.87,5.4,0,0,18
3.720,0.506,239.45,15.6,0,1,1
0.366,0.198,240.92,1.8,0,0,0
1.698,0.344,239.68,7.2,0,0,1
1.480,0.060,235.48,6.2,1,0,17
0.958,0.060,241.25,4.0,0,0,1
0.310,0.110,237.74,1.4,0,0,0
1.334,0.058,242.05,5.4,0,0,19
0.360,0.248,240.90,1.8,0,2,1
0.310,0.222,240.98,1.6,0,0,1
1.596,0.234,242.79,6.6,1,1,18
0.318,0.108,246.71,1.4,0,0,0
1.524,0.048,242.88,6.2,0,0,18
1.628,0.000,243.19,6.6,0,0,18
1.710,0.056,243.71,7.0,0,0,18
1.634,0.086,239.68,6.8,0,0,19
0.714,0.188,241.91,3.0,0,0,0
1.666,0.000,242.16,6.8,0,0,19
1.794,0.456,240.86,7.6,0,1,0
0.342,0.196,241.53,1.6,0,0,0
0.254,0.124,242.12,1.2,0,0,1
1.382,0.000,241.82,5.6,0,0,19
0.328,0.000,243.84,1.4,0,0,1
2.208,0.070,243.41,9.0,0,0,18
0.268,0.116,240.71,1.2,0,0,1
0.432,0.238,241.16,2.0,0,1,1
0.586,0.174,242.78,2.4,0,0,1
0.960,0.440,242.46,4.4,1,0,10
0.460,0.326,239.17,2.4,0,1,1
1.710,0.224,241.31,7.2,0,0,18
0.078,0.000,237.60,0.2,0,0,0
0.406,0.194,239.73,1.8,0,0,0
1.864,0.208,238.76,7.8,0,1,18
1.410,0.250,243.74,5.8,0,0,1
1.740,0.058,238.65,7.6,0,0,18
0.406,0.210,242.58,1.8,0,1,1
0.378,0.222,245.01,1.8,0,2,0
1.544,0.000,238.01,6.4,0,0,17
0.184,0.156,242.81,1.0,0,0,0
2.096,0.246,240.38,8.8,0,0,29
0.942,0.252,240.22,4.0,0,0,12
0.146,0.000,241.60,0.6,0,0,1
0.590,0.000,242.36,2.4,0,0,0
1.088,0.378,240.89,4.8,1,1,0
2.772,0.000,235.47,11.6,0,0,17
2.538,0.182,241.42,10.4,0,1,18
1.558,0.150,233.39,6.8,0,1,17
0.780,0.118,239.47,3.2,0,0,10
2.364,0.000,243.57,9.6,0,0,0
1.976,0.186,237.97,8.2,0,0,0
0.258,0.062,240.15,1.2,0,0,0
1.384,0.078,241.62,5.6,0,0,18
0.336,0.118,245.48,1.4,0,1,1
0.138,0.000,241.46,0.6,0,0,1
1.850,0.118,239.18,7.6,0,0,18
0.134,0.000,241.92,0.6,0,0,0
1.440,0.062,245.27,5.8,0,0,19
1.690,0.182,238.53,7.0,0,2,17
0.236,0.000,241.27,1.0,0,0,1
1.434,0.000,244.16,5.8,0,1,18
0.480,0.218,240.12,2.2,0,1,1
1.302,0.000,238.62,5.4,0,0,18
1.494,0.200,243.19,6.2,0,0,18
0.374,0.152,240.84,2.0,0,0,3
0.344,0.254,241.28,1.8,0,0,1
1.162,0.116,243.35,4.8,0,0,1
2.412,0.256,237.80,10.2,0,2,17
0.246,0.000,242.81,1.0,0,0,0
2.484,0.156,235.54,10.6,0,2,18
0.648,0.576,243.13,3.4,0,0,1
0.416,0.268,243.79,2.0,0,1,1
2.766,0.196,238.87,11.6,0,1,0
0.388,0.198,236.18,1.8,0,0,0
1.154,0.072,241.02,4.8,0,0,1
0.296,0.104,248.08,1.2,0,1,0
1.528,0.152,239.58,6.4,0,1,18
0.366,0.130,240.70,1.6,0,0,1
0.342,0.090,241.85,1.4,0,0,1
0.158,0.124,241.63,0.8,0,0,1
0.234,0.122,238.38,1.0,0,0,0
0.300,0.060,240.51,1.2,0,0,0
1.218,0.438,239.33,5.4,1,0,10
0.084,0.000,238.93,0.4,0,0,0
1.432,0.060,235.39,6.0,0,0,17
0.290,0.092,238.91,1.2,0,3,0
1.456,0.094,238.14,6.2,0,0,18
0.500,0.418,242.25,2.6,0,1,1
4.218,0.056,238.55,17.6,0,0,18
0.260,0.054,244.11,1.2,0,0,0
0.224,0.000,243.66,1.0,0,0,0
0.214,0.000,238.16,0.8,0,0,0
0.082,0.000,242.94,0.2,0,0,0
0.220,0.000,245.66,0.8,0,0,0
1.356,0.188,239.82,5.6,0,1,19
1.318,0.000,241.93,5.4,0,0,19
1.956,0.120,237.40,8.4,0,0,17
0.312,0.000,242.28,1.4,0,0,1
0.354,0.172,241.27,1.8,0,0,0
0.390,0.360,241.60,2.2,0,2,0
0.250,0.148,242.22,1.2,0,0,0
0.310,0.092,244.67,1.2,0,1,0
1.544,0.218,242.80,6.4,0,1,19
1.534,0.072,244.72,6.2,0,0,18
4.802,0.094,233.01,20.6,1,35,17
0.250,0.000,239.92,1.0,0,0,0
0.238,0.138,244.95,1.0,0,2,1
1.878,0.074,243.98,7.6,0,0,19
2.290,0.056,238.04,9.6,0,0,0
0.162,0.000,241.08,0.6,0,0,0
1.132,0.478,239.75,5.0,0,0,12
1.630,0.348,243.34,6.8,0,2,19
0.080,0.000,240.03,0.2,0,0,1
0.298,0.252,241.12,1.6,0,2,1
0.308,0.104,242.28,1.4,0,0,0
1.348,0.070,234.84,5.6,0,0,17
0.222,0.000,245.14,0.8,0,0,0
0.318,0.062,243.82,1.4,0,0,0
0.382,0.092,245.47,1.6,0,0,0
1.506,0.106,240.21,6.2,0,1,18
2.060,0.338,237.93,8.6,0,1,18
1.428,0.280,241.80,6.0,0,19,0
0.206,0.078,244.02,1.0,0,0,1
0.344,0.062,241.97,1.4,0,0,0
1.782,0.212,241.51,7.4,0,2,19
1.282,0.278,240.86,5.6,0,0,1
0.466,0.356,242.39,2.4,0,2,0
2.614,0.052,234.50,11.2,0,1,0
0.420,0.334,243.61,2.2,0,2,1
1.626,0.078,237.42,6.8,0,0,18
1.950,0.214,239.56,8.2,0,2,16
1.538,0.192,235.37,6.6,0,0,17
5.368,0.282,233.73,23.0,36,1,17
0.982,0.392,238.17,4.4,0,0,4
0.280,0.226,240.34,1.4,0,2,0
0.262,0.208,234.18,1.4,0,0,0
0.404,0.206,244.60,1.8,0,0,0
2.412,0.070,242.26,9.8,0,0,18
0.512,0.000,242.45,2.0,0,0,1
0.156,0.000,243.36,0.6,0,0,1
0.262,0.270,239.80,1.4,0,1,0
1.498,0.000,244.56,6.0,0,0,19
0.200,0.000,245.75,0.8,0,0,0
1.794,0.382,239.75,8.4,0,2,1
1.444,0.114,237.46,6.0,0,1,17
0.482,0.236,244.72,2.2,0,2,1
1.950,0.218,243.27,8.0,0,0,18
0.206,0.054,244.63,0.8,0,0,0
0.300,0.074,245.66,1.2,0,1,0
1.380,0.140,241.27,5.6,0,0,19
0.392,0.242,244.02,1.8,0,0,0
2.336,0.180,240.12,9.6,0,2,18
2.086,0.188,239.15,8.8,0,0,18
4.494,0.152,248.43,18.0,0,41,20
1.000,0.356,240.92,4.4,0,1,12
0.206,0.000,242.22,0.8,0,0,0
0.446,0.106,242.44,1.8,0,0,1
0.230,0.094,241.51,1.0,0,0,0
1.390,0.180,240.90,5.8,0,0,0
0.206,0.050,235.55,0.8,0,0,0
0.346,0.196,239.30,1.6,0,0,1
0.280,0.226,238.25,1.4,0,0,0
0.494,0.192,244.21,2.2,0,1,0
0.318,0.118,242.51,1.4,0,0,0
0.400,0.000,245.18,1.6,0,0,1
0.292,0.088,238.16,1.2,0,1,0
0.292,0.056,245.04,1.2,0,0,0
2.830,0.132,241.58,11.8,0,0,18
0.370,0.112,243.22,1.6,0,0,1
3.608,0.288,241.21,15.0,40,0,0
0.306,0.226,238.90,1.6,0,1,0
1.304,0.066,231.84,5.6,0,0,17
0.814,0.362,238.01,3.8,0,1,1
0.338,0.064,243.79,1.4,0,0,1
0.270,0.110,239.05,1.4,0,1,1
3.994,0.000,239.74,16.6,38,0,0
